{"type":"Feature","properties":{"GID_1":"FIN.4_1","GID_0":"FIN","country":"Finland","province":"SouthernFinland","VARNAME_1":"Etelä-Suomenlääni|SödraFinland","NL_NAME_1":"NA","TYPE_1":"Lääni","ENGTYPE_1":"Province","CC_1":"NA","HASC_1":"FI.ES","ISO_1":"NA","name":"Southern_Finland.province"},
"geometry":{"type": "MultiPolygon","coordinates": [[[[22.9619,59.7526,2.0251],[22.9664,59.7532,0.0],[22.9653,59.7546,0.0],[22.9603,59.7543,0.0],[22.9619,59.7526,2.0251]]],
[[[22.9664,59.756,1.5635],[22.9708,59.7557,0.0],[22.9708,59.7568,0.0],[22.9658,59.7582,0.0],[22.9647,59.7568,1.5635],[22.9664,59.756,1.5635]]],
[[[22.9569,59.7601,0.0],[22.9625,59.761,0.0],[22.9608,59.7629,0.5501],[22.9553,59.7629,0.0],[22.9553,59.761,0.0],[22.9569,59.7601,0.0]]],
[[[22.9458,59.7762,0.7488],[22.9369,59.7776,0.0],[22.9319,59.7743,0.0],[22.9319,59.7715,0.0],[22.9386,59.7701,0.2122],[22.9347,59.7682,0.0],[22.9364,59.7674,0.0],[22.9392,59.7674,0.0],[22.9425,59.7701,1.1811],[22.9458,59.7693,2.0269],[22.9458,59.7682,2.6197],[22.9419,59.7676,0.0],[22.9414,59.7657,0.6389],[22.9453,59.7663,0.9887],[22.9481,59.7649,0.0],[22.9531,59.7671,2.2393],[22.9542,59.7682,2.2393],[22.9536,59.7735,2.1369],[22.9458,59.7762,0.7488]]],
[[[22.9247,59.7646,0.0],[22.9264,59.7651,0.0],[22.9253,59.7668,0.0],[22.9219,59.7651,0.0],[22.9219,59.7646,0.0],[22.9247,59.7646,0.0]]],
[[[22.9008,59.7687,0.0],[22.9031,59.7699,0.0],[22.8969,59.7696,0.0],[22.8981,59.7685,0.0],[22.9008,59.7687,0.0]]],
[[[22.8097,59.7693,0.1679],[22.8125,59.769,0.0],[22.8131,59.7713,0.0],[22.8097,59.7718,0.191],[22.8097,59.7693,0.1679]]],
[[[22.8953,59.7818,0.0],[22.9008,59.7829,0.0],[22.8842,59.7826,0.0],[22.8853,59.7815,0.0],[22.8953,59.7818,0.0]]],
[[[22.9125,59.7882,0.0],[22.9092,59.7904,0.0],[22.9081,59.7882,0.3465],[22.9025,59.7896,1.0508],[22.8986,59.7876,0.0],[22.8986,59.7857,0.0],[22.9064,59.7876,0.9506],[22.9103,59.7865,0.0],[22.9125,59.7882,0.0]]],
[[[22.9308,59.7888,2.291],[22.9319,59.7907,0.9427],[22.9297,59.791,0.9427],[22.9247,59.7893,0.8628],[22.9247,59.7876,3.9084],[22.9281,59.7868,0.0],[22.9308,59.7888,2.291]]],
[[[22.9358,59.7935,1.8749],[22.9369,59.7949,0.0],[22.9358,59.7962,1.051],[22.9319,59.7965,0.0],[22.9286,59.7926,6.1075],[22.9353,59.7901,0.0],[22.9358,59.7935,1.8749]]],
[[[22.8881,59.7943,0.0],[22.8819,59.7957,0.0],[22.8786,59.7938,0.0],[22.883,59.7915,0.0],[22.8892,59.7935,0.0],[22.8881,59.7943,0.0]]],
[[[22.8625,59.794,0.0],[22.8631,59.7932,0.0],[22.8658,59.7932,0.0],[22.8653,59.7954,0.0],[22.8625,59.794,0.0]]],
[[[22.9108,59.7962,0.0],[22.9053,59.7974,0.0],[22.9114,59.7938,1.3512],[22.9153,59.7935,0.8126],[22.9158,59.7915,0.0],[22.9219,59.7949,0.0],[22.9175,59.7968,0.0],[22.9142,59.7954,6.6605],[22.9108,59.7962,0.0]]],
[[[22.9231,59.7954,0.0],[22.9269,59.7949,0.0],[22.9253,59.7974,0.0],[22.9236,59.7974,0.0],[22.9231,59.7954,0.0]]],
[[[22.8581,59.7962,0.0],[22.8658,59.7962,0.0],[22.8658,59.7974,0.0],[22.8614,59.7979,0.0],[22.8581,59.7962,0.0]]],
[[[23.3725,59.7621,0.0],[23.3764,59.7624,0.5721],[23.3742,59.7654,1.414],[23.3708,59.7654,0.0],[23.3725,59.7621,0.0]]],
[[[23.3786,59.7624,0.4217],[23.3803,59.7624,0.0],[23.3797,59.7646,0.0],[23.3764,59.7654,0.0],[23.3769,59.7635,0.5721],[23.3786,59.7624,0.4217]]],
[[[23.4325,59.7843,0.0],[23.4364,59.7846,0.2687],[23.4369,59.7863,0.0],[23.4342,59.7868,0.0],[23.4286,59.7835,0.0],[23.4325,59.7843,0.0]]],
[[[23.3964,59.7935,0.0],[23.4025,59.7951,0.0],[23.3992,59.7957,0.0],[23.393,59.7938,0.0],[23.3964,59.7935,0.0]]],
[[[23.1519,59.8107,2.7689],[23.1547,59.8132,0.2517],[23.1497,59.8129,0.6004],[23.1486,59.8099,0.0],[23.1519,59.8107,2.7689]]],
[[[23.1481,59.8121,2.1744],[23.1492,59.8163,0.0],[23.1458,59.8165,2.2174],[23.1408,59.8138,0.0],[23.1419,59.8115,0.0],[23.1447,59.8132,2.5393],[23.1481,59.8121,2.1744]]],
[[[23.2442,59.8143,0.0],[23.2486,59.8143,1.2239],[23.2492,59.8154,1.2239],[23.2431,59.8157,0.0],[23.2442,59.8143,0.0]]],
[[[23.2436,59.8185,0.0],[23.2436,59.8199,1.6136],[23.2369,59.8207,0.0],[23.2336,59.8193,0.0],[23.2342,59.8182,1.0273],[23.2308,59.8179,0.0],[23.2336,59.8157,0.0],[23.2275,59.8135,0.0],[23.2364,59.8129,0.0],[23.2375,59.8146,0.0],[23.2397,59.814,0.0],[23.2436,59.8185,0.0]]],
[[[23.3536,59.8176,1.3256],[23.3514,59.8193,0.0],[23.3475,59.8187,0.0],[23.3503,59.8174,1.817],[23.3536,59.8176,1.3256]]],
[[[23.2631,59.819,5.0444],[23.2647,59.8207,0.0],[23.2569,59.8207,0.0],[23.2475,59.8165,0.5717],[23.2508,59.8163,0.409],[23.2631,59.819,5.0444]]],
[[[23.2486,59.821,3.8062],[23.2503,59.8232,0.0],[23.2469,59.8246,0.0],[23.2447,59.8193,1.6136],[23.2475,59.8187,0.0],[23.2486,59.821,3.8062]]],
[[[23.2136,59.8271,3.4819],[23.2158,59.8285,0.0],[23.2086,59.8293,0.0],[23.2042,59.8282,4.0636],[23.2075,59.8257,0.0],[23.2136,59.8271,3.4819]]],
[[[23.2264,59.8271,0.0],[23.2286,59.8268,0.0],[23.2292,59.8288,0.0],[23.2258,59.8288,0.0],[23.2264,59.8271,0.0]]],
[[[23.2569,59.831,4.3039],[23.2597,59.8318,2.2068],[23.2553,59.8329,1.3224],[23.2519,59.8315,2.022],[23.2531,59.8307,2.022],[23.2569,59.831,4.3039]]],
[[[23.2492,59.8318,2.1485],[23.2464,59.8329,3.2059],[23.2403,59.8324,0.0],[23.2419,59.831,4.2007],[23.2492,59.8318,2.1485]]],
[[[23.2008,59.8315,1.5645],[23.2047,59.8335,0.0],[23.1947,59.8329,4.802],[23.1953,59.8304,0.0],[23.2008,59.8315,1.5645]]],
[[[22.9442,59.7896,0.4024],[22.9447,59.7907,0.0],[22.9408,59.7924,0.0],[22.9386,59.7918,0.5131],[22.9386,59.789,0.0],[22.9442,59.7896,0.4024]]],
[[[22.9419,59.799,0.0],[22.9453,59.7996,0.0],[22.9453,59.8015,0.0],[22.9425,59.8021,0.0],[22.9419,59.799,0.0]]],
[[[23.0097,59.8032,0.0],[23.0125,59.8029,0.0],[23.0131,59.8046,0.0],[23.0103,59.8051,0.9646],[23.0097,59.8032,0.0]]],
[[[23.0658,59.8054,0.0],[23.0681,59.8068,0.0],[23.0619,59.8068,0.3704],[23.0603,59.8049,0.0],[23.0625,59.8043,0.0],[23.0658,59.8054,0.0]]],
[[[22.8825,59.7965,0.0],[22.8847,59.7974,0.2822],[22.8786,59.7979,0.0],[22.8797,59.7968,0.0],[22.8825,59.7965,0.0]]],
[[[22.9342,59.7982,2.2081],[22.9347,59.799,0.0],[22.928,59.7999,2.1241],[22.9275,59.7971,2.6276],[22.9336,59.7976,2.2081],[22.9342,59.7982,2.2081]]],
[[[22.9164,59.7993,0.3071],[22.9197,59.7979,0.0],[22.9203,59.8004,0.0],[22.9175,59.8007,0.0],[22.9164,59.7993,0.3071]]],
[[[22.8019,59.8007,0.9377],[22.8019,59.8024,0.0],[22.7969,59.8026,0.0],[22.7981,59.7999,0.0],[22.8019,59.8007,0.9377]]],
[[[22.9119,59.8001,0.0],[22.9131,59.8012,0.0],[22.9119,59.8024,0.0],[22.9075,59.8026,0.0],[22.9086,59.8007,0.7335],[22.9119,59.8001,0.0]]],
[[[22.8781,59.8029,0.204],[22.8825,59.8043,0.0],[22.8719,59.8043,0.0],[22.8731,59.8026,0.0],[22.8781,59.8029,0.204]]],
[[[22.8242,59.8051,0.0],[22.8236,59.8065,0.0],[22.8214,59.8063,0.322],[22.8203,59.8051,0.0],[22.8219,59.8043,0.6511],[22.8203,59.8032,0.0],[22.8253,59.8035,0.0],[22.8242,59.8051,0.0]]],
[[[22.8086,59.804,1.2659],[22.8103,59.8043,0.0],[22.8103,59.806,0.0],[22.8042,59.8071,0.0],[22.8058,59.8037,0.0],[22.8086,59.804,1.2659]]],
[[[22.9097,59.8051,1.5372],[22.9081,59.8074,0.0],[22.9047,59.8063,3.7716],[22.9069,59.8037,0.0],[22.9097,59.8051,1.5372]]],
[[[22.8286,59.8057,0.0],[22.8342,59.8051,0.0],[22.8347,59.8068,0.0],[22.8281,59.8071,0.0],[22.8286,59.8057,0.0]]],
[[[22.803,59.8104,0.0],[22.8064,59.8107,0.4123],[22.8069,59.8121,0.0],[22.8036,59.8124,0.0],[22.803,59.8104,0.0]]],
[[[22.8319,59.8146,0.0],[22.8286,59.816,0.0],[22.8197,59.816,0.0],[22.8186,59.8129,0.0],[22.8342,59.8129,0.0],[22.8319,59.8146,0.0]]],
[[[23.1092,59.8115,0.0],[23.1108,59.8121,0.0],[23.1036,59.8129,0.0],[23.1042,59.8104,0.0],[23.1092,59.8115,0.0]]],
[[[23.0836,59.814,4.0161],[23.0853,59.8143,0.0],[23.0853,59.816,0.0],[23.0814,59.8174,0.0],[23.0764,59.8157,0.0],[23.0781,59.8143,0.9009],[23.0836,59.814,4.0161]]],
[[[23.0297,59.8151,0.0],[23.0308,59.8168,0.0],[23.0253,59.8174,0.0],[23.0275,59.8146,0.0],[23.0297,59.8151,0.0]]],
[[[22.9642,59.816,0.4581],[22.9664,59.8157,0.4581],[22.9675,59.8176,0.1402],[22.9636,59.8168,0.4581],[22.9642,59.816,0.4581]]],
[[[22.8603,59.8149,0.0],[22.8608,59.8171,0.0],[22.8564,59.8163,0.7211],[22.8569,59.8149,0.0],[22.8603,59.8149,0.0]]],
[[[22.8514,59.8168,0.0],[22.8492,59.8165,0.0],[22.8492,59.8154,0.0],[22.8531,59.816,0.0],[22.8514,59.8168,0.0]]],
[[[22.8253,59.8226,0.4982],[22.8281,59.8221,0.0],[22.8286,59.8232,0.0],[22.8264,59.8249,0.0],[22.8253,59.8226,0.4982]]],
[[[22.8008,59.8274,0.0],[22.7964,59.829,0.0],[22.7964,59.8274,0.0],[22.7992,59.826,0.0],[22.8014,59.826,0.0],[22.8008,59.8274,0.0]]],
[[[22.8453,59.8271,0.0],[22.8442,59.8276,0.0],[22.8453,59.8288,0.0],[22.8392,59.8288,0.0],[22.8414,59.826,1.0062],[22.8453,59.8271,0.0]]],
[[[22.8742,59.8293,1.1477],[22.8764,59.8301,0.0],[22.8725,59.8307,0.0],[22.8708,59.8268,0.0],[22.8775,59.8268,0.0],[22.8769,59.8288,0.0],[22.8742,59.8293,1.1477]]],
[[[22.8075,59.8285,0.0],[22.8114,59.8282,0.0],[22.8131,59.8299,0.0],[22.8086,59.8301,0.148],[22.8075,59.8285,0.0]]],
[[[22.8842,59.8304,0.0],[22.8853,59.8315,0.0],[22.8814,59.8324,0.0],[22.8764,59.8312,0.0],[22.8775,59.8301,0.0],[22.8842,59.8304,0.0]]],
[[[22.8253,59.8315,0.0],[22.8303,59.831,0.0],[22.8308,59.8329,0.0],[22.8269,59.834,0.0],[22.8253,59.8315,0.0]]],
[[[22.8608,59.834,0.0],[22.8592,59.8357,0.0],[22.8547,59.8357,0.0],[22.8531,59.834,0.3167],[22.8431,59.8346,0.8802],[22.8425,59.8335,0.0],[22.8536,59.8318,0.0],[22.8558,59.8343,0.698],[22.8608,59.834,0.0]]],
[[[22.8147,59.8374,0.0],[22.8097,59.839,0.0],[22.8058,59.8385,0.0],[22.8064,59.8363,0.0],[22.8103,59.8365,0.6182],[22.8097,59.8357,0.6182],[22.8131,59.8349,0.0],[22.8153,59.8349,0.0],[22.8147,59.8374,0.0]]],
[[[22.8214,59.8376,2.4389],[22.8181,59.8393,0.0],[22.8153,59.839,0.6419],[22.8186,59.8365,0.0],[22.8214,59.8376,2.4389]]],
[[[23.4003,59.7971,0.0],[23.3992,59.796,0.0],[23.4025,59.7962,0.0],[23.4031,59.7982,0.0],[23.4019,59.7982,0.0],[23.4003,59.7971,0.0]]],
[[[23.4614,59.8193,0.0],[23.4569,59.8215,0.1249],[23.4525,59.821,0.0962],[23.4536,59.8199,0.0],[23.4614,59.8193,0.0]]],
[[[23.4442,59.8221,0.2524],[23.4486,59.824,0.0],[23.4425,59.8243,0.0],[23.4436,59.8232,0.2524],[23.4419,59.8221,0.0],[23.4447,59.8213,0.0],[23.4442,59.8221,0.2524]]],
[[[23.4714,59.8246,0.631],[23.4725,59.826,0.0],[23.4714,59.8265,3.0068],[23.4647,59.8265,0.7229],[23.4658,59.8243,0.0],[23.4714,59.8246,0.631]]],
[[[23.5675,59.7976,0.0],[23.5686,59.801,0.0],[23.5636,59.8004,0.0],[23.5636,59.7979,0.0],[23.5675,59.7976,0.0]]],
[[[23.5625,59.8004,0.0],[23.5636,59.8012,0.0],[23.5603,59.8024,0.0],[23.5581,59.7999,0.2209],[23.5608,59.7996,0.3735],[23.5625,59.8004,0.0]]],
[[[23.5736,59.8024,1.9736],[23.5758,59.8026,0.0],[23.5758,59.8054,0.3268],[23.5725,59.8049,0.5731],[23.5697,59.8018,0.0],[23.5719,59.8015,0.0],[23.5736,59.8024,1.9736]]],
[[[23.5808,59.8265,0.0],[23.5819,59.8318,6.3022],[23.5808,59.8324,0.0],[23.5731,59.8315,1.8368],[23.5725,59.8301,8.3998],[23.5636,59.8307,0.0],[23.5608,59.8285,10.3547],[23.5547,59.8271,0.0],[23.5564,59.8254,14.5511],[23.553,59.8249,0.0],[23.5508,59.8215,0.0],[23.5614,59.8224,5.539],[23.5631,59.8204,0.0],[23.5714,59.8207,1.3211],[23.5714,59.8193,0.0],[23.5747,59.819,1.2678],[23.5775,59.8204,0.0],[23.5775,59.8221,1.9363],[23.5825,59.8232,0.0],[23.5781,59.826,0.9026],[23.5808,59.8265,0.0]]],
[[[23.5908,59.7946,0.0909],[23.5925,59.7954,0.0],[23.5908,59.7965,0.154],[23.5864,59.7951,0.0],[23.5869,59.7943,0.1829],[23.5908,59.7946,0.0909]]],
[[[23.5858,59.8026,0.5092],[23.5869,59.8037,0.0],[23.5842,59.8049,0.0],[23.5814,59.804,0.0],[23.5764,59.8007,0.0],[23.5758,59.7979,0.0],[23.5775,59.7979,0.0],[23.5797,59.801,0.3417],[23.5847,59.8004,0.0],[23.5858,59.8026,0.5092]]],
[[[23.6131,59.8254,0.0],[23.6147,59.8243,0.1826],[23.6181,59.8249,0.0],[23.6164,59.8265,2.6009],[23.6131,59.8254,0.0]]],
[[[23.6347,59.8426,0.433],[23.6392,59.8424,1.0976],[23.6403,59.8443,0.0],[23.6358,59.8446,0.0],[23.6347,59.8426,0.433]]],
[[[23.4797,59.8265,1.655],[23.4781,59.8279,0.0],[23.4742,59.8279,0.219],[23.4769,59.8251,0.0],[23.4797,59.8265,1.655]]],
[[[23.4803,59.8307,1.6678],[23.4792,59.8296,0.0],[23.4858,59.8299,0.0],[23.4847,59.8318,0.3854],[23.4803,59.8307,1.6678]]],
[[[23.5153,59.8296,0.0],[23.5175,59.8296,0.0],[23.5192,59.8315,0.5409],[23.5142,59.8315,0.0],[23.5153,59.8296,0.0]]],
[[[23.5786,59.834,1.2081],[23.5803,59.8351,0.0],[23.5647,59.8351,0.0],[23.5664,59.8324,6.1921],[23.5781,59.8326,0.0],[23.5786,59.834,1.2081]]],
[[[23.4725,59.8354,0.0],[23.4769,59.8351,0.0],[23.4781,59.8365,0.0],[23.473,59.8368,0.9392],[23.4725,59.8354,0.0]]],
[[[23.5342,59.8426,0.0],[23.5336,59.8451,0.0],[23.5247,59.8449,0.0],[23.5281,59.8435,0.0],[23.5236,59.8435,0.0],[23.5253,59.8421,0.5411],[23.5342,59.8426,0.0]]],
[[[23.4575,59.8474,2.0285],[23.4558,59.8457,2.9269],[23.4547,59.8482,4.6798],[23.4508,59.8479,0.0],[23.4525,59.8457,1.4052],[23.4564,59.8454,0.0],[23.4581,59.8429,0.0],[23.4631,59.8407,1.2661],[23.4669,59.8418,0.8011],[23.4753,59.8407,0.0],[23.4775,59.8426,1.5178],[23.4786,59.8413,0.0],[23.4908,59.8407,0.5678],[23.4925,59.8424,0.0],[23.4919,59.8438,0.0],[23.4853,59.8449,5.6304],[23.4781,59.8438,1.0711],[23.4792,59.8449,1.0711],[23.4758,59.8462,1.9644],[23.4719,59.8451,4.086],[23.473,59.8432,1.7835],[23.4653,59.8426,0.0],[23.4636,59.8438,5.0157],[23.4708,59.8465,1.0831],[23.4575,59.8474,2.0285]]],
[[[23.5125,59.8446,7.7644],[23.5114,59.8465,7.2872],[23.5069,59.846,3.2121],[23.5075,59.8438,2.6032],[23.5103,59.8426,0.9222],[23.5125,59.8429,0.9222],[23.5125,59.8446,7.7644]]],
[[[23.4969,59.8451,0.7278],[23.4997,59.844,0.3555],[23.4997,59.8465,0.0],[23.4981,59.8465,1.7455],[23.4969,59.8451,0.7278]]],
[[[23.5481,59.8476,4.7968],[23.5519,59.8485,0.0],[23.5519,59.8501,6.2526],[23.5414,59.8485,0.85],[23.5442,59.8471,6.5431],[23.5481,59.8476,4.7968]]],
[[[23.5186,59.8488,0.0],[23.5153,59.8513,0.0],[23.5097,59.8504,2.533],[23.5097,59.849,2.533],[23.5142,59.8476,0.0],[23.5186,59.8488,0.0]]],
[[[23.5214,59.8485,0.0],[23.5231,59.8485,0.0],[23.5258,59.8501,0.0],[23.5214,59.8504,1.6587],[23.5214,59.8485,0.0]]],
[[[23.4858,59.8493,0.0],[23.4808,59.8504,11.1215],[23.4808,59.8524,0.0],[23.4758,59.8507,0.0],[23.4792,59.8482,0.0],[23.4858,59.8479,0.0],[23.4858,59.8493,0.0]]],
[[[23.5342,59.8507,0.0],[23.5319,59.8526,0.0],[23.5292,59.8515,0.0],[23.5281,59.8488,1.4101],[23.5325,59.8488,1.4462],[23.5342,59.8507,0.0]]],
[[[23.5092,59.854,0.0],[23.5053,59.854,2.3432],[23.5075,59.8549,0.0],[23.5036,59.856,0.0],[23.4992,59.8551,1.7936],[23.5031,59.8532,4.8385],[23.4953,59.8543,0.0],[23.4842,59.8526,0.0],[23.4892,59.8488,0.0],[23.4992,59.8476,0.0],[23.4969,59.8504,0.0],[23.5047,59.8504,0.0],[23.5058,59.8524,0.0],[23.5103,59.8529,0.0],[23.5092,59.854,0.0]]],
[[[23.5425,59.8524,1.9992],[23.5508,59.8532,1.271],[23.5497,59.8549,4.6452],[23.5392,59.8538,0.0],[23.5425,59.8524,1.9992]]],
[[[23.4042,59.8532,0.0],[23.4003,59.8549,1.0562],[23.4008,59.8535,3.9813],[23.3986,59.8538,0.0],[23.3936,59.8501,0.7761],[23.4047,59.8513,1.8093],[23.4042,59.8493,4.2188],[23.4136,59.8501,0.0],[23.4042,59.8532,0.0]]],
[[[23.4775,59.8538,0.0],[23.4647,59.8543,0.8769],[23.4664,59.8524,2.2774],[23.4703,59.8518,0.0],[23.4775,59.8524,3.1422],[23.4775,59.8538,0.0]]],
[[[23.3703,59.8524,4.1178],[23.3731,59.8524,0.7472],[23.3708,59.8554,5.7658],[23.3658,59.854,0.0],[23.3658,59.8526,1.375],[23.3703,59.8524,4.1178]]],
[[[23.3864,59.854,1.2669],[23.3914,59.8535,0.0],[23.3914,59.8551,0.338],[23.3869,59.8557,0.0],[23.3864,59.854,1.2669]]],
[[[23.5653,59.8532,1.9894],[23.5658,59.8546,2.1616],[23.5692,59.8549,0.0],[23.5692,59.8568,0.0],[23.5558,59.854,0.0],[23.5625,59.8507,5.7513],[23.5719,59.8524,4.7806],[23.5714,59.8538,0.0],[23.5653,59.8532,1.9894]]],
[[[23.4858,59.8549,0.0],[23.4897,59.8551,0.0],[23.4908,59.8571,0.0],[23.4836,59.8568,0.0],[23.4858,59.8549,0.0]]],
[[[23.5431,59.8585,0.0],[23.5481,59.8585,0.0],[23.5486,59.8604,3.0986],[23.5431,59.8613,3.1779],[23.5347,59.8599,2.4717],[23.5258,59.8563,0.0],[23.5342,59.8549,0.0],[23.5347,59.8563,0.2321],[23.5414,59.8563,0.0],[23.5431,59.8585,0.0]]],
[[[23.5619,59.8593,1.8486],[23.5586,59.8613,2.3103],[23.5508,59.8601,0.0],[23.553,59.8571,2.1283],[23.5631,59.8582,0.0],[23.5619,59.8593,1.8486]]],
[[[23.4453,59.8593,1.7879],[23.4458,59.8613,2.699],[23.4386,59.8618,2.1091],[23.4369,59.8571,5.5999],[23.4442,59.8582,5.1398],[23.4453,59.8593,1.7879]]],
[[[23.4525,59.8587,0.0],[23.4503,59.861,2.6165],[23.4481,59.8607,0.0],[23.4486,59.8585,0.0],[23.4525,59.8587,0.0]]],
[[[23.4342,59.8601,2.3021],[23.4375,59.8593,3.2396],[23.4364,59.8624,0.0],[23.4325,59.8618,1.9802],[23.4342,59.8601,2.3021]]],
[[[23.4153,59.8615,0.0],[23.4186,59.8618,0.0],[23.4192,59.8635,5.9509],[23.4092,59.864,1.824],[23.4069,59.8629,4.3321],[23.4097,59.8596,0.0],[23.4153,59.8615,0.0]]],
[[[23.6369,59.8565,0.0],[23.6397,59.8565,0.0],[23.6364,59.8579,2.1344],[23.6397,59.8579,2.1344],[23.6403,59.8593,0.8803],[23.6308,59.859,0.0],[23.6319,59.8574,0.0],[23.6369,59.8565,0.0]]],
[[[23.7042,59.8643,3.4026],[23.7086,59.8638,2.6072],[23.7092,59.8662,0.0],[23.7042,59.8662,0.8577],[23.7042,59.8643,3.4026]]],
[[[23.6714,59.8648,0.0],[23.6769,59.8646,0.0],[23.6786,59.866,0.0],[23.6697,59.8654,0.0],[23.6714,59.8648,0.0]]],
[[[23.6031,59.8699,3.6189],[23.5975,59.8715,3.5314],[23.5825,59.8638,0.0],[23.6086,59.866,1.6525],[23.6086,59.8682,2.4211],[23.6031,59.8699,3.6189]]],
[[[23.4547,59.8615,2.1872],[23.4514,59.8632,0.0],[23.4475,59.8629,0.0],[23.4492,59.8613,2.6165],[23.4547,59.8615,2.1872]]],
[[[23.4047,59.8629,4.3321],[23.4075,59.8649,10.5279],[23.4008,59.864,2.7494],[23.4025,59.8624,1.6486],[23.4047,59.8629,4.3321]]],
[[[23.4358,59.8648,0.0],[23.4425,59.8648,0.0],[23.4425,59.8665,8.1951],[23.4364,59.8668,2.8844],[23.4358,59.8648,0.0]]],
[[[23.4575,59.8674,3.0239],[23.4608,59.8674,3.8147],[23.4625,59.8685,0.0],[23.4564,59.8682,0.0],[23.4575,59.8674,3.0239]]],
[[[23.4897,59.8638,12.4935],[23.4903,59.8649,3.8008],[23.4869,59.866,0.0],[23.4814,59.866,3.3227],[23.4853,59.8635,0.9056],[23.4897,59.8638,12.4935]]],
[[[23.4775,59.8662,6.6315],[23.4686,59.8668,4.4791],[23.4658,59.8651,0.0],[23.473,59.864,7.8706],[23.4775,59.8662,6.6315]]],
[[[23.5247,59.8671,3.8817],[23.5164,59.8688,0.0],[23.5136,59.8654,2.063],[23.5131,59.8676,0.0],[23.5081,59.8682,3.0752],[23.5075,59.8671,3.0752],[23.5103,59.8662,5.4672],[23.5075,59.8643,5.0153],[23.5036,59.8671,0.8524],[23.4964,59.8671,0.0],[23.4925,59.8646,2.8662],[23.5031,59.8624,4.1181],[23.5108,59.8646,3.9666],[23.5219,59.8646,3.1675],[23.5253,59.866,2.781],[23.5247,59.8671,3.8817]]],
[[[23.5847,59.8674,9.0762],[23.5897,59.869,0.0],[23.5775,59.8696,0.0],[23.5775,59.8665,4.8868],[23.5764,59.8679,1.9653],[23.5692,59.8685,6.622],[23.5647,59.8674,1.715],[23.5653,59.8662,5.3384],[23.5608,59.8665,0.0],[23.5608,59.8654,0.0],[23.5669,59.8638,3.9295],[23.5792,59.8643,0.0],[23.5847,59.8674,9.0762]]],
[[[23.5308,59.866,1.4217],[23.5325,59.8671,0.0],[23.5275,59.8682,2.6819],[23.5275,59.8671,2.6819],[23.5308,59.866,1.4217]]],
[[[23.5497,59.8676,3.0201],[23.5481,59.8699,1.6946],[23.5425,59.8696,2.3805],[23.5464,59.8674,0.0],[23.5497,59.8676,3.0201]]],
[[[23.5569,59.869,1.0231],[23.5586,59.8701,1.0231],[23.5508,59.8699,0.0],[23.5514,59.8685,0.9899],[23.5569,59.869,1.0231]]],
[[[23.5286,59.871,6.2863],[23.5247,59.8726,3.8229],[23.5158,59.8726,3.1278],[23.5136,59.8701,0.0],[23.5264,59.8685,1.3741],[23.5286,59.871,6.2863]]],
[[[23.508,59.8701,0.0],[23.5119,59.8704,0.0],[23.5119,59.8721,2.1299],[23.5047,59.8729,8.8928],[23.4992,59.8713,12.1629],[23.5047,59.8701,6.9359],[23.5042,59.8688,0.0],[23.508,59.8701,0.0]]],
[[[23.4925,59.8699,0.0],[23.4975,59.8707,0.0],[23.4975,59.8724,0.0],[23.4875,59.871,0.0],[23.4925,59.8699,0.0]]],
[[[23.4847,59.8704,0.0],[23.4858,59.8724,0.0],[23.4786,59.8729,0.0],[23.4792,59.8704,0.0],[23.4847,59.8704,0.0]]],
[[[23.5481,59.8718,0.0],[23.5514,59.8729,5.6665],[23.5419,59.8726,3.4292],[23.5436,59.871,0.0],[23.5481,59.8718,0.0]]],
[[[23.5953,59.8732,1.4433],[23.5964,59.8743,1.6643],[23.5919,59.8751,4.3853],[23.5858,59.874,0.0],[23.5864,59.8724,1.7769],[23.5953,59.8732,1.4433]]],
[[[23.6703,59.8732,0.0],[23.6753,59.8737,0.0],[23.6758,59.876,0.0],[23.6725,59.8763,4.2223],[23.6642,59.8735,0.0],[23.6636,59.8721,0.0],[23.6681,59.8721,4.9972],[23.6703,59.8732,0.0]]],
[[[23.5842,59.874,2.9747],[23.5819,59.8751,7.4301],[23.5775,59.8749,1.812],[23.5819,59.8732,0.0],[23.5842,59.874,2.9747]]],
[[[23.6169,59.8749,0.0],[23.6186,59.874,1.38],[23.6225,59.8771,0.0],[23.6175,59.8765,0.0],[23.6169,59.8749,0.0]]],
[[[23.4592,59.8257,4.6033],[23.4614,59.8265,0.0],[23.4547,59.8265,0.0],[23.4547,59.8254,0.0],[23.4592,59.8257,4.6033]]],
[[[23.4403,59.8324,0.0],[23.4386,59.8343,0.0],[23.4353,59.8338,0.0],[23.4369,59.8315,0.0],[23.4403,59.8324,0.0]]],
[[[23.4569,59.8354,0.0],[23.4603,59.8349,0.0],[23.4614,59.8363,0.0],[23.4575,59.8368,1.4421],[23.4569,59.8354,0.0]]],
[[[23.383,59.8401,0.0],[23.3814,59.8421,0.0],[23.3775,59.8415,1.1566],[23.3792,59.8399,1.0102],[23.383,59.8401,0.0]]],
[[[23.2742,59.8329,0.0],[23.2764,59.834,0.0],[23.2592,59.8338,0.0],[23.2642,59.8321,3.0678],[23.2742,59.8329,0.0]]],
[[[23.2631,59.8354,0.89],[23.2608,59.8343,0.0],[23.2675,59.8349,0.0],[23.2653,59.836,0.0],[23.2631,59.8354,0.89]]],
[[[23.3453,59.8354,0.0],[23.3475,59.8365,0.0],[23.3425,59.8368,1.612],[23.3425,59.8354,0.0],[23.3453,59.8354,0.0]]],
[[[23.2542,59.8376,0.0],[23.2508,59.8399,1.4415],[23.2486,59.8387,0.0],[23.2519,59.8365,0.0],[23.2542,59.8376,0.0]]],
[[[23.3292,59.8413,1.3935],[23.3225,59.8404,11.1256],[23.3225,59.8421,0.0],[23.3186,59.8424,0.0],[23.3169,59.8376,0.0],[23.3247,59.8349,0.1702],[23.3297,59.8349,0.0],[23.3358,59.8357,6.1649],[23.3375,59.8382,13.2036],[23.3414,59.8399,1.2935],[23.3386,59.8418,5.7215],[23.3292,59.8413,1.3935]]],
[[[23.2642,59.8426,3.503],[23.258,59.8435,5.4719],[23.2542,59.8421,5.298],[23.2664,59.841,0.0],[23.2692,59.8429,1.0618],[23.2642,59.8426,3.503]]],
[[[23.2825,59.8415,0.0],[23.2897,59.8415,0.0],[23.2914,59.8424,0.0],[23.2836,59.8429,0.0],[23.2825,59.8415,0.0]]],
[[[23.2753,59.846,0.0],[23.2719,59.8476,0.0],[23.2653,59.8468,0.0],[23.2697,59.8457,2.0869],[23.2719,59.8426,0.7602],[23.2758,59.8443,0.0],[23.2753,59.846,0.0]]],
[[[23.3969,59.8415,0.0],[23.3997,59.8426,0.0],[23.3997,59.844,0.0],[23.3942,59.8432,5.3527],[23.3969,59.8415,0.0]]],
[[[23.3658,59.8438,6.4789],[23.3703,59.8454,0.0],[23.3658,59.8457,3.9764],[23.3647,59.8435,0.0],[23.3658,59.8438,6.4789]]],
[[[23.4336,59.8446,0.0],[23.4369,59.8449,0.0],[23.4381,59.8471,0.0],[23.4325,59.8471,0.0],[23.4319,59.8454,0.0],[23.4336,59.8446,0.0]]],
[[[23.4286,59.8474,0.0],[23.4231,59.8496,0.0],[23.4169,59.849,2.647],[23.4175,59.8474,2.458],[23.4203,59.8479,2.5404],[23.4258,59.846,0.0],[23.4297,59.8462,0.0],[23.4286,59.8474,0.0]]],
[[[22.8658,59.8424,1.3586],[22.8686,59.8426,0.8299],[22.8697,59.844,0.0],[22.8619,59.8432,0.0],[22.8658,59.8424,1.3586]]],
[[[22.8208,59.8426,0.637],[22.8269,59.8421,5.2939],[22.8281,59.8449,0.0],[22.8219,59.8451,4.7899],[22.8197,59.8438,0.0],[22.8208,59.8426,0.637]]],
[[[22.8381,59.8449,0.0],[22.8419,59.8446,0.4595],[22.8431,59.8457,0.0],[22.8381,59.846,0.0],[22.8381,59.8449,0.0]]],
[[[22.8181,59.8449,0.0],[22.8203,59.8454,0.0],[22.8192,59.8476,0.0],[22.8131,59.8476,0.0],[22.8131,59.8457,0.0],[22.8181,59.8449,0.0]]],
[[[22.9719,59.8154,0.0],[22.9742,59.8154,0.0],[22.9753,59.8185,0.0],[22.9714,59.8179,0.0],[22.9719,59.8154,0.0]]],
[[[22.9486,59.8746,1.793],[22.9503,59.8754,0.0],[22.9436,59.8751,0.0],[22.9442,59.8737,0.0],[22.9486,59.8746,1.793]]],
[[[22.9725,59.876,2.1253],[22.9758,59.8768,0.0],[22.9525,59.8774,0.0],[22.9531,59.8757,2.9533],[22.9625,59.8746,1.0453],[22.9725,59.876,2.1253]]],
[[[23.0403,59.8757,1.2535],[23.0447,59.8757,0.0],[23.0453,59.8768,0.0],[23.0392,59.8774,0.0],[23.0403,59.8757,1.2535]]],
[[[22.8581,59.8474,0.8063],[22.8569,59.8474,0.8063],[22.8575,59.8454,0.0],[22.8608,59.8457,0.0],[22.8608,59.8474,0.0],[22.8581,59.8474,0.8063]]],
[[[22.8542,59.8462,0.6112],[22.8581,59.8485,0.8063],[22.8581,59.8504,0.0],[22.8503,59.849,0.0],[22.8519,59.8465,0.6444],[22.8542,59.8462,0.6112]]],
[[[22.8486,59.851,3.5255],[22.8508,59.8526,0.0],[22.8458,59.8524,0.0],[22.8464,59.8499,1.3946],[22.8381,59.8507,0.0],[22.8286,59.849,0.0],[22.8247,59.8501,3.0279],[22.8225,59.8482,0.0],[22.8281,59.8482,0.0],[22.8358,59.8454,0.0],[22.8375,59.8468,3.8879],[22.8486,59.8482,0.0],[22.8486,59.851,3.5255]]],
[[[22.8536,59.8554,0.0],[22.8558,59.8554,0.0],[22.8575,59.8571,0.0],[22.8519,59.8568,0.0],[22.8536,59.8554,0.0]]],
[[[23.0492,59.8796,0.0],[23.0542,59.879,0.0],[23.0553,59.8804,0.0],[23.0503,59.8804,2.1347],[23.0492,59.8796,0.0]]],
[[[23.0386,59.8812,0.0],[23.0431,59.8829,0.0],[23.0431,59.8843,0.0],[23.0364,59.8838,0.0],[23.0386,59.8812,0.0]]],
[[[23.0336,59.8821,0.0],[23.0342,59.8835,0.0],[23.0319,59.8838,0.0],[23.0325,59.8854,0.0],[23.0308,59.8857,0.0],[23.0264,59.8812,0.0],[23.0281,59.881,4.8423],[23.0336,59.8821,0.0]]],
[[[23.0642,59.8843,8.3223],[23.0653,59.8851,0.0],[23.0636,59.8863,2.3065],[23.0547,59.8854,2.5377],[23.0603,59.881,1.4899],[23.0631,59.8815,1.5666],[23.0619,59.8832,3.7253],[23.0642,59.8843,8.3223]]],
[[[23.2603,59.8457,0.0],[23.2569,59.8471,0.0],[23.2508,59.8465,1.2921],[23.2542,59.8438,9.3424],[23.2597,59.8438,8.7254],[23.2603,59.8457,0.0]]],
[[[23.3508,59.8454,0.0],[23.3553,59.8465,0.0],[23.3458,59.846,0.0],[23.3464,59.8449,0.0],[23.3508,59.8454,0.0]]],
[[[23.3364,59.8471,0.7868],[23.3292,59.8485,0.0],[23.3269,59.8457,0.0],[23.3336,59.8443,1.8627],[23.3364,59.8471,0.7868]]],
[[[23.3464,59.8471,0.0],[23.3475,59.8482,0.0],[23.3347,59.8493,1.0803],[23.3369,59.8476,0.7868],[23.3464,59.8471,0.0]]],
[[[23.3942,59.8465,0.0],[23.3975,59.8474,4.0324],[23.3975,59.849,0.7761],[23.3936,59.8488,0.7761],[23.3925,59.8471,0.8177],[23.3942,59.8465,0.0]]],
[[[23.3869,59.849,8.0596],[23.3886,59.851,1.935],[23.3869,59.8521,0.0],[23.3747,59.8518,0.0],[23.3819,59.8485,1.2333],[23.3869,59.849,8.0596]]],
[[[23.3664,59.8518,9.8772],[23.3558,59.8521,0.0],[23.3553,59.8504,4.8666],[23.3658,59.8485,0.0],[23.3792,59.849,0.0],[23.3708,59.8515,4.6843],[23.3664,59.8518,9.8772]]],
[[[23.4575,59.8499,0.0],[23.4625,59.8499,0.0],[23.4631,59.851,0.0],[23.4547,59.8513,0.0],[23.4575,59.8499,0.0]]],
[[[23.2842,59.8476,2.0662],[23.2814,59.8496,4.6446],[23.2781,59.8496,0.7148],[23.2781,59.8479,0.9536],[23.2814,59.8465,0.0],[23.2842,59.8476,2.0662]]],
[[[23.3569,59.8488,0.0],[23.3581,59.849,0.0],[23.3547,59.8504,4.8666],[23.3508,59.8499,2.8189],[23.3525,59.8479,5.3839],[23.3569,59.8488,0.0]]],
[[[23.3419,59.8526,4.3714],[23.3353,59.854,0.8779],[23.3369,59.8513,0.0],[23.3436,59.8515,0.0],[23.3419,59.8526,4.3714]]],
[[[23.3325,59.8518,0.0],[23.3358,59.8521,2.6113],[23.3331,59.8551,0.0],[23.3303,59.8551,0.0],[23.3314,59.8524,0.0],[23.3325,59.8518,0.0]]],
[[[23.4542,59.8543,8.1459],[23.4553,59.8568,1.0767],[23.4514,59.8576,0.0],[23.4486,59.8574,0.0],[23.4475,59.8554,2.2457],[23.4492,59.8532,0.0],[23.4542,59.8543,8.1459]]],
[[[23.4419,59.8557,0.0],[23.4447,59.8554,0.0],[23.4453,59.8568,0.0],[23.4414,59.8574,3.579],[23.4419,59.8557,0.0]]],
[[[23.3603,59.8565,0.0],[23.3575,59.859,0.0],[23.3542,59.8579,0.0],[23.357,59.8557,2.0886],[23.3603,59.8565,0.0]]],
[[[23.3975,59.8613,4.5629],[23.3903,59.8626,0.0],[23.3753,59.8624,1.9548],[23.3764,59.8601,0.0],[23.3753,59.859,0.0],[23.4042,59.856,1.9189],[23.3986,59.8582,5.4357],[23.3881,59.859,3.0519],[23.3975,59.8601,0.0],[23.3975,59.8613,4.5629]]],
[[[23.3542,59.8568,7.5491],[23.3425,59.8582,3.2173],[23.3303,59.8563,1.0261],[23.3486,59.8524,0.9346],[23.3553,59.8532,0.0],[23.3558,59.8551,1.5725],[23.3542,59.8568,7.5491]]],
[[[23.2992,59.8585,0.0],[23.2964,59.8599,5.083],[23.2869,59.859,0.8082],[23.2958,59.8574,3.6655],[23.2992,59.8585,0.0]]],
[[[23.3042,59.8585,0.0],[23.3075,59.8582,0.0],[23.3081,59.8593,0.0],[23.303,59.8593,0.0],[23.3042,59.8585,0.0]]],
[[[23.2792,59.8665,8.6175],[23.2825,59.8682,0.0],[23.2742,59.8674,0.0],[23.2747,59.8643,5.7771],[23.2697,59.8626,0.0],[23.2697,59.861,0.0],[23.2669,59.8599,1.2155],[23.2808,59.859,0.3615],[23.2808,59.861,0.0],[23.2764,59.8624,3.9793],[23.2797,59.8629,3.9793],[23.2803,59.866,0.0],[23.2792,59.8665,8.6175]]],
[[[23.2814,59.8621,0.0],[23.2869,59.8621,0.0],[23.2875,59.8646,0.0],[23.2853,59.866,2.4235],[23.2808,59.8635,0.0],[23.2814,59.8621,0.0]]],
[[[23.3219,59.8629,2.2882],[23.3242,59.8632,0.0],[23.3242,59.8651,0.0],[23.3197,59.8662,4.5786],[23.3169,59.8651,0.0],[23.3175,59.8643,1.0771],[23.3219,59.8629,2.2882]]],
[[[23.3558,59.8654,12.2353],[23.3486,59.8665,0.0],[23.3497,59.8638,0.7769],[23.3586,59.8638,0.0],[23.3558,59.8654,12.2353]]],
[[[23.2969,59.8696,1.8413],[23.2914,59.8693,4.9843],[23.2908,59.8713,3.1965],[23.2886,59.8715,3.1965],[23.2858,59.8696,2.167],[23.2858,59.8679,0.0],[23.2881,59.8651,0.0],[23.2958,59.8646,5.6004],[23.2953,59.8629,2.0376],[23.2981,59.8629,6.5038],[23.2975,59.8613,2.0536],[23.3114,59.8604,0.0],[23.3114,59.8621,0.0],[23.3092,59.8629,0.0],[23.3108,59.866,0.0],[23.3081,59.869,0.491],[23.2969,59.8696,1.8413]]],
[[[23.3175,59.8676,2.4645],[23.3186,59.869,0.0],[23.3175,59.8696,0.0],[23.3125,59.8693,2.3367],[23.3142,59.8674,2.3097],[23.3175,59.8676,2.4645]]],
[[[23.3447,59.8682,0.0],[23.3475,59.8685,0.0],[23.3481,59.8693,0.0],[23.3425,59.8696,4.8403],[23.3447,59.8682,0.0]]],
[[[23.2408,59.8718,0.0],[23.2469,59.8726,0.0],[23.2475,59.8735,0.0],[23.2425,59.8732,2.3482],[23.2408,59.8718,0.0]]],
[[[23.3119,59.8732,0.0],[23.3092,59.8754,1.9754],[23.3053,59.8754,9.4638],[23.3008,59.8749,1.8348],[23.2992,59.8726,7.1985],[23.3036,59.8701,6.0932],[23.3075,59.8701,0.491],[23.3119,59.871,0.0],[23.3119,59.8732,0.0]]],
[[[23.3908,59.8882,4.3477],[23.3786,59.889,0.0],[23.3753,59.8876,0.0],[23.3769,59.884,5.3287],[23.3736,59.8865,6.3854],[23.3692,59.8851,15.3169],[23.3669,59.8824,12.9659],[23.3481,59.8804,3.4469],[23.3503,59.8788,9.3069],[23.3492,59.8768,0.0],[23.3508,59.8763,1.9347],[23.3564,59.8771,11.3396],[23.3575,59.8799,0.0],[23.3658,59.8785,4.0057],[23.3575,59.8774,1.6863],[23.3569,59.8751,11.7012],[23.3553,59.8749,2.4253],[23.357,59.8729,5.2942],[23.3486,59.8707,0.0],[23.3575,59.8685,1.6936],[23.3608,59.871,2.0482],[23.3586,59.8735,0.0],[23.3647,59.8726,0.0],[23.3669,59.8768,0.0],[23.3797,59.8771,13.5543],[23.3742,59.8754,0.0],[23.3758,59.8718,7.9902],[23.3731,59.8704,17.5713],[23.3619,59.8699,0.0],[23.357,59.8665,5.0447],[23.3725,59.8643,6.4472],[23.3681,59.8638,0.0],[23.3681,59.8626,2.4105],[23.3742,59.8621,9.8735],[23.3786,59.864,17.014],[23.3997,59.8635,0.0],[23.4014,59.8662,12.6231],[23.4119,59.8646,2.437],[23.4181,59.8696,2.6009],[23.4169,59.8648,6.2149],[23.4242,59.8646,6.3334],[23.4203,59.8629,2.7496],[23.4203,59.8615,0.0],[23.4308,59.8585,6.8265],[23.4264,59.8571,1.4763],[23.4219,59.8596,4.6009],[23.4181,59.8593,0.0],[23.4164,59.8582,7.7267],[23.4169,59.8557,2.4684],[23.4253,59.854,2.7067],[23.428,59.856,1.2626],[23.4364,59.8563,2.9543],[23.4353,59.8585,2.3245],[23.4286,59.8604,4.086],[23.4331,59.8629,0.9403],[23.4314,59.8654,10.0466],[23.4258,59.8657,6.3195],[23.4292,59.8668,0.0],[23.4347,59.866,2.8844],[23.4358,59.8688,0.0],[23.4336,59.8699,5.0614],[23.4286,59.8696,6.3721],[23.4275,59.8718,0.0],[23.4225,59.8729,6.3561],[23.4158,59.8726,0.0],[23.4164,59.8707,16.0786],[23.4147,59.869,3.9799],[23.4097,59.8679,12.2371],[23.4147,59.871,4.3649],[23.4119,59.8724,11.0985],[23.4119,59.8743,11.1285],[23.4264,59.8751,0.0],[23.4319,59.8788,15.5775],[23.4392,59.8801,1.5122],[23.4397,59.8818,2.5645],[23.4297,59.8824,0.0],[23.4247,59.881,0.0],[23.4275,59.8838,4.4505],[23.4242,59.8843,10.0494],[23.4325,59.8843,4.2758],[23.428,59.8868,6.5591],[23.3997,59.884,1.263],[23.3986,59.8857,1.9582],[23.3925,59.886,1.8172],[23.393,59.8879,0.7782],[23.3908,59.8882,4.3477]]],
[[[23.4464,59.8729,5.0006],[23.4486,59.8746,0.0],[23.4431,59.8746,0.0],[23.4442,59.874,0.0],[23.4436,59.8715,0.0],[23.4464,59.8729,5.0006]]],
[[[23.4569,59.8729,9.757],[23.4597,59.8737,1.6581],[23.4547,59.8743,0.0],[23.4519,59.8724,8.631],[23.4564,59.8721,9.757],[23.4569,59.8729,9.757]]],
[[[23.4347,59.8757,2.9263],[23.4369,59.8765,1.247],[23.4297,59.8765,8.5548],[23.4303,59.8754,0.0],[23.4347,59.8757,2.9263]]],
[[[23.5342,59.8749,1.484],[23.5369,59.8746,1.484],[23.5375,59.876,1.0528],[23.5342,59.8765,5.3176],[23.5342,59.8749,1.484]]],
[[[23.4792,59.8785,1.7092],[23.4836,59.8782,0.0],[23.4847,59.8801,1.4738],[23.4792,59.8796,0.0],[23.4792,59.8785,1.7092]]],
[[[23.4975,59.8801,0.0],[23.4947,59.8815,2.6064],[23.4903,59.881,1.2355],[23.4931,59.8782,0.0],[23.4981,59.8785,0.0],[23.4975,59.8801,0.0]]],
[[[23.5653,59.8801,0.0],[23.5681,59.8804,0.0],[23.5681,59.8818,0.0],[23.5658,59.8829,0.0],[23.5636,59.8815,4.4939],[23.5558,59.8821,0.0],[23.5558,59.8807,0.0],[23.5653,59.8801,0.0]]],
[[[23.6653,59.8771,0.0],[23.6658,59.8793,0.0],[23.6603,59.8779,0.7182],[23.6603,59.8765,0.0],[23.6653,59.8771,0.0]]],
[[[23.6364,59.8765,1.7961],[23.6403,59.8763,1.7961],[23.6414,59.8799,0.0],[23.6369,59.8788,0.0],[23.6364,59.8765,1.7961]]],
[[[23.6581,59.8804,3.7639],[23.6575,59.8793,3.7639],[23.6592,59.879,7.5366],[23.6658,59.8801,0.0],[23.6642,59.8812,2.5985],[23.6581,59.8804,3.7639]]],
[[[23.5897,59.881,2.4363],[23.5914,59.8812,0.0],[23.5903,59.884,0.0],[23.5842,59.884,0.0],[23.5864,59.8807,0.0],[23.5897,59.881,2.4363]]],
[[[23.7008,59.8882,1.7585],[23.6992,59.8899,6.4815],[23.6936,59.8896,0.0],[23.6858,59.8863,0.0],[23.6881,59.8849,4.8598],[23.6858,59.8838,0.0],[23.6864,59.8824,0.0],[23.6786,59.8818,0.0],[23.678,59.8796,0.0],[23.6808,59.8779,1.1489],[23.6769,59.8779,0.0],[23.6758,59.8765,0.0],[23.6803,59.876,0.0],[23.6842,59.879,3.8744],[23.6925,59.8807,0.0],[23.6925,59.8826,0.0828],[23.6947,59.881,0.7661],[23.6986,59.8815,0.9966],[23.7008,59.8832,0.0],[23.6964,59.8843,2.5701],[23.7014,59.8868,0.0],[23.7008,59.8882,1.7585]]],
[[[23.6003,59.8835,0.0],[23.6042,59.8826,0.6254],[23.6047,59.8849,5.5756],[23.5997,59.8843,1.7908],[23.6003,59.8835,0.0]]],
[[[23.7147,59.886,1.2423],[23.7075,59.8865,3.1633],[23.7025,59.8824,1.5448],[23.7075,59.881,0.9785],[23.7086,59.8821,0.0],[23.7058,59.8832,7.856],[23.7125,59.8843,7.0086],[23.7125,59.8829,0.9502],[23.7164,59.8824,3.7089],[23.7197,59.8846,0.0],[23.7147,59.886,1.2423]]],
[[[23.6408,59.8849,0.0],[23.6442,59.8851,0.0],[23.6442,59.8865,3.182],[23.6419,59.8879,2.0229],[23.6231,59.8874,0.0],[23.6231,59.8851,1.4292],[23.6197,59.8835,0.0],[23.6308,59.8832,0.0],[23.6408,59.8849,0.0]]],
[[[23.5814,59.8801,0.0],[23.5847,59.8801,0.0],[23.5825,59.8815,8.3273],[23.5825,59.884,0.0],[23.5764,59.8821,0.0],[23.5769,59.8807,2.45],[23.5814,59.8801,0.0]]],
[[[23.4792,59.8829,6.9367],[23.4803,59.8849,0.0],[23.4786,59.886,0.0],[23.4703,59.8849,2.3914],[23.4742,59.8824,5.879],[23.4792,59.8829,6.9367]]],
[[[23.5169,59.8851,0.0],[23.5253,59.8857,0.0],[23.5186,59.8865,2.6786],[23.5164,59.8863,0.0],[23.5169,59.8851,0.0]]],
[[[23.5775,59.8865,6.9089],[23.5764,59.8857,0.0],[23.5797,59.886,0.0],[23.5803,59.8882,0.0],[23.5781,59.8882,1.7321],[23.5775,59.8865,6.9089]]],
[[[23.7158,59.8671,0.0],[23.7186,59.8668,0.0],[23.7181,59.8696,0.0],[23.7125,59.869,0.0],[23.7158,59.8679,0.0],[23.7158,59.8671,0.0]]],
[[[23.6786,59.8701,0.0],[23.6775,59.8721,0.0],[23.6725,59.8721,0.0],[23.6736,59.8699,0.0],[23.6786,59.8701,0.0]]],
[[[23.6969,59.8707,0.0],[23.6986,59.8724,0.0],[23.6931,59.8721,0.0],[23.6936,59.8704,0.3673],[23.6969,59.8707,0.0]]],
[[[23.7125,59.8737,0.0],[23.7164,59.8751,2.8097],[23.7086,59.8746,0.0],[23.7031,59.871,0.0],[23.7058,59.8707,1.9927],[23.7125,59.8737,0.0]]],
[[[23.7325,59.8732,0.1655],[23.7364,59.8726,0.6954],[23.7369,59.8737,0.6954],[23.7342,59.8749,0.0],[23.7325,59.8732,0.1655]]],
[[[23.7442,59.8818,0.0],[23.7475,59.8818,1.2176],[23.7475,59.8804,0.0],[23.7497,59.881,0.0],[23.7486,59.8824,0.0],[23.7442,59.8818,0.0]]],
[[[23.7486,59.886,2.1377],[23.7514,59.8868,0.0],[23.7514,59.8885,1.2095],[23.7442,59.8888,0.0],[23.7381,59.8871,0.0],[23.7375,59.8851,0.0],[23.7425,59.8846,0.0],[23.7486,59.886,2.1377]]],
[[[23.7536,59.8899,0.0],[23.7569,59.8899,0.0],[23.7597,59.8907,1.1053],[23.7542,59.8915,4.7322],[23.7536,59.8899,0.0]]],
[[[23.7053,59.891,7.7886],[23.7075,59.8924,0.0],[23.6997,59.8915,0.0],[23.7008,59.8899,0.0],[23.7053,59.891,7.7886]]],
[[[23.7286,59.8921,5.5126],[23.7314,59.8926,0.0],[23.7319,59.8935,0.0],[23.7253,59.8926,0.0],[23.7286,59.8921,5.5126]]],
[[[23.6653,59.8924,4.2882],[23.6675,59.8957,0.0],[23.6553,59.8935,1.7211],[23.6553,59.8921,1.7211],[23.6586,59.8907,5.6011],[23.6581,59.8896,0.9757],[23.6653,59.8924,4.2882]]],
[[[23.6975,59.896,4.295],[23.7003,59.8954,0.0],[23.7019,59.8974,0.0],[23.6947,59.8968,2.446],[23.6975,59.896,4.295]]],
[[[23.7697,59.8935,0.0],[23.7719,59.8946,6.7051],[23.7647,59.8946,0.2299],[23.7664,59.8935,0.0],[23.7697,59.8935,0.0]]],
[[[23.8353,59.8965,0.0],[23.8375,59.8982,0.0],[23.8347,59.8985,3.9898],[23.8286,59.8954,0.0],[23.8331,59.8949,0.3664],[23.8353,59.8965,0.0]]],
[[[23.8619,59.8968,0.4611],[23.8597,59.8988,0.0],[23.8564,59.8985,0.0],[23.8597,59.8954,0.0],[23.8625,59.896,0.4611],[23.8619,59.8968,0.4611]]],
[[[23.7442,59.9029,3.7474],[23.7369,59.9035,1.0997],[23.7342,59.9007,0.0],[23.7508,59.8993,1.8958],[23.7497,59.9015,0.0],[23.7442,59.9029,3.7474]]],
[[[23.6492,59.9004,0.0],[23.6497,59.9015,0.0],[23.6475,59.9026,0.0],[23.643,59.9015,0.0],[23.6464,59.8996,0.0],[23.6492,59.9004,0.0]]],
[[[23.7319,59.9032,0.0],[23.7336,59.9054,1.389],[23.7308,59.906,0.0],[23.7192,59.9029,8.0461],[23.7186,59.9015,0.0],[23.7236,59.8999,0.0],[23.7325,59.8999,0.0],[23.7319,59.9032,0.0]]],
[[[23.6569,59.9043,0.0],[23.6531,59.9057,0.0],[23.6514,59.9054,0.0],[23.6519,59.9038,0.0],[23.6569,59.9043,0.0]]],
[[[23.7014,59.9051,0.0],[23.7019,59.9071,2.5577],[23.6981,59.9076,1.2203],[23.6981,59.9049,0.959],[23.7014,59.9051,0.0]]],
[[[23.8714,59.9018,0.0],[23.8747,59.9026,6.311],[23.8747,59.9043,2.2764],[23.8681,59.9043,0.0],[23.8642,59.9026,0.0],[23.8647,59.9007,4.0966],[23.8714,59.9018,0.0]]],
[[[23.8353,59.9021,1.0139],[23.8353,59.9043,1.1515],[23.8319,59.9051,6.166],[23.8303,59.9046,1.9451],[23.8314,59.9032,8.2076],[23.8281,59.9026,1.0401],[23.8319,59.9007,3.3653],[23.8353,59.9021,1.0139]]],
[[[23.8197,59.9051,0.0],[23.8169,59.9071,0.0],[23.8136,59.9065,0.0],[23.8136,59.9051,0.0],[23.8208,59.9026,0.9459],[23.8197,59.9051,0.0]]],
[[[23.7708,59.9065,1.2343],[23.7731,59.9068,1.2394],[23.7669,59.9074,0.0],[23.7669,59.9063,0.9998],[23.7708,59.9065,1.2343]]],
[[[23.7853,59.9071,0.0],[23.7836,59.9087,4.9083],[23.7786,59.909,0.0],[23.7786,59.9076,0.7338],[23.7819,59.9074,5.5819],[23.7831,59.9051,0.0],[23.7853,59.9071,0.0]]],
[[[23.7875,59.9068,0.0],[23.7903,59.9065,0.0],[23.7903,59.9074,0.0],[23.7858,59.9085,0.0],[23.7875,59.9068,0.0]]],
[[[23.8114,59.9074,0.0],[23.8136,59.9093,1.0352],[23.8114,59.9096,1.0352],[23.8058,59.906,0.0],[23.8119,59.9065,0.0],[23.8114,59.9074,0.0]]],
[[[23.8042,59.9082,10.7211],[23.8069,59.9076,0.8499],[23.8081,59.911,1.1986],[23.8014,59.909,1.9621],[23.8008,59.9046,0.708],[23.8036,59.9049,0.7879],[23.8042,59.9082,10.7211]]],
[[[23.7408,59.9068,0.0],[23.7431,59.9087,0.0],[23.7386,59.9076,0.0],[23.7386,59.9065,0.0],[23.7408,59.9068,0.0]]],
[[[23.8625,59.9113,8.6515],[23.8503,59.9124,0.0],[23.8481,59.9101,0.6703],[23.8547,59.9082,1.7856],[23.8569,59.9046,5.5012],[23.8614,59.9032,0.0],[23.8608,59.9071,6.9482],[23.8625,59.9079,6.9482],[23.8625,59.9113,8.6515]]],
[[[23.8825,59.9079,0.833],[23.8836,59.9093,0.0],[23.8769,59.9101,0.0],[23.8792,59.9071,3.1108],[23.8825,59.9079,0.833]]],
[[[23.7492,59.9079,4.0231],[23.7519,59.9101,0.0],[23.7464,59.9099,0.0],[23.7464,59.9079,0.0],[23.7492,59.9079,4.0231]]],
[[[23.5403,59.8915,3.4934],[23.5369,59.8935,6.3137],[23.5308,59.8918,1.9329],[23.5292,59.8904,1.43],[23.5303,59.8879,0.0],[23.5364,59.8885,1.4899],[23.5353,59.8865,1.0445],[23.5369,59.8857,1.0445],[23.5281,59.8863,0.4506],[23.5275,59.8835,0.0],[23.5364,59.8815,0.0],[23.5381,59.8835,1.5302],[23.5364,59.8846,3.8279],[23.5386,59.8854,1.0449],[23.5508,59.8865,1.3831],[23.5508,59.8893,2.1259],[23.5481,59.891,1.4802],[23.5403,59.8915,3.4934]]],
[[[23.5758,59.889,0.0],[23.5719,59.8887,11.1158],[23.5692,59.8907,0.0],[23.5664,59.8882,4.533],[23.5731,59.886,2.2184],[23.5764,59.8876,3.0],[23.5758,59.889,0.0]]],
[[[23.5247,59.8876,0.0],[23.5269,59.8876,2.8956],[23.5286,59.8893,1.43],[23.5242,59.8888,3.4762],[23.5247,59.8876,0.0]]],
[[[23.5658,59.8899,1.6783],[23.5669,59.8899,5.1818],[23.5658,59.8918,4.5091],[23.5592,59.8921,0.0],[23.5536,59.8893,0.0],[23.5569,59.8879,0.8297],[23.5658,59.8899,1.6783]]],
[[[23.5836,59.8849,0.0],[23.5858,59.8851,0.0],[23.5858,59.8876,2.1231],[23.5803,59.8871,0.0],[23.5819,59.8854,0.0],[23.5836,59.8849,0.0]]],
[[[23.7297,59.8882,0.0],[23.7319,59.8899,0.0],[23.7214,59.889,0.0],[23.7247,59.8868,0.0],[23.7297,59.8882,0.0]]],
[[[23.6503,59.8893,2.5414],[23.6547,59.8899,1.3533],[23.6525,59.891,0.0],[23.6486,59.8901,0.0],[23.6503,59.8893,2.5414]]],
[[[23.7197,59.891,0.0],[23.7186,59.8918,0.0],[23.7203,59.8921,0.0],[23.7197,59.8932,0.0],[23.7153,59.8926,0.0],[23.7158,59.8901,0.0],[23.7175,59.8896,3.0343],[23.7219,59.8904,0.0],[23.7197,59.891,0.0]]],
[[[23.7203,59.8957,2.1913],[23.7225,59.8979,0.0],[23.7164,59.8971,0.0],[23.7175,59.8949,0.0],[23.7203,59.8957,2.1913]]],
[[[23.6669,59.8965,0.0],[23.6675,59.8985,0.0],[23.6631,59.8988,0.0],[23.6636,59.8974,1.6036],[23.6669,59.8965,0.0]]],
[[[23.6425,59.8976,0.0],[23.6442,59.8985,0.0],[23.643,59.8999,0.0],[23.6347,59.899,0.0],[23.6353,59.8974,0.0],[23.6425,59.8976,0.0]]],
[[[23.6953,59.9043,3.2259],[23.6969,59.9063,2.7108],[23.6958,59.9079,2.1105],[23.6897,59.9071,0.0],[23.6908,59.9046,3.7993],[23.6858,59.904,0.0],[23.6858,59.9018,2.712],[23.6814,59.9007,0.0],[23.6797,59.8985,2.658],[23.6725,59.8996,4.5525],[23.6736,59.9021,0.0],[23.6697,59.9029,3.2859],[23.6692,59.894,4.0196],[23.6725,59.8943,0.0],[23.6725,59.8965,1.7728],[23.6858,59.8988,9.6744],[23.6881,59.9021,10.0546],[23.6919,59.9015,0.0],[23.6953,59.9043,3.2259]]],
[[[23.5547,59.9057,4.3283],[23.5586,59.9065,1.0301],[23.5547,59.9079,2.4601],[23.5536,59.9063,0.0],[23.5547,59.9057,4.3283]]],
[[[23.625,59.9374,0.0],[23.612,59.9378,2.9893],[23.6155,59.9374,0.0],[23.6114,59.9357,0.0],[23.6181,59.9338,3.2168],[23.6125,59.9335,0.7353],[23.6164,59.9315,7.2781],[23.6108,59.931,5.7436],[23.6003,59.931,0.2704],[23.5964,59.9324,0.0],[23.5964,59.931,0.8663],[23.5881,59.9301,16.6046],[23.5842,59.9324,0.0],[23.5614,59.9326,0.0],[23.5525,59.9313,9.2316],[23.5442,59.9321,0.0],[23.5331,59.9282,9.0705],[23.5136,59.929,0.0],[23.5086,59.9268,0.0],[23.5075,59.9238,4.9323],[23.5053,59.9249,4.7035],[23.4975,59.924,0.0],[23.4981,59.9212,2.4499],[23.5003,59.9201,0.0],[23.5081,59.9196,0.9852],[23.5086,59.9182,1.3397],[23.5058,59.916,1.5667],[23.5003,59.9174,0.0],[23.4975,59.9157,2.9481],[23.5003,59.914,5.7209],[23.4992,59.9129,7.4841],[23.4903,59.9118,14.5744],[23.4897,59.9137,13.3764],[23.4919,59.9171,1.5088],[23.4897,59.9182,8.5338],[23.4836,59.9182,0.0],[23.4831,59.9151,9.8333],[23.4786,59.9137,2.5841],[23.4764,59.9146,8.1821],[23.4808,59.9157,3.2465],[23.4808,59.9176,0.0],[23.4736,59.9168,4.345],[23.4786,59.9196,2.9349],[23.4692,59.9212,0.0],[23.4625,59.9185,2.0554],[23.4625,59.9168,0.0],[23.4697,59.9163,5.4259],[23.463,59.9154,16.3905],[23.4608,59.9146,2.5511],[23.4608,59.9129,6.8633],[23.4553,59.9118,9.6907],[23.4492,59.9135,1.7382],[23.4336,59.9135,4.2293],[23.4236,59.911,3.4243],[23.4197,59.9143,0.0],[23.4142,59.9146,4.9413],[23.4081,59.9126,0.0],[23.4108,59.9107,4.3041],[23.4031,59.9132,1.7173],[23.3953,59.9132,9.919],[23.3847,59.9104,7.249],[23.3936,59.9076,2.6978],[23.4153,59.9096,1.0403],[23.4069,59.9087,0.7596],[23.4064,59.9071,0.7596],[23.4014,59.9051,1.8016],[23.4008,59.9032,0.0],[23.4114,59.8999,0.0],[23.4108,59.8968,0.0],[23.4164,59.8951,0.0],[23.4236,59.8979,1.2839],[23.4292,59.8957,12.1001],[23.4375,59.8951,4.6856],[23.4397,59.8979,2.3562],[23.4431,59.8985,0.0],[23.4431,59.8999,1.1684],[23.4375,59.9018,3.0666],[23.4442,59.9029,1.8438],[23.4475,59.8993,2.795],[23.4519,59.899,0.0],[23.4531,59.901,3.4023],[23.4619,59.8971,13.2938],[23.4603,59.896,3.34],[23.4547,59.8982,6.6288],[23.4464,59.8976,0.0],[23.4481,59.8957,7.5274],[23.463,59.8951,1.4355],[23.4725,59.8924,-0.3535],[23.4714,59.8965,2.7425],[23.4692,59.8971,11.2647],[23.4719,59.8976,4.3391],[23.4781,59.8943,5.531],[23.4736,59.8924,-0.3535],[23.4764,59.8904,0.0],[23.4953,59.889,0.0],[23.4947,59.891,0.0],[23.4814,59.8929,9.4199],[23.4842,59.8937,0.0],[23.4903,59.8929,1.3884],[23.4908,59.894,9.3],[23.4975,59.891,4.6703],[23.5025,59.891,4.7874],[23.5042,59.8893,0.0],[23.5197,59.8901,2.9651],[23.5208,59.8879,0.0],[23.5347,59.8949,5.5557],[23.5386,59.8937,4.1006],[23.5408,59.8949,0.0],[23.5508,59.891,1.9599],[23.5519,59.8915,1.9599],[23.5508,59.8946,2.0697],[23.5619,59.8932,0.0],[23.5631,59.8963,2.7322],[23.5692,59.8985,0.0],[23.5681,59.9007,0.0],[23.5503,59.9043,0.0],[23.5464,59.9032,0.0],[23.5542,59.9012,7.2311],[23.5569,59.899,10.7475],[23.5419,59.9007,0.0],[23.5381,59.9046,3.5166],[23.5303,59.9043,2.5376],[23.5303,59.9074,0.0],[23.5258,59.9087,7.3087],[23.5336,59.9101,4.7053],[23.5381,59.9087,2.2934],[23.5364,59.9076,0.0],[23.5381,59.906,0.1235],[23.5397,59.906,0.0],[23.5403,59.9079,3.7987],[23.5481,59.9076,0.0],[23.5464,59.911,0.0],[23.5392,59.9115,4.4577],[23.5392,59.9137,6.0662],[23.5414,59.9135,0.0],[23.5414,59.9151,4.6612],[23.5458,59.9165,2.8227],[23.5558,59.9163,1.6133],[23.5586,59.9176,0.4819],[23.5586,59.9201,2.2949],[23.5425,59.919,0.0],[23.5375,59.921,1.5528],[23.5319,59.9174,3.34],[23.5269,59.9176,0.0],[23.5281,59.9135,3.1171],[23.5269,59.9132,12.3998],[23.5242,59.916,0.0],[23.518,59.9171,1.956],[23.5203,59.9182,0.0152],[23.5219,59.9226,2.0611],[23.5275,59.9229,0.0],[23.5264,59.9263,8.3053],[23.5364,59.924,5.0984],[23.5481,59.9243,7.3883],[23.5397,59.9229,1.7248],[23.5436,59.921,2.1095],[23.553,59.9226,6.662],[23.5636,59.9221,11.6811],[23.5669,59.9171,8.0282],[23.5769,59.9185,5.2592],[23.5808,59.9157,4.2015],[23.5864,59.9168,0.0],[23.5853,59.9143,3.2384],[23.5814,59.9132,0.0],[23.5819,59.9115,0.0],[23.5858,59.9115,1.5419],[23.5853,59.909,3.7881],[23.5886,59.9085,8.6808],[23.5853,59.9079,1.8194],[23.5858,59.9063,1.6381],[23.6003,59.9085,0.0],[23.5997,59.9096,0.0],[23.6031,59.911,0.0],[23.6047,59.9096,0.0],[23.6025,59.9085,0.0],[23.6092,59.9068,1.641],[23.6064,59.9049,0.0],[23.6147,59.9046,9.2274],[23.6186,59.9021,6.455],[23.6231,59.9024,0.0],[23.6242,59.9051,0.0],[23.6169,59.909,0.0],[23.6147,59.9082,2.8749],[23.6169,59.9063,7.1852],[23.6114,59.9065,7.4457],[23.6108,59.9085,1.4735],[23.6131,59.9082,-0.5],[23.6136,59.9096,3.1535],[23.6108,59.911,5.7495],[23.6125,59.9115,0.0],[23.6119,59.9137,0.0],[23.6069,59.916,0.6428],[23.6025,59.9143,3.2113],[23.6069,59.9126,0.7336],[23.5942,59.9146,6.6357],[23.6014,59.9143,3.2113],[23.6064,59.9182,9.2493],[23.6119,59.9179,0.0],[23.6119,59.9196,1.0955],[23.6281,59.9188,0.788],[23.6286,59.9199,0.788],[23.6242,59.9207,0.29],[23.6269,59.9221,9.4677],[23.6397,59.9204,7.6637],[23.6414,59.9232,4.6198],[23.6492,59.926,5.5077],[23.6531,59.9257,3.4446],[23.6531,59.9243,1.352],[23.6597,59.9243,8.3139],[23.6547,59.9215,8.6034],[23.6458,59.9229,2.1467],[23.6408,59.9199,11.3013],[23.6336,59.9182,2.1471],[23.6319,59.9163,0.0],[23.6386,59.9143,3.0729],[23.6414,59.9151,0.0],[23.6403,59.9176,18.6644],[23.6447,59.9165,0.0],[23.6464,59.9188,12.4591],[23.6597,59.9185,5.6699],[23.6553,59.9151,10.6365],[23.6503,59.9151,3.0105],[23.6497,59.914,3.0105],[23.6531,59.9132,1.8843],[23.6547,59.9107,0.0],[23.6519,59.9099,0.0],[23.6514,59.9076,1.675],[23.6497,59.9082,1.675],[23.6503,59.9104,0.0],[23.6481,59.9107,4.6834],[23.6492,59.914,3.0105],[23.643,59.9135,1.701],[23.6414,59.911,0.0],[23.6431,59.9087,0.0],[23.6497,59.906,0.8174],[23.6547,59.9071,6.1795],[23.6603,59.906,0.0],[23.6592,59.9082,0.3577],[23.6642,59.9093,4.3196],[23.6631,59.9137,4.2669],[23.6692,59.9154,0.0],[23.6686,59.9168,3.0399],[23.6619,59.9179,1.8388],[23.6642,59.9193,2.4299],[23.6614,59.921,2.7008],[23.6642,59.9218,2.7008],[23.6708,59.9188,6.2449],[23.6731,59.9207,0.0],[23.6725,59.9232,0.0],[23.6792,59.9224,6.6279],[23.6808,59.9251,1.2746],[23.6836,59.9224,2.2144],[23.6864,59.924,9.6323],[23.6919,59.9232,0.0],[23.6897,59.9282,5.232],[23.7008,59.9257,7.0567],[23.7081,59.9271,8.4528],[23.713,59.9221,3.2187],[23.7231,59.9229,0.0],[23.7208,59.9357,2.5649],[23.7186,59.9371,0.0],[23.6997,59.9362,1.0325],[23.6953,59.9354,6.3421],[23.6942,59.9338,6.3421],[23.6769,59.9335,0.7087],[23.6797,59.9318,8.065],[23.6736,59.9304,9.813],[23.6719,59.9335,2.2695],[23.6647,59.9338,0.0],[23.6625,59.9315,5.1954],[23.6436,59.9324,0.0],[23.6408,59.9299,7.5569],[23.6347,59.9315,0.0],[23.6342,59.9338,0.0],[23.625,59.9374,0.0]]],
[[[23.5443,59.9124,9.5597],[23.5508,59.9137,0.0],[23.5508,59.9151,0.0],[23.5436,59.9137,0.9829],[23.5443,59.9124,9.5597]]],
[[[23.4981,59.9174,9.6341],[23.5003,59.919,0.0],[23.4947,59.9185,7.6319],[23.4942,59.9168,0.0],[23.4969,59.9165,2.9481],[23.4981,59.9174,9.6341]]],
[[[24.0197,59.9115,0.0],[24.0214,59.9121,0.0],[24.0153,59.9121,0.0],[24.0164,59.9107,0.7517],[24.0197,59.9115,0.0]]],
[[[24.3381,59.9154,0.0],[24.3414,59.9171,0.0],[24.3386,59.9174,0.0],[24.3347,59.9151,0.7286],[24.3336,59.9124,0.0],[24.3386,59.9124,0.0],[24.3369,59.914,0.0],[24.3381,59.9154,0.0]]],
[[[24.0692,59.9149,0.0],[24.0719,59.9171,0.0],[24.0692,59.9174,0.0],[24.0636,59.9137,0.0],[24.0675,59.9132,0.0],[24.0692,59.9149,0.0]]],
[[[24.0197,59.9154,0.0],[24.0142,59.9168,0.0],[24.0164,59.9143,0.0],[24.0231,59.9149,0.0],[24.0197,59.9154,0.0]]],
[[[24.0092,59.9143,0.0],[24.0086,59.9157,0.0],[24.0047,59.916,0.0],[24.0064,59.914,0.0],[24.0092,59.9143,0.0]]],
[[[24.0025,59.916,7.2384],[23.9975,59.9176,0.0],[23.9864,59.9174,0.0],[23.9903,59.9154,1.2318],[23.9875,59.9146,0.0],[23.9892,59.9135,0.0],[23.9947,59.9149,0.9026],[24.0019,59.9143,2.8486],[24.0036,59.9151,0.0],[24.0025,59.916,7.2384]]],
[[[23.9581,59.9149,0.0],[23.9614,59.9146,0.0],[23.9619,59.916,0.0],[23.9558,59.9163,0.0],[23.9581,59.9149,0.0]]],
[[[24.0131,59.9154,0.0],[24.0108,59.9168,0.0],[24.0075,59.9165,0.0],[24.0103,59.9154,0.0],[24.0131,59.9154,0.0]]],
[[[23.9164,59.9163,0.0],[23.9164,59.9171,0.0],[23.9081,59.9179,0.0],[23.9086,59.9163,0.0],[23.9164,59.9163,0.0]]],
[[[23.9425,59.9176,5.3772],[23.9408,59.9193,0.0],[23.9369,59.9182,0.0],[23.938,59.9174,0.0],[23.9425,59.9176,5.3772]]],
[[[23.8997,59.9179,1.364],[23.9042,59.9176,0.0],[23.9047,59.9193,0.0],[23.8997,59.9199,3.264],[23.8997,59.9179,1.364]]],
[[[24.0042,59.9196,3.2637],[24.0058,59.921,0.0],[23.9975,59.9215,6.0829],[23.9903,59.919,0.0],[24.0031,59.9188,3.2637],[24.0042,59.9196,3.2637]]],
[[[24.3553,59.921,0.0],[24.3547,59.9238,0.0],[24.3453,59.9221,0.0],[24.3442,59.9176,7.2322],[24.3453,59.9157,3.2032],[24.3436,59.9151,0.0],[24.3436,59.9132,0.0],[24.3508,59.9135,0.0],[24.3519,59.9171,2.6967],[24.3564,59.9199,0.0],[24.3553,59.921,0.0]]],
[[[24.0142,59.9182,0.0],[24.0153,59.9193,0.0],[24.0097,59.9199,1.3736],[24.0097,59.9188,1.3736],[24.0142,59.9182,0.0]]],
[[[24.2619,59.924,0.0],[24.2625,59.9268,0.0],[24.2603,59.9276,0.0],[24.2575,59.9251,1.4886],[24.2525,59.9263,0.5977],[24.2531,59.9249,1.6725],[24.2514,59.9238,0.0],[24.2592,59.9221,1.4263],[24.2619,59.924,0.0]]],
[[[24.3508,59.9243,0.7748],[24.3519,59.9257,0.0],[24.3469,59.9263,0.0],[24.3475,59.9235,0.5341],[24.3508,59.9243,0.7748]]],
[[[23.9558,59.921,0.0],[23.9597,59.9207,0.0],[23.9608,59.9224,1.0342],[23.9542,59.9224,0.0],[23.9558,59.921,0.0]]],
[[[24.0125,59.9201,1.3736],[24.0136,59.9226,0.0],[24.0103,59.9232,1.3587],[24.0097,59.9215,0.7835],[24.0125,59.9201,1.3736]]],
[[[23.9347,59.9207,5.8547],[23.9375,59.921,0.0],[23.9375,59.9224,1.0453],[23.9325,59.9232,0.0],[23.9303,59.9221,0.0],[23.9314,59.921,0.9684],[23.9347,59.9207,5.8547]]],
[[[23.9975,59.9232,0.0],[23.9914,59.9246,1.4562],[23.9858,59.9218,0.3026],[23.9892,59.9212,1.7228],[23.9975,59.9232,0.0]]],
[[[24.3669,59.9104,0.0],[24.3697,59.9124,0.0],[24.3636,59.9115,0.0],[24.3642,59.9107,0.0],[24.3669,59.9104,0.0]]],
[[[24.3742,59.9254,0.0],[24.3764,59.9279,0.7087],[24.3708,59.9279,1.1196],[24.3681,59.9257,0.0],[24.3697,59.9246,0.0],[24.3742,59.9254,0.0]]],
[[[24.4103,59.9318,1.6299],[24.4019,59.9329,1.793],[24.4025,59.9301,2.3545],[24.4003,59.9285,0.0],[24.4186,59.9285,0.0],[24.4103,59.9318,1.6299]]],
[[[24.3775,59.9324,0.4853],[24.3797,59.9343,0.0],[24.3625,59.9296,0.0],[24.3708,59.9287,1.1196],[24.3775,59.9324,0.4853]]],
[[[23.9636,59.9279,0.0],[23.9631,59.9299,2.9082],[23.953,59.9301,1.0857],[23.9558,59.9285,0.0],[23.9636,59.9279,0.0]]],
[[[23.9269,59.9343,0.0],[23.9175,59.9357,0.0],[23.9125,59.9296,2.2448],[23.9153,59.9285,0.0],[23.9269,59.9321,0.0],[23.928,59.9335,0.0],[23.9269,59.9343,0.0]]],
[[[23.9864,59.9351,0.0],[23.9908,59.9362,0.0],[23.9603,59.9362,1.3004],[23.9608,59.9351,0.0],[23.9675,59.9354,0.0],[23.9703,59.9335,0.0],[23.9831,59.9338,8.5495],[23.9836,59.9329,5.0017],[23.9769,59.9307,0.0],[23.9781,59.9279,1.1956],[23.9808,59.9274,5.5052],[23.9847,59.9276,0.0],[23.9842,59.9293,1.0407],[23.9858,59.9301,1.0407],[23.9925,59.929,0.1755],[23.9864,59.9324,5.7267],[23.9931,59.931,1.1337],[23.9964,59.931,0.0],[23.9953,59.9324,3.969],[24.0014,59.9318,0.0],[23.9958,59.9343,0.0],[23.9908,59.9329,2.672],[23.9864,59.9351,0.0]]],
[[[23.9636,59.9315,0.0],[23.9653,59.9335,0.0],[23.9597,59.9335,3.0439],[23.9608,59.931,0.7166],[23.9636,59.9315,0.0]]],
[[[24.4519,59.9307,0.0],[24.4525,59.9318,0.0],[24.4481,59.9332,0.4163],[24.4481,59.9307,0.6649],[24.4519,59.9307,0.0]]],
[[[24.3953,59.9349,0.0],[24.3947,59.9376,0.0],[24.3903,59.9382,3.104],[24.3842,59.9357,0.0],[24.3819,59.9321,0.3172],[24.3786,59.9315,0.0],[24.3803,59.9304,0.0],[24.393,59.9313,0.0],[24.3953,59.9349,0.0]]],
[[[24.4514,59.9354,0.0],[24.4525,59.9368,0.0],[24.4514,59.9376,0.0],[24.4453,59.9376,0.0],[24.4447,59.9346,1.8308],[24.4392,59.9346,2.0738],[24.4386,59.9326,0.0],[24.4442,59.9324,2.2097],[24.4486,59.9354,0.1355],[24.4514,59.9354,0.0]]],
[[[24.4092,59.9385,0.286],[24.4081,59.9368,0.0],[24.4142,59.939,0.0],[24.4103,59.9393,0.0],[24.4092,59.9385,0.286]]],
[[[24.4569,59.9413,0.7037],[24.4597,59.9418,0.0],[24.4581,59.9432,1.0949],[24.4547,59.9424,0.0],[24.4569,59.9413,0.7037]]],
[[[24.4208,59.9421,2.8208],[24.4236,59.9435,0.6647],[24.4142,59.9426,0.0],[24.4131,59.9413,0.4592],[24.4158,59.9407,3.2946],[24.4208,59.9421,2.8208]]],
[[[24.3986,59.9432,0.0],[24.4008,59.9446,0.0],[24.3953,59.9443,0.0],[24.3958,59.9429,0.0],[24.3986,59.9432,0.0]]],
[[[24.4664,59.9449,0.0],[24.4697,59.9449,0.0],[24.4719,59.9463,0.0],[24.4675,59.9463,0.0],[24.4664,59.9449,0.0]]],
[[[24.0236,59.9332,1.5654],[24.0225,59.9346,0.0],[24.0236,59.936,0.0],[24.0214,59.9362,0.0],[24.0108,59.9318,0.0],[24.0108,59.9304,0.0],[24.0153,59.9287,0.0],[24.0175,59.9304,0.0],[24.0242,59.931,0.0],[24.0236,59.9332,1.5654]]],
[[[24.0475,59.9413,0.0],[24.0497,59.941,0.0],[24.0503,59.9424,0.0],[24.0442,59.9424,0.2374],[24.0447,59.9415,0.0],[24.0475,59.9413,0.0]]],
[[[24.0481,59.944,1.7266],[24.0492,59.9451,1.7266],[24.0436,59.946,0.0],[24.0386,59.9437,0.0],[24.0458,59.9432,0.2374],[24.0481,59.944,1.7266]]],
[[[24.0181,59.9721,0.6921],[24.0219,59.9718,0.0],[24.0225,59.9726,0.0],[24.0169,59.9729,0.0],[24.0181,59.9721,0.6921]]],
[[[24.4392,59.949,0.0],[24.4408,59.9501,0.0],[24.4381,59.9507,0.0],[24.4353,59.9476,1.1229],[24.4392,59.9482,0.0],[24.4392,59.949,0.0]]],
[[[24.4458,59.9496,2.5931],[24.4486,59.9518,0.2595],[24.4447,59.9521,0.0],[24.4425,59.9501,0.6718],[24.4458,59.9496,2.5931]]],
[[[24.3781,59.9551,0.2164],[24.3797,59.9565,0.0],[24.3786,59.9576,0.0],[24.3719,59.9551,14.1721],[24.3703,59.9568,0.0],[24.3664,59.9562,0.1508],[24.3669,59.9538,4.5344],[24.3603,59.9518,3.8977],[24.3592,59.949,7.2785],[24.3625,59.9468,0.5354],[24.3592,59.946,0.5354],[24.3619,59.9446,0.2102],[24.3675,59.9454,0.0],[24.3692,59.9474,4.4625],[24.3719,59.946,1.2361],[24.3753,59.9465,0.6318],[24.3781,59.9496,0.0],[24.3781,59.9551,0.2164]]],
[[[24.4558,59.9518,0.0],[24.4603,59.9526,0.0],[24.4603,59.9543,0.0],[24.4558,59.9546,0.0],[24.4536,59.9518,0.0],[24.4558,59.9518,0.0]]],
[[[23.9619,59.9476,2.2139],[23.9658,59.9474,1.6431],[23.9664,59.9485,1.6431],[23.9636,59.949,2.0524],[23.9619,59.9476,2.2139]]],
[[[23.9997,59.9513,0.0],[23.9947,59.9526,0.0],[23.9897,59.9513,1.2418],[23.9914,59.9493,1.8718],[23.9875,59.9485,0.0],[23.9914,59.9485,0.0],[23.9908,59.9471,0.0],[23.9931,59.9468,0.0],[24.0031,59.9482,0.0],[24.0008,59.9501,0.0],[24.0047,59.9493,0.0],[23.9997,59.9513,0.0]]],
[[[23.9881,59.9538,0.0],[23.9808,59.9551,7.3722],[23.9747,59.9535,3.8123],[23.9742,59.9521,3.8123],[23.9869,59.9507,1.2418],[23.9914,59.9524,8.4196],[23.9925,59.9543,0.0],[23.9881,59.9538,0.0]]],
[[[23.9508,59.9593,1.1355],[23.9375,59.9588,0.0],[23.9347,59.9565,1.7914],[23.9408,59.9551,4.1106],[23.9314,59.954,2.494],[23.9308,59.951,0.0],[23.9436,59.9513,1.3146],[23.9453,59.9543,2.964],[23.9586,59.9562,2.3101],[23.9569,59.959,0.0],[23.9508,59.9593,1.1355]]],
[[[24.4769,59.9549,0.619],[24.4786,59.9557,0.0],[24.4742,59.9557,0.5169],[24.4719,59.9521,0.0],[24.4742,59.9521,0.0],[24.4769,59.9549,0.619]]],
[[[24.4336,59.956,0.0],[24.4303,59.9557,0.0],[24.4292,59.9532,0.0],[24.4325,59.9538,2.3327],[24.4336,59.956,0.0]]],
[[[24.4086,59.9546,2.8592],[24.4125,59.9562,0.0597],[24.4086,59.9568,2.869],[24.4042,59.954,2.3531],[24.4064,59.9538,2.8592],[24.4086,59.9546,2.8592]]],
[[[24.4653,59.9557,1.9457],[24.4681,59.9565,0.0],[24.4664,59.9579,0.0],[24.4625,59.9568,0.0],[24.463,59.956,0.0],[24.4653,59.9557,1.9457]]],
[[[24.4908,59.9574,1.4571],[24.4931,59.9585,0.0],[24.4908,59.959,0.7181],[24.4858,59.9568,0.6863],[24.4814,59.9576,0.0],[24.4808,59.9565,0.3203],[24.4875,59.9554,0.0],[24.4908,59.9574,1.4571]]],
[[[24.4692,59.9596,0.0],[24.4742,59.9599,0.0],[24.4742,59.9607,0.0],[24.4686,59.9613,0.0],[24.4692,59.9596,0.0]]],
[[[24.5281,59.9621,0.1079],[24.5281,59.9632,0.1079],[24.5225,59.9626,0.1605],[24.5247,59.9615,0.0],[24.5281,59.9621,0.1079]]],
[[[24.4981,59.9643,0.7276],[24.4992,59.9654,0.0],[24.4953,59.9663,2.8083],[24.4825,59.9629,2.6066],[24.4847,59.9593,1.9204],[24.4908,59.9593,0.7181],[24.4947,59.9607,0.0],[24.4947,59.9629,0.0],[24.4981,59.9643,0.7276]]],
[[[24.5064,59.964,0.0601],[24.5053,59.9654,0.0601],[24.5008,59.9654,0.0],[24.5025,59.9635,0.0675],[24.5064,59.964,0.0601]]],
[[[24.4536,59.9663,2.297],[24.4603,59.9676,0.0],[24.4503,59.9663,2.5061],[24.4475,59.9635,0.0],[24.4536,59.9663,2.297]]],
[[[24.4325,59.9654,0.0],[24.4347,59.966,0.0],[24.4342,59.9674,0.0],[24.4264,59.9657,0.0],[24.428,59.9649,0.0],[24.4325,59.9654,0.0]]],
[[[24.5108,59.9699,1.0458],[24.5136,59.9704,0.2932],[24.5092,59.9712,2.7078],[24.5069,59.969,1.6906],[24.5092,59.9685,0.0],[24.5108,59.9699,1.0458]]],
[[[24.5247,59.9718,0.1405],[24.5264,59.9724,0.0],[24.5214,59.9726,0.0],[24.5203,59.9712,0.1703],[24.5225,59.971,0.1405],[24.5247,59.9718,0.1405]]],
[[[24.4858,59.9735,0.0],[24.4881,59.9746,0.0],[24.4803,59.974,2.1974],[24.4825,59.9724,4.0893],[24.4858,59.9735,0.0]]],
[[[24.4569,59.9746,6.4092],[24.4586,59.976,1.567],[24.4475,59.9765,4.7452],[24.4442,59.9754,0.0],[24.4425,59.9718,0.9999],[24.4464,59.971,3.746],[24.4569,59.9746,6.4092]]],
[[[24.4719,59.9746,0.0],[24.473,59.9754,0.0],[24.4714,59.9763,2.4193],[24.4669,59.9751,0.0],[24.4686,59.974,2.1675],[24.4719,59.9746,0.0]]],
[[[23.9742,59.9551,0.0],[23.9747,59.9562,0.0],[23.9719,59.9574,0.0],[23.9636,59.9571,0.0],[23.9658,59.9554,0.0],[23.9742,59.9551,0.0]]],
[[[24.0008,59.959,0.0],[23.9969,59.9613,1.7782],[23.9925,59.9607,0.0],[23.9931,59.959,1.9177],[24.0058,59.9551,0.0],[24.0203,59.9574,0.0],[24.0153,59.9593,0.0],[24.0008,59.959,0.0]]],
[[[23.9786,59.961,1.3402],[23.9758,59.9632,5.7106],[23.9714,59.9626,0.0],[23.9764,59.9593,0.0],[23.9786,59.9596,0.9076],[23.9786,59.961,1.3402]]],
[[[23.9553,59.9643,0.0],[23.9503,59.9657,0.0],[23.9453,59.9621,1.4322],[23.9508,59.9604,1.1355],[23.9592,59.9613,1.6365],[23.9669,59.9599,1.2697],[23.9647,59.9629,0.0],[23.9553,59.9643,0.0]]],
[[[23.9942,59.9635,0.0],[23.9981,59.9626,0.0],[23.9981,59.9643,0.0],[23.9936,59.9643,0.0],[23.9942,59.9635,0.0]]],
[[[23.9447,59.9637,9.7488],[23.9464,59.9649,2.4042],[23.9453,59.9663,0.6855],[23.9336,59.9649,0.0],[23.9403,59.9624,6.0299],[23.9447,59.9637,9.7488]]],
[[[24.0031,59.9685,6.8319],[23.9986,59.9701,0.0],[23.9936,59.9696,0.0],[24.0047,59.964,6.1129],[24.0119,59.9635,0.0],[24.0081,59.9657,3.5834],[24.0131,59.9665,0.167],[24.0119,59.9682,5.5951],[24.0031,59.9685,6.8319]]],
[[[24.0086,59.9707,3.9418],[24.0097,59.9707,0.0],[24.0108,59.9763,1.0261],[24.0058,59.9763,5.9189],[24.0025,59.9743,0.0],[24.0053,59.9715,1.1624],[24.0086,59.9707,3.9418]]],
[[[24.1453,59.9818,2.1102],[24.1303,59.9824,0.9319],[24.1336,59.9804,0.0],[24.1342,59.9818,2.6172],[24.1375,59.9818,1.8556],[24.1414,59.9796,0.0],[24.1464,59.9801,0.0],[24.1453,59.9818,2.1102]]],
[[[24.3047,59.9821,0.7629],[24.3053,59.9837,0.0],[24.3008,59.9843,0.0],[24.3008,59.9832,0.0],[24.3047,59.9821,0.7629]]],
[[[24.1792,59.9871,0.0],[24.1742,59.9868,8.3931],[24.1703,59.9885,3.0439],[24.1708,59.9863,1.9225],[24.1658,59.9843,4.9446],[24.1675,59.9865,0.0],[24.1608,59.9874,0.0],[24.1569,59.9863,3.1853],[24.1597,59.984,0.0],[24.1514,59.9832,0.0],[24.1564,59.9826,0.4648],[24.1558,59.9804,0.0],[24.1575,59.9796,0.0],[24.1619,59.9793,0.0],[24.1608,59.9815,0.0],[24.1625,59.9821,3.7655],[24.1764,59.9826,1.265],[24.1775,59.9837,0.0],[24.1742,59.9851,3.9215],[24.1792,59.986,0.3558],[24.1792,59.9871,0.0]]],
[[[24.0942,59.9835,0.0],[24.0964,59.984,1.6846],[24.0969,59.9851,1.6846],[24.0914,59.984,0.5215],[24.0942,59.9835,0.0]]],
[[[24.2003,59.9876,7.3595],[24.1869,59.9888,0.0],[24.1864,59.9865,0.0],[24.1914,59.9857,1.299],[24.1875,59.9854,0.0],[24.1864,59.9835,0.0],[24.1936,59.9815,0.0],[24.1964,59.9832,0.0],[24.2025,59.9826,0.0],[24.2042,59.9843,2.2203],[24.2169,59.9854,0.0],[24.2136,59.9871,0.0],[24.2069,59.9863,2.0525],[24.2003,59.9876,7.3595]]],
[[[24.1381,59.9846,1.03],[24.1408,59.9854,1.2395],[24.1347,59.986,0.6592],[24.1358,59.9851,0.0],[24.1381,59.9846,1.03]]],
[[[24.3492,59.9871,3.6925],[24.3492,59.9882,3.6925],[24.3425,59.9888,0.0],[24.3425,59.9874,1.5419],[24.3458,59.9863,0.1552],[24.3492,59.9871,3.6925]]],
[[[24.2353,59.9874,0.3437],[24.2386,59.9879,0.4489],[24.2392,59.989,0.0],[24.2353,59.9885,0.3437],[24.2353,59.9874,0.3437]]],
[[[23.9847,59.9754,15.5785],[23.9736,59.9765,0.0],[23.9753,59.974,1.4875],[23.9842,59.9726,2.6373],[23.9853,59.9701,0.0],[23.9881,59.9704,0.0],[23.9869,59.9732,0.0],[23.9914,59.9735,0.0],[23.9897,59.9754,13.1366],[23.9847,59.9754,15.5785]]],
[[[23.9947,59.9751,0.0],[23.9964,59.9751,0.0],[23.9964,59.9768,0.0],[23.9892,59.9779,0.0],[23.9897,59.9762,0.0],[23.9947,59.9751,0.0]]],
[[[23.9875,59.9771,0.0],[23.9792,59.9779,0.0],[23.9792,59.9768,0.0],[23.9853,59.976,3.7468],[23.9881,59.976,0.0],[23.9875,59.9771,0.0]]],
[[[23.9847,59.9979,0.0],[23.9842,60.0,0.0],[23.9708,60.0,14.2006],[23.9745,60.0016,22.2479],[23.9667,60.0042,0.0],[23.9589,60.0016,0.0],[23.9625,60.0,4.7906],[23.9564,59.9987,0.0],[23.9742,59.9935,0.0],[23.9975,59.9918,0.0],[23.9953,59.9951,0.0],[23.9886,59.9943,3.2108],[23.9792,59.9957,8.9325],[23.9847,59.9979,0.0]]],
[[[24.0258,59.9899,1.6517],[24.0208,59.9901,1.1683],[24.0203,59.9885,0.0],[24.0308,59.9879,0.0],[24.0303,59.9893,0.0],[24.0258,59.9899,1.6517]]],
[[[24.1069,59.9924,0.0],[24.0992,59.9938,0.0],[24.0753,59.9929,1.8246],[24.0758,59.9918,0.0],[24.0964,59.9901,0.0],[24.0986,59.9885,0.0],[24.1103,59.9893,4.1496],[24.1342,59.9857,1.5204],[24.1281,59.9885,8.1177],[24.1269,59.991,0.0],[24.1225,59.9921,0.0],[24.1181,59.9904,4.4313],[24.1158,59.9926,0.0],[24.1069,59.9924,0.0]]],
[[[24.1342,59.9893,4.3657],[24.1358,59.9901,0.0],[24.1347,59.9915,0.0],[24.1281,59.9912,0.0],[24.1292,59.9896,0.0],[24.1342,59.9893,4.3657]]],
[[[24.0431,59.996,0.0],[24.0397,59.9974,0.0],[24.0358,59.9965,3.927],[24.0392,59.9896,0.0],[24.0425,59.9865,0.8598],[24.0519,59.9849,0.9992],[24.0508,59.9863,0.4876],[24.0581,59.9865,0.0],[24.0564,59.9893,0.0],[24.0586,59.9901,0.0],[24.0431,59.996,0.0]]],
[[[24.1703,59.9918,0.0],[24.1731,59.9932,0.0],[24.1664,59.9912,0.0],[24.1681,59.991,0.0],[24.1703,59.9918,0.0]]],
[[[24.0342,59.9935,0.0],[24.0258,59.9949,1.4076],[24.0247,59.9918,0.0],[24.0331,59.9912,0.0],[24.0353,59.9926,0.0],[24.0342,59.9935,0.0]]],
[[[24.0197,59.994,0.0],[24.0208,59.9946,0.0],[24.0158,59.9954,1.3795],[24.0103,59.9929,2.1336],[24.0131,59.9924,2.1559],[24.0197,59.994,0.0]]],
[[[24.1658,59.9949,0.8362],[24.1692,59.9938,7.4916],[24.1714,59.9974,0.0],[24.1681,59.9974,0.0],[24.1658,59.9949,0.8362]]],
[[[24.3697,59.9974,0.2707],[24.3714,60.0,0.0],[24.3646,60.0,7.2172],[24.3688,60.0021,0.0],[24.375,60.0021,16.1288],[24.3766,60.0036,14.7643],[24.3625,60.0042,12.2393],[24.3589,60.0016,19.5856],[24.3604,60.0,16.8397],[24.3425,60.0,0.7457],[24.3425,59.9963,0.8829],[24.3514,59.9976,1.1867],[24.3531,59.9996,0.9425],[24.3564,59.999,0.0],[24.3519,59.9957,0.0],[24.3419,59.9926,0.0],[24.3403,59.9901,0.6966],[24.3475,59.9904,0.6668],[24.3531,59.9932,1.3475],[24.3503,59.9882,3.6925],[24.3542,59.9871,4.4401],[24.3547,59.989,4.4436],[24.3642,59.9921,1.1438],[24.3669,59.9951,0.0],[24.3725,59.996,0.0],[24.3697,59.9974,0.2707]]],
[[[24.2075,59.9951,0.0],[24.2081,59.9965,0.6816],[24.2042,59.9976,2.9557],[24.1931,59.9968,0.0],[24.1964,59.9946,0.0],[24.2064,59.994,0.0],[24.2075,59.9951,0.0]]],
[[[24.1092,59.999,0.0],[24.1164,59.9987,0.0],[24.1175,60.0,3.6054],[24.1086,59.9999,0.0],[24.1092,59.999,0.0]]],
[[[24.2108,59.9993,2.8541],[24.2142,59.999,2.8835],[24.2164,60.0,2.5723],[24.2075,60.0,0.8345],[24.2108,59.9993,2.8541]]],
[[[24.4947,59.9793,0.0],[24.4953,59.9801,0.0],[24.4914,59.9813,1.4118],[24.4892,59.9801,0.0],[24.4892,59.9782,0.0],[24.4931,59.9771,1.1348],[24.4947,59.9793,0.0]]],
[[[24.5053,59.9785,0.0],[24.5097,59.979,0.0],[24.5103,59.9801,0.0],[24.5042,59.9796,0.0],[24.5053,59.9785,0.0]]],
[[[24.4636,59.9788,1.3279],[24.4658,59.9796,1.3279],[24.4669,59.9829,3.5676],[24.4564,59.9799,0.0],[24.4575,59.9782,0.0],[24.4636,59.9788,1.3279]]],
[[[24.5347,59.9837,0.1221],[24.5381,59.9835,0.0],[24.5392,59.9854,3.2633],[24.5269,59.9851,0.0],[24.5281,59.9829,0.0],[24.5347,59.9837,0.1221]]],
[[[24.5036,59.986,5.3441],[24.5053,59.9874,0.2969],[24.5014,59.9879,1.3902],[24.4992,59.9865,7.4715],[24.4997,59.9851,0.0],[24.5036,59.986,5.3441]]],
[[[24.5742,59.9874,0.356],[24.5753,59.9882,0.0],[24.5736,59.9899,0.6857],[24.5686,59.9882,2.3092],[24.5692,59.9871,2.3092],[24.5742,59.9874,0.356]]],
[[[24.6003,59.9888,0.0],[24.5936,59.9904,1.55],[24.5908,59.9879,0.2029],[24.5997,59.9879,0.0],[24.6003,59.9888,0.0]]],
[[[24.5658,59.9874,1.6808],[24.5675,59.9876,0.0],[24.567,59.9901,0.0],[24.5647,59.9907,0.8502],[24.5631,59.9882,0.0],[24.5658,59.9874,1.6808]]],
[[[24.3847,59.9896,1.2974],[24.3864,59.9907,0.0],[24.3803,59.9907,0.0],[24.3814,59.9888,1.2974],[24.3847,59.9896,1.2974]]],
[[[24.5042,59.9901,0.8106],[24.5064,59.9912,0.6517],[24.5014,59.9907,0.8696],[24.5019,59.9893,0.0],[24.5042,59.9901,0.8106]]],
[[[24.3664,59.9893,1.785],[24.3692,59.9912,0.0],[24.3692,59.9932,0.0],[24.3647,59.9921,1.1438],[24.3636,59.9896,0.0],[24.3664,59.9893,1.785]]],
[[[24.5692,59.9907,0.0],[24.5708,59.9921,0.0],[24.5647,59.9918,0.8502],[24.5658,59.991,0.8502],[24.5692,59.9907,0.0]]],
[[[24.5797,59.9926,0.0],[24.5819,59.9946,0.6466],[24.5764,59.9946,1.1885],[24.5753,59.991,2.9278],[24.5769,59.9907,1.0154],[24.5797,59.9926,0.0]]],
[[[24.3853,59.9949,0.0],[24.3869,59.9963,1.8735],[24.3803,59.996,0.0],[24.3747,59.9938,0.0],[24.3742,59.9918,0.0362],[24.3769,59.9912,0.9484],[24.3853,59.9949,0.0]]],
[[[24.5725,59.9946,1.4669],[24.5747,59.9965,0.0],[24.5703,59.9963,2.4071],[24.5708,59.9943,1.4669],[24.5725,59.9946,1.4669]]],
[[[24.3903,59.996,1.5049],[24.393,59.9971,0.0],[24.393,59.9974,0.0],[24.3875,59.9968,1.6527],[24.3903,59.996,1.5049]]],
[[[24.2047,60.0,0.0],[24.2014,60.0,0.0],[24.2014,59.9999,0.0],[24.2036,59.9993,2.389],[24.2047,60.0,0.0]]],
[[[24.2253,59.9999,0.7359],[24.2258,59.9996,0.7359],[24.2275,59.9996,0.0],[24.2275,60.0,0.0],[24.2253,59.9999,0.7359]]],
[[[24.1881,59.9999,0.0],[24.1886,60.0,0.0],[24.1869,60.0,0.0],[24.1875,59.9996,0.0],[24.1881,59.9999,0.0]]],
[[[24.1364,59.9996,0.0],[24.1432,60.0036,14.6786],[24.1354,60.0062,14.399],[24.1297,60.0016,0.0],[24.1297,60.0,15.8212],[24.1242,60.0,7.4346],[24.1319,59.9974,0.0],[24.1364,59.9996,0.0]]],
[[[24.3563,60.0062,5.6599],[24.3547,60.0057,5.6599],[24.3547,60.0047,8.2415],[24.3578,60.0047,13.0155],[24.3563,60.0062,5.6599]]],
[[[24.1161,60.0047,12.7391],[24.1182,60.0078,12.6456],[24.1151,60.0078,18.696],[24.113,60.0057,13.7717],[24.1161,60.0047,12.7391]]],
[[[24.1417,60.0083,18.2426],[24.1401,60.0068,17.8984],[24.1432,60.0068,10.931],[24.1432,60.0078,14.9791],[24.1417,60.0083,18.2426]]],
[[[24.1625,60.0083,6.0812],[24.1609,60.0068,13.2312],[24.1641,60.0068,11.7921],[24.1641,60.0078,14.6157],[24.1625,60.0083,6.0812]]],
[[[24.2021,60.0104,16.0622],[24.1943,60.0099,19.251],[24.1922,60.0047,10.4389],[24.2062,60.0042,0.0],[24.2182,60.0089,0.0],[24.2214,60.012,12.8754],[24.2292,60.0125,0.0],[24.2313,60.0146,7.0614],[24.2292,60.0167,15.3987],[24.2208,60.0167,0.0],[24.2182,60.013,23.034],[24.2062,60.0125,0.0],[24.2021,60.0104,16.0622]]],
[[[24.3603,60.0104,14.7313],[24.362,60.0109,13.5915],[24.362,60.012,12.3425],[24.3589,60.012,15.5399],[24.3603,60.0104,14.7313]]],
[[[24.1188,60.0125,0.0],[24.1172,60.012,10.2463],[24.1172,60.0109,6.5052],[24.1203,60.0109,0.0],[24.1188,60.0125,0.0]]],
[[[24.0646,60.0187,19.6741],[24.063,60.0172,20.0906],[24.0661,60.0172,16.5622],[24.0661,60.0182,19.6741],[24.0646,60.0187,19.6741]]],
[[[24.0167,60.0125,0.0],[24.0208,60.0146,20.2402],[24.0266,60.013,5.678],[24.0276,60.0161,0.0],[24.0328,60.0172,17.8408],[24.0349,60.0203,15.2101],[24.0313,60.0229,5.7609],[24.0068,60.0161,0.0],[24.0167,60.0125,0.0]]],
[[[24.0995,60.0172,6.7346],[24.1016,60.0203,10.1152],[24.0917,60.0229,10.7396],[24.0917,60.0208,3.7747],[24.0859,60.0151,7.6162],[24.0917,60.0146,15.9892],[24.0995,60.0172,6.7346]]],
[[[24.1464,60.0214,0.0],[24.1474,60.0193,4.4777],[24.1396,60.0187,18.3562],[24.138,60.0172,12.1543],[24.1479,60.0167,13.0532],[24.1516,60.0193,0.0],[24.1495,60.0224,22.3261],[24.1464,60.0214,0.0]]],
[[[24.1047,60.0214,16.4729],[24.1078,60.0214,0.0],[24.1078,60.0224,0.0],[24.1047,60.0224,17.1577],[24.1047,60.0214,16.4729]]],
[[[24.5075,59.9968,2.2894],[24.5047,60.0,0.0],[24.4986,60.0,5.606],[24.5008,59.9987,1.8709],[24.5014,59.9957,0.0],[24.5097,59.9946,0.0],[24.5075,59.9968,2.2894]]],
[[[24.3842,60.0,0.8024],[24.3786,60.0,0.0],[24.3786,59.9996,0.0],[24.383,59.9987,0.0],[24.3842,60.0,0.8024]]],
[[[24.4,60.0062,0.0],[24.4057,60.0099,0.0],[24.3979,60.0104,0.0],[24.3937,60.0125,6.1198],[24.3901,60.0099,16.4938],[24.3901,60.0089,18.6361],[24.4,60.0062,0.0]]],
[[[24.4125,60.0146,0.0],[24.4109,60.0141,15.4087],[24.4109,60.013,13.2041],[24.4141,60.013,11.4057],[24.4125,60.0146,0.0]]],
[[[24.5229,60.0187,0.0],[24.5214,60.0172,0.0],[24.5245,60.0172,15.6166],[24.5245,60.0182,16.291],[24.5229,60.0187,0.0]]],
[[[24.5417,60.0208,5.2455],[24.5401,60.0193,11.5707],[24.5432,60.0193,6.8517],[24.5432,60.0203,9.2893],[24.5417,60.0208,5.2455]]],
[[[24.5292,60.0208,0.0],[24.5276,60.0203,0.0],[24.5276,60.0193,15.842],[24.5307,60.0193,12.3325],[24.5292,60.0208,0.0]]],
[[[24.55,60.0229,8.6511],[24.5516,60.0245,0.9735],[24.5443,60.0244,15.6077],[24.5458,60.0229,8.603],[24.55,60.0229,8.6511]]],
[[[24.6016,60.0401,0.0],[24.6016,60.0432,3.943],[24.6,60.0438,8.9455],[24.5958,60.0438,20.0242],[24.5938,60.0417,0.0],[24.5958,60.0396,11.5235],[24.6016,60.0401,0.0]]],
[[[24.6118,60.0546,0.0],[24.612,60.0578,5.7467],[24.6104,60.0583,3.3607],[24.6042,60.0563,0.0],[24.6042,60.0542,0.0],[24.6118,60.0546,0.0]]],
[[[24.7188,60.0667,0.0],[24.7172,60.0661,7.3512],[24.7172,60.0651,10.0249],[24.7203,60.0651,10.7226],[24.7188,60.0667,0.0]]],
[[[24.6516,60.0807,14.2227],[24.6557,60.0797,0.0],[24.6599,60.0818,0.0],[24.6641,60.087,18.7185],[24.6583,60.0854,0.0],[24.6526,60.087,15.9186],[24.6484,60.0828,0.0],[24.6516,60.0807,14.2227]]],
[[[25.0479,60.1042,7.5977],[25.0443,60.1036,8.1898],[25.0422,60.0995,7.2614],[25.0443,60.0964,9.6683],[25.0563,60.1,0.0],[25.0625,60.1,0.0],[25.0661,60.1026,1.7036],[25.0646,60.1042,4.8833],[25.0479,60.1042,7.5977]]],
[[[24.6729,60.1,21.1024],[24.6786,60.1057,0.0],[24.6713,60.1068,18.5164],[24.6667,60.1104,0.0],[24.663,60.1078,20.159],[24.6641,60.1026,9.7204],[24.6589,60.1016,10.5422],[24.6563,60.0979,9.8925],[24.6568,60.0964,11.7636],[24.6625,60.0958,0.0],[24.6729,60.1,21.1024]]],
[[[24.7646,60.1063,0.0],[24.7568,60.1036,7.6009],[24.7547,60.1005,16.7084],[24.762,60.1005,11.4722],[24.7661,60.1047,2.0714],[24.7646,60.1063,0.0]]],
[[[24.7229,60.1063,15.7696],[24.7214,60.1057,15.578],[24.7214,60.1047,12.497],[24.7245,60.1047,7.1911],[24.7229,60.1063,15.7696]]],
[[[24.7401,60.1141,14.3116],[24.7417,60.1125,10.9676],[24.7432,60.113,14.1739],[24.7432,60.1141,12.6773],[24.7401,60.1141,14.3116]]],
[[[25.2224,60.1234,10.8001],[25.2245,60.1266,0.0],[25.2214,60.1266,2.4331],[25.2193,60.1245,11.7192],[25.2224,60.1234,10.8001]]],
[[[24.6417,60.1271,0.0],[24.6453,60.1276,0.0],[24.6453,60.1286,8.0599],[24.638,60.1286,9.7482],[24.6417,60.1271,0.0]]],
[[[24.8125,60.1312,14.9072],[24.8109,60.1297,10.6652],[24.8141,60.1297,0.3491],[24.8141,60.1307,1.7168],[24.8125,60.1312,14.9072]]],
[[[24.8922,60.1318,13.1827],[24.8896,60.1333,22.1445],[24.8818,60.1297,0.0],[24.8917,60.1292,2.5356],[24.8932,60.1297,5.5528],[24.8922,60.1318,13.1827]]],
[[[24.7859,60.1307,10.9832],[24.7911,60.1318,0.0],[24.7911,60.1349,0.0],[24.7833,60.1354,16.8693],[24.7792,60.1375,0.0],[24.7755,60.1349,0.0],[24.7786,60.1318,23.9307],[24.7755,60.1276,0.0],[24.7859,60.1307,10.9832]]],
[[[25.0214,60.1359,9.7016],[25.0187,60.1375,0.0],[25.0151,60.1339,20.6597],[25.0187,60.1312,0.0],[25.0224,60.1339,23.8041],[25.0214,60.1359,9.7016]]],
[[[25.0,60.1396,0.0],[24.9964,60.1391,9.9651],[24.9974,60.1339,5.8633],[24.9964,60.1318,0.0],[25.0021,60.1312,0.0],[25.012,60.1359,0.0],[25.0063,60.1396,8.6001],[25.0,60.1396,0.0]]],
[[[24.9146,60.1396,0.0],[24.913,60.138,10.5711],[24.9161,60.138,16.651],[24.9161,60.1391,13.7494],[24.9146,60.1396,0.0]]],
[[[24.7641,60.1401,8.4786],[24.7625,60.1417,15.2745],[24.7547,60.138,0.0],[24.7604,60.1375,0.8962],[24.7641,60.1401,8.4786]]],
[[[24.9818,60.1474,1.7685],[24.9818,60.1443,8.617],[24.9849,60.1411,7.5769],[24.9839,60.138,0.0],[24.9854,60.1375,0.0],[24.9932,60.1443,9.0055],[24.9854,60.15,0.0],[24.9818,60.1474,1.7685]]],
[[[25.0771,60.15,14.8355],[25.0604,60.1521,0.0],[25.0536,60.1557,17.3417],[25.0479,60.1563,0.0],[25.0453,60.1526,13.2826],[25.0318,60.1474,0.0],[25.0328,60.1422,0.0],[25.0297,60.138,10.8275],[25.0354,60.1354,2.9749],[25.0438,60.1354,0.0],[25.0479,60.1375,0.0],[25.0521,60.1375,13.7293],[25.0563,60.1354,0.0],[25.0651,60.1453,0.2997],[25.0807,60.1464,20.5847],[25.0771,60.15,14.8355]]],
[[[24.8208,60.1479,6.748],[24.8193,60.1474,0.0],[24.8193,60.1464,4.2813],[24.8224,60.1464,10.1076],[24.8208,60.1479,6.748]]],
[[[25.2854,60.1542,14.9357],[25.2839,60.1536,19.9104],[25.2839,60.1526,19.5024],[25.287,60.1526,0.0],[25.2854,60.1542,14.9357]]],
[[[25.0146,60.1542,11.8937],[25.013,60.1536,14.3129],[25.013,60.1526,14.6709],[25.0161,60.1526,0.0],[25.0146,60.1542,11.8937]]],
[[[24.8875,60.1646,0.0],[24.8688,60.1646,0.0],[24.8646,60.1667,0.0],[24.8563,60.1667,0.0],[24.8526,60.163,0.0],[24.8578,60.1599,11.1089],[24.8547,60.1557,7.6698],[24.8568,60.1526,9.2146],[24.8708,60.1542,0.0],[24.8786,60.1495,11.5556],[24.8776,60.1464,12.6767],[24.8875,60.1458,6.2518],[24.8891,60.1464,10.3985],[24.888,60.1495,7.8088],[24.8896,60.1521,2.1783],[24.888,60.1557,0.0],[24.8953,60.1599,0.0],[24.8875,60.1646,0.0]]],
[[[25.1432,60.1577,5.3875],[25.1333,60.1583,15.9854],[25.1318,60.1568,13.7358],[25.1417,60.1563,0.0],[25.1432,60.1577,5.3875]]],
[[[25.1099,60.1557,0.0],[25.1125,60.1542,6.4394],[25.1224,60.1547,7.7225],[25.1146,60.1604,26.3157],[25.1,60.1583,20.4249],[25.0979,60.1563,16.1421],[25.1,60.1542,0.0],[25.1042,60.1563,13.602],[25.1099,60.1557,0.0]]],
[[[25.2229,60.1604,9.5685],[25.2214,60.1599,17.1952],[25.2214,60.1589,13.2455],[25.2245,60.1589,17.3002],[25.2229,60.1604,9.5685]]],
[[[24.8583,60.1708,0.0],[24.8568,60.1703,7.586],[24.8568,60.1693,11.2447],[24.8599,60.1693,13.5872],[24.8583,60.1708,0.0]]],
[[[25.4453,60.1609,0.0],[25.4422,60.163,12.7031],[25.4432,60.1661,0.0],[25.438,60.1672,0.0],[25.4333,60.1708,4.1818],[25.4172,60.1682,0.0],[25.412,60.163,11.8839],[25.4089,60.162,14.0297],[25.4125,60.1583,9.5309],[25.4208,60.1583,0.0],[25.4224,60.1599,2.0382],[25.4172,60.163,15.2001],[25.4193,60.1661,6.1724],[25.4292,60.1667,0.0],[25.4307,60.1651,0.0],[25.4255,60.163,8.0629],[25.4312,60.1625,16.0298],[25.4417,60.1583,2.2936],[25.4453,60.1609,0.0]]],
[[[25.4417,60.1729,7.7815],[25.4375,60.1729,0.0],[25.4359,60.1714,0.0],[25.4417,60.1688,2.9759],[25.4495,60.1714,0.0],[25.4479,60.1729,0.0],[25.4417,60.1729,7.7815]]],
[[[25.3479,60.1688,9.2322],[25.3516,60.1693,3.8957],[25.3516,60.1724,0.0],[25.3438,60.1729,15.6598],[25.3396,60.175,28.2254],[25.3255,60.1745,4.1334],[25.3276,60.1714,20.5578],[25.3354,60.1708,20.0909],[25.3438,60.1667,0.0],[25.3479,60.1688,9.2322]]],
[[[25.4479,60.175,3.662],[25.462,60.1734,17.3232],[25.4641,60.1755,0.0],[25.463,60.1786,8.5996],[25.4641,60.1807,0.0],[25.4583,60.1833,20.2303],[25.4542,60.1833,14.18],[25.4443,60.1807,4.8453],[25.4401,60.1766,8.4841],[25.4417,60.175,10.8309],[25.4479,60.175,3.662]]],
[[[24.8688,60.1729,6.6148],[24.8672,60.1724,6.6148],[24.8672,60.1714,3.3603],[24.8703,60.1714,7.6436],[24.8688,60.1729,6.6148]]],
[[[24.988,60.1755,9.3736],[24.9813,60.1771,0.0],[24.9776,60.1734,0.0],[24.9875,60.1729,0.0],[24.9891,60.1734,0.0],[24.988,60.1755,9.3736]]],
[[[25.2432,60.1755,13.9333],[25.2432,60.1786,26.6594],[25.2417,60.1792,24.8877],[25.2359,60.1786,14.668],[25.2354,60.1771,15.5234],[25.2375,60.175,0.0],[25.2432,60.1755,13.9333]]],
[[[24.8542,60.1833,0.0],[24.8464,60.1828,0.0],[24.8443,60.1797,8.5853],[24.8505,60.1755,10.1201],[24.8536,60.1755,9.699],[24.8578,60.1776,0.0],[24.8568,60.1807,6.032],[24.8589,60.1828,0.0],[24.8682,60.1859,4.0434],[24.8703,60.1891,0.0],[24.8609,60.187,13.3883],[24.8542,60.1833,0.0]]],
[[[24.8849,60.1839,17.7034],[24.8797,60.1818,7.3761],[24.8854,60.1771,8.2978],[24.8911,60.1828,0.0],[24.8875,60.1854,0.0],[24.8849,60.1839,17.7034]]],
[[[24.9938,60.1833,0.0],[24.9896,60.1813,13.5237],[24.9833,60.1813,0.0],[24.9818,60.1797,4.217],[24.9974,60.1797,8.2261],[24.9938,60.1833,0.0]]],
[[[25.1516,60.1839,10.4618],[25.1505,60.187,1.6087],[25.1516,60.1891,0.0],[25.1464,60.1901,15.6364],[25.1453,60.1932,16.029],[25.1396,60.1917,15.7501],[25.1339,60.1932,7.3526],[25.1339,60.1901,0.0],[25.1359,60.188,11.3725],[25.1516,60.1839,10.4618]]],
[[[25.5458,60.2062,0.0],[25.5474,60.2078,3.6741],[25.5453,60.2099,3.5539],[25.5333,60.2146,10.6365],[25.525,60.2146,20.1664],[25.5172,60.212,0.0],[25.5187,60.2104,0.0],[25.5271,60.2104,10.6592],[25.5349,60.2078,0.1816],[25.5318,60.2026,0.0],[25.5349,60.2005,12.2467],[25.5276,60.1932,15.6931],[25.5292,60.1917,2.8333],[25.5333,60.1937,14.3886],[25.5375,60.1917,0.0],[25.5432,60.1922,7.745],[25.5422,60.1953,0.0],[25.5432,60.1974,0.0],[25.5396,60.2021,2.7734],[25.5422,60.2057,4.3373],[25.5458,60.2062,0.0]]],
[[[25.3354,60.2083,17.9235],[25.3339,60.2068,0.0],[25.337,60.2068,21.2837],[25.337,60.2078,13.1913],[25.3354,60.2083,17.9235]]],
[[[25.5063,60.2125,0.0],[25.5005,60.2099,9.701],[25.5026,60.2068,4.2286],[25.5057,60.2068,0.0],[25.5078,60.2089,4.8795],[25.5078,60.212,22.1542],[25.5063,60.2125,0.0]]],
[[[25.4891,60.213,19.7352],[25.4854,60.2167,0.0],[25.4818,60.2141,0.0],[25.4833,60.2125,0.0],[25.4891,60.213,19.7352]]],
[[[25.0896,60.1979,5.0176],[25.088,60.1964,0.0],[25.0911,60.1964,1.6216],[25.0911,60.1974,17.493],[25.0896,60.1979,5.0176]]],
[[[25.2083,60.2021,19.754],[25.212,60.2036,15.5374],[25.2047,60.2036,19.9539],[25.2047,60.2026,11.6624],[25.2083,60.2021,19.754]]],
[[[25.2771,60.2125,13.9455],[25.2755,60.2109,0.0],[25.2786,60.2109,0.0],[25.2786,60.212,0.0],[25.2771,60.2125,13.9455]]],
[[[25.2273,60.2125,0.0],[25.2396,60.2125,4.7991],[25.2474,60.2161,0.0],[25.2375,60.2167,11.3924],[25.2333,60.2146,20.5745],[25.2292,60.2167,0.0],[25.2193,60.2161,18.2334],[25.2214,60.213,4.631],[25.2273,60.2125,0.0]]],
[[[25.1943,60.2214,2.8729],[25.188,60.2234,10.0194],[25.1839,60.2307,18.4327],[25.1896,60.2292,12.0704],[25.1911,60.2297,9.8173],[25.1901,60.2328,0.0],[25.1917,60.2333,0.0],[25.1958,60.2313,6.253],[25.2,60.2333,0.0],[25.2078,60.2339,15.6154],[25.2109,60.2391,5.6044],[25.2161,60.2401,0.7336],[25.2182,60.2422,6.3962],[25.2172,60.2453,0.0],[25.2188,60.2458,0.0],[25.2313,60.2458,0.0],[25.237,60.2443,23.9542],[25.2354,60.2479,1.8247],[25.237,60.2516,5.4791],[25.2328,60.2557,0.0],[25.2271,60.2562,15.0643],[25.2255,60.2578,0.0],[25.2375,60.2583,0.0],[25.2417,60.2604,0.0],[25.2453,60.2578,6.473],[25.2443,60.2526,13.6426],[25.2521,60.25,0.0],[25.2646,60.25,0.0],[25.275,60.2542,21.2506],[25.2854,60.2542,0.0],[25.2896,60.2562,0.0],[25.2938,60.2542,0.0],[25.3146,60.2542,0.0],[25.3224,60.2568,0.0],[25.325,60.2604,1.6127],[25.3333,60.2604,0.0],[25.3375,60.2583,0.0],[25.3563,60.2562,0.0],[25.3578,60.2557,14.9499],[25.3568,60.2526,0.0],[25.3583,60.2521,0.0],[25.3682,60.2578,0.0],[25.3646,60.2604,20.2675],[25.3604,60.2583,4.4967],[25.3521,60.2583,0.0],[25.3505,60.2589,0.0],[25.3484,60.2641,0.0],[25.3604,60.2646,0.0],[25.362,60.2651,0.0],[25.3609,60.2682,13.5833],[25.3708,60.2687,16.5576],[25.375,60.2708,0.0],[25.3792,60.2687,0.0],[25.3891,60.2682,8.2925],[25.3839,60.2661,12.28],[25.3849,60.263,5.949],[25.3797,60.2557,25.8064],[25.3875,60.2521,0.0],[25.3917,60.2542,8.352],[25.4104,60.2542,0.0],[25.425,60.2583,0.0],[25.4309,60.2577,13.1061],[25.4328,60.2557,5.3684],[25.4297,60.2536,21.2687],[25.4312,60.2521,20.0309],[25.4453,60.2526,10.3774],[25.4464,60.2557,0.0],[25.45,60.2583,0.0],[25.4516,60.2578,0.0],[25.4505,60.2547,0.0],[25.4562,60.2521,11.2857],[25.4604,60.2521,0.0],[25.4682,60.2568,0.0],[25.463,60.2589,17.1997],[25.4646,60.2604,0.0],[25.4703,60.2599,0.0],[25.475,60.2562,0.0],[25.4807,60.2568,0.0],[25.4854,60.2604,6.6743],[25.4891,60.2578,11.6182],[25.4771,60.2521,16.0589],[25.4708,60.2521,0.0],[25.4667,60.25,19.2203],[25.4604,60.25,3.779],[25.4458,60.2458,16.8575],[25.4167,60.2458,0.0],[25.4151,60.2464,4.311],[25.4161,60.2495,17.8443],[25.4068,60.2516,0.0],[25.4078,60.2484,3.2051],[25.4068,60.2464,0.0],[25.4089,60.2422,0.0],[25.4141,60.2411,14.1643],[25.413,60.238,0.0],[25.4182,60.237,0.0],[25.4172,60.2318,0.0],[25.4203,60.2286,6.041],[25.4193,60.2255,14.3526],[25.4224,60.2255,15.0307],[25.4271,60.2292,17.8734],[25.4354,60.225,16.3824],[25.4438,60.225,0.0],[25.4484,60.2307,8.3447],[25.4578,60.2318,0.0],[25.4641,60.2359,0.0],[25.4682,60.2401,0.0],[25.4672,60.2432,0.0],[25.4849,60.2443,0.0],[25.4755,60.2495,2.5827],[25.4833,60.2521,17.1185],[25.4896,60.2479,2.5828],[25.4974,60.2505,6.3522],[25.5016,60.2547,8.5417],[25.4984,60.2578,10.6306],[25.5063,60.2583,0.0],[25.5099,60.2609,0.0],[25.5083,60.2646,18.1589],[25.5099,60.2672,12.1886],[25.5089,60.2703,7.4301],[25.513,60.2766,0.0],[25.5151,60.2786,4.6262],[25.5229,60.2792,0.0],[25.5266,60.2818,8.4406],[25.525,60.2833,12.965],[25.5167,60.2833,0.0],[25.5151,60.2849,0.0],[25.5229,60.2875,15.3126],[25.5271,60.2875,10.2617],[25.5313,60.2854,0.0],[25.537,60.2859,16.4073],[25.5391,60.288,22.7619],[25.538,60.2911,18.5883],[25.5401,60.2953,4.215],[25.5453,60.2964,15.188],[25.5443,60.2995,11.2388],[25.5453,60.3005,18.3013],[25.5516,60.3026,0.0],[25.5505,60.3078,0.8094],[25.5516,60.3099,1.5925],[25.5484,60.3161,14.8335],[25.5516,60.3203,7.4571],[25.5417,60.3208,5.5467],[25.5276,60.3255,28.1098],[25.5255,60.3286,0.0],[25.5307,60.3297,0.0],[25.5333,60.3333,0.0],[25.5453,60.3339,4.5475],[25.5521,60.3396,4.6038],[25.5589,60.3339,14.8276],[25.5729,60.3312,0.0],[25.5745,60.3328,0.0],[25.5714,60.3349,1.6366],[25.5792,60.3417,2.3551],[25.5807,60.3411,1.7662],[25.5797,60.338,3.1833],[25.5807,60.3359,6.5383],[25.5776,60.3307,9.9227],[25.5786,60.3276,4.4347],[25.5714,60.3234,0.0],[25.5786,60.3182,15.9483],[25.5771,60.3146,0.0],[25.5797,60.3109,0.0],[25.5854,60.3104,0.0],[25.5891,60.3141,0.0],[25.5859,60.3151,13.8977],[25.5839,60.3182,2.3617],[25.5875,60.3208,0.0],[25.5953,60.3214,0.0],[25.6016,60.3297,4.062],[25.5964,60.3318,0.0],[25.5958,60.3333,0.0],[25.5995,60.338,0.0],[25.5984,60.3411,0.8528],[25.6057,60.3411,0.0],[25.6026,60.337,0.0],[25.6047,60.3318,0.0],[25.6203,60.3318,0.0],[25.6245,60.338,0.0],[25.6214,60.3422,0.0],[25.6214,60.3453,7.7309],[25.6266,60.3464,0.0],[25.6286,60.3484,0.0],[25.6276,60.3516,0.581],[25.6297,60.3536,5.5036],[25.6354,60.3563,23.8585],[25.6432,60.3568,0.0],[25.6422,60.3599,0.6015],[25.6464,60.3661,29.3992],[25.6542,60.3688,0.0],[25.6578,60.3661,-0.1981],[25.6589,60.363,0.0822],[25.6667,60.3625,7.2991],[25.6682,60.3609,15.8269],[25.6589,60.3599,0.0],[25.6599,60.3568,0.0037],[25.6521,60.3542,3.5465],[25.6479,60.3563,11.3949],[25.6422,60.3536,0.0],[25.6401,60.3505,0.0],[25.6437,60.3458,1.2094],[25.6401,60.3401,6.1973],[25.6458,60.3333,0.0],[25.6688,60.3333,0.0],[25.6703,60.3318,7.6214],[25.6625,60.3292,8.8244],[25.6542,60.3292,4.3011],[25.65,60.3312,0.0],[25.6458,60.3312,0.0],[25.6417,60.3292,6.6363],[25.6313,60.3292,5.1994],[25.6297,60.3276,14.9614],[25.6318,60.3234,0.0],[25.6411,60.3224,2.2641],[25.6359,60.3141,3.1361],[25.6391,60.3099,7.3276],[25.638,60.3068,0.0],[25.6516,60.3078,0.1322],[25.6464,60.3005,4.2698],[25.6557,60.2995,0.0],[25.6641,60.2932,8.1352],[25.663,60.2901,0.0],[25.6661,60.288,18.1599],[25.6609,60.2818,0.0],[25.6682,60.2807,10.023],[25.6729,60.2771,9.8107],[25.6979,60.2771,0.0],[25.7021,60.2792,4.772],[25.7062,60.2771,0.0],[25.7141,60.2766,14.9761],[25.7125,60.2729,10.4675],[25.7141,60.2703,11.8205],[25.713,60.2672,11.6471],[25.7151,60.2651,0.0],[25.7286,60.262,8.1652],[25.7318,60.2589,6.9575],[25.737,60.2578,7.8808],[25.75,60.2479,2.1636],[25.7583,60.2479,0.0],[25.7625,60.25,4.7393],[25.7724,60.2495,1.3745],[25.7776,60.2422,2.8717],[25.7828,60.2411,5.1681],[25.7875,60.2375,2.1058],[25.7911,60.2401,9.5271],[25.7901,60.2432,9.3421],[25.7938,60.2479,0.0],[25.7922,60.2505,9.5747],[25.7932,60.2536,0.0],[25.7922,60.2557,0.0],[25.7979,60.2562,0.0],[25.8021,60.2542,5.8605],[25.8042,60.2562,11.2582],[25.8,60.2604,14.2377],[25.7958,60.2583,-0.4392],[25.788,60.2609,5.5555],[25.7901,60.2641,0.0],[25.8,60.2646,6.2694],[25.8042,60.2625,0.5898],[25.8083,60.2646,3.2],[25.8167,60.2646,1.8639],[25.8208,60.2625,0.0],[25.8292,60.2625,12.8389],[25.8354,60.2667,10.0363],[25.8474,60.2672,5.3639],[25.8422,60.2724,8.3606],[25.8516,60.2734,0.0],[25.8495,60.2766,11.77],[25.8417,60.2813,0.0],[25.8375,60.2813,0.0],[25.8333,60.2792,17.8347],[25.825,60.2792,0.0],[25.8188,60.2833,4.2586],[25.8104,60.2833,0.0],[25.8089,60.2818,0.0],[25.8141,60.2807,14.8224],[25.8161,60.2776,1.0842],[25.8104,60.2771,0.0],[25.8063,60.2792,0.0],[25.8,60.2792,3.0134],[25.7818,60.2839,6.4548],[25.7797,60.288,2.9291],[25.7807,60.2911,0.0],[25.7797,60.2922,0.0],[25.7714,60.2943,1.9501],[25.7766,60.3016,0.0],[25.7672,60.3026,0.0],[25.7661,60.3057,0.0],[25.7609,60.3068,9.0846],[25.762,60.3099,0.0],[25.7542,60.3125,0.0],[25.7438,60.3083,0.0],[25.7401,60.3109,0.373],[25.7401,60.3141,0.0],[25.7464,60.3203,0.0],[25.7563,60.3208,0.1464],[25.762,60.3161,3.3889],[25.7609,60.313,0.0],[25.7703,60.3099,11.9237],[25.7734,60.3068,0.0],[25.7891,60.3016,13.6949],[25.7911,60.2995,24.9401],[25.7901,60.2964,0.0],[25.8021,60.2875,0.0],[25.8208,60.2854,0.0],[25.8354,60.2896,17.3382],[25.8578,60.2891,0.4527],[25.8578,60.2859,6.3608],[25.8547,60.2818,0.0],[25.8599,60.2776,13.8726],[25.8568,60.2734,0.0],[25.8682,60.2703,0.0],[25.8724,60.2672,0.0],[25.8703,60.2651,5.4852],[25.8651,60.2641,4.4361],[25.8682,60.2589,0.0],[25.8625,60.2562,12.5825],[25.8542,60.2562,15.671],[25.8458,60.2604,9.6772],[25.8359,60.2578,0.0],[25.8375,60.2562,5.4039],[25.8453,60.2557,2.8337],[25.8474,60.2536,0.0],[25.8464,60.2505,7.1887],[25.8563,60.25,11.483],[25.8625,60.2542,0.0],[25.8667,60.2521,0.0],[25.8708,60.2542,8.0315],[25.8937,60.2438,0.0],[25.9042,60.2479,0.0],[25.9224,60.2505,0.0],[25.9266,60.2526,0.0],[25.9255,60.2557,-0.6689],[25.9307,60.2568,0.0],[25.9349,60.262,9.0592],[25.9271,60.2604,17.4406],[25.9255,60.2609,0.0],[25.9266,60.2641,0.0],[25.925,60.2646,0.0],[25.9208,60.2625,10.4955],[25.9151,60.263,6.722],[25.9161,60.2661,10.8376],[25.912,60.2724,0.0],[25.9068,60.2734,0.5334],[25.9099,60.2786,7.8347],[25.9021,60.2833,0.0],[25.8979,60.2813,16.5603],[25.8937,60.2833,1.8999],[25.8859,60.2839,2.4954],[25.887,60.287,0.0],[25.8859,60.2911,0.0],[25.8995,60.2964,0.0],[25.9016,60.2984,0.0],[25.9016,60.3016,2.2789],[25.8974,60.3057,3.19],[25.888,60.3089,2.3056],[25.8849,60.312,1.261],[25.8797,60.313,9.858],[25.8828,60.3182,1.8489],[25.8771,60.3187,0.0],[25.8724,60.3224,-0.7996],[25.8672,60.3234,0.0],[25.8724,60.3255,-0.4559],[25.8734,60.3286,-0.3395],[25.8786,60.3297,0.0],[25.8901,60.337,0.0],[25.8958,60.3354,0.0],[25.9057,60.338,0.0],[25.9089,60.3411,8.0686],[25.9141,60.3422,12.1192],[25.9161,60.3443,16.5077],[25.9146,60.3479,0.0],[25.9161,60.3505,10.5059],[25.9151,60.3536,0.0],[25.9161,60.3557,0.0],[25.9109,60.3589,0.0],[25.9089,60.362,0.0],[25.9141,60.3682,0.0],[25.9042,60.3688,0.0],[25.8901,60.3734,2.3924],[25.8911,60.3766,0.0],[25.8859,60.3797,-0.6036],[25.887,60.3828,0.2605],[25.8828,60.3891,0.0],[25.8734,60.3901,5.5757],[25.8714,60.3922,0.0],[25.8729,60.3958,0.0],[25.863,60.3984,0.0],[25.8578,60.4036,-0.2045],[25.8505,60.4047,-0.14],[25.8583,60.4083,-0.1177],[25.8703,60.4057,-0.4898],[25.8776,60.4005,-0.4434],[25.8854,60.3979,0.0],[25.8932,60.3974,2.2461],[25.8953,60.3932,9.2284],[25.8943,60.3901,0.0],[25.8995,60.387,0.0],[25.8984,60.3797,0.0],[25.9078,60.3766,8.1264],[25.913,60.3714,0.0],[25.9307,60.3682,7.0195],[25.9443,60.3568,0.0],[25.9521,60.3563,-0.0921],[25.9583,60.3521,0.0],[25.9708,60.3521,0.1617],[25.975,60.35,0.0],[25.9833,60.35,0.0],[25.9849,60.3516,0.0],[25.9818,60.3536,25.6876],[25.9859,60.3578,0.0],[25.9932,60.3578,9.8587],[25.9901,60.3526,0.0],[25.9932,60.3505,3.4328],[25.988,60.3495,11.6537],[25.9859,60.3464,13.5112],[25.9979,60.3458,-0.3974],[26.0099,60.3411,0.0],[26.0224,60.3307,1.9254],[26.0214,60.3276,0.0],[26.0245,60.3224,20.7614],[26.0234,60.3193,0.0],[26.0286,60.3172,3.6192],[26.0234,60.3161,4.0061],[26.0266,60.313,17.9792],[26.0167,60.3125,12.4348],[26.0089,60.3172,6.2535],[26.0099,60.3203,12.5442],[26.0078,60.3245,0.0],[25.9979,60.3229,-0.0283],[25.9943,60.3255,0.7437],[26.0,60.3333,0.0],[25.9974,60.337,0.5087],[25.9859,60.3401,2.2766],[25.9792,60.3438,1.6543],[25.9688,60.3438,-0.0963],[25.9609,60.3464,6.5583],[25.95,60.3542,0.0],[25.9438,60.3542,0.0],[25.9396,60.3563,0.0],[25.9339,60.3557,0.0],[25.9297,60.3516,1.2264],[25.9307,60.3464,11.0175],[25.9255,60.3401,0.0],[25.9391,60.337,17.2708],[25.938,60.3339,0.0],[25.9474,60.3266,9.8184],[25.9495,60.3245,0.5083],[25.9484,60.3214,0.0],[25.9536,60.3182,2.9797],[25.9526,60.3109,0.0],[25.9557,60.3099,6.1268],[25.9547,60.3068,0.0],[25.9578,60.3036,0.0],[25.9562,60.3021,0.8015],[25.9484,60.3047,-0.3765],[25.9417,60.3104,0.0],[25.9401,60.3099,3.7677],[25.9411,60.3068,0.0],[25.9391,60.3047,0.0],[25.9339,60.3036,0.0312],[25.9318,60.3016,0.0],[25.9333,60.3,0.0],[25.9391,60.2995,7.1259],[25.9359,60.2943,0.0],[25.9411,60.2911,10.5899],[25.938,60.287,0.0],[25.9391,60.2839,-0.0625],[25.9339,60.2828,9.88],[25.9333,60.2813,8.1438],[25.937,60.2766,5.4733],[25.9359,60.2734,0.0],[25.938,60.2693,0.0],[25.95,60.2708,0.0],[25.9542,60.2729,0.0],[25.9667,60.2729,0.0],[25.9682,60.2724,5.5636],[25.9672,60.2693,8.7454],[25.9693,60.2672,0.0],[25.9854,60.2667,20.239],[25.9896,60.2646,0.0],[25.9995,60.2693,2.6055],[25.9979,60.2729,8.3271],[25.9995,60.2766,14.3939],[25.9974,60.2786,12.2897],[25.9922,60.2797,0.0],[25.9943,60.2828,-0.0736],[25.9984,60.2849,0.0],[26.0057,60.2828,13.4898],[26.0047,60.2797,0.0],[26.0083,60.2771,0.0],[26.0125,60.2792,10.3677],[26.0229,60.2792,0.0],[26.037,60.2839,15.9749],[26.038,60.287,0.0],[26.0458,60.2896,9.2466],[26.0682,60.2891,14.7113],[26.0724,60.287,0.0],[26.0693,60.2828,11.0038],[26.0714,60.2797,0.0],[26.0807,60.2776,1.3564],[26.0828,60.2807,8.1521],[26.0776,60.2828,0.0],[26.0818,60.287,0.0],[26.0875,60.2875,7.7765],[26.0891,60.2891,15.7144],[26.087,60.2911,19.498],[26.0729,60.2958,0.0],[26.0646,60.2958,22.3014],[26.0604,60.2979,0.0],[26.0563,60.2979,0.0],[26.0464,60.2953,5.3287],[26.0411,60.2901,7.2764],[26.0333,60.2896,0.0],[26.0292,60.2875,27.3431],[26.025,60.2896,0.0],[26.0146,60.2896,0.0],[26.0083,60.2938,0.0],[26.0042,60.2917,15.4229],[25.9984,60.2922,6.273],[25.9984,60.2953,0.0],[26.0036,60.2964,6.6992],[26.0104,60.3021,0.0],[26.025,60.3042,0.8483],[26.0292,60.3021,16.0899],[26.0333,60.3021,0.0],[26.0375,60.3042,15.4254],[26.0417,60.3042,5.6223],[26.0458,60.3021,0.0],[26.0495,60.3047,8.4946],[26.0526,60.3099,1.1217],[26.0604,60.3125,-0.0417],[26.0661,60.312,0.0],[26.0651,60.3089,0.0],[26.0729,60.3063,0.0],[26.0828,60.3068,5.2796],[26.0859,60.3099,20.934],[26.0974,60.313,0.0],[26.112,60.3255,10.8773],[26.1099,60.3286,0.0],[26.1068,60.3297,0.0],[26.1099,60.3339,13.197],[26.1068,60.3401,14.1399],[26.1089,60.3432,0.0],[26.112,60.3432,6.3131],[26.1167,60.3396,2.2674],[26.1209,60.3396,5.9271],[26.125,60.3417,0.0],[26.1307,60.3401,5.335],[26.1297,60.3432,9.953],[26.1307,60.3453,0.0],[26.1234,60.3443,0.0],[26.1245,60.3474,0.0],[26.1193,60.3505,3.0556],[26.1245,60.3568,10.1065],[26.1229,60.3583,29.645],[26.1188,60.3563,17.9043],[26.1089,60.3578,10.2666],[26.1047,60.3536,0.0],[26.1057,60.3505,0.0],[26.0979,60.3458,15.934],[26.0896,60.3458,0.0],[26.0854,60.3479,0.0],[26.0812,60.3458,8.5413],[26.0734,60.3464,0.1897],[26.0693,60.3505,0.0],[26.0745,60.3526,0.0],[26.0724,60.3557,0.0],[26.0693,60.3568,14.9863],[26.0703,60.3599,0.0],[26.0609,60.3609,0.0],[26.0526,60.3672,16.7209],[26.0536,60.3703,0.0],[26.0526,60.3714,0.0],[26.0411,60.3807,0.0],[26.0292,60.3854,14.2757],[26.0214,60.3859,0.0],[26.0172,60.3901,0.0],[26.0182,60.3932,0.0],[26.0089,60.3964,0.0],[26.0104,60.3979,-0.3335],[26.0224,60.3984,0.6495],[26.0255,60.4016,0.0],[26.0307,60.4026,0.0],[26.0359,60.4099,0.0],[26.0411,60.4109,0.0],[26.0432,60.413,0.0],[26.0401,60.4151,0.0],[26.0411,60.4182,0.0],[26.0333,60.4208,0.0],[26.0214,60.4214,11.9774],[26.0224,60.4266,0.0],[26.0193,60.4297,0.0],[26.0208,60.4333,3.8371],[26.0193,60.437,0.0],[26.0208,60.4375,0.1105],[26.0328,60.4349,3.7118],[26.0339,60.4318,0.0],[26.0401,60.4255,0.0],[26.0516,60.4245,0.0],[26.0536,60.4224,0.0],[26.0526,60.4193,0.0],[26.0563,60.4167,0.0],[26.0623,60.4167,17.7255],[26.0609,60.413,0.0],[26.0625,60.4125,4.1523],[26.0667,60.4125,0.0],[26.0682,60.4141,3.0655],[26.0625,60.4168,2.5479],[26.0641,60.4203,0.0],[26.0589,60.4214,0.0],[26.0599,60.4245,0.0],[26.0568,60.4266,0.0],[26.0682,60.4297,0.0],[26.0714,60.4328,0.0],[26.0745,60.4328,1.976],[26.0766,60.4307,2.6026],[26.0755,60.4276,0.0],[26.0849,60.4245,0.0],[26.087,60.4224,0.0],[26.0859,60.4193,0.0],[26.088,60.4151,0.0],[26.1057,60.4099,11.0627],[26.1188,60.4042,0.0],[26.1266,60.4036,0.0],[26.1396,60.3937,0.0],[26.1437,60.3958,0.0],[26.1479,60.3958,0.0],[26.1526,60.3922,0.0],[26.1599,60.3911,0.0],[26.1547,60.3839,6.3702],[26.1583,60.3813,0.0],[26.1641,60.3807,28.2171],[26.1661,60.3786,0.0],[26.1646,60.3771,10.0297],[26.1589,60.3786,15.2581],[26.1651,60.3714,0.0],[26.1875,60.3646,0.0],[26.2,60.3646,12.8992],[26.2099,60.3693,0.0],[26.2078,60.3724,9.021],[26.2047,60.3734,15.4614],[26.2057,60.3766,4.7033],[26.2047,60.3786,0.0],[26.2109,60.387,0.0],[26.2161,60.388,6.1634],[26.2203,60.3932,0.0],[26.2062,60.3958,4.9917],[26.2047,60.3943,0.0],[26.2078,60.3922,0.0],[26.2021,60.3917,0.0],[26.1964,60.3943,0.0],[26.1911,60.3995,0.0],[26.1734,60.4026,3.7394],[26.1766,60.4078,0.0],[26.1693,60.4141,0.0],[26.175,60.4146,0.0],[26.1833,60.4104,0.0],[26.1896,60.4104,0.0],[26.1974,60.4078,0.0],[26.2005,60.4047,0.0],[26.2104,60.4021,0.0],[26.2146,60.4042,6.8339],[26.2229,60.4042,0.0],[26.2245,60.4026,0.0],[26.2214,60.3984,12.3956],[26.2234,60.3964,7.4757999999999996],[26.2375,60.3958,0.0],[26.2438,60.3917,3.4601],[26.2516,60.3943,6.2157],[26.2484,60.3974,0.0],[26.2563,60.3979,5.8491],[26.262,60.3932,9.6436],[26.2609,60.3901,3.7116],[26.263,60.388,13.5483],[26.2703,60.3859,0.0],[26.2703,60.3891,8.8295],[26.2651,60.3943,6.7384],[26.2661,60.3974,8.6345],[26.2526,60.4047,0.0],[26.2526,60.4078,0.0],[26.2557,60.4109,4.9521],[26.2547,60.4141,0.0],[26.2557,60.4161,0.0],[26.2505,60.4193,2.3905],[26.2516,60.4224,0.0],[26.2505,60.4245,0.0],[26.2521,60.425,9.2953],[26.2521,60.4271,0.0],[26.2417,60.4271,18.1275],[26.238,60.4297,13.4333],[26.2391,60.4328,0.0],[26.238,60.4349,0.0],[26.2432,60.438,0.0],[26.2401,60.4432,0.0],[26.2432,60.4474,0.0],[26.2359,60.4526,0.0],[26.2396,60.4562,0.0],[26.2464,60.4505,0.0],[26.2516,60.4495,0.0],[26.2568,60.4422,0.0],[26.262,60.4411,0.0],[26.2609,60.438,0.0],[26.2682,60.437,10.7084],[26.2703,60.4349,4.9459],[26.2693,60.4318,0.0],[26.275,60.4313,0.0],[26.2792,60.4333,0.0],[26.2833,60.4333,7.3399],[26.2911,60.4307,0.0],[26.2896,60.4292,0.0],[26.2839,60.4286,0.0],[26.2849,60.4255,5.9034],[26.2818,60.4214,13.9639],[26.2839,60.4193,0.0],[26.2974,60.4161,0.0],[26.2922,60.4078,7.668],[26.2932,60.4047,15.9941],[26.2922,60.4026,0.0],[26.2995,60.3974,7.7666],[26.2984,60.3943,0.0],[26.3005,60.3922,0.0],[26.3078,60.387,5.5157],[26.3068,60.3839,0.0],[26.3141,60.3786,17.921],[26.313,60.3755,8.1794],[26.3151,60.3734,0.0],[26.3349,60.3734,3.0189],[26.3339,60.3766,12.3841],[26.338,60.3828,0.0],[26.3432,60.3839,10.0382],[26.3453,60.3859,0.0],[26.3401,60.388,5.0348],[26.3411,60.3911,8.9178],[26.338,60.3922,6.8928],[26.3391,60.3953,0.0],[26.3339,60.3974,0.0],[26.3479,60.4021,9.8887],[26.3708,60.3979,0.0],[26.3724,60.3984,15.98],[26.3714,60.4016,6.8679],[26.3724,60.4036,0.0],[26.3693,60.4047,4.7834],[26.3672,60.4078,0.0],[26.3813,60.4125,0.0],[26.3854,60.4125,0.0],[26.3911,60.4078,0.0],[26.3901,60.4026,0.0],[26.4036,60.4016,5.1012],[26.4089,60.3964,0.0],[26.412,60.3953,6.962],[26.4109,60.3922,15.9285],[26.4167,60.3937,0.0],[26.4245,60.3911,0.0],[26.4234,60.388,0.0],[26.425,60.3854,0.2263],[26.4234,60.3818,0.0],[26.4245,60.3797,0.0],[26.4188,60.375,15.0472],[26.4047,60.3797,5.2442],[26.4,60.3833,0.0],[26.3901,60.3839,16.1376],[26.3911,60.387,0.0],[26.3839,60.387,7.3565],[26.3854,60.3833,8.4736],[26.3839,60.3797,10.3025],[26.387,60.3766,8.5113],[26.3859,60.3734,8.0993],[26.3911,60.3703,0.0],[26.3859,60.363,40.1795],[26.3922,60.3589,19.6273],[26.4,60.3583,2.7905],[26.4042,60.3563,0.0],[26.4109,60.362,0.0],[26.4245,60.363,12.8456],[26.4297,60.3703,0.0],[26.4396,60.3708,11.4936],[26.4411,60.3703,14.3938],[26.4401,60.3672,0.0],[26.4432,60.3661,7.8001],[26.4422,60.363,5.9856],[26.4479,60.3583,0.0],[26.4604,60.3583,9.6858],[26.4646,60.3604,9.962],[26.4917,60.3604,0.0],[26.4958,60.3625,3.2438],[26.5057,60.3557,4.913],[26.5047,60.3526,0.0],[26.5078,60.3484,5.0724],[26.5047,60.3464,0.0],[26.5125,60.3438,2.0779],[26.5375,60.3438,10.2965],[26.5391,60.3443,5.1093],[26.538,60.3474,1.4026],[26.5411,60.3536,8.4609],[26.5313,60.3542,3.1302],[26.5271,60.3521,21.7259],[26.5214,60.3568,0.2769],[26.5229,60.3583,18.7731],[26.5349,60.3589,14.9804],[26.5339,60.3641,9.7868],[26.5349,60.3661,0.7427],[26.5328,60.3682,0.0],[26.525,60.3708,0.0],[26.5208,60.3688,11.0123],[26.5021,60.3688,5.6083],[26.4943,60.3714,20.9362],[26.4922,60.3734,17.8869],[26.4932,60.3766,10.2428],[26.4896,60.3792,0.0],[26.4792,60.375,9.9053],[26.475,60.375,10.5628],[26.4703,60.3786,7.8282],[26.463,60.3797,4.28],[26.4599,60.3828,0.0],[26.4547,60.3839,0.0],[26.4516,60.387,0.0],[26.4443,60.388,3.0985],[26.4464,60.3911,0.0],[26.4516,60.3932,3.1436],[26.438,60.3943,0.0],[26.4391,60.3974,4.238],[26.4359,60.3984,4.5049],[26.437,60.4016,0.0],[26.4349,60.4036,3.0011],[26.4271,60.4063,0.0],[26.4229,60.4063,2.4927],[26.4188,60.4042,7.9352],[26.413,60.4068,0.0],[26.4141,60.4141,0.0],[26.4068,60.4193,0.0],[26.4109,60.4245,0.0],[26.4224,60.4245,0.0],[26.4214,60.4151,0.0],[26.4333,60.4146,0.0],[26.4375,60.4125,0.4378],[26.4432,60.4172,0.0],[26.4443,60.4203,0.0],[26.4516,60.4193,4.7374],[26.4599,60.4276,0.0],[26.4583,60.4313,11.8752],[26.4599,60.4339,9.1069],[26.4589,60.437,0.0],[26.462,60.4401,0.0],[26.462,60.4432,0.0],[26.4599,60.4453,0.0],[26.4547,60.4464,0.0],[26.4557,60.4495,0.0],[26.4536,60.4536,0.0],[26.4474,60.4599,0.0],[26.4443,60.4609,0.0],[26.4495,60.463,0.0],[26.4578,60.4714,0.0],[26.4568,60.4807,0.0],[26.4589,60.4849,0.0],[26.4703,60.4828,0.0],[26.4745,60.4786,10.6105],[26.4734,60.4755,0.0],[26.4828,60.4724,17.7539],[26.4818,60.4693,0.0],[26.4859,60.4651,0.0],[26.4932,60.4641,14.4877],[26.4974,60.4599,0.0],[26.4964,60.4568,0.0],[26.5016,60.4557,1.6816],[26.5026,60.4526,0.0],[26.512,60.4516,3.9219],[26.5182,60.4495,2.7031],[26.5229,60.4458,0.0],[26.5313,60.4521,0.0],[26.5391,60.4495,1.1755],[26.538,60.4464,6.0473],[26.5411,60.4453,2.2428],[26.5484,60.438,5.7175],[26.5547,60.4339,0.0],[26.5661,60.4307,0.0],[26.5745,60.4245,0.0],[26.5708,60.4208,0.0],[26.5625,60.4208,4.7641],[26.5578,60.4245,0.0],[26.5547,60.4245,4.0287],[26.5557,60.4172,0.0],[26.5526,60.412,13.104],[26.5536,60.4089,18.6053],[26.5521,60.4083,23.2876],[26.5438,60.4083,0.0],[26.5271,60.4146,0.0],[26.5151,60.4172,0.0],[26.5104,60.4208,0.0],[26.5068,60.4182,0.6851],[26.5078,60.4151,6.7886],[26.5026,60.4068,0.0],[26.5047,60.4047,0.0],[26.5099,60.4036,1.7337],[26.5151,60.3964,7.3114],[26.5255,60.388,2.0389],[26.5411,60.3828,4.1373],[26.538,60.3776,6.17],[26.5417,60.375,0.0],[26.5495,60.3776,0.0],[26.5484,60.3807,0.0],[26.5536,60.3818,24.0963],[26.5484,60.3859,0.0],[26.5495,60.3932,0.0],[26.5464,60.3943,9.1676],[26.5443,60.3974,0.0],[26.5646,60.4042,0.0],[26.5688,60.4042,3.5407],[26.5729,60.4021,0.0],[26.5807,60.4047,0.0],[26.5776,60.4078,5.0798],[26.5854,60.4104,0.0],[26.5896,60.4083,10.9279],[26.5938,60.4083,4.5381],[26.6,60.4125,19.5134],[26.6188,60.4125,0.0],[26.625,60.4167,0.0],[26.6333,60.4167,0.0],[26.6375,60.4146,23.0667],[26.6417,60.4167,0.0],[26.6563,60.4167,8.9613],[26.6578,60.4182,4.8962],[26.6505,60.4234,9.1408],[26.6516,60.4266,7.1777],[26.6484,60.4307,10.4244],[26.6505,60.4328,0.0],[26.6563,60.4333,7.6764],[26.6641,60.4307,4.5357],[26.6693,60.4255,0.0],[26.675,60.425,0.0],[26.6766,60.4255,6.051],[26.6755,60.4328,5.9011],[26.6833,60.4354,17.1513],[26.7078,60.4318,0.0],[26.7234,60.4516,0.0],[26.7333,60.4521,14.7719],[26.7375,60.45,0.0],[26.7432,60.4505,3.6652],[26.7474,60.4557,0.0],[26.7422,60.4568,9.5054],[26.7438,60.4604,0.0],[26.7401,60.4651,0.7674],[26.7411,60.4724,0.0],[26.738,60.4745,0.0],[26.7432,60.4755,0.0],[26.7401,60.4807,0.0],[26.7438,60.4833,0.0],[26.7516,60.4807,0.0],[26.7484,60.4755,0.0],[26.7536,60.4724,2.0794],[26.7526,60.4693,0.0],[26.7547,60.4672,5.1679],[26.7599,60.4661,10.1603],[26.7729,60.4562,0.0],[26.7771,60.4583,14.912],[26.7854,60.4583,6.6428],[26.7896,60.4562,4.5574],[26.7979,60.4562,0.0],[26.8021,60.4583,23.21],[26.8099,60.4589,0.0],[26.8089,60.462,21.9678],[26.8104,60.4625,19.081],[26.8271,60.4625,0.0],[26.8312,60.4604,6.5886],[26.8354,60.4604,6.0531],[26.8396,60.4625,0.0],[26.8458,60.4625,2.9831],[26.8495,60.4651,0.0],[26.8484,60.4682,0.0],[26.8578,60.4693,0.0],[26.8536,60.4724,7.0218],[26.8484,60.4734,0.0],[26.8521,60.4771,0.0],[26.862,60.4766,3.3573],[26.8688,60.4708,0.0],[26.8771,60.4708,0.0],[26.8833,60.4729,0.0],[26.8875,60.4708,5.9835],[26.8917,60.4708,3.4251],[26.8932,60.4714,10.4861],[26.8932,60.4745,0.0],[26.888,60.4766,0.0],[26.8932,60.4786,0.0],[26.888,60.4807,0.5634],[26.8917,60.4833,0.0],[26.8995,60.4807,0.0],[26.9047,60.4755,0.0],[26.912,60.4745,18.2952],[26.9109,60.4714,14.9227],[26.913,60.4693,0.0],[26.925,60.4667,0.0],[26.9328,60.4693,0.0],[26.9349,60.4724,0.0],[26.9297,60.4766,1.695],[26.9375,60.4771,2.593],[26.9453,60.4797,3.051],[26.9474,60.4828,2.2616],[26.9432,60.487,8.4439],[26.9375,60.4896,2.4602],[26.9318,60.4891,1.9852],[26.9349,60.4859,2.9134],[26.9255,60.4839,2.9837],[26.9266,60.487,2.6972],[26.9172,60.4901,9.4441],[26.9182,60.4932,0.0],[26.9151,60.4974,0.0],[26.9271,60.4938,0.0],[26.9349,60.4964,0.0],[26.938,60.4995,0.0],[26.9438,60.5,0.0],[26.9453,60.4984,6.8488],[26.9401,60.4974,0.0],[26.9432,60.4932,0.0],[26.9536,60.4891,8.3779],[26.9583,60.4854,0.0],[26.963,60.4891,0.0],[26.9703,60.4901,0.0],[26.9724,60.4922,0.0],[26.9714,60.4953,0.0],[26.9729,60.4958,0.0],[26.9792,60.4917,0.0],[26.9849,60.4922,0.8247],[26.9891,60.4974,0.0],[26.9818,60.5026,17.7112],[26.9755,60.5099,0.0],[26.9833,60.5125,0.118],[26.9875,60.5125,0.0],[26.9917,60.5104,7.0609],[27.0083,60.5104,19.336],[27.0161,60.513,0.0],[27.0193,60.5161,2.3422],[27.0245,60.5172,9.0771],[27.0193,60.5214,17.7197],[27.0203,60.5286,0.0],[27.0151,60.5318,0.0],[27.0182,60.537,0.0],[27.013,60.538,11.2199],[27.0068,60.5422,1.2433],[27.0089,60.5453,0.0],[27.0141,60.5464,0.9024],[27.013,60.5495,-0.0189],[27.0167,60.5521,0.0],[27.0245,60.5495,5.8719],[27.0234,60.5464,6.3712],[27.0266,60.5422,22.832],[27.0234,60.5401,9.4591],[27.0276,60.5359,0.0],[27.0328,60.5349,0.0],[27.0276,60.5328,0.0],[27.0255,60.5297,0.0],[27.0391,60.5266,12.0198],[27.0339,60.5203,3.0746],[27.0354,60.5187,0.0],[27.0401,60.5224,6.1345],[27.0526,60.5266,5.6009],[27.0604,60.5292,0.2864],[27.0682,60.5297,0.0],[27.0667,60.5333,0.0],[27.0688,60.5354,6.5248],[27.0833,60.5354,22.0305],[27.0953,60.5318,0.0],[27.0974,60.5349,0.0],[27.0901,60.5359,16.695],[27.0911,60.5391,14.6023],[27.0901,60.5411,4.4079],[27.0943,60.5453,0.0],[27.1,60.5458,2.8222],[27.1078,60.5432,4.5221],[27.1099,60.5411,4.7655],[27.1089,60.538,0.0],[27.1182,60.5349,16.2707],[27.1234,60.5297,2.9592],[27.1286,60.5286,1.167],[27.1339,60.5214,0.0],[27.1396,60.5208,0.0],[27.1437,60.5229,0.0],[27.1479,60.5208,0.0],[27.1625,60.5187,0.0],[27.1661,60.5214,0.0],[27.163,60.5255,4.2286],[27.1651,60.5286,5.6888],[27.1708,60.5271,1.7516],[27.1766,60.5276,13.5892],[27.1745,60.5307,3.2085],[27.1714,60.5318,2.5647],[27.1745,60.537,0.0],[27.1714,60.5411,10.2492],[27.1766,60.5495,0.0],[27.1714,60.5505,6.8135],[27.1745,60.5557,0.0],[27.1714,60.5568,23.0114],[27.1693,60.5599,0.0],[27.175,60.5583,6.245],[27.1792,60.5604,8.8643],[27.1896,60.5604,1.9389],[27.1938,60.5625,0.0],[27.1979,60.5625,0.0],[27.1995,60.5609,2.9805],[27.1943,60.5578,0.204],[27.1974,60.5526,2.3714],[27.1922,60.5516,3.6343],[27.1901,60.5484,10.5446],[27.1953,60.5411,0.0],[27.1943,60.538,0.0],[27.1995,60.537,17.4978],[27.2057,60.5328,0.0],[27.2047,60.5297,3.9821],[27.2057,60.5276,19.9941],[27.1943,60.5245,0.0],[27.1964,60.5214,0.0],[27.1995,60.5203,16.4968],[27.1984,60.5172,10.2471],[27.2146,60.5167,0.0],[27.2188,60.5146,11.6214],[27.2234,60.5182,0.0],[27.2286,60.5193,2.0814],[27.2276,60.5224,12.0108],[27.2297,60.5245,0.0],[27.2458,60.525,0.0],[27.25,60.5271,11.6083],[27.2578,60.5245,15.7662],[27.2568,60.5214,12.9315],[27.2682,60.5182,16.7286],[27.2672,60.513,5.9005],[27.275,60.5062,0.0],[27.2859,60.5161,9.9636],[27.3021,60.5208,0.0],[27.3078,60.5182,2.3266],[27.3026,60.5151,0.0],[27.3083,60.5104,0.0],[27.3146,60.5104,0.0],[27.3271,60.5062,0.0],[27.3312,60.5062,7.0621],[27.3354,60.5083,11.1863],[27.3521,60.5083,1.7218],[27.3599,60.5057,3.4267],[27.362,60.5036,8.1949],[27.3609,60.5005,0.0],[27.3625,60.5,0.0],[27.375,60.5,-0.9193],[27.3792,60.4979,0.0],[27.3833,60.5,0.0],[27.3891,60.4995,0.0],[27.3839,60.4964,4.3399],[27.3875,60.4938,9.2883],[27.3953,60.4932,0.0],[27.3995,60.4911,10.6163],[27.4068,60.4839,0.0],[27.412,60.4828,5.039],[27.4104,60.4792,9.3007],[27.412,60.4766,15.709],[27.4109,60.4734,12.2355],[27.4224,60.4703,0.0],[27.4292,60.4667,11.3921],[27.4318,60.4703,14.032],[27.4396,60.4729,19.5009],[27.4521,60.4729,0.0],[27.4609,60.4672,0.0],[27.4661,60.4661,12.1211],[27.463,60.462,4.4133],[27.4646,60.4604,10.9329],[27.4708,60.4646,19.1164],[27.4771,60.4604,0.0],[27.4854,60.4604,0.0],[27.4932,60.463,0.0],[27.4849,60.4745,0.0],[27.4797,60.4755,13.1273],[27.475,60.4792,0.0],[27.4672,60.4797,10.3126],[27.4609,60.4839,23.090699999999998],[27.4568,60.4891,9.1496],[27.4609,60.4932,17.8111],[27.4661,60.4943,0.0],[27.4682,60.4964,0.0],[27.4651,60.4995,9.8717],[27.4828,60.5005,6.9072],[27.4797,60.5057,0.0],[27.4938,60.5104,4.2051],[27.5026,60.5026,15.4454],[27.5083,60.5021,4.9695],[27.512,60.4995,0.0],[27.5068,60.4974,8.472],[27.5109,60.4922,0.0],[27.5167,60.4917,6.3945],[27.5208,60.4938,0.0],[27.525,60.4917,0.0],[27.5354,60.4917,8.2843],[27.5354,60.4938,13.683],[27.538,60.4953,1.9254],[27.5438,60.4958,0.0],[27.5583,60.4896,0.0],[27.5661,60.4891,0.0],[27.5651,60.4859,0.0],[27.5776,60.4755,33.492],[27.5917,60.4708,0.0],[27.6042,60.4708,11.8481],[27.6083,60.4688,0.0],[27.6167,60.4688,9.8198],[27.6203,60.4724,0.0],[27.6109,60.4755,17.5057],[27.6078,60.4786,17.1313],[27.6,60.4792,5.1746],[27.5922,60.4818,11.8416],[27.588,60.4839,17.2406],[27.5859,60.487,10.8852],[27.5901,60.4911,0.0],[27.5958,60.4917,5.2262],[27.6,60.4896,0.0],[27.6078,60.4891,8.5312],[27.6188,60.4813,0.0],[27.6229,60.4833,15.8099],[27.6292,60.4833,6.8366],[27.6328,60.4859,0.0],[27.6276,60.4901,18.2356],[27.6313,60.4938,7.7321],[27.6396,60.4938,10.6489],[27.6542,60.4896,0.0],[27.6667,60.4896,5.5302],[27.6729,60.4854,0.0],[27.6854,60.4854,0.0],[27.6938,60.4938,13.187],[27.7167,60.4938,17.2348],[27.7214,60.4901,0.0],[27.7292,60.4896,3.9495],[27.7396,60.4854,7.0265],[27.7411,60.4859,7.3247],[27.7401,60.4932,0.0],[27.7432,60.4964,0.0],[27.7401,60.4995,7.3822],[27.7432,60.5036,18.3463],[27.7391,60.5078,0.0],[27.7318,60.5089,0.0],[27.7297,60.5109,22.555],[27.7328,60.5161,11.1413],[27.7297,60.5203,0.0],[27.7333,60.5229,0.0],[27.7432,60.5214,4.7469],[27.7453,60.5266,0.0],[27.7313,60.5313,0.0],[27.7234,60.5318,18.939],[27.7245,60.537,16.3108],[27.7151,60.5422,0.0],[27.7203,60.5443,0.0],[27.7229,60.5479,0.0],[27.7214,60.5505,9.092],[27.7224,60.5536,1.3132],[27.7214,60.5557,0.0],[27.7245,60.5599,0.0],[27.7214,60.5609,2.5032],[27.7193,60.5641,0.0],[27.7214,60.5661,6.1289],[27.7328,60.5693,6.926],[27.7349,60.5714,5.0934],[27.7339,60.5766,0.0],[27.738,60.5807,0.0],[27.7479,60.5812,2.6659],[27.7521,60.5792,0.0],[27.7563,60.5792,0.0],[27.7604,60.5812,0.0],[27.7646,60.5812,0.0],[27.7703,60.5786,0.0612],[27.7672,60.5745,10.6187],[27.7682,60.5714,0.0],[27.7672,60.5693,0.0],[27.7766,60.562,0.0],[27.7755,60.5589,0.0],[27.7792,60.5542,0.0],[27.7776,60.5505,5.2254],[27.7979,60.5438,0.0],[27.8036,60.5432,25.3634],[27.8068,60.5401,0.0],[27.812,60.5391,18.2892],[27.8105,60.5366,0.0],[27.8133,60.5356,9.2985],[27.8204,60.5375,29.3868],[27.8213,60.5403,31.8031],[27.8018,60.5494,15.6172],[27.8291,60.5538,35.8154],[27.8402,60.553,25.2463],[27.8411,60.556399999999996,33.6551],[27.8495,60.5667,10.8464],[27.8483,60.5715,8.0054],[27.8621,60.5879,51.6948],[27.8671,60.5876,55.5855],[27.8689,60.5948,52.7446],[27.8774,60.6017,29.3584],[27.8909,60.6094,38.0484],[27.8918,60.6133,35.5281],[27.8972,60.613,26.293],[27.9193,60.6252,18.7849],[27.9224,60.6251,17.2668],[27.923,60.6273,42.8446],[27.9872,60.663,50.9097],[27.9881,60.6664,28.3028],[27.9927,60.6661,49.2935],[28.0001,60.6702,40.0638],[28.0074,60.6697,30.6888],[28.0087,60.6749,37.3311],[28.0652,60.707,37.7915],[28.0721,60.7066,46.3898],[28.0733,60.7114,43.4454],[28.0876,60.7183,57.5181],[28.1032,60.7289,34.6805],[28.1119,60.7332,56.6785],[28.1456,60.742,33.1235],[28.1494,60.7449,57.9937],[28.162,60.7634,35.9034],[28.1746,60.7758,33.0],[28.1826,60.7768,37.3651],[28.1835,60.7801,40.7875],[28.1873,60.782,43.5383],[28.2409,60.7868,50.0584],[28.2422,60.792,49.7442],[28.2493,60.7989,57.619],[28.2535,60.7996,42.3686],[28.254,60.8017,50.883],[28.2575,60.8039,56.8686],[28.2638,60.8035,31.4453],[28.2651,60.8085,55.8381],[28.2764,60.8162,42.4108],[28.2775,60.8207,53.6865],[28.2867,60.8202,30.5],[28.2876,60.8238,49.7863],[28.2955,60.8287,39.4731],[28.2981,60.8285,53.5835],[28.2986,60.8302,42.6025],[28.3044,60.8327,48.281],[28.3084,60.8324,62.6886],[28.3092,60.8353,47.1273],[28.3141,60.839,59.4715],[28.3269,60.8539,42.8619],[28.3326,60.8536,70.9713],[28.3338,60.8584,51.0081],[28.3415,60.8629,62.8757],[28.3599,60.8656,64.832],[28.3673,60.8695,63.757],[28.3739,60.8691,77.4339],[28.3751,60.8737,65.0287],[28.3822,60.8776,71.6889],[28.3854,60.8774,78.8325],[28.386,60.8796,86.2208],[28.3934,60.8837,76.3982],[28.3983,60.8886,55.652],[28.4072,60.8896,82.4703],[28.4078,60.8917,74.0376],[28.4118,60.8939,69.8402],[28.4176,60.8935,74.4497],[28.4187,60.8976,70.7706],[28.4268,60.902,75.2042],[28.4291,60.9019,76.8932],[28.4295,60.9035,72.3419],[28.4682,60.9249,55.4269],[28.4715,60.9264,79.4579],[28.4821,60.9257,71.3144],[28.5004,60.9381,46.4967],[28.504,60.9379,46.0772],[28.5047,60.9407,41.7222],[28.5075,60.9422,49.2449],[28.5144,60.9418,70.6992],[28.5157,60.9467,82.088],[28.5223,60.9503,36.9574],[28.5259,60.9501,66.8878],[28.5277,60.9533,59.4584],[28.5363,60.954,60.1836],[28.5375,60.9584,66.9814],[28.6018,60.9543,70.4784],[28.6025,60.9572,79.5196],[28.6174,60.9579,92.377],[28.6391,60.9542,64.1126],[28.6385,60.952,76.0459],[28.6568,60.9508,82.0608],[28.6576,60.9535,68.2655],[28.6677,60.9579,63.3283],[28.6768,60.9676,72.0123],[28.6801,60.9674,81.2287],[28.6813,60.9721,77.276],[28.6899,60.9804,55.5073],[28.6929,60.9802,61.0569],[28.7076,61.0336,33.0],[28.7168,61.033,33.0],[28.7208,61.0474,79.4215],[28.7293,61.0551,59.8016],[28.7376,61.0588,50.2486],[28.7426,61.0585,45.6593],[28.7434,61.0614,63.2961],[28.7465,61.0628,61.1896],[28.753,61.0624,40.7074],[28.7543,61.0671,35.7879],[28.7686,61.0749,47.7295],[28.7752,61.0745,63.4446],[28.7759,61.0774,71.3832],[28.7928,61.087,87.8192],[28.7973,61.0867,91.2863],[28.7982,61.0901,82.9601],[28.809,61.095,42.8234],[28.8139,61.0992,71.7333],[28.8195,61.0988,69.4549],[28.8259,61.1219,64.7332],[28.8289,61.1258,51.5579],[28.8404,61.1315,61.2783],[28.8576,61.1371,89.3929],[28.8676,61.1365,96.5384],[28.8686,61.1401,94.8066],[28.8855,61.1443,50.1464],[28.8978,61.1435,63.0307],[28.8984,61.1458,67.0546],[28.936,61.1456,78.3673],[28.9363,61.1469,81.158],[28.9465,61.1484,88.3554],[28.9541,61.1517,89.8873],[28.9844,61.1771,100.0689],[28.9923,61.1781,93.8393],[29.0064,61.1862,114.68],[29.0133,61.1858,112.5147],[29.0146,61.1902,67.0],[29.0238,61.1896,96.6604],[29.025,61.1937,105.6582],[29.0343,61.1934,92.5014],[29.0353,61.1968,82.4136],[29.066,61.2049,72.3203],[29.0751,61.2043,114.698],[29.0761,61.2077,107.1656],[29.0857,61.2081,79.7724],[29.087,61.2126,75.5191],[29.0962,61.212,79.8216],[29.097,61.2148,84.7199],[29.1005,61.2162,86.9239],[29.1067,61.2158,110.1435],[29.1077,61.2192,96.2008],[29.1195,61.224,102.3531],[29.1278,61.2234,94.418],[29.1292,61.2279,95.7891],[29.1768,61.2473,70.5],[29.1819,61.247,84.7235],[29.1826,61.2496,87.7543],[29.1866,61.2512,82.1906],[29.1924,61.2508,74.4338],[29.1933,61.2538,86.9886],[29.1964,61.2551,70.9749],[29.203,61.2546,69.5],[29.204,61.2581,77.9858],[29.2062,61.2589,86.4243],[29.2135,61.2585,94.629],[29.2146,61.2623,75.4772],[29.2217,61.2668,72.8452],[29.2456,61.2734,55.3728],[29.2489,61.2849,64.7479],[29.2661,61.2957,93.0067],[29.2717,61.2953,73.0244],[29.2735,61.3012,67.4054],[29.302,61.325,108.0172],[29.3088,61.3245,92.1431],[29.3101,61.3291,77.0],[29.3156,61.3331,106.3534],[29.3207,61.3328,113.1861],[29.3226,61.3392,94.3503],[29.3284,61.3441,114.72],[29.3262,61.3466,111.2726],[29.334,61.353,86.966],[29.3431,61.3585,105.8013],[29.3472,61.3582,85.0015],[29.3482,61.3615,90.7859],[29.3634,61.3707,83.0762],[29.3698,61.3702,99.4499],[29.3713,61.3753,79.6923],[29.3937,61.3867,73.6371],[29.3967,61.3903,80.1785],[29.4044,61.3905,107.9305],[29.4056,61.3945,109.0023],[29.432,61.4113,70.8781],[29.439,61.4108,59.6157],[29.4408,61.4167,55.8662],[29.4457,61.4194,66.5774],[29.451,61.4191,57.4602],[29.4522,61.4231,76.395],[29.4596,61.4275,100.6189],[29.463,61.4273,77.8704],[29.4638,61.43,72.1738],[29.4664,61.4316,79.0323],[29.4736,61.4311,77.3477],[29.4754,61.4369,81.7567],[29.5016,61.4533,98.9101],[29.5058,61.4586,91.9354],[29.5051,61.4717,93.4981],[29.5072,61.4786,100.2061],[29.503,61.4789,79.5674],[29.5028,61.4885,68.5],[29.5319,61.4905,68.5],[29.5486,61.4894,98.8196],[29.5493,61.4918,83.603],[29.5643,61.4928,81.5],[29.5779,61.4919,101.2304],[29.5785,61.4938,92.7639],[29.629,61.4977,105.6053],[29.6363,61.5011,105.7704],[29.6522,61.5175,101.5489],[29.6507,61.5218,110.7393],[29.6611,61.5269,104.7371],[29.6649,61.5266,99.5014],[29.6682,61.5325,104.4064],[29.6827,61.539,88.9353],[29.6877,61.5386,83.7587],[29.689,61.5426,78.213],[29.7037,61.5511,89.5865],[29.7106,61.5506,96.1932],[29.7125,61.5568,70.0],[29.7247,61.5636,70.0],[29.7473,61.5724,101.8375],[29.7554,61.6018,90.4533],[29.7736,61.6142,105.3605],[29.7783,61.6139,110.3299],[29.7795,61.6176,97.7808],[29.7905,61.6221,73.2815],[29.7977,61.6305,72.8085],[29.8106,61.6363,78.7641],[29.814,61.6451,86.0853],[29.8204,61.6521,110.584],[29.8273,61.6555,112.5188],[29.8371,61.6641,110.0351],[29.842,61.6638,98.6139],[29.8433,61.6678,105.096],[29.8465,61.6694,113.1298],[29.8637,61.6715,92.0905],[29.8679,61.6846,101.4518],[29.8773,61.684,116.773],[29.8788,61.6888,134.7793],[29.8854,61.6925,116.3896],[29.8895,61.6922,112.0263],[29.8905,61.6953,118.0178],[29.9017,61.7004,103.9096],[29.9061,61.7046,95.6892],[29.9125,61.7041,99.2275],[29.9135,61.7072,96.9732],[29.9297,61.712,112.4495],[29.9342,61.7117,107.9675],[29.9353,61.7152,101.3529],[29.9397,61.718,101.025],[29.9467,61.7197,101.2105],[29.9613,61.7279,117.9618],[29.968,61.7274,111.7503],[29.9694,61.7316,132.0501],[29.9803,61.7356,94.7561],[29.9867,61.7396,83.368],[29.9911,61.7393,81.9777],[29.9921,61.7421,94.1401],[29.9985,61.7458,94.8323],[30.0209,61.7553,84.1222],[30.0251,61.755,98.2876],[30.0259,61.7575,79.5],[30.0299,61.7592,79.5],[30.0359,61.7588,79.5],[30.0371,61.7623,79.5],[30.0507,61.7693,79.5],[30.0573,61.7912,79.5],[30.0582,61.8015,79.5],[30.0629,61.8073,79.5],[30.0798,61.8192,79.5],[30.0846,61.8188,79.5],[30.0855,61.8217,79.5],[30.0887,61.8231,79.5],[30.0954,61.8226,79.5],[30.0969,61.827,79.5],[30.1145,61.8348,79.5],[30.1187,61.8345,79.5],[30.1195,61.8371,79.5],[30.1431,61.8502,79.5],[30.1463,61.8597,79.5],[30.1369,61.8604,79.5],[30.1384,61.8648,79.5],[30.129,61.8655,79.5],[30.1275,61.8611,79.5],[30.1181,61.8618,79.5],[30.1166,61.8574,79.5],[30.0978,61.8587,79.5],[30.0963,61.8543,100.8548],[30.0869,61.855,79.5],[30.0854,61.8506,79.5],[30.0666,61.8519,111.6903],[30.0651,61.8475,101.4713],[30.0557,61.8482,121.7764],[30.0542,61.8437,115.6685],[30.0448,61.8444,115.3264],[30.0434,61.84,116.4388],[30.0245,61.8414,93.0507],[30.0231,61.8369,79.5],[30.0137,61.8376,79.5],[30.0122,61.8332,79.5],[30.0028,61.8338,79.5],[30.0013,61.8294,79.5],[29.9919,61.8301,94.4972],[29.9905,61.8256,79.5],[29.9811,61.8263,79.5],[29.9796,61.8219,79.5],[29.9608,61.8232,91.4586],[29.9594,61.8188,79.5],[29.9499,61.8195,79.5],[29.9485,61.8151,89.38],[29.9391,61.8157,79.5],[29.9376,61.8113,79.5],[29.9188,61.8126,108.1077],[29.9174,61.8082,79.5],[29.908,61.8089,79.5],[29.9066,61.8044,79.5],[29.8877,61.8058,79.5],[29.8863,61.8013,79.5],[29.8769,61.802,79.5],[29.8755,61.7976,79.5],[29.8661,61.7983,79.5],[29.8646,61.7938,93.9562],[29.8458,61.7952,79.5],[29.8444,61.7907,90.2083],[29.835,61.7914,94.449],[29.8336,61.7869,88.0086],[29.8242,61.7876,83.7553],[29.8228,61.7832,87.4531],[29.8039,61.7845,90.5003],[29.8025,61.7801,93.5821],[29.7931,61.7807,95.9588],[29.7917,61.7763,110.1657],[29.7823,61.777,111.8905],[29.7809,61.7725,98.7367],[29.7621,61.7739,91.4323],[29.7607,61.7694,89.4674],[29.7513,61.7701,95.7825],[29.7499,61.7657,107.8001],[29.7405,61.7663,105.9156],[29.7391,61.7619,107.0932],[29.7203,61.7632,100.6359],[29.7189,61.7588,105.4678],[29.7095,61.7594,97.1875],[29.7081,61.755,94.2019],[29.6893,61.7563,97.7268],[29.6879,61.7519,96.9025],[29.6785,61.7525,97.5341],[29.6771,61.7481,110.6641],[29.6677,61.7487,103.5046],[29.6663,61.7443,99.8975],[29.6475,61.7456,111.8469],[29.6461,61.7412,100.2403],[29.6367,61.7418,110.6222],[29.6353,61.7374,101.6884],[29.6259,61.738,102.6035],[29.6245,61.7336,104.6817],[29.6057,61.7349,108.8351],[29.6044,61.7305,125.4779],[29.595,61.7311,106.1373],[29.5936,61.7267,104.8755],[29.5748,61.728,110.4052],[29.5734,61.7235,108.1243],[29.564,61.7242,110.37],[29.553,61.6887,92.0365],[29.5436,61.6893,88.5289],[29.5408,61.6804,93.7829],[29.5221,61.6817,113.7433],[29.5207,61.6773,112.4442],[29.5113,61.6779,102.3533],[29.51,61.6735,101.3759],[29.4912,61.6748,105.1183],[29.4898,61.6703,131.1796],[29.4711,61.6716,117.753],[29.4697,61.6672,105.0738],[29.451,61.6685,110.3112],[29.4496,61.664,115.9746],[29.4403,61.6647,109.7387],[29.4389,61.6602,119.083],[29.4295,61.6609,112.4389],[29.4282,61.6564,102.4948],[29.4094,61.6577,114.6815],[29.4081,61.6533,107.1415],[29.3987,61.6539,152.6886],[29.396,61.645,103.3665],[29.3866,61.6457,113.9504],[29.3853,61.6412,106.3425],[29.3759,61.6419,108.2358],[29.3732,61.633,110.969],[29.3638,61.6336,107.7957],[29.3625,61.6292,115.9685],[29.3531,61.6298,103.2337],[29.3504,61.6209,102.6799],[29.3411,61.6216,109.0619],[29.3397,61.6171,106.6976],[29.3304,61.6178,109.177],[29.3277,61.6089,121.8614],[29.3183,61.6095,127.3215],[29.317,61.6051,107.6379],[29.3076,61.6057,103.0586],[29.3049,61.5968,91.7363],[29.2956,61.5974,82.4773],[29.2929,61.5886,102.8142],[29.2835,61.5892,104.1501],[29.2769,61.567,136.1503],[29.2675,61.5676,119.756],[29.2649,61.5587,110.5163],[29.2181,61.5619,141.2579],[29.2168,61.5574,149.0055],[29.1981,61.5587,118.6947],[29.1968,61.5542,137.857],[29.1781,61.5555,109.6287],[29.1768,61.551,115.5684],[29.1581,61.5523,108.9331],[29.1568,61.5478,103.0044],[29.1381,61.5491,106.767],[29.1368,61.5446,108.3344],[29.1181,61.5459,122.2344],[29.1168,61.5414,111.9325],[29.0981,61.5427,129.8816],[29.0968,61.5382,139.2399],[29.0781,61.5394,112.6614],[29.0768,61.535,119.5262],[29.0581,61.5362,117.1123],[29.0568,61.5318,124.1067],[28.9447,61.5391,93.402],[28.9435,61.5347,105.3779],[28.9248,61.5359,113.5188],[28.9235,61.5314,123.7557],[28.9048,61.5327,128.7321],[28.9035,61.5282,122.5082],[28.8381,61.5324,87.9213],[28.8394,61.5369,86.372],[28.8207,61.5381,98.3747],[28.8144,61.5158,116.6167],[28.8237,61.5152,122.0835],[28.8199,61.5019,113.4499],[28.8106,61.5025,115.5912],[28.8093,61.498,136.4822],[28.8,61.4986,109.3592],[28.7937,61.4764,121.1979],[28.7097,61.4818,99.7241],[28.7085,61.4773,107.3411],[28.6991,61.4779,105.5223],[28.6979,61.4734,116.2789],[28.6886,61.474,113.252],[28.6873,61.4696,118.4489],[28.6687,61.4708,113.5077],[28.6674,61.4663,103.9615],[28.5835,61.4716,95.3888],[28.5847,61.4761,89.2798],[28.5287,61.4795,72.5],[28.5312,61.4884,95.007],[28.5218,61.489,102.6299],[28.5255,61.5024,81.2336],[28.5068,61.5035,72.5],[28.508,61.508,72.5],[28.4987,61.5086,72.5],[28.4999,61.513,72.5],[28.4906,61.5136,72.5],[28.4894,61.5091,105.1147],[28.48,61.5097,86.0498],[28.4788,61.5053,105.0811],[28.4694,61.5058,120.7872],[28.4682,61.5014,83.1599],[28.4589,61.502,87.2993],[28.4601,61.5064,72.5],[28.4508,61.507,82.542],[28.452,61.5114,72.5],[28.4426,61.512,72.5],[28.4402,61.5031,88.9754],[28.4309,61.5037,124.9473],[28.426,61.4859,113.6135],[28.4212,61.4681,127.4165],[28.4305,61.4675,100.6071],[28.4269,61.4541,97.0719],[28.4082,61.4553,86.5],[28.4058,61.4464,101.7874],[28.3965,61.4469,107.9579],[28.3953,61.4425,90.0534],[28.3767,61.4436,86.0],[28.3755,61.4392,99.2393],[28.3568,61.4403,86.0],[28.3544,61.431399999999996,93.183],[28.3451,61.432,80.7452],[28.3403,61.4142,72.5],[28.3124,61.4159,72.5],[28.3112,61.4114,72.5],[28.3019,61.412,72.5],[28.2971,61.3942,94.0006],[28.2878,61.3947,72.5],[28.2866,61.3903,72.5],[28.2773,61.3909,72.5],[28.2761,61.3864,72.5],[28.2668,61.387,72.5],[28.2656,61.3825,88.6007],[28.2563,61.3831,72.5],[28.2552,61.3786,72.5],[28.2365,61.3797,92.193],[28.2354,61.3753,72.5],[28.2167,61.3764,72.5],[28.2156,61.3719,72.5],[28.1877,61.3736,72.5],[28.1865,61.3692,72.5],[28.1679,61.3703,72.5],[28.1667,61.3658,72.5],[28.1481,61.3669,72.5],[28.1469,61.3625,72.5],[28.1097,61.3647,72.5],[28.1086,61.3602,72.5],[28.0899,61.3613,72.5],[28.0888,61.3569,72.5],[28.0702,61.358,72.5],[28.069,61.3535,72.5],[28.0132,61.3568,72.5],[28.0121,61.3523,72.5],[27.9562,61.3556,72.5],[27.9551,61.3511,72.5],[27.9272,61.3528,72.5],[27.9261,61.3483,72.5],[27.8237,61.3542,72.5],[27.8248,61.3587,72.5],[27.7876,61.3608,72.5],[27.7887,61.3652,72.5],[27.7328,61.3684,72.5],[27.7317,61.3639,72.5],[27.7131,61.365,72.5],[27.712,61.3605,93.1625],[27.6934,61.3616,72.5],[27.6923,61.3571,88.5689],[27.6643,61.3587,86.3824],[27.6633,61.3542,72.5],[27.626,61.3563,92.8112],[27.6249,61.3518,72.5],[27.5597,61.3555,105.5011],[27.5608,61.3599,115.13],[27.5329,61.3615,101.9699],[27.534,61.3659,112.6898],[27.506,61.3675,105.8008],[27.5071,61.3719,88.418],[27.4884,61.3729,96.5],[27.4895,61.3774,105.5468],[27.4522,61.3794,102.2751],[27.4533,61.3839,84.3977],[27.416,61.3859,124.8277],[27.4171,61.3904,106.7529],[27.3798,61.3924,118.8576],[27.3808,61.3969,107.0413],[27.2222,61.4053,96.5067],[27.2212,61.4008,117.916],[27.1652,61.4038,95.3099],[27.1621,61.3904,102.1917],[27.1528,61.3909,90.0],[27.1498,61.3775,92.6233],[27.1404,61.378,85.3629],[27.1384,61.369,80.5],[27.0918,61.3714,105.3184],[27.0928,61.3759,103.9082],[27.0741,61.3769,129.3548],[27.0752,61.3813,125.2033],[27.0192,61.3842,108.5381],[27.0182,61.3797,119.6546],[27.0089,61.3802,120.7749],[27.0079,61.3758,106.7748],[26.9985,61.3762,103.9766],[26.9975,61.3718,108.5043],[26.9882,61.3722,105.6413],[26.9872,61.3678,110.8697],[26.9779,61.3683,114.2265],[26.9759,61.3593,132.6784],[26.9666,61.3598,117.4135],[26.9656,61.3554,84.5],[26.9563,61.3558,84.5],[26.9543,61.3469,82.5],[27.0009,61.3445,110.1799],[27.0019,61.349,85.6879],[27.0205,61.348,90.8012],[27.0215,61.3525,83.5],[27.0401,61.3515,83.5],[27.0391,61.3471,83.5],[27.0578,61.3461,83.5],[27.0567,61.3417,83.5],[27.0754,61.3407,83.5],[27.0744,61.3362,83.5],[27.093,61.3353,119.9385],[27.092,61.3308,83.5],[27.1106,61.3298,98.4199],[27.1096,61.3254,103.5172],[27.1282,61.3244,97.1176],[27.1272,61.3199,83.0],[27.1458,61.319,83.0],[27.1478,61.3279,81.5],[27.1851,61.3259,96.0133],[27.1861,61.3304,102.0515],[27.2047,61.3294,100.4199],[27.2057,61.3339,85.5],[27.2337,61.3324,102.9443],[27.2326,61.3279,113.9308],[27.2606,61.3265,93.8028],[27.2575,61.3131,104.5048],[27.2296,61.3146,118.6122],[27.2306,61.319,103.7028],[27.2213,61.3195,96.2318],[27.2192,61.3106,130.9147],[27.2285,61.3101,119.4078],[27.2275,61.3056,118.2872],[27.274,61.3032,98.0738],[27.273,61.2987,92.5892],[27.2916,61.2977,87.2708],[27.2905,61.2933,87.3683],[27.2998,61.2928,104.7122],[27.2977,61.2838,87.3398],[27.307,61.2834,92.5099],[27.3039,61.27,96.2942],[27.3132,61.2695,99.2317],[27.3122,61.265,101.1519],[27.3214,61.2645,91.1857],[27.3204,61.26,99.5349],[27.3297,61.2595,83.4825],[27.3286,61.2551,86.9314],[27.3379,61.2546,83.6296],[27.3369,61.2501,85.9168],[27.3462,61.2496,83.5784],[27.3441,61.2407,86.5274],[27.3255,61.2417,89.254],[27.3214,61.2239,83.0055],[27.3306,61.2234,86.388],[27.3296,61.2189,82.2344],[27.3389,61.2184,89.2556],[27.3378,61.2139,80.8372],[27.3564,61.2129,89.3245],[27.3553,61.2085,93.1684],[27.3739,61.2075,84.7816],[27.376,61.2164,78.6029],[27.3852,61.2159,85.3412],[27.3831,61.207,79.0398],[27.3924,61.2065,96.2859],[27.3914,61.202,78.5691],[27.3821,61.2025,87.3909],[27.3811,61.198,80.3751],[27.3718,61.1986,79.4871],[27.3707,61.1941,79.6389],[27.3615,61.1946,79.9735],[27.3583,61.1812,82.4946],[27.3676,61.1807,84.3504],[27.3666,61.1762,87.1759],[27.3573,61.1767,99.9747],[27.3562,61.1723,104.5723],[27.3377,61.1733,100.7406],[27.3367,61.1688,96.0909],[27.3089,61.1703,95.3676],[27.3099,61.1748,106.0309],[27.2914,61.1758,126.6516],[27.2904,61.1713,102.2314],[27.2811,61.1718,110.0637],[27.2801,61.1673,97.0],[27.2708,61.1678,97.0],[27.2698,61.1634,119.5463],[27.2142,61.1663,127.5687],[27.2132,61.1619,119.3736],[27.1299,61.1663,98.5522],[27.1289,61.1618,90.0],[27.1011,61.1632,137.2492],[27.1001,61.1588,121.1741],[27.0908,61.1593,111.9787],[27.0898,61.1548,124.4434],[27.0713,61.1558,112.7142],[27.0703,61.1513,106.5276],[27.024,61.1537,85.9857],[27.025,61.1581,122.8984],[26.9972,61.1596,103.8084],[26.9982,61.164,91.4751],[26.9704,61.1655,100.0],[26.9714,61.1699,112.6074],[26.9436,61.1713,101.166],[26.9446,61.1758,132.954],[26.926,61.1768,97.5],[26.927,61.1812,119.5948],[26.9177,61.1817,113.9017],[26.9227,61.204,138.5862],[26.9319,61.2036,135.5238],[26.9339,61.2125,144.9542],[26.9246,61.213,111.0],[26.9276,61.2263,129.928],[26.9183,61.2268,134.316],[26.9193,61.2313,145.3967],[26.91,61.2318,112.0],[26.911,61.2362,131.2498],[26.9017,61.2367,112.0],[26.9027,61.2411,129.199],[26.8934,61.2416,112.0],[26.8953,61.2505,127.8092],[26.886,61.251,121.6103],[26.889,61.2644,113.5],[26.8797,61.2649,113.5],[26.8836,61.2827,113.0],[26.8464,61.2846,109.0],[26.8454,61.2801,123.8758],[26.8268,61.2811,126.2654],[26.8259,61.2766,124.0495],[26.8073,61.2775,94.9933],[26.8063,61.2731,104.3574],[26.797,61.2735,114.1267],[26.796,61.2691,98.7836],[26.7774,61.27,77.5],[26.7736,61.2521,97.1234],[26.7643,61.2526,104.9203],[26.7614,61.2392,74.5],[26.7521,61.2397,76.9422],[26.7492,61.2262,74.5],[26.7307,61.2272,74.5],[26.7297,61.2227,74.5],[26.7204,61.2232,74.5],[26.7195,61.2187,80.8474],[26.7009,61.2196,74.5],[26.6999,61.2151,74.5],[26.6907,61.2156,74.5],[26.6897,61.2111,74.5],[26.6712,61.212,74.5],[26.6702,61.2076,74.5],[26.6516,61.2085,74.5],[26.6526,61.2129,74.5],[26.6433,61.2134,74.5],[26.6442,61.2179,74.5],[26.635,61.2183,74.5],[26.6369,61.2272,74.5],[26.6461,61.2268,74.5],[26.6471,61.2313,74.5],[26.6564,61.2308,74.5],[26.6583,61.2397,74.5],[26.6676,61.2393,74.5],[26.6704,61.2527,74.5],[26.6611,61.2531,87.0336],[26.6621,61.2576,74.5],[26.6528,61.2581,74.5],[26.6547,61.267,106.9211],[26.6454,61.2674,87.6702],[26.6482,61.2808,75.5],[26.6389,61.2813,75.5],[26.6408,61.2902,101.7262],[26.6222,61.2911,82.0],[26.6212,61.2867,91.5716],[26.6119,61.2871,116.9608],[26.611,61.2826,111.3826],[26.6017,61.2831,137.6335],[26.6007,61.2786,121.8188],[26.5914,61.2791,124.7157],[26.5905,61.2746,134.0401],[26.5719,61.2755,88.6524],[26.571,61.271,99.6599],[26.5524,61.2719,82.5],[26.5533,61.2764,82.5],[26.5254,61.2777,96.249],[26.5245,61.2733,99.6862],[26.5058,61.2742,109.0755],[26.5049,61.2697,105.5607],[26.4863,61.2706,130.7547],[26.4854,61.2661,101.0],[26.4575,61.2674,102.1063],[26.4566,61.263,109.6163],[26.4473,61.2634,103.686],[26.4464,61.2589,103.5815],[26.4371,61.2594,100.8429],[26.4352,61.2504,101.5152],[26.4259,61.2509,98.5872],[26.425,61.2464,100.0028],[26.4343,61.246,100.0515],[26.4316,61.2326,101.0787],[26.4223,61.233,101.3028],[26.4205,61.224,108.0892],[26.4112,61.2245,118.0039],[26.4093,61.2155,109.1239],[26.4001,61.216,99.3846],[26.3964,61.1981,124.0784],[26.3871,61.1986,128.194],[26.3844,61.1851,117.7453],[26.3751,61.1856,127.7859],[26.3742,61.1811,109.3301],[26.365,61.1815,103.8758],[26.3641,61.1771,75.0],[26.3548,61.1775,75.0],[26.3539,61.173,75.0],[26.3446,61.1735,75.0],[26.3437,61.169,75.0],[26.3159,61.1703,75.0],[26.315,61.1658,92.2845],[26.2872,61.1671,98.3211],[26.2863,61.1626,90.3859],[26.277,61.1631,98.7458],[26.2743,61.1497,108.8621],[26.2651,61.1501,104.1389],[26.2633,61.1411,126.0489],[26.254,61.1416,142.8877],[26.2531,61.1371,121.7021],[26.2439,61.1375,114.9788],[26.2421,61.1286,117.3128],[26.2236,61.1294,116.3669],[26.2245,61.1339,102.8484],[26.1503,61.1373,76.5],[26.1521,61.1462,76.5],[26.1428,61.1466,76.5],[26.1446,61.1556,76.5],[26.1353,61.156,76.5],[26.1344,61.1515,76.5],[26.1251,61.1519,76.5],[26.1243,61.1475,76.5],[26.115,61.1479,76.5],[26.1141,61.1434,76.5],[26.1049,61.1438,86.2755],[26.104,61.1394,76.5],[26.0947,61.1398,84.0767],[26.0939,61.1353,98.1079],[26.0846,61.1357,112.2822],[26.0838,61.1312,113.8774],[26.0745,61.1316,125.1543],[26.0736,61.1272,129.9085],[26.0644,61.1276,136.4326],[26.0635,61.1231,147.6155],[26.0542,61.1235,150.9058],[26.0482,61.0922,147.9201],[26.0667,61.0914,120.029],[26.0659,61.0869,114.2791],[26.0844,61.0861,137.6915],[26.0835,61.0816,113.0948],[26.102,61.0808,138.9796],[26.1012,61.0763,134.2253],[26.1104,61.0759,115.98779999999999],[26.1052,61.0491,89.9842],[26.1145,61.0487,91.4591],[26.1136,61.0442,102.2511],[26.1229,61.0438,101.1814],[26.1211,61.0349,82.1846],[26.1304,61.0344,81.2214],[26.1295,61.03,73.5],[26.1387,61.0296,73.5],[26.1379,61.0251,73.5],[26.1286,61.0255,73.5],[26.1209,60.9853,73.5],[26.1117,60.9857,73.5],[26.1108,60.9812,73.5],[26.1016,60.9816,73.5],[26.1007,60.9771,73.5],[26.0915,60.9776,73.5],[26.0906,60.9731,73.5],[26.0722,60.9739,84.7857],[26.0739,60.9829,84.1607],[26.0462,60.9841,75.6814],[26.0428,60.9662,110.3339],[26.052,60.9658,107.4009],[26.0495,60.9524,101.9688],[26.0587,60.952,118.1026],[26.0562,60.9386,88.4217],[26.0654,60.9382,86.2786],[26.0645,60.9337,81.9738],[26.1658,60.9291,93.84],[26.1632,60.9157,108.4605],[26.154,60.9161,98.482],[26.1523,60.9072,86.6476],[26.1155,60.9089,66.0821],[26.1137,60.8999,62.321],[26.1045,60.9003,71.151],[26.1028,60.8914,64.8406],[26.066,60.893,67.1453],[26.0669,60.8975,99.7856],[26.0301,60.8992,107.1998],[26.0309,60.9036,87.7349],[26.0125,60.9044,90.5228],[26.0134,60.9089,88.0443],[26.0042,60.9093,105.0042],[26.005,60.9138,90.7795],[25.9958,60.9142,111.3345],[25.9967,60.9187,109.9711],[25.9783,60.9195,123.4085],[25.9791,60.924,115.1206],[25.9699,60.9244,120.5353],[25.9707,60.9288,131.2095],[25.9523,60.9296,112.9824],[25.949,60.9118,100.6659],[25.9398,60.9122,109.5775],[25.9373,60.8988,91.1623],[25.9281,60.8992,89.7392],[25.9256,60.8857,112.9072],[25.898,60.8869,85.4163],[25.8988,60.8914,84.7401],[25.8436,60.8938,85.2744],[25.7976,60.8958,82.7037],[25.7968,60.8913,93.202],[25.7784,60.8921,91.751],[25.7841,60.9234,91.6544],[25.7749,60.9238,116.9143],[25.7741,60.9193,108.3677],[25.7556,60.9201,90.1441],[25.7548,60.9156,96.6739],[25.7456,60.916,105.1326],[25.7464,60.9205,97.1975],[25.7372,60.9209,120.8844],[25.7388,60.9298,109.5177],[25.7204,60.9306,94.1011],[25.7196,60.9261,86.2339],[25.7104,60.9265,97.2836],[25.7096,60.9221,85.5716],[25.7004,60.9225,102.2389],[25.6996,60.918,77.92],[25.6904,60.9184,75.9602],[25.6896,60.9139,73.3306],[25.6804,60.9143,74.3615],[25.6796,60.9098,72.1156],[25.6704,60.9102,84.4578],[25.6696,60.9057,70.9829],[25.6604,60.9061,72.4252],[25.6572,60.8882,76.2726],[25.648,60.8886,72.3462],[25.6464,60.8796,66.9336],[25.6372,60.88,68.3589],[25.6364,60.8755,67.5409],[25.6272,60.8759,69.1032],[25.6264,60.8715,68.9122],[25.5988,60.8726,89.5785],[25.5996,60.8771,87.5842],[25.5812,60.8778,97.8377],[25.582,60.8823,92.9647],[25.5636,60.8831,97.9371],[25.5621,60.8741,114.8433],[25.5529,60.8745,96.8655],[25.5521,60.87,115.5946],[25.5337,60.8708,134.2426],[25.5352,60.8797,121.3456],[25.526,60.8801,131.7062],[25.5276,60.889,108.3949],[25.5092,60.8898,84.6673],[25.5076,60.8809,92.0368],[25.4984,60.8812,72.7193],[25.4977,60.8768,86.6625],[25.4885,60.8771,76.8146],[25.4877,60.8727,86.4016],[25.4601,60.8738,118.7834],[25.4586,60.8648,130.966],[25.4494,60.8652,110.1013],[25.4486,60.8607,107.1774],[25.4394,60.8611,96.1722],[25.4402,60.8656,102.7599],[25.4218,60.8663,94.3514],[25.421,60.8618,103.7948],[25.4118,60.8622,92.6057],[25.4111,60.8577,101.9105],[25.4019,60.8581,112.2128],[25.3996,60.8447,104.4947],[25.4088,60.8443,142.6177],[25.408,60.8398,104.7617],[25.4172,60.8395,94.0234],[25.4165,60.835,102.7271],[25.4257,60.8346,90.4025],[25.4249,60.8301,87.5421],[25.4341,60.8298,92.829],[25.4333,60.8253,94.4835],[25.4425,60.8249,97.936],[25.441,60.816,90.232],[25.4502,60.8156,79.8488],[25.4479,60.8022,80.9346],[25.4387,60.8025,97.2612],[25.4364,60.7891,84.4917],[25.4272,60.7895,83.5252],[25.4257,60.7805,81.3315],[25.4166,60.7809,97.2505],[25.415,60.7719,102.7265],[25.4059,60.7723,80.202],[25.4044,60.7634,88.568],[25.3952,60.7637,84.7493],[25.3937,60.7548,92.1652],[25.3295,60.7573,93.713],[25.3303,60.7618,98.3176],[25.3211,60.7622,84.1122],[25.3204,60.7577,85.1053],[25.3112,60.7581,88.7518],[25.3105,60.7536,90.703],[25.3013,60.754,94.7642],[25.302,60.7584,93.2421],[25.2929,60.7588,90.6283],[25.2943,60.7677,88.1245],[25.2852,60.7681,95.7415],[25.2867,60.777,82.7974],[25.2775,60.7774,84.0089],[25.278199999999998,60.7819,88.8014],[25.269,60.7822,91.8521],[25.2698,60.7867,89.7651],[25.2514,60.7874,107.4052],[25.2522,60.7919,86.5452],[25.243,60.7923,85.9322],[25.2437,60.7967,86.7613],[25.2346,60.7971,100.5327],[25.2353,60.8016,96.0916],[25.2261,60.8019,112.4517],[25.2268,60.806399999999996,96.2298],[25.2176,60.8068,84.3067],[25.2206,60.8247,102.139],[25.2114,60.825,108.0386],[25.2136,60.8384,94.5524],[25.1952,60.8391,90.0934],[25.1923,60.8212,98.7941],[25.1831,60.8216,91.684],[25.1824,60.8171,90.8337],[25.1089,60.8199,84.3383],[25.1067,60.8065,84.4414],[25.1159,60.8061,94.1538],[25.1152,60.8017,91.2854],[25.1244,60.8013,98.7524],[25.1237,60.7968,97.3254],[25.1329,60.7965,117.9325],[25.1321,60.792,104.4412],[25.1413,60.7917,120.0442],[25.1406,60.7872,115.7499],[25.1498,60.7868,116.8771],[25.149,60.7824,119.8118],[25.1582,60.782,122.2698],[25.1561,60.7686,107.1305],[25.1377,60.7693,78.896],[25.137,60.7648,83.4833],[25.1095,60.7659,83.7513],[25.1088,60.7614,83.3773],[25.0904,60.7621,86.6165],[25.089,60.7531,84.3146],[25.0798,60.7535,83.2756],[25.0777,60.74,87.2068],[25.0686,60.7404,93.4778],[25.0664,60.7269,111.0794],[25.0573,60.7273,94.5747],[25.0566,60.7228,130.1424],[25.0657,60.7225,114.5328],[25.0643,60.7135,98.5311],[25.0735,60.7132,109.686],[25.0749,60.7221,134.2938],[25.084,60.7218,90.4615],[25.0848,60.7262,95.4653],[25.0939,60.7259,92.5819],[25.0953,60.7349,103.0749],[25.1045,60.7345,82.2402],[25.1052,60.739,83.3029],[25.1144,60.7386,79.4764],[25.1158,60.7476,79.4202],[25.125,60.7472,80.0077],[25.1243,60.7428,89.3035],[25.1334,60.7424,83.1431],[25.1327,60.7379,86.6658],[25.1419,60.7376,93.2115],[25.1411,60.7331,91.0877],[25.1595,60.7324,102.8524],[25.1587,60.7279,98.1108],[25.1954,60.7265,102.7068],[25.1946,60.7221,109.5723],[25.1763,60.7228,108.337],[25.1756,60.7183,103.9004],[25.1481,60.7193,84.103],[25.1474,60.7149,84.1538],[25.1383,60.7152,81.7214],[25.1376,60.7107,78.1919],[25.1192,60.7114,86.8755],[25.1185,60.707,93.5514],[25.1094,60.7073,99.0358],[25.1087,60.7028,101.3153],[25.0904,60.7035,97.8431],[25.0882,60.6901,91.2018],[25.0974,60.6897,86.5169],[25.096,60.6808,98.475],[25.1051,60.6804,88.9534],[25.1037,60.6715,104.7011],[25.1128,60.6711,108.5323],[25.1114,60.6622,116.2932],[25.084,60.6632,103.2181],[25.0847,60.6677,100.5257],[25.0664,60.6684,102.8318],[25.0671,60.6729,99.3673],[25.058,60.6732,86.0],[25.0587,60.6777,107.3654],[25.0495,60.678,91.4254],[25.0502,60.6825,102.9997],[25.0045,60.6842,94.3395],[25.0038,60.6797,116.2789],[24.9672,60.6811,95.4638],[24.9665,60.6766,86.819],[24.9482,60.6773,88.9162],[24.9475,60.6728,87.9166],[24.9292,60.6735,100.7977],[24.9285,60.669,93.753],[24.9194,60.6693,116.1138],[24.9187,60.6649,100.8978],[24.9096,60.6652,126.4581],[24.9089,60.6607,126.6665],[24.8815,60.6617,143.2412],[24.8808,60.6572,139.406],[24.8351,60.6589,90.7658],[24.8364,60.6679,87.9071],[24.8181,60.6685,97.9542],[24.8188,60.673,86.3988],[24.8097,60.6733,103.2401],[24.809,60.6688,87.6403],[24.7998,60.6692,89.0354],[24.7992,60.6647,112.7657],[24.79,60.665,100.5187],[24.7893,60.6605,104.8071],[24.7802,60.6609,125.7227],[24.7795,60.6564,121.5399],[24.7704,60.6567,111.6358],[24.7697,60.6522,116.5139],[24.7514,60.6529,132.5059],[24.7508,60.6484,130.9312],[24.6777,60.651,114.3495],[24.6783,60.6554,129.3367],[24.6509,60.6564,119.7644],[24.6515,60.6609,108.1435],[24.6332,60.6615,103.0],[24.6339,60.666,103.0],[24.6156,60.6666,103.0],[24.6149,60.6621,103.0],[24.6058,60.6624,103.0],[24.6052,60.658,116.7863],[24.596,60.6583,128.0971],[24.5947,60.6493,138.9945],[24.5856,60.6496,139.3264],[24.5849,60.6451,128.6007],[24.5758,60.6455,127.5518],[24.5745,60.6365,113.3236],[24.5654,60.6368,121.0334],[24.5603,60.601,99.262],[24.5695,60.6007,95.0614],[24.5682,60.5917,137.5049],[24.5773,60.5914,130.1978],[24.5767,60.5869,107.8115],[24.5754,60.5779,87.9728],[24.5663,60.5783,96.2156],[24.565,60.5693,107.686],[24.5559,60.5696,117.623],[24.5546,60.5606,117.3734],[24.5364,60.5613,102.498],[24.5358,60.5568,112.0958],[24.4902,60.5583,140.4213],[24.4896,60.5538,136.1806],[24.444,60.5554,128.3083],[24.4434,60.5509,117.389],[24.4251,60.5515,105.9115],[24.4257,60.556,108.3092],[24.4166,60.5563,117.1905],[24.4178,60.5652,115.8978],[24.4087,60.5655,112.4478],[24.4093,60.57,115.3769],[24.4002,60.5703,111.6651],[24.402,60.5837,126.4523],[24.4112,60.5834,122.1694],[24.4124,60.5924,124.3046],[24.4033,60.5927,126.5315],[24.4039,60.5972,123.3049],[24.3947,60.5975,118.2199],[24.3954,60.602,141.2727],[24.3771,60.6026,141.5045],[24.3777,60.607,130.8847],[24.3594,60.6076,135.2564],[24.3601,60.6121,135.5225],[24.3509,60.6124,149.0335],[24.3503,60.6079,133.9754],[24.3412,60.6082,148.1622],[24.3406,60.6037,138.3093],[24.3314,60.604,144.3472],[24.3308,60.5996,130.2508],[24.3217,60.5998,133.0054],[24.3205,60.5909,135.9212],[24.3114,60.5912,118.6887],[24.3108,60.5867,134.6859],[24.3016,60.587,107.1173],[24.2999,60.5735,131.438],[24.309,60.5732,133.7805],[24.3084,60.5688,118.1157],[24.2902,60.5694,107.9587],[24.2895,60.5649,95.098],[24.2804,60.5652,93.6319],[24.2816,60.5741,134.0632],[24.2725,60.5744,109.8443],[24.2731,60.5789,124.8029],[24.264,60.5792,148.553],[24.2645,60.5837,116.265],[24.2554,60.584,134.3738],[24.256,60.5884,115.4771],[24.2469,60.5887,125.0113],[24.2475,60.5932,104.7496],[24.2383,60.5935,118.4375],[24.2413,60.6159,120.7959],[24.2321,60.6162,136.2664],[24.2327,60.6207,124.8339],[24.1962,60.6218,124.6718],[24.1968,60.6263,134.3507],[24.1602,60.6274,148.0266],[24.1596,60.623,153.6753],[24.1231,60.6241,121.5432],[24.1236,60.6286,123.8131],[24.0779,60.63,147.5047],[24.0785,60.6344,127.2759],[24.0602,60.635,111.0],[24.0608,60.6395,111.0],[24.0516,60.6398,111.0],[24.0522,60.6442,118.6875],[24.0065,60.6456,121.9965],[24.0059,60.6411,127.8267],[23.9876,60.6417,128.315],[23.9871,60.6372,131.7518],[23.9688,60.6377,116.0463],[23.9693,60.6422,138.0254],[23.951,60.6427,115.8998],[23.9516,60.6472,133.2165],[23.9333,60.6478,114.148],[23.9338,60.6522,136.7751],[23.9064,60.653,107.5],[23.9059,60.6486,118.644],[23.8967,60.6488,107.5],[23.8956,60.6399,125.6668],[23.8865,60.6401,114.3807],[23.8854,60.6312,126.2184],[23.8763,60.6314,111.0],[23.8746,60.618,155.6047],[23.8838,60.6177,128.2134],[23.8832,60.6132,141.0606],[23.9015,60.6127,120.6191],[23.901,60.6082,117.5],[23.9192,60.6077,122.7701],[23.9171,60.5898,121.4058],[23.9079,60.59,131.7806],[23.9069,60.5811,130.8553],[23.8977,60.5813,121.5822],[23.8972,60.5768,129.5868],[23.8881,60.5771,126.7072],[23.8859,60.5592,125.0],[23.8677,60.5597,110.0634],[23.8671,60.5552,89.0],[23.8489,60.5557,89.0],[23.8478,60.5468,105.1322],[23.8569,60.5465,114.5118],[23.8553,60.5331,93.0512],[23.8644,60.5328,105.9894],[23.8628,60.5193,123.7733],[23.872,60.5191,119.1437],[23.8698,60.5012,122.0517],[23.8607,60.5014,124.0284],[23.8602,60.4969,127.0521],[23.8329,60.4977,96.3359],[23.8323,60.4932,76.5721],[23.7777,60.4948,85.7246],[23.7772,60.4903,83.634],[23.7407,60.4913,121.3167],[23.7402,60.4868,127.8873],[23.7311,60.4871,120.2006],[23.7306,60.4826,118.5315],[23.7215,60.4829,129.738],[23.7205,60.4739,124.2567],[23.7114,60.4741,129.7415],[23.7093,60.4562,144.1269],[23.7002,60.4565,128.3653],[23.6997,60.452,120.7413],[23.7907,60.4494,87.946],[23.7886,60.4315,87.4995],[23.7976,60.4312,75.9077],[23.7966,60.4223,91.4056],[23.7875,60.4225,73.3894],[23.7865,60.4136,90.1764],[23.7844,60.3956,103.1111],[23.7935,60.3954,88.2888],[23.7924,60.3864,67.5394],[23.7834,60.3867,66.7021],[23.7828,60.3822,86.7052],[23.7738,60.3824,84.4475],[23.7732,60.3779,91.0592],[23.7642,60.3782,96.1881],[23.7636,60.3737,119.3551],[23.7546,60.374,70.7203],[23.754,60.3695,103.5096],[23.7268,60.3703,66.5],[23.7253,60.3568,57.0],[23.7344,60.3566,57.0],[23.7287,60.3072,57.0],[23.7197,60.3075,88.81],[23.7192,60.303,57.0],[23.7101,60.3033,57.0],[23.7096,60.2988,78.1274],[23.7006,60.299,73.7825],[23.7,60.2945,100.6863],[23.6819,60.295,83.3996],[23.6824,60.2995,92.9202],[23.6643,60.3,58.6662],[23.6638,60.2955,57.0],[23.6548,60.2958,80.8317],[23.6543,60.2913,64.3059],[23.6452,60.2915,57.0],[23.6447,60.2871,59.2855],[23.6357,60.2873,80.9204],[23.6347,60.2784,71.8904],[23.6256,60.2786,79.4678],[23.6251,60.2741,74.9757],[23.6241,60.2651,84.0394],[23.6332,60.2649,88.8344],[23.6327,60.2604,51.5],[23.6146,60.2609,57.3574],[23.6151,60.2654,96.4366],[23.597,60.2659,30.8322],[23.5965,60.2614,31.2805],[23.5875,60.2616,30.6701],[23.587,60.2571,29.1243],[23.596,60.2569,46.3171],[23.5955,60.2524,38.8133],[23.6136,60.2519,79.7208],[23.6131,60.2475,68.1239],[23.6222,60.2472,78.7616],[23.6217,60.2427,73.0956],[23.6397,60.2422,68.5359],[23.6382,60.2288,72.0249],[23.6473,60.2285,83.9108],[23.6448,60.2061,56.2518],[23.6538,60.2059,78.5455],[23.6533,60.2014,86.633],[23.6443,60.2016,85.9723],[23.6438,60.1971,69.6389],[23.6257,60.1976,50.6446],[23.6252,60.1931,40.5],[23.5982,60.1939,40.5],[23.5987,60.1984,40.5],[23.5626,60.1993,40.5],[23.563,60.2038,54.057],[23.554,60.2041,40.5],[23.5535,60.1996,62.3775],[23.5355,60.2001,62.6141],[23.535,60.1956,71.6295],[23.526,60.1958,72.9741],[23.5255,60.1913,84.9793],[23.5165,60.1916,73.6392],[23.516,60.1871,83.8037],[23.507,60.1873,75.6333],[23.5065,60.1828,73.5692],[23.4975,60.1831,50.3051],[23.497,60.1786,71.6523],[23.488,60.1788,72.6649],[23.4875,60.1744,78.8911],[23.4695,60.1748,33.5],[23.469,60.1703,64.2852],[23.4419,60.171,37.9902],[23.4415,60.1665,46.7521],[23.3783,60.1682,77.0079],[23.3774,60.1592,55.3998],[23.3684,60.1594,43.3536],[23.3675,60.1505,57.6876],[23.3585,60.1507,52.8753],[23.3589,60.1552,48.1304],[23.3499,60.1554,70.3245],[23.3504,60.1599,50.2881],[23.3413,60.1601,42.2529],[23.3418,60.1646,58.2251],[23.3238,60.1651,42.6352],[23.3242,60.1695,34.7234],[23.3152,60.1698,33.4569],[23.3161,60.1787,28.9168],[23.3251,60.1785,49.1281],[23.3261,60.1875,33.8516],[23.299,60.1882,29.5573],[23.2985,60.1837,52.7751],[23.2895,60.1839,29.9564],[23.2886,60.1749,55.2732],[23.2796,60.1751,22.7361],[23.2773,60.1527,21.826],[23.2683,60.1529,15.4069],[23.2679,60.1485,22.983],[23.2589,60.1487,17.0462],[23.2584,60.1442,54.2966],[23.2494,60.1444,29.7874],[23.249,60.1399,48.5411],[23.24,60.1402,49.178],[23.2395,60.1357,50.4411],[23.2215,60.1361,30.3933],[23.2211,60.1316,53.0278],[23.212,60.1318,24.2706],[23.2116,60.1274,75.3326],[23.2026,60.1276,79.3733],[23.2022,60.1231,63.7187],[23.1932,60.1233,61.3621],[23.1927,60.1188,39.7672],[23.1837,60.119,50.118],[23.1833,60.1145,41.3338],[23.1743,60.1148,30.9366],[23.1738,60.1103,35.6809],[23.1648,60.1105,43.8635],[23.1644,60.106,15.0],[23.1554,60.1062,15.0],[23.155,60.1017,15.0],[23.146,60.102,32.7339],[23.1456,60.0975,19.3452],[23.1095,60.0983,56.7994],[23.1091,60.0938,50.8082],[23.0821,60.0945,57.6575],[23.0817,60.09,61.1774],[23.0457,60.0908,68.8745],[23.0461,60.0953,51.0575],[23.0371,60.0955,47.4501],[23.0375,60.1,36.587],[23.0285,60.1002,20.1049],[23.0287,60.1015,7.1116],[23.0167,60.0979,39.2735],[23.0047,60.0974,25.2243],[23.0109,60.0922,6.9075],[23.0203,60.0911,11.5859],[23.0203,60.088,30.4534],[23.0182,60.0859,24.5363],[22.9979,60.0854,13.6262],[22.9938,60.0833,26.4791],[22.9896,60.0854,18.5428],[22.988,60.0849,18.5008],[22.9891,60.0818,2.8474],[22.9859,60.0807,0.0],[22.987,60.0776,0.0],[22.9859,60.0755,0.0],[22.9901,60.0734,17.7686],[22.9911,60.0714,32.7181],[22.9901,60.0693,0.0],[22.9964,60.0651,0.0],[23.0042,60.0625,0.0],[23.0125,60.0625,2.1363],[23.0187,60.0667,2.369],[23.0375,60.0687,0.0],[23.0432,60.063,0.8079],[23.0375,60.0625,9.5302],[23.0333,60.0646,0.0],[23.0318,60.0641,0.0],[23.0318,60.0609,0.0],[23.0438,60.0604,0.0],[23.05,60.0563,27.0011],[23.0646,60.0563,25.0048],[23.0703,60.0536,9.0449],[23.0688,60.0521,15.1565],[23.0625,60.0521,0.0],[23.0547,60.0495,37.987],[23.0547,60.0464,37.8519],[23.0625,60.0438,13.5459],[23.075,60.0458,0.0],[23.0792,60.0438,0.0],[23.0896,60.0438,28.0109],[23.0938,60.0396,0.0],[23.1036,60.0401,0.0],[23.1068,60.0453,0.0],[23.1141,60.0505,28.3008],[23.1125,60.0521,16.271],[23.1083,60.05,0.0],[23.1026,60.0505,14.6062],[23.1047,60.0536,0.0],[23.1099,60.0547,0.0],[23.1109,60.0578,6.283],[23.1224,60.0609,18.6296],[23.1234,60.0641,20.06],[23.1313,60.0667,-0.0992],[23.1415,60.0658,0.0],[23.1437,60.0625,0.2176],[23.1401,60.0578,19.8881],[23.1417,60.0563,0.0],[23.1458,60.0583,1.8799],[23.1536,60.0589,0.0],[23.1526,60.0641,0.0],[23.1641,60.0672,0.0],[23.1708,60.0708,15.5486],[23.175,60.0687,0.0],[23.1833,60.0687,0.0],[23.1875,60.0708,23.1331],[23.1917,60.0708,23.3436],[23.1958,60.0687,0.0],[23.2062,60.0687,0.0],[23.2104,60.0708,37.334],[23.2146,60.0687,0.0],[23.225,60.0687,0.0],[23.2328,60.0661,0.0],[23.2375,60.0625,0.0],[23.2417,60.0625,0.0],[23.2458,60.0646,31.0719],[23.2542,60.0646,19.7483],[23.2641,60.062,6.8559],[23.2625,60.0604,22.9156],[23.2563,60.0604,4.0165],[23.2484,60.0578,13.4024],[23.2458,60.0542,21.6614],[23.2396,60.0542,0.0],[23.2318,60.0516,0.0],[23.2286,60.0464,11.5065],[23.2234,60.0453,0.0],[23.225,60.0417,0.0],[23.2224,60.038,0.0],[23.2151,60.038,2.2358],[23.2161,60.0411,0.0],[23.213,60.0432,0.0],[23.2172,60.0474,0.0],[23.2224,60.0484,0.0],[23.2276,60.0578,18.5406],[23.2328,60.0589,2.2389],[23.2307,60.062,0.0],[23.2208,60.0646,15.9291],[23.2125,60.0604,23.014],[23.2083,60.0646,14.091],[23.2042,60.0625,0.0],[23.2,60.0625,0.0],[23.1958,60.0646,0.0],[23.1917,60.0625,3.8661],[23.1875,60.0625,7.9838],[23.1833,60.0646,0.0],[23.175,60.0646,0.0],[23.1708,60.0625,37.2827],[23.1667,60.0625,7.8774],[23.1589,60.0599,0.0],[23.1536,60.0526,13.7107],[23.1354,60.05,1.1736],[23.1193,60.0453,18.0871],[23.1151,60.038,0.0],[23.1203,60.0339,40.094],[23.1141,60.0276,0.0],[23.1068,60.0266,0.0],[23.0984,60.0224,0.0],[23.1,60.0208,7.4044],[23.1104,60.025,23.6667],[23.1141,60.0224,15.5768],[23.113,60.0172,0.0],[23.1146,60.0146,29.5614],[23.113,60.0109,0.0],[23.1141,60.0089,17.1375],[23.1083,60.0083,0.0],[23.0974,60.0161,13.1408],[23.0901,60.0151,0.0],[23.0984,60.0266,0.0],[23.1078,60.0297,4.3326],[23.1099,60.0318,0.0],[23.1078,60.0349,6.03],[23.1036,60.037,8.3069],[23.0875,60.0375,7.6697],[23.0729,60.0417,0.0],[23.0521,60.0417,27.9266],[23.0375,60.0458,27.2112],[23.0292,60.0458,0.0],[23.025,60.0438,14.623],[23.0234,60.0443,14.623],[23.0245,60.0474,16.9487],[23.0229,60.0479,20.8404],[23.0021,60.0396,20.5592],[22.9943,60.0391,13.3562],[22.9896,60.0333,13.9668],[22.9901,60.0318,3.067],[22.9953,60.0297,0.0],[22.9901,60.0276,0.0],[22.9932,60.0266,16.89],[22.9984,60.0214,19.5131],[23.0042,60.0208,7.5693],[23.0078,60.0182,23.1637],[23.0068,60.0151,7.1985],[23.0099,60.013,19.8823],[23.0068,60.0089,8.672],[23.0109,60.0026,3.9487],[23.0245,60.0012,10.4361],[23.0252,60.0,34.1752],[23.0219,59.999,11.272],[23.0264,59.9954,7.3747],[23.0225,59.991,0.816],[23.0292,59.9896,0.0],[23.0297,59.9868,14.6812],[23.0203,59.9846,2.4925],[23.0142,59.9915,8.8553],[23.008,59.9907,0.0],[23.0103,59.9885,7.6843],[23.0025,59.9865,2.5645],[23.0058,59.984,2.8931],[23.0053,59.9815,0.3012],[23.0069,59.9801,9.3935],[23.0008,59.9793,1.1356],[23.0008,59.9765,9.9],[22.9981,59.9782,0.0],[22.9869,59.9774,0.4442],[22.9869,59.976,5.7091],[22.9836,59.9757,0.152],[22.9836,59.9712,2.11],[22.9819,59.9707,0.8767],[22.9747,59.9715,3.5603],[22.973,59.9738,1.0587],[22.9742,59.9771,0.0],[22.9708,59.9776,0.0],[22.9686,59.9804,4.4914],[22.9514,59.9801,7.5473],[22.9514,59.9818,0.0],[22.9581,59.9843,0.0],[22.9514,59.9851,4.1218],[22.9553,59.9865,0.0],[22.9558,59.989,1.1358],[22.9558,59.9904,1.1358],[22.9519,59.9924,0.0],[22.9436,59.9932,2.0269],[22.9397,59.9912,0.0],[22.9342,59.9932,4.0723],[22.9297,59.9915,9.3021],[22.9119,59.9926,0.0],[22.9114,59.9901,4.6396],[22.9069,59.9893,0.0],[22.9064,59.9876,0.0],[22.9097,59.9832,0.0],[22.9081,59.9804,0.0],[22.9114,59.9793,1.5311],[22.9108,59.9771,0.0],[22.9119,59.9768,7.7637],[22.9075,59.976,0.0],[22.9075,59.9743,0.0],[22.9053,59.9743,0.0],[22.9036,59.9788,0.0],[22.8997,59.9804,2.3538],[22.8964,59.9801,0.0],[22.8942,59.9771,2.844],[22.8781,59.9801,10.6624],[22.8669,59.9735,16.4781],[22.8592,59.9721,0.8918],[22.8575,59.9701,0.0],[22.8575,59.9668,7.9401],[22.8531,59.9665,9.2284],[22.8503,59.9676,1.4444],[22.8497,59.9743,14.7709],[22.8525,59.979,0.0],[22.8553,59.9799,0.0],[22.8569,59.9824,0.0],[22.8453,59.9799,13.2577],[22.8381,59.9807,3.0837],[22.8447,59.9821,0.0],[22.8419,59.9843,0.0],[22.8308,59.9835,18.4383],[22.8375,59.9876,7.7426],[22.8536,59.9882,0.0],[22.8531,59.9912,0.0],[22.8469,59.9907,0.0],[22.8347,59.9946,3.1401],[22.8473,59.995,0.0],[22.8341,59.9967,0.0],[22.8392,60.0014,0.0],[22.8292,60.0014,5.1263],[22.8349,60.0026,17.8165],[22.838,60.0078,0.0],[22.8432,60.0089,0.0],[22.838,60.012,0.0],[22.8411,60.013,5.8774],[22.8432,60.0161,8.2696],[22.8354,60.0187,12.4789],[22.8188,60.0187,22.3202],[22.8109,60.0161,10.1408],[22.8167,60.0062,29.9769],[22.8151,60.0026,13.6161],[22.8198,60.0,19.4186],[22.8164,60.0,0.0],[22.8164,59.9987,5.5914],[22.8114,59.9971,0.0],[22.8147,59.989,0.0],[22.8108,59.9863,0.0],[22.8147,59.979,0.0],[22.8231,59.9785,0.0],[22.8219,59.9746,3.7459],[22.8258,59.9726,1.363],[22.8258,59.9699,0.0],[22.8303,59.9649,0.0],[22.8358,59.9632,0.0],[22.8392,59.966,7.8472],[22.8425,59.9638,10.906],[22.8592,59.9599,3.3007],[22.8597,59.9562,1.3431],[22.8619,59.9557,1.3431],[22.8636,59.9526,0.0],[22.8686,59.9515,0.0],[22.8692,59.9496,7.8903],[22.8642,59.9476,0.0],[22.8625,59.9451,5.8994],[22.8508,59.9424,0.0],[22.8575,59.9421,8.0506],[22.8619,59.9396,0.0],[22.8614,59.9374,0.0],[22.8642,59.9349,0.0],[22.8642,59.9318,0.0],[22.8742,59.9282,0.0],[22.8736,59.9254,0.0],[22.8764,59.924,3.8033],[22.8781,59.9201,0.0],[22.8875,59.9151,0.0],[22.8942,59.9157,9.3782],[22.9058,59.9113,0.0],[22.9069,59.9157,3.047],[22.9142,59.9151,8.3341],[22.9142,59.9115,0.0],[22.9258,59.9135,0.0],[22.9297,59.909,3.1613],[22.9431,59.9079,0.996],[22.9431,59.906,1.487],[22.9392,59.9038,0.9987],[22.9397,59.9026,0.0],[22.9486,59.9032,0.0],[22.9492,59.9054,0.0],[22.9547,59.9068,0.0],[22.9619,59.906,8.516],[22.9569,59.9035,0.0],[22.9597,59.9021,6.4345],[22.9636,59.904,1.2144],[22.9703,59.9035,0.0],[22.9736,59.9051,0.0],[22.9681,59.906,0.0],[22.9708,59.9104,0.0],[22.9747,59.9099,0.7446],[22.9764,59.9076,0.0],[22.9808,59.9079,0.0],[22.9797,59.9104,5.0079],[22.9753,59.9126,0.0],[22.9642,59.9151,3.3218],[22.9619,59.9151,5.5094],[22.9608,59.9126,0.955],[22.9586,59.914,0.0],[22.9547,59.9104,11.8792],[22.9458,59.911,3.4641],[22.9508,59.9113,0.0],[22.9586,59.9149,0.0],[22.9569,59.9157,11.8424],[22.9569,59.9182,8.3772],[22.9603,59.921,5.2248],[22.9692,59.9188,6.0826],[22.9697,59.9168,0.0],[22.9736,59.9171,3.2134],[22.9747,59.919,0.0],[22.9736,59.921,3.3942],[22.9758,59.9215,0.0],[22.9758,59.9229,2.2878],[22.9836,59.9226,2.6235],[22.9836,59.9246,1.8308],[22.9814,59.9263,4.6576],[22.9847,59.9257,10.584],[22.9853,59.9232,0.0],[22.9914,59.9229,3.3976],[22.9931,59.9215,5.4724],[22.9842,59.9207,0.0],[22.982,59.9218,6.521],[22.9769,59.9201,0.0],[22.9897,59.9193,0.7935],[22.9958,59.9212,3.2407],[22.9975,59.9188,5.1866],[23.0031,59.9168,2.0057],[23.0042,59.9135,1.9996],[23.0075,59.9137,0.0],[23.0092,59.9157,0.0],[23.0086,59.9176,1.5581],[23.0036,59.9204,13.1745],[23.0025,59.9238,0.0],[22.9992,59.9243,13.0339],[22.9981,59.929,0.0],[22.9953,59.9313,0.0],[22.9875,59.9329,0.0],[22.9869,59.9304,8.9936],[22.9847,59.9301,7.2564],[22.9842,59.9318,0.0],[22.9858,59.9321,1.5297],[22.9864,59.9346,0.0],[22.9803,59.9351,12.1207],[22.9719,59.9349,6.5813],[22.9669,59.9321,0.0],[22.963,59.9332,0.9141],[22.9647,59.9379,0.4001],[22.9697,59.939,0.0],[22.9708,59.9418,0.3346],[22.9681,59.9424,2.8108],[22.9681,59.9476,0.1879],[22.9719,59.951,2.3099],[22.9781,59.9526,0.9286],[22.9797,59.9507,0.0],[22.9797,59.9482,0.3648],[22.9758,59.9443,0.0],[22.9797,59.9437,0.826],[22.9775,59.9426,0.0],[22.9775,59.9404,5.9252],[22.9742,59.939,5.9252],[22.9742,59.9374,10.3852],[22.9764,59.9365,0.0],[22.9847,59.9379,7.2444],[22.9947,59.9357,0.6862],[22.9975,59.939,3.1325],[23.0014,59.9407,2.7603],[23.0025,59.9401,14.2743],[23.0014,59.9385,0.0],[23.0058,59.9376,1.0062],[23.0125,59.9393,16.6084],[23.0142,59.9426,13.0044],[23.0208,59.9413,5.4307],[23.0214,59.9388,14.7901],[23.0153,59.9385,2.1025],[23.0131,59.9368,9.5174],[23.0047,59.9374,1.0062],[23.0019,59.9351,0.0],[23.0064,59.931,1.2226],[23.0114,59.931,3.6109],[23.0131,59.9335,2.2555],[23.0131,59.931,4.3661],[23.0092,59.9287,1.4053],[23.0136,59.9271,4.4353],[23.0153,59.9251,5.0348],[23.0147,59.9232,0.0],[23.0203,59.9215,0.0],[23.0253,59.9221,8.3349],[23.0264,59.9171,0.4792],[23.0253,59.916,0.6278],[23.0264,59.9154,5.5102],[23.0231,59.9118,0.0],[23.0264,59.9101,10.5668],[23.0192,59.9115,4.0595],[23.0169,59.909,8.6039],[23.0119,59.9082,0.0],[23.0103,59.9001,0.0],[23.0164,59.8988,4.8155],[23.0169,59.9018,0.0],[23.023,59.9024,0.8437],[23.0242,59.9038,14.6141],[23.0286,59.9029,1.453],[23.0297,59.906,0.0],[23.0281,59.909,2.2902],[23.0303,59.9104,0.0],[23.0286,59.9113,9.4806],[23.0286,59.9132,5.6094],[23.0331,59.9137,0.0],[23.0353,59.919,9.5645],[23.0369,59.9168,0.0],[23.0447,59.9188,8.8921],[23.0453,59.9157,1.7078],[23.0581,59.9199,0.7559],[23.0614,59.9179,0.0],[23.0642,59.9185,0.0],[23.0686,59.9232,1.633],[23.0708,59.9313,0.0],[23.0669,59.9321,0.0],[23.0658,59.9304,14.1848],[23.0642,59.9321,14.9876],[23.0686,59.9354,0.6664],[23.0692,59.9374,2.7711],[23.0675,59.9388,4.9799],[23.0703,59.9385,2.7711],[23.0703,59.9401,4.9799],[23.0642,59.9413,8.2139],[23.0636,59.9432,4.7861],[23.0697,59.9418,0.0],[23.0781,59.9426,0.0],[23.0775,59.9449,0.2357],[23.0842,59.9471,16.9553],[23.0886,59.9507,4.0396],[23.0886,59.9543,2.5939],[23.0847,59.9568,14.7456],[23.0903,59.9576,1.3074],[23.0942,59.9613,1.5407],[23.0925,59.9629,0.0],[23.0842,59.9632,4.0504],[23.0814,59.9604,23.1036],[23.0769,59.9593,5.5699],[23.0786,59.9576,2.7091],[23.0719,59.9576,0.0],[23.0642,59.9546,10.4676],[23.0714,59.9599,9.4717],[23.0686,59.9626,2.0599],[23.0742,59.9649,1.3339],[23.0742,59.9685,2.2203],[23.0708,59.9676,2.0477],[23.0686,59.969,12.4858],[23.0725,59.9726,0.0],[23.0708,59.9754,5.2671],[23.0786,59.9779,5.3128],[23.0781,59.9801,3.3376],[23.0731,59.9815,7.2093],[23.0769,59.9821,0.0],[23.0769,59.984,0.0],[23.0719,59.9846,0.0],[23.0686,59.9824,0.0],[23.0614,59.9837,0.0],[23.0536,59.981,0.0],[23.0542,59.9796,19.8162],[23.0525,59.9785,8.1032],[23.0436,59.9782,13.9944],[23.0319,59.9799,1.5968],[23.0303,59.9815,1.857],[23.0308,59.9846,2.2903],[23.0375,59.9888,3.1154],[23.0408,59.9888,9.6273],[23.0486,59.9876,3.1674],[23.0486,59.9857,0.0],[23.0508,59.9846,1.6269],[23.0553,59.9843,0.2585],[23.0603,59.9863,0.0],[23.0586,59.9885,6.2394],[23.0536,59.9882,4.0002],[23.0564,59.9901,0.0],[23.0658,59.9882,0.0],[23.0725,59.9932,0.0],[23.0808,59.9949,0.0],[23.0911,60.0021,28.7666],[23.0974,60.0026,0.0],[23.1021,60.0062,17.5276],[23.1104,60.0062,35.0867],[23.1146,60.0042,0.0],[23.1188,60.0042,0.0],[23.1229,60.0062,0.0],[23.1354,60.0062,0.0],[23.1411,60.0078,0.0],[23.1411,60.0047,0.0],[23.1333,60.0042,0.0],[23.1292,60.0021,0.0],[23.1188,60.0021,0.0],[23.1147,59.9979,3.0628],[23.1119,59.9979,0.465],[23.1164,59.996,2.2365],[23.1131,59.9954,4.4649],[23.1119,59.9932,5.3655],[23.1131,59.9915,11.1444],[23.1108,59.9893,0.0],[23.1158,59.9896,2.7768],[23.1092,59.9876,0.0],[23.1081,59.9854,0.0],[23.1092,59.9837,3.8401],[23.1064,59.9835,0.0],[23.1092,59.9793,0.0],[23.1008,59.9699,0.0],[23.1019,59.9651,13.0843],[23.1008,59.9626,0.0448],[23.1019,59.9624,11.2484],[23.1003,59.9607,1.5509],[23.1014,59.959,11.416],[23.0964,59.9562,0.0],[23.0975,59.949,4.9238],[23.0953,59.9476,1.1598],[23.0981,59.9443,3.1155],[23.1103,59.9449,7.2002],[23.1036,59.9429,0.0],[23.1036,59.9418,8.9696],[23.0958,59.9418,6.1778],[23.0942,59.9404,0.0],[23.0953,59.9382,0.0],[23.1036,59.9371,10.0373],[23.1053,59.9376,10.0373],[23.1053,59.9407,8.9696],[23.1125,59.9426,1.601],[23.1231,59.941,4.6016],[23.1331,59.9457,0.4327],[23.1364,59.9504,0.0],[23.1336,59.9515,11.1934],[23.1347,59.9551,0.0],[23.1314,59.9585,10.6407],[23.1358,59.9637,3.0555],[23.1536,59.9668,0.0734],[23.1575,59.9657,7.0911],[23.1553,59.9624,0.0],[23.1647,59.9579,0.0374],[23.1675,59.9504,11.2888],[23.1664,59.9499,11.349],[23.1614,59.9529,0.0],[23.1564,59.9529,0.0],[23.1558,59.9493,0.7123],[23.1531,59.9488,0.0],[23.1553,59.946,1.5176],[23.1697,59.9443,0.725],[23.1725,59.946,4.4445],[23.1814,59.9465,0.0],[23.1875,59.9507,16.8288],[23.1869,59.9546,7.3764],[23.1892,59.9565,5.2313],[23.1847,59.9588,0.0],[23.1803,59.9588,1.1285],[23.1825,59.9635,0.0],[23.1786,59.969,4.6108],[23.1797,59.9726,1.1954],[23.1942,59.9763,6.5346],[23.1981,59.9746,3.9915],[23.2042,59.9632,1.5336],[23.2108,59.9593,0.0],[23.2186,59.9588,4.0252],[23.2142,59.9574,0.0],[23.2153,59.9551,7.2893],[23.2075,59.9521,0.5042],[23.1992,59.9512,0.0],[23.1992,59.9482,2.665],[23.1969,59.9471,2.665],[23.1908,59.9479,2.4557],[23.1903,59.9454,8.0071],[23.1858,59.9432,6.9216],[23.1814,59.9435,2.4183],[23.1747,59.9407,0.0],[23.1625,59.9415,8.5739],[23.1592,59.9388,4.9558],[23.1547,59.9388,0.0],[23.1564,59.9368,8.8639],[23.1531,59.9371,0.0],[23.1519,59.936,3.78],[23.1531,59.9351,9.8153],[23.1508,59.9343,1.0568],[23.1497,59.9349,1.0568],[23.1525,59.939,2.1739],[23.1431,59.9388,0.0],[23.1469,59.934,6.9592],[23.1492,59.934,1.0568],[23.1458,59.9321,0.0],[23.1464,59.929,0.0],[23.1436,59.9276,0.0],[23.1453,59.9243,4.5748],[23.1436,59.9224,0.0],[23.1525,59.9224,4.0837],[23.1497,59.9212,3.124],[23.1492,59.9193,9.2742],[23.1547,59.9151,0.0],[23.1553,59.9168,2.8493],[23.1536,59.9185,3.2353],[23.1564,59.9185,0.0],[23.1558,59.9212,3.166],[23.1586,59.9215,0.908],[23.1586,59.9235,4.4311],[23.1619,59.9218,5.773],[23.1642,59.9174,1.4796],[23.1708,59.9182,1.6668],[23.1625,59.9124,6.68],[23.1558,59.9118,0.0],[23.1581,59.9104,10.9337],[23.1525,59.9107,10.8947],[23.1475,59.9132,8.0534],[23.1458,59.9129,1.352],[23.1453,59.9101,0.0],[23.1575,59.9065,0.0],[23.1681,59.9101,1.6137],[23.1714,59.9096,0.0],[23.1731,59.9121,4.6049],[23.1797,59.9154,0.0],[23.1858,59.9162,2.6303],[23.1953,59.9207,10.3114],[23.1964,59.9201,23.6109],[23.1919,59.9171,7.2361],[23.1875,59.9162,2.6303],[23.1875,59.9149,0.0],[23.1925,59.916,6.3529],[23.1931,59.9137,0.0],[23.1964,59.9151,13.3857],[23.1975,59.9135,0.0],[23.2025,59.9132,8.7778],[23.2069,59.911,21.0195],[23.1892,59.9115,0.0],[23.1842,59.9079,7.4593],[23.1831,59.9096,0.6392],[23.1797,59.9096,0.0],[23.1792,59.9079,6.206],[23.1708,59.9082,1.9921],[23.1675,59.9054,0.0],[23.1731,59.9032,8.0949],[23.1608,59.9018,0.0],[23.1652,59.8993,4.5996],[23.1664,59.8943,0.0],[23.1692,59.8918,19.8789],[23.1603,59.8893,1.5193],[23.1569,59.8865,13.8511],[23.1419,59.8871,2.0588],[23.1386,59.889,0.0],[23.1303,59.8868,8.5872],[23.1231,59.8882,1.3193],[23.1142,59.8871,0.0],[23.1086,59.889,0.0],[23.1019,59.8874,0.0],[23.0992,59.8857,0.2534],[23.0992,59.8838,5.3735],[23.0958,59.8826,4.9137],[23.0792,59.8821,2.9111],[23.0881,59.8857,1.4279],[23.0881,59.8879,0.0],[23.0853,59.8901,4.0876],[23.0992,59.8901,0.0],[23.0997,59.8913,0.3858],[23.0792,59.8935,8.6764],[23.0736,59.8918,0.0],[23.0792,59.8904,18.2603],[23.0642,59.8899,0.0],[23.0642,59.8865,2.3065],[23.0692,59.8863,8.0972],[23.0664,59.8843,9.2068],[23.0664,59.8826,6.6202],[23.0747,59.8815,6.9116],[23.0731,59.8799,8.4971],[23.0631,59.8812,1.5666],[23.0631,59.8801,0.0],[23.0692,59.8785,4.173],[23.0647,59.8774,2.1963],[23.0714,59.8754,0.0],[23.0708,59.8732,1.4242],[23.0669,59.8713,7.9899],[23.0525,59.8713,1.3957],[23.0519,59.8671,4.6712],[23.0475,59.8654,11.6203],[23.0253,59.8662,0.0],[23.0247,59.8618,5.7693],[23.0147,59.861,0.0],[23.0131,59.8599,0.906],[23.0142,59.8574,0.0],[23.0131,59.8563,5.736],[23.0008,59.8565,3.1278],[22.9953,59.8501,8.8052],[22.9814,59.846,4.82],[22.9764,59.8468,13.1912],[22.9731,59.8501,2.5354],[22.9653,59.8507,0.4569],[22.9642,59.8488,1.1963],[22.9653,59.8471,1.4215],[22.9631,59.8468,1.7234],[22.9619,59.8449,9.8339],[22.9453,59.8426,2.1808],[22.9458,59.844,2.3445],[22.9508,59.8443,0.0],[22.9508,59.8482,0.0],[22.9458,59.8499,0.0],[22.9403,59.8479,0.0],[22.9403,59.8465,0.0],[22.9436,59.8454,13.2468],[22.9353,59.846,0.0],[22.9331,59.8435,4.338],[22.9286,59.8435,3.408],[22.9292,59.8413,0.0],[22.9342,59.8413,0.0],[22.9303,59.8382,12.0257],[22.9258,59.8399,2.0561],[22.9186,59.839,0.0],[22.9208,59.8371,2.2201],[22.9264,59.8379,2.5891],[22.9308,59.8349,2.991],[22.9258,59.8365,0.8998],[22.9186,59.8357,0.0],[22.9186,59.834,0.0],[22.9253,59.8315,2.908],[22.9236,59.831,0.0],[22.9247,59.8288,4.176],[22.9231,59.8268,2.6442],[22.9181,59.8243,0.0],[22.9019,59.8215,1.6226],[22.9014,59.8199,0.0],[22.9036,59.8185,3.2471],[22.9003,59.8185,1.1128],[22.8964,59.8126,0.0],[22.8903,59.8126,0.19],[22.8897,59.8112,0.803],[22.8925,59.8082,0.0],[22.8997,59.8099,0.0],[22.8992,59.8079,0.0],[22.9019,59.8079,0.0],[22.9069,59.8104,0.0],[22.9092,59.8082,0.0],[22.9153,59.8076,0.0],[22.9181,59.8085,0.0],[22.9181,59.8099,0.0],[22.9169,59.8126,0.0],[22.9136,59.8126,0.4156],[22.9131,59.8146,1.3045],[22.9264,59.8229,0.0],[22.9342,59.8238,7.4951],[22.9469,59.8229,0.0],[22.9475,59.8213,0.0],[22.9536,59.8221,4.5167],[22.9519,59.8204,0.3557],[22.9447,59.8204,0.0],[22.9442,59.8185,0.0],[22.9553,59.8196,0.4681],[22.9636,59.8179,0.1402],[22.9653,59.8201,0.0],[22.9681,59.8185,0.0],[22.9719,59.8193,0.0],[22.9719,59.8221,7.6513],[22.9786,59.8221,4.3704],[22.9808,59.8196,0.8225],[22.9875,59.8201,0.0],[22.9842,59.8249,0.0],[22.9908,59.8274,8.7859],[23.0036,59.826,2.8646],[23.0069,59.8235,0.0],[23.0103,59.8251,0.0],[23.0181,59.8254,0.0],[23.0247,59.8226,0.0],[23.0314,59.826,2.0803],[23.0414,59.826,2.706],[23.0392,59.8213,0.0],[23.0397,59.819,0.5637],[23.0442,59.8224,2.3869],[23.0469,59.8224,2.3869],[23.0447,59.8251,1.245],[23.0475,59.8262,1.5088],[23.0486,59.8224,0.0],[23.0536,59.8235,0.0],[23.0525,59.8213,1.2442],[23.0536,59.8207,1.2442],[23.0608,59.8201,0.0],[23.0653,59.8221,0.0],[23.0619,59.8235,8.7834],[23.0642,59.8254,0.0],[23.0725,59.8257,3.6569],[23.0786,59.824,1.2929],[23.0808,59.8262,0.0],[23.0886,59.8271,1.9754],[23.0875,59.8288,0.0],[23.0819,59.8301,6.0013],[23.0819,59.8318,1.4952],[23.0869,59.8315,0.0],[23.0853,59.8335,0.8848],[23.0864,59.8346,3.7437],[23.1014,59.8326,6.3506],[23.1008,59.8299,5.4304],[23.0975,59.8285,2.3455],[23.0981,59.8265,0.0],[23.1125,59.8257,1.6654],[23.1142,59.8276,3.5531],[23.1247,59.8262,0.0],[23.1286,59.8299,3.7544],[23.1347,59.8299,5.374],[23.1353,59.8282,0.0],[23.1414,59.8293,1.5363],[23.1447,59.8276,0.0],[23.1458,59.829,0.0],[23.1431,59.831,4.2538],[23.1497,59.831,0.0],[23.1503,59.8332,0.2042],[23.1553,59.8318,0.0],[23.1586,59.8351,0.8191],[23.1686,59.8363,1.4488],[23.1719,59.8346,6.9341],[23.1703,59.831,1.5722],[23.1719,59.8301,0.0],[23.1753,59.8321,7.2244],[23.1764,59.8318,3.3146],[23.1758,59.8293,1.8872],[23.1786,59.8296,2.2493],[23.1781,59.8318,2.6409],[23.1797,59.8315,1.9913],[23.1792,59.8301,2.2493],[23.1808,59.8298,0.0],[23.1814,59.8321,9.9557],[23.1864,59.8318,3.0648],[23.1831,59.8304,2.0969],[23.1825,59.8285,0.0],[23.1881,59.8276,2.6338],[23.1897,59.8299,11.178],[23.1942,59.831,5.3823],[23.1892,59.8321,5.8976],[23.1892,59.8332,5.8976],[23.1997,59.8354,0.0],[23.2047,59.8393,3.703],[23.2125,59.8401,1.3694],[23.2275,59.8387,0.0],[23.2319,59.8399,0.5872],[23.2325,59.8418,0.0],[23.2397,59.8404,0.0],[23.2503,59.8429,0.0],[23.2492,59.8451,5.9155],[23.2447,59.8457,8.0759],[23.2503,59.8465,1.2921],[23.2536,59.8501,1.5775],[23.2531,59.8515,0.0],[23.2392,59.8493,1.8173],[23.2414,59.8471,5.1701],[23.2358,59.8482,1.0676],[23.2281,59.8454,7.6244],[23.2142,59.846,10.6222],[23.2158,59.8482,3.1337],[23.2203,59.8493,3.9655],[23.2253,59.8476,5.6433],[23.2314,59.8482,0.0],[23.2325,59.8493,0.0],[23.2303,59.8521,13.2852],[23.2342,59.8537,1.3344],[23.2314,59.8554,0.0],[23.2447,59.8565,3.0231],[23.2442,59.8579,2.5287],[23.2369,59.8587,4.9247],[23.2453,59.8621,0.0],[23.2403,59.8646,0.0],[23.2358,59.8632,8.9055],[23.2286,59.8674,5.6352],[23.2281,59.8696,3.2613],[23.2325,59.871,0.0],[23.2325,59.8724,0.0],[23.2258,59.8732,9.5052],[23.2275,59.8785,0.0],[23.2242,59.8799,1.4327],[23.2264,59.8821,0.0],[23.2231,59.8832,2.3157],[23.2236,59.8913,7.2048],[23.2364,59.8968,3.0736],[23.2608,59.8988,1.1976],[23.2681,59.9012,0.0],[23.2692,59.9032,8.4133],[23.2858,59.9057,4.009],[23.2886,59.9079,4.9296],[23.2964,59.9082,0.913],[23.3092,59.9143,0.0],[23.3103,59.9174,2.8459],[23.3153,59.9218,0.0],[23.3208,59.9218,0.0],[23.3292,59.9251,6.0721],[23.3381,59.9263,0.8751],[23.3408,59.9293,5.8977],[23.3469,59.9321,12.8719],[23.3542,59.9321,13.1829],[23.3558,59.9343,7.7454],[23.3603,59.9357,15.2492],[23.3697,59.9354,0.0],[23.3758,59.9382,0.0],[23.3775,59.9407,12.2199],[23.3808,59.941,0.0],[23.3831,59.9432,0.0],[23.3814,59.9493,0.0],[23.3897,59.9562,0.0],[23.3892,59.9588,0.0],[23.3853,59.9585,10.4234],[23.3853,59.9596,2.5731],[23.3936,59.9615,0.0],[23.3936,59.9657,0.0],[23.3975,59.971,11.3526],[23.4064,59.9726,1.5105],[23.4064,59.974,0.148],[23.4008,59.9757,1.2237],[23.4053,59.9774,-0.0923],[23.4042,59.9799,-0.2956],[23.4169,59.9804,0.0],[23.4181,59.9824,1.0467],[23.4242,59.9829,5.0271],[23.4314,59.9893,0.3234],[23.4481,59.9949,0.0],[23.4583,60.0042,0.0],[23.4589,60.0078,16.1975],[23.4682,60.0193,0.0],[23.4672,60.0245,4.7799],[23.4724,60.0255,0.0],[23.4693,60.0318,12.0261],[23.4703,60.0349,0.0],[23.4672,60.037,0.0],[23.4703,60.0401,6.2316],[23.4693,60.0432,0.4286],[23.4724,60.0453,0.0],[23.4672,60.0464,15.8564],[23.4651,60.0495,0.0],[23.4792,60.05,0.7661],[23.4833,60.0479,3.419],[23.4875,60.0479,0.0],[23.4932,60.0505,11.1086],[23.4922,60.0536,1.539],[23.4984,60.062,0.0751],[23.5036,60.063,0.0],[23.5068,60.0682,0.0],[23.5125,60.0667,2.0996],[23.5182,60.0714,2.4408],[23.5266,60.0839,1.2722],[23.525,60.0875,2.2252],[23.5271,60.0896,0.0],[23.5354,60.0896,17.9703],[23.5396,60.0875,0.0],[23.5516,60.0911,0.0],[23.5495,60.0859,2.0394],[23.5443,60.0849,0.0],[23.5401,60.0807,8.6969],[23.5354,60.0729,10.8329],[23.537,60.0693,8.7276],[23.5333,60.0646,0.0],[23.5349,60.062,4.3392],[23.5339,60.0589,0.0],[23.537,60.0578,6.6806],[23.5359,60.0505,0.0],[23.5432,60.0453,0.6613],[23.5432,60.0422,0.8379],[23.5354,60.0396,0.0],[23.525,60.0396,0.0],[23.5187,60.0354,11.2099],[23.5063,60.0375,0.0],[23.5036,60.0339,11.8174],[23.4943,60.0328,22.8307],[23.4891,60.0255,0.0],[23.4839,60.0245,0.0],[23.4849,60.0193,21.4783],[23.4797,60.0182,0.0],[23.4776,60.0161,0.0],[23.4828,60.012,0.0],[23.4818,60.0089,0.0],[23.487,60.0057,0.103],[23.4891,60.0026,0.3491],[23.4839,60.0016,0.0],[23.4865,60.0015,0.0],[23.4862,60.0,0.2365],[23.4797,60.0,0.0],[23.4825,59.9971,10.9721],[23.4814,59.9957,-0.8001],[23.4781,59.9963,9.7031],[23.4786,59.9976,2.1888],[23.4753,60.0,2.5442],[23.4603,59.999,0.0],[23.4575,59.9954,0.3923],[23.4592,59.9888,0.0],[23.4547,59.9851,1.561],[23.4481,59.9843,-0.0112],[23.4414,59.9868,0.0372],[23.4403,59.984,0.3626],[23.4381,59.9837,1.101],[23.4315,59.9771,0.0],[23.4275,59.9779,0.0],[23.4303,59.9763,2.2845],[23.4275,59.9729,1.6918],[23.4305,59.9707,1.7167],[23.4225,59.9674,0.0],[23.4219,59.9646,0.0],[23.4242,59.9621,0.1918],[23.4203,59.961,0.0],[23.4197,59.9585,0.0],[23.4281,59.9582,0.0],[23.4275,59.9599,0.3714],[23.4331,59.9615,0.2908],[23.4281,59.9632,1.7342],[23.4342,59.9646,8.5622],[23.4497,59.9643,0.0],[23.4508,59.9668,2.2408],[23.4581,59.9693,4.4081],[23.4619,59.9693,11.1723],[23.4619,59.9682,1.2644],[23.4542,59.9674,1.063],[23.4536,59.9657,0.0],[23.4647,59.9668,0.0],[23.4714,59.9693,2.1979],[23.4708,59.9707,9.2029],[23.4742,59.9721,0.0],[23.4753,59.9754,0.0157],[23.4808,59.9776,0.0292],[23.4814,59.9799,-0.2526],[23.4786,59.9787,4.2531],[23.4775,59.9801,3.1399],[23.4925,59.9835,0.0],[23.5019,59.9835,0.3958],[23.5042,59.9815,-0.0703],[23.5108,59.9835,-0.2824],[23.5336,59.9818,10.3299],[23.5469,59.9865,0.0867],[23.5419,59.9888,1.0065],[23.5458,59.9904,0.0704],[23.5531,59.9912,0.2331],[23.5647,59.9885,2.5676],[23.5675,59.9918,-0.7982],[23.5831,59.9899,1.8732],[23.5847,59.9882,0.71],[23.5842,59.9854,5.6742],[23.5753,59.9832,1.2249],[23.5736,59.9857,10.589],[23.5764,59.9871,0.3397],[23.5703,59.9885,10.8003],[23.5625,59.9863,3.3136],[23.5581,59.9871,0.0],[23.5486,59.9854,4.1859],[23.5336,59.981,10.3299],[23.5142,59.9785,0.2651],[23.5008,59.9721,0.01],[23.4786,59.9679,0.0],[23.4764,59.966,1.1943],[23.4608,59.9646,0.9753],[23.4603,59.9629,3.0161],[23.4531,59.961,0.0],[23.4497,59.9535,0.6532],[23.4542,59.9496,1.7489],[23.4536,59.9482,0.0],[23.4625,59.9471,0.5035],[23.4797,59.9485,0.0],[23.4792,59.9471,0.0],[23.4681,59.9463,0.0],[23.4719,59.9435,0.0],[23.4753,59.9432,3.3332],[23.4758,59.9393,3.1482],[23.4686,59.9407,0.5933],[23.4692,59.9432,5.6835],[23.4675,59.944,2.5135],[23.4592,59.9454,14.037],[23.4536,59.9446,0.0],[23.4536,59.941,1.5724],[23.4458,59.9474,0.0],[23.4303,59.9482,3.2388],[23.4247,59.946,0.1819],[23.4236,59.9474,3.2943],[23.4281,59.9499,0.7228],[23.4264,59.9518,0.4706],[23.4269,59.9535,0.0],[23.4181,59.9546,0.0],[23.4092,59.9488,0.0],[23.3892,59.9435,0.0],[23.3858,59.9413,0.0],[23.3858,59.9396,4.5805],[23.3781,59.9379,1.4442],[23.3769,59.936,0.0],[23.3803,59.9335,0.0],[23.3736,59.9343,0.7981],[23.3603,59.931,1.8077],[23.3592,59.9285,3.122],[23.3614,59.9271,3.122],[23.3592,59.9249,8.9417],[23.3542,59.9243,0.0],[23.3575,59.9207,6.5345],[23.3547,59.9196,0.0],[23.3542,59.9171,0.0],[23.3631,59.916,13.2678],[23.3636,59.9146,1.3931],[23.3714,59.9149,0.0],[23.3747,59.9165,4.752],[23.3814,59.916,0.0],[23.3842,59.9176,4.2971],[23.3958,59.9162,0.0],[23.4005,59.9204,0.3274],[23.4014,59.9174,0.8286],[23.4081,59.9157,5.9393],[23.4353,59.9162,0.0],[23.4358,59.9179,1.0472],[23.4386,59.9174,0.3838],[23.4419,59.9191,17.2777],[23.4519,59.9182,0.0],[23.4536,59.9196,0.5095],[23.453,59.9209,1.8904],[23.4597,59.9218,0.0],[23.4613,59.9236,3.6425],[23.4786,59.9242,0.0],[23.4903,59.9271,10.8565],[23.5027,59.9281,0.0],[23.5081,59.9304,0.0],[23.511,59.9338,5.6248],[23.5158,59.9335,0.0],[23.5142,59.9349,3.4047],[23.5208,59.9346,0.7472],[23.5264,59.9368,1.8446],[23.5303,59.9346,1.2692],[23.5369,59.9362,12.5375],[23.5569,59.9355,7.8897],[23.5597,59.934,4.0677],[23.5636,59.9354,3.831],[23.5897,59.9343,1.0038],[23.6019,59.9374,5.4764],[23.6136,59.9379,2.9893],[23.6142,59.9404,0.0],[23.6164,59.941,2.8039],[23.6275,59.9385,0.0],[23.6442,59.941,4.2558],[23.6503,59.939,7.8792],[23.6325,59.9374,2.4933],[23.6375,59.9343,0.0],[23.6469,59.936,6.3595],[23.6519,59.9349,0.0],[23.6764,59.9365,2.5248],[23.6747,59.9388,5.1556],[23.6831,59.9374,9.1829],[23.6819,59.9365,0.6585],[23.7042,59.9376,0.0],[23.7014,59.9396,1.6887],[23.6892,59.9393,3.8206],[23.6858,59.9413,5.3047],[23.6936,59.9449,0.4529],[23.6953,59.9471,6.6994],[23.7042,59.9465,2.6681],[23.7053,59.9449,0.0],[23.7142,59.9429,0.0],[23.7219,59.9432,0.0],[23.7219,59.9413,1.0971],[23.7192,59.9413,1.0971],[23.7203,59.9404,1.6542],[23.7131,59.9407,0.0],[23.7131,59.9396,2.0383],[23.7242,59.9388,11.5515],[23.7275,59.941,0.0],[23.7275,59.9432,0.0],[23.7308,59.9404,0.0],[23.7369,59.9404,0.0],[23.7419,59.9418,0.0],[23.7358,59.9432,9.2593],[23.7358,59.9457,7.3166],[23.7386,59.9479,7.2637],[23.7631,59.951,2.663],[23.7675,59.9532,0.0],[23.7308,59.9524,3.6038],[23.7125,59.9557,0.0],[23.7036,59.9546,6.5216],[23.6953,59.9557,3.0407],[23.7092,59.9576,0.5676],[23.7081,59.9582,0.5676],[23.7086,59.9613,3.3376],[23.7031,59.9629,1.2774],[23.7164,59.9654,0.0],[23.7131,59.9668,6.8427],[23.7142,59.9696,5.9592],[23.7125,59.9707,5.0556],[23.7142,59.9712,5.0556],[23.7175,59.9676,1.917],[23.7231,59.9674,5.019],[23.7192,59.9665,2.3582],[23.7186,59.9637,2.5927],[23.7231,59.9596,0.0],[23.7458,59.9574,1.3662],[23.7414,59.9562,4.4473],[23.7414,59.9549,1.4553],[23.7458,59.9538,6.649],[23.7536,59.9546,0.0],[23.7536,59.9568,0.0],[23.7519,59.9576,1.384],[23.7542,59.9588,0.0],[23.7414,59.9593,1.7086],[23.7425,59.9615,0.5953],[23.7397,59.9626,0.5852],[23.7386,59.9654,5.9563],[23.7464,59.9643,2.2122],[23.7442,59.9635,1.8751],[23.7408,59.9643,0.0],[23.7408,59.9629,0.5852],[23.7453,59.9607,0.5953],[23.7569,59.9596,0.0],[23.7675,59.9618,0.0],[23.7658,59.9651,1.3164],[23.7681,59.9674,2.339],[23.7753,59.9665,0.0],[23.7769,59.9676,5.541],[23.7792,59.9663,0.0],[23.7814,59.9674,2.9621],[23.7786,59.9635,0.0],[23.7814,59.9635,0.0],[23.7836,59.9668,1.8743],[23.8053,59.9674,0.4926],[23.8119,59.9722,8.2363],[23.8169,59.9707,5.2221],[23.8208,59.9724,0.0],[23.8164,59.9763,11.0907],[23.8175,59.9771,6.4545],[23.8236,59.9743,0.0],[23.8281,59.976,0.1794],[23.8286,59.9776,7.2668],[23.8314,59.9765,0.0],[23.8342,59.9776,0.0],[23.8336,59.9807,5.409],[23.8369,59.9857,0.0],[23.8364,59.9879,0.0],[23.8391,59.9885,0.0],[23.8386,59.9918,2.4326],[23.8397,59.9924,3.6029],[23.8414,59.9907,0.0],[23.8436,59.9912,0.1845],[23.8431,59.9935,0.1163],[23.8525,59.9907,4.842],[23.8447,59.9851,0.87],[23.8436,59.9813,0.0],[23.8403,59.9793,0.9099],[23.8386,59.976,0.0],[23.8492,59.9779,4.5773],[23.8442,59.9746,6.2036],[23.8392,59.9738,0.0],[23.8358,59.9701,0.0],[23.8358,59.9668,0.0],[23.8325,59.9663,0.0],[23.8286,59.9624,0.0],[23.8247,59.961,2.5148],[23.8253,59.9588,6.9738],[23.8181,59.9515,0.0],[23.8192,59.9493,0.0],[23.8286,59.9488,5.1667],[23.8369,59.9543,0.0],[23.8369,59.956,0.0],[23.8303,59.9568,4.1827],[23.8375,59.959,4.5922],[23.8419,59.9579,0.0],[23.8525,59.966,1.1011],[23.8575,59.9671,0.0],[23.8514,59.9699,1.7936],[23.8686,59.9721,7.6993],[23.8719,59.974,3.557],[23.8736,59.9712,1.2339],[23.8586,59.9671,3.724],[23.8592,59.9646,4.1935],[23.8519,59.9621,0.0],[23.8536,59.9582,0.0676],[23.8475,59.9585,4.7277],[23.8464,59.9524,9.1432],[23.8553,59.9512,2.4253],[23.8592,59.9535,12.5094],[23.8603,59.9512,6.0441],[23.8558,59.951,2.4253],[23.8536,59.9488,0.0],[23.8392,59.9485,2.6903],[23.8369,59.9449,6.069],[23.8325,59.9465,2.2799],[23.8342,59.9443,4.0545],[23.8264,59.9446,0.0],[23.8181,59.9426,1.3564],[23.8175,59.9415,1.3468],[23.8197,59.9404,20.2104],[23.8142,59.9385,1.3951],[23.8131,59.936,5.9429],[23.8075,59.9354,2.9119],[23.8075,59.9326,2.3719],[23.8208,59.9324,9.2765],[23.8392,59.9357,1.6471],[23.8392,59.9371,0.0],[23.8331,59.9382,0.9983],[23.8392,59.9404,0.0],[23.8397,59.9426,2.662],[23.8486,59.9426,1.391],[23.8547,59.9465,2.3132],[23.8564,59.9463,2.3132],[23.8525,59.9437,2.1728],[23.8531,59.9421,2.1728],[23.8681,59.9435,0.0],[23.8675,59.946,3.9387],[23.8714,59.9504,2.2217],[23.8797,59.9488,6.4611],[23.8764,59.9465,4.5175],[23.8692,59.946,2.257],[23.8731,59.9421,4.1563],[23.8803,59.9432,0.0],[23.8803,59.9463,0.0],[23.8881,59.9476,2.7104],[23.8903,59.9504,0.0],[23.9019,59.9488,0.0],[23.8992,59.9507,8.1575],[23.9003,59.9538,0.0],[23.8992,59.9549,5.258],[23.8931,59.956,2.3868],[23.8958,59.9576,4.1921],[23.8975,59.9557,0.0],[23.9031,59.9546,3.6167],[23.9025,59.9535,1.296],[23.9047,59.9515,1.8264],[23.9169,59.9501,4.4991],[23.9131,59.9476,3.031],[23.9131,59.9451,0.0],[23.9181,59.9404,0.0],[23.9231,59.9413,2.9833],[23.9208,59.9393,0.0],[23.9264,59.9388,10.8201],[23.9314,59.9407,2.9264],[23.9286,59.9374,2.9648],[23.9325,59.9371,2.9648],[23.9392,59.9393,0.0],[23.9347,59.9404,8.6324],[23.9369,59.9424,0.0],[23.9336,59.9426,2.2635],[23.9347,59.9449,0.0],[23.9286,59.9435,8.0019],[23.9286,59.9449,0.0],[23.9375,59.9463,4.2165],[23.9564,59.9468,0.0],[23.9569,59.9501,7.2286],[23.9636,59.9493,2.0524],[23.9653,59.9521,0.0],[23.9619,59.9524,0.0],[23.9619,59.9549,0.0],[23.9569,59.9549,0.0],[23.9558,59.9521,0.0],[23.9508,59.954,1.5786],[23.9475,59.9535,3.9679],[23.9469,59.9521,0.0],[23.9486,59.9507,0.8537],[23.9464,59.949,1.7685],[23.9447,59.9504,5.4979],[23.9381,59.9504,7.337],[23.9225,59.9482,3.9595],[23.9292,59.9504,0.7405],[23.9275,59.9529,1.8585],[23.9269,59.9515,2.5085],[23.9219,59.9512,8.7761],[23.9225,59.9538,12.9644],[23.9247,59.9524,1.2821],[23.9264,59.9532,1.2821],[23.9303,59.9529,0.0],[23.9303,59.9551,2.494],[23.9325,59.956,8.011],[23.9297,59.959,5.4388],[23.9347,59.9588,3.2922],[23.9397,59.9621,6.0299],[23.9197,59.9651,15.2327],[23.9242,59.9665,0.0],[23.9147,59.9688,7.1193],[23.9197,59.9693,7.6004],[23.9319,59.9649,0.0],[23.9336,59.9685,1.0571],[23.9369,59.9685,2.446],[23.9392,59.9663,0.0],[23.9436,59.9668,1.4636],[23.9442,59.9685,5.3956],[23.9381,59.9699,0.0],[23.9458,59.9718,0.0],[23.9469,59.9707,0.0],[23.9636,59.9701,3.7394],[23.9642,59.9676,4.1416],[23.9669,59.9671,4.1416],[23.9692,59.9693,5.0377],[23.9814,59.9693,2.2598],[23.9814,59.9712,3.3412],[23.9708,59.9738,6.2417],[23.9731,59.9754,1.0699],[23.9708,59.9774,0.0],[23.9564,59.9799,0.8189],[23.9614,59.9807,15.2562],[23.9775,59.9771,8.0675],[23.9769,59.9801,13.4073],[23.9808,59.9815,0.5807],[23.9892,59.9813,1.2338],[23.9969,59.9785,0.0],[24.0014,59.9785,0.0],[24.0031,59.9801,0.0],[23.9897,59.9851,9.9513],[23.9747,59.9876,0.0],[23.9686,59.9879,0.0],[23.9653,59.986,3.1517],[23.9581,59.9865,3.5101],[23.9564,59.9854,5.5855],[23.9419,59.986,3.8663],[23.9414,59.989,0.0],[23.9336,59.9902,3.536],[23.9225,59.9893,0.0],[23.9258,59.9882,1.4398],[23.9242,59.9874,2.6279],[23.9103,59.9871,0.0],[23.9092,59.9851,0.2557],[23.9019,59.9871,7.2798],[23.8936,59.9863,1.8548],[23.8931,59.9851,0.0],[23.8964,59.9837,2.3977],[23.8847,59.9824,3.0879],[23.8836,59.9796,0.0],[23.8853,59.9787,16.8159],[23.8753,59.9757,3.4289],[23.8803,59.9779,0.3981],[23.8831,59.9826,3.0879],[23.8881,59.9843,0.0],[23.8897,59.9882,0.0],[23.9042,59.9876,0.0],[23.9047,59.9893,0.0],[23.8958,59.9921,0.0],[23.8903,59.991,1.0306],[23.8725,59.9943,0.0],[23.8686,59.9938,0.0],[23.8692,59.991,9.8758],[23.8669,59.991,1.279],[23.8664,59.9926,0.0],[23.8614,59.9924,3.0521],[23.8603,59.9943,0.0],[23.8503,59.9929,0.0],[23.8431,59.9974,8.702],[23.8481,59.9993,2.8269],[23.8464,59.9963,5.6204],[23.8497,59.9951,1.1124],[23.8525,59.999,0.0195],[23.8786,59.9989,0.0852],[23.8797,59.9963,1.6308],[23.8886,59.994,2.643],[23.8953,59.9963,1.582],[23.9203,59.9968,0.0],[23.9303,59.9926,2.0078],[23.9353,59.9926,2.4405],[23.9392,59.9963,0.0],[23.9353,59.9976,1.2104],[23.9392,60.0,0.0],[23.9453,60.0,0.0],[23.9464,60.0016,4.1908],[23.9516,60.0026,0.0],[23.9536,60.0057,0.0],[23.9417,60.0062,22.7375],[23.9375,60.0083,0.0],[23.9292,60.0083,5.1516],[23.925,60.0104,0.0],[23.9208,60.0083,24.4253],[23.9104,60.0125,0.0],[23.9,60.0125,15.0441],[23.8958,60.0146,0.0],[23.8875,60.0146,12.0413],[23.8833,60.0167,0.0],[23.8729,60.0167,5.7561],[23.8693,60.0203,0.0],[23.875,60.0208,17.9116],[23.8792,60.0187,0.0],[23.8833,60.0187,0.0],[23.8875,60.0208,8.3757],[23.8917,60.0187,0.0],[23.9021,60.0187,5.6273],[23.9063,60.0167,0.0],[23.9188,60.0187,14.5973],[23.925,60.0146,3.662],[23.95,60.0146,3.7082],[23.9562,60.0104,0.0],[23.9641,60.013,15.6589],[23.9641,60.0161,26.7862],[23.9589,60.0182,10.8229],[23.9667,60.0187,0.0],[23.9938,60.0292,1.8647],[24.0016,60.0297,0.0],[24.0016,60.0328,2.8864],[23.9984,60.037,17.7739],[24.0016,60.038,2.0553],[24.0068,60.0432,1.2965],[24.0146,60.0458,0.0],[24.0203,60.0453,0.0],[24.0224,60.0432,0.4947],[24.0193,60.038,4.4156],[24.0234,60.0359,12.7332],[24.0318,60.0255,2.9534],[24.0417,60.025,0.0],[24.0458,60.0271,8.3075],[24.0474,60.0266,0.0],[24.0464,60.0234,0.0],[24.0521,60.0208,20.6058],[24.062,60.0214,0.0],[24.0589,60.0234,0.0],[24.0604,60.025,0.0],[24.0812,60.025,6.4833],[24.0854,60.0229,6.5527],[24.0917,60.0229,10.7396],[24.0917,60.025,0.0],[24.0859,60.0255,0.0],[24.0828,60.0286,0.0],[24.0734,60.0318,0.0],[24.075,60.0333,0.0],[24.0812,60.0333,0.0],[24.0854,60.0354,9.7084],[24.1146,60.0271,11.2205],[24.1182,60.0297,0.6031],[24.1193,60.0328,8.5736],[24.1286,60.0339,0.0],[24.1266,60.037,11.5825],[24.1208,60.0375,12.8835],[24.1193,60.0391,5.2831],[24.1313,60.0458,0.0],[24.137,60.0453,0.0],[24.1391,60.0432,13.6137],[24.1375,60.0396,15.2286],[24.1401,60.0359,5.3064],[24.1458,60.0375,7.1768],[24.1516,60.037,30.344],[24.1505,60.0339,0.0],[24.1526,60.0297,9.9334],[24.1563,60.0271,11.7744],[24.1896,60.0271,9.9536],[24.1938,60.0292,0.0],[24.1979,60.0271,0.0],[24.2021,60.0271,0.0],[24.2036,60.0286,12.8428],[24.1958,60.0396,0.0],[24.1974,60.0432,9.9241],[24.1917,60.0417,0.0],[24.1792,60.0417,10.8697],[24.1703,60.0474,6.3797],[24.1651,60.0484,8.7143],[24.163,60.0516,8.444],[24.1714,60.0578,0.0],[24.1792,60.0604,15.3428],[24.1833,60.0583,0.0],[24.1938,60.0583,0.0],[24.1979,60.0563,5.7083],[24.2021,60.0583,12.1768],[24.2062,60.0583,8.0665],[24.2099,60.0557,0.0],[24.212,60.0516,6.3973],[24.2109,60.0484,0.0],[24.2188,60.0458,0.0],[24.2224,60.0484,12.7311],[24.2214,60.0516,6.0102],[24.225,60.0563,2.7947],[24.2276,60.0526,0.0],[24.2411,60.0474,0.0],[24.2422,60.0443,0.0],[24.25,60.0417,0.0],[24.2542,60.0438,7.9936],[24.2583,60.0438,0.0],[24.2646,60.0396,0.0],[24.2745,60.0443,9.0943],[24.2693,60.0464,0.0],[24.2672,60.0505,3.547],[24.2693,60.0557,15.5371],[24.2708,60.0563,10.7309],[24.2771,60.0563,0.0],[24.2813,60.0583,0.0],[24.2896,60.0583,5.4958],[24.2938,60.0563,7.6194],[24.3063,60.0563,0.0],[24.3104,60.0583,15.2772],[24.3188,60.0583,0.0],[24.3229,60.0563,8.0725],[24.3333,60.0604,0.0],[24.3333,60.0625,6.5819],[24.3312,60.0625,0.0],[24.3271,60.0604,8.6769],[24.3229,60.0604,6.4731],[24.3083,60.0667,0.0],[24.3005,60.0672,10.7581],[24.3016,60.0724,10.3305],[24.2943,60.0766,0.5083],[24.3036,60.0797,0.0],[24.3026,60.0828,5.5239],[24.3104,60.0854,0.0],[24.3146,60.0833,0.0],[24.3224,60.0828,0.0],[24.3172,60.0797,0.0],[24.3312,60.0771,0.0],[24.3333,60.0792,0.0],[24.3318,60.0828,0.0],[24.337,60.0839,0.0],[24.3359,60.087,0.0],[24.3458,60.0896,17.111],[24.3583,60.0875,12.369],[24.3688,60.0833,0.0],[24.3729,60.0833,3.6064],[24.3771,60.0854,0.0],[24.3828,60.0849,0.0],[24.3755,60.0807,11.895],[24.3734,60.0766,8.4169],[24.3745,60.0734,0.0],[24.3714,60.0682,0.0],[24.3786,60.0609,6.317],[24.3745,60.0547,37.6327],[24.3609,60.0495,34.7783],[24.3641,60.0464,35.4571],[24.3589,60.0453,34.8694],[24.3599,60.0422,17.1464],[24.3589,60.0401,0.0],[24.3661,60.0391,17.9617],[24.3641,60.0359,5.0746],[24.3443,60.0307,19.4837],[24.337,60.0234,27.8277],[24.3307,60.0193,8.171],[24.3255,60.0182,0.0],[24.3234,60.0141,25.2322],[24.3245,60.0109,15.2913],[24.3214,60.0057,10.4491],[24.3229,60.0042,0.0],[24.3271,60.0042,6.6558],[24.3312,60.0062,8.3408],[24.3354,60.0042,3.1195],[24.3474,60.0089,14.6869],[24.3422,60.012,8.7648],[24.3474,60.013,2.3632],[24.3458,60.0167,18.9123],[24.3495,60.0224,0.0],[24.3464,60.0245,14.384],[24.3484,60.0266,4.9862],[24.3667,60.0271,15.3511],[24.3724,60.0255,0.0],[24.3745,60.0286,15.2038],[24.3672,60.0339,13.1236],[24.3688,60.0354,3.116],[24.3745,60.0349,0.0],[24.3807,60.0307,26.1132],[24.3797,60.0276,0.0],[24.3818,60.0255,13.2677],[24.387,60.0245,11.0],[24.3854,60.0229,15.6071],[24.3797,60.0224,0.0],[24.3854,60.0167,8.3336],[24.3937,60.0167,0.0],[24.4078,60.0214,0.0],[24.4047,60.0245,13.993],[24.4125,60.0313,8.6793],[24.4182,60.0307,0.0],[24.4203,60.0286,11.0704],[24.4172,60.0245,7.8997],[24.4172,60.0214,18.6496],[24.4214,60.0172,0.0],[24.4245,60.0172,8.9137],[24.4234,60.0307,0.0],[24.4286,60.0339,0.0],[24.4276,60.037,14.3362],[24.4396,60.0417,9.0835],[24.45,60.0417,0.0],[24.4578,60.0443,0.0],[24.4599,60.0474,0.0],[24.4526,60.0484,11.9333],[24.4547,60.0516,0.2732],[24.4599,60.0526,0.0],[24.4651,60.0599,0.5636],[24.4703,60.0609,0.0],[24.4734,60.0641,0.0],[24.4807,60.0641,15.7296],[24.4786,60.0609,28.6845],[24.4734,60.0599,0.0],[24.4714,60.0578,0.0],[24.4745,60.0547,17.0988],[24.4714,60.0505,0.0],[24.4766,60.0484,0.0],[24.4609,60.0432,0.0],[24.4516,60.0359,27.2578],[24.4464,60.0349,17.1567],[24.4443,60.0328,0.0],[24.45,60.0292,0.0],[24.4542,60.0292,0.0],[24.4583,60.0313,7.8534],[24.462,60.0276,9.1666],[24.4568,60.0266,15.3759],[24.4495,60.0214,20.5877],[24.4443,60.0203,12.2804],[24.437,60.0109,14.9186],[24.4318,60.0099,23.6039],[24.4172,60.0016,7.1879],[24.4169,59.9985,1.2902],[24.4225,59.9982,0.0],[24.4225,60.0,0.0],[24.4203,60.0,9.4148],[24.4214,60.0016,0.0],[24.4307,60.0026,11.4527],[24.4348,60.0061,0.0],[24.4321,60.0,8.8851],[24.4264,59.9996,0.0],[24.4269,59.9976,8.3981],[24.4242,59.9954,0.0],[24.4247,59.9915,8.0387],[24.4142,59.9896,7.9942],[24.4047,59.9837,18.74],[24.3986,59.9829,0.0],[24.3897,59.9779,1.2243],[24.3897,59.9746,1.1318],[24.3936,59.9738,7.6446],[24.3914,59.9718,0.0],[24.3936,59.9685,0.8345],[24.3908,59.966,0.9921],[24.3964,59.9651,0.0],[24.3958,59.9679,0.8345],[24.4003,59.9712,0.0],[24.4014,59.9701,3.5334],[24.3981,59.9671,0.5183],[24.4153,59.9671,9.5246],[24.4014,59.9651,0.0],[24.4025,59.9629,0.0],[24.4075,59.9643,2.6898],[24.4097,59.9615,0.0],[24.4147,59.9604,0.0],[24.4219,59.9637,0.0],[24.4231,59.9688,0.0],[24.4203,59.9718,0.0],[24.4158,59.9726,2.3937],[24.4164,59.9757,0.0],[24.4119,59.9749,3.4286],[24.4108,59.976,2.3683],[24.4158,59.9762,0.0],[24.4225,59.9801,0.0],[24.4258,59.9835,0.0],[24.4236,59.9876,7.1218],[24.4275,59.9868,7.1953],[24.4258,59.9857,0.0],[24.4281,59.9824,0.0],[24.4231,59.9793,0.0],[24.4253,59.9788,2.5832],[24.4264,59.9757,0.0],[24.4297,59.9751,0.0],[24.4358,59.979,8.2998],[24.4414,59.9793,0.0],[24.4397,59.9813,0.0],[24.4403,59.9829,1.216],[24.4447,59.9846,6.0978],[24.4497,59.9835,0.0],[24.4536,59.9863,3.878],[24.4569,59.9865,0.7674],[24.4525,59.9837,0.0],[24.4569,59.9832,0.0],[24.4653,59.9901,0.0],[24.4553,59.9924,0.0],[24.4536,59.9951,1.5363],[24.4492,59.996,1.2194],[24.4492,59.9971,1.8301],[24.4558,59.9951,0.0],[24.4603,59.9957,0.7422],[24.4636,59.9985,0.0],[24.4681,59.9986,5.1328],[24.4642,59.9963,3.7132],[24.4636,59.9918,0.0],[24.4719,59.9904,0.0],[24.4853,59.9943,5.0981],[24.4892,59.994,2.3983],[24.4908,59.9951,1.2225],[24.4903,59.9985,0.0],[24.4931,59.9987,0.8856],[24.4925,59.996,3.8058],[24.4958,59.9935,5.9232],[24.4858,59.9907,0.0],[24.4764,59.9904,0.0],[24.4814,59.9899,0.5234],[24.4825,59.9879,3.5574],[24.4808,59.9854,0.0],[24.4825,59.9824,3.233],[24.4931,59.9837,0.0],[24.4942,59.986,5.9556],[24.5003,59.9879,1.3902],[24.4997,59.9907,0.8696],[24.5047,59.9932,0.0],[24.5042,59.9946,2.0328],[24.4997,59.9949,3.6208],[24.4958,59.9991,0.7684],[24.5021,60.0013,11.9759],[24.5047,60.0016,0.8439],[24.5141,60.0068,15.676],[24.5089,60.0109,13.5949],[24.512,60.0151,9.6426],[24.5089,60.0172,0.0],[24.5109,60.0203,1.6371],[24.5187,60.0229,0.0],[24.5333,60.0229,12.5892],[24.5474,60.0297,15.0679],[24.5422,60.0318,6.0705],[24.5432,60.037,0.0],[24.538,60.038,1.487],[24.538,60.0411,15.0431],[24.5557,60.0464,8.1906],[24.5568,60.0495,17.5113],[24.562,60.0505,13.9115],[24.5708,60.0604,7.2502],[24.5766,60.0599,4.8841],[24.5755,60.0568,0.0],[24.5786,60.0547,20.8926],[24.5734,60.0536,7.6851],[24.5693,60.0484,0.0],[24.575,60.05,11.2334],[24.5875,60.0458,5.2007],[24.5932,60.0484,14.4849],[24.5922,60.0516,9.1095],[24.5943,60.0536,12.5879],[24.6042,60.0563,0.0],[24.6042,60.0583,10.457],[24.6089,60.062,8.6238],[24.6141,60.063,7.1928],[24.6151,60.0661,12.4604],[24.6203,60.0672,0.0],[24.6125,60.0708,0.0],[24.6083,60.0708,0.0],[24.6005,60.0682,0.0],[24.5974,60.063,23.2679],[24.5797,60.0609,0.0],[24.5818,60.0661,20.9453],[24.6036,60.0714,0.0],[24.6047,60.0745,13.4549],[24.6182,60.0797,0.0],[24.6172,60.0849,8.9082],[24.6193,60.087,0.0],[24.6328,60.088,0.0],[24.6339,60.0911,17.7608],[24.6391,60.0922,0.0],[24.6516,60.1026,0.0],[24.6495,60.1057,10.5166],[24.6464,60.1068,0.0],[24.6495,60.112,0.0],[24.6422,60.1172,3.7514],[24.6432,60.1203,0.0],[24.6172,60.1214,0.0],[24.6182,60.1266,0.0],[24.6172,60.1286,0.0],[24.6234,60.1328,9.6089],[24.6286,60.1339,0.0],[24.6307,60.137,0.0],[24.6214,60.1401,10.0147],[24.6245,60.1453,4.8759],[24.6182,60.1495,0.0],[24.613,60.1505,0.0],[24.6141,60.1536,0.0],[24.6109,60.1557,1.7712],[24.6208,60.1563,1.593],[24.6328,60.1516,5.1245],[24.637,60.1453,1.7475],[24.6359,60.1422,0.0],[24.638,60.1401,0.0],[24.65,60.1354,0.0],[24.6563,60.1354,2.0346],[24.6641,60.1328,7.4222],[24.663,60.1276,0.0],[24.6771,60.1167,15.6834],[24.6813,60.1167,9.3042],[24.6849,60.1193,17.8133],[24.6797,60.1214,0.0],[24.6792,60.1229,0.0],[24.6833,60.1271,6.9614],[24.6958,60.1271,0.0],[24.712,60.1224,3.2396],[24.7042,60.1188,6.1544],[24.6938,60.1188,0.0],[24.6859,60.1141,4.5493],[24.687,60.1109,7.3426],[24.6859,60.1089,9.2359],[24.7,60.1104,8.6974],[24.7016,60.1099,0.0],[24.7005,60.1068,2.1858],[24.7021,60.1063,2.1858],[24.7266,60.113,5.1646],[24.7313,60.1167,0.0],[24.737,60.1172,3.1228],[24.7359,60.1203,0.0],[24.7396,60.125,12.1246],[24.7375,60.1271,0.0],[24.7297,60.1276,6.8229],[24.7328,60.1328,0.0],[24.7229,60.1354,0.0],[24.7167,60.1312,5.6559],[24.7026,60.1318,5.8301],[24.6974,60.137,0.0],[24.6922,60.138,0.2231],[24.6922,60.1411,1.0438],[24.7083,60.1417,7.9254],[24.713,60.1453,0.4134],[24.7292,60.15,6.4219],[24.7349,60.1474,0.0],[24.7339,60.1443,0.0],[24.7354,60.1437,0.0],[24.7479,60.1437,0.0],[24.7547,60.1495,0.0],[24.7667,60.1542,7.4103],[24.7771,60.1542,0.0],[24.7813,60.1563,9.3771],[24.7917,60.1563,3.5194],[24.8016,60.1589,4.2652],[24.8161,60.1714,0.0],[24.8151,60.1745,6.9816],[24.8167,60.175,0.0],[24.8224,60.1745,6.6236],[24.8193,60.1693,0.0],[24.8271,60.1667,0.0],[24.8328,60.1672,12.9551],[24.8276,60.1693,5.4293],[24.8286,60.1724,5.713],[24.8276,60.1745,13.2335],[24.8411,60.1755,0.0],[24.8359,60.1807,9.3007],[24.8432,60.1911,0.0],[24.8396,60.1937,0.0],[24.8354,60.1937,0.0],[24.825,60.1896,2.2603],[24.8167,60.1896,-0.0216],[24.8146,60.1917,0.0408],[24.8172,60.1953,0.0],[24.8286,60.1984,0.0],[24.8318,60.2036,0.0],[24.8354,60.2062,0.0],[24.8396,60.2062,6.9599],[24.8438,60.2042,0.0],[24.8453,60.2047,0.0],[24.8443,60.2078,-1.0],[24.85,60.2083,-1.0],[24.8516,60.2078,1.5734],[24.8505,60.2047,1.5492],[24.8589,60.1984,0.0],[24.8682,60.1974,9.0199],[24.8745,60.1932,13.7211],[24.8734,60.1901,4.0632],[24.8792,60.1917,0.0],[24.8839,60.188,2.4381],[24.8917,60.1875,8.7697],[24.9,60.1833,0.0],[24.9042,60.1854,0.0],[24.9099,60.1849,9.3421],[24.9089,60.1818,1.9013],[24.912,60.1786,6.0871],[24.912,60.1755,0.0],[24.9005,60.1724,0.0],[24.9021,60.1708,0.0],[24.9141,60.1703,0.0],[24.9141,60.1672,11.6268],[24.9089,60.1661,5.0678],[24.9047,60.162,3.4962],[24.9078,60.1589,0.0],[24.9047,60.1547,3.4752],[24.9083,60.1521,2.9976],[24.9182,60.1526,2.1485],[24.9271,60.1625,13.6295],[24.9328,60.1599,9.1175],[24.9276,60.1536,4.3368],[24.9292,60.1521,4.2531],[24.9333,60.1542,3.0951],[24.9562,60.1542,8.1079],[24.9641,60.1568,0.0],[24.962,60.1599,0.0],[24.9568,60.1609,9.4037],[24.9526,60.1641,22.2516],[24.9562,60.1667,0.0],[24.9604,60.1667,2.792],[24.9646,60.1646,3.9113],[24.9729,60.1646,2.5435],[24.9766,60.1682,8.9791],[24.9604,60.1688,5.9011],[24.9547,60.1714,17.9068],[24.9495,60.1766,5.1299],[24.9417,60.1771,3.0443],[24.9401,60.1786,3.2383],[24.95,60.1813,10.927],[24.9583,60.1771,0.0],[24.9609,60.1807,4.597],[24.9688,60.1833,4.7365],[24.9729,60.1833,0.0],[24.9771,60.1813,3.5298],[24.9849,60.1839,0.0],[24.9818,60.1911,3.6204],[24.9849,60.1943,0.0],[24.9849,60.1974,0.0],[24.9797,60.1984,2.0917],[24.9776,60.2005,1.1962],[24.9797,60.2057,9.066],[24.9833,60.2083,0.0],[24.9938,60.2042,9.0151],[25.0042,60.2083,0.4505],[25.0125,60.2083,0.0],[25.0182,60.2057,4.1765],[25.0141,60.2005,0.0],[25.0026,60.1974,9.8339],[25.012,60.1922,0.0],[25.0083,60.1896,13.7106],[25.0042,60.1917,0.0],[24.9964,60.187,7.3207],[25.0005,60.1818,1.6643],[25.0141,60.1797,9.6397],[25.0161,60.1818,0.0],[25.0151,60.1849,12.1569],[25.0208,60.1896,2.6278],[25.0266,60.1891,5.4083],[25.0313,60.1854,3.9485],[25.0417,60.1854,0.0],[25.0453,60.1828,0.0],[25.0453,60.1797,9.5097],[25.0438,60.1792,24.2577],[25.0396,60.1813,0.0],[25.0313,60.1813,0.0],[25.0234,60.1786,12.9583],[25.0203,60.1755,10.6567],[25.0151,60.1745,24.4703],[25.0125,60.1708,25.2292],[25.0141,60.1672,0.0],[25.0109,60.163,0.0],[25.0167,60.1625,0.0],[25.0208,60.1646,7.3979],[25.025,60.1625,0.0],[25.0292,60.1625,0.0],[25.0333,60.1646,10.7103],[25.0375,60.1646,11.7521],[25.0521,60.1583,0.0],[25.0563,60.1604,11.0565],[25.0604,60.1604,11.8809],[25.0646,60.1583,7.8922],[25.0729,60.1583,11.0738],[25.0771,60.1604,0.0],[25.0812,60.1583,6.6819],[25.0854,60.1583,0.0],[25.0896,60.1604,9.7292],[25.0958,60.1604,0.0],[25.0974,60.162,0.0],[25.0911,60.1661,23.9242],[25.0859,60.1672,0.0],[25.087,60.1703,0.0],[25.0854,60.1708,0.0],[25.0755,60.1703,2.0348],[25.0688,60.1646,15.3714],[25.0589,60.1651,5.8155],[25.0703,60.1693,10.0498],[25.0651,60.1714,19.6449],[25.0646,60.1729,0.0],[25.0682,60.1786,0.0],[25.063,60.1807,12.1804],[25.0688,60.1813,16.3502],[25.0729,60.1792,0.0],[25.0771,60.1792,0.0],[25.0797,60.1828,20.7461],[25.0849,60.1839,23.181],[25.087,60.1859,0.0],[25.0792,60.1896,6.7016],[25.075,60.1896,0.0],[25.0734,60.1891,0.0],[25.0745,60.1859,12.1493],[25.0667,60.1833,0.0],[25.0609,60.1839,10.7205],[25.063,60.187,0.0],[25.0682,60.188,7.9096],[25.0714,60.1995,5.1657],[25.077,60.1979,0.0],[25.0875,60.2021,21.4165],[25.0917,60.2021,20.4641],[25.0958,60.2,0.0],[25.0995,60.2026,0.0],[25.0984,60.2057,0.0],[25.1078,60.2068,0.0],[25.1109,60.212,9.9097],[25.1167,60.2125,0.0],[25.1182,60.2109,7.8364],[25.1161,60.2068,4.8905],[25.1109,60.2057,0.0],[25.112,60.2026,32.934],[25.1068,60.2016,22.2071],[25.1016,60.1943,27.162],[25.0901,60.1901,0.0],[25.0958,60.1896,0.0],[25.1063,60.1937,4.3561],[25.1167,60.1937,0.0],[25.1208,60.1958,7.3089],[25.1271,60.1958,0.0],[25.1375,60.2,0.0],[25.1417,60.1979,0.0],[25.1542,60.2021,6.479],[25.1599,60.2016,0.0],[25.1672,60.1964,4.8618],[25.175,60.1937,0.0],[25.1818,60.1995,13.121],[25.187,60.2005,1.4053],[25.1854,60.2021,1.2281],[25.1797,60.2026,16.9088],[25.1776,60.2057,0.0],[25.1797,60.2078,0.0],[25.1849,60.2089,0.0],[25.1839,60.2141,2.9529],[25.1953,60.2172,2.726],[25.1943,60.2214,2.8729]]],
[[[25.25,60.2333,5.0393],[25.2313,60.2333,2.8336],[25.2271,60.2354,9.0862],[25.2234,60.2328,1.1099],[25.2245,60.2297,26.0951],[25.2172,60.2286,19.2573],[25.2182,60.2255,21.3843],[25.2172,60.2234,12.2077],[25.225,60.2229,1.106],[25.2292,60.2208,19.0628],[25.2417,60.2208,0.0],[25.2458,60.2229,0.5932],[25.25,60.2188,0.0],[25.2641,60.2193,16.7507],[25.2625,60.2208,0.0],[25.2542,60.2208,4.5358],[25.2505,60.2234,0.0],[25.2516,60.2266,0.0],[25.25,60.2292,0.0],[25.2516,60.2328,4.1532],[25.25,60.2333,5.0393]]],
[[[25.2901,60.2255,24.421],[25.2932,60.2255,17.8714],[25.2953,60.2276,0.0],[25.2974,60.2297,2.5613],[25.2974,60.2328,17.0194],[25.2917,60.2375,0.0],[25.2818,60.237,4.7004],[25.2797,60.2339,0.0],[25.2849,60.2328,4.4163],[25.2901,60.2255,24.421]]],
[[[25.2578,60.2411,0.0],[25.2521,60.2417,22.5242],[25.2505,60.2401,0.0],[25.2563,60.2375,0.0],[25.2578,60.238,7.7731],[25.2578,60.2411,0.0]]],
[[[25.2891,60.2422,6.7246],[25.287,60.2453,7.6036],[25.2839,60.2453,4.5059],[25.2859,60.2422,3.5457],[25.2891,60.2422,6.7246]]],
[[[25.2479,60.2458,18.3665],[25.2464,60.2453,24.2349],[25.2464,60.2443,23.6576],[25.2495,60.2443,21.7743],[25.2479,60.2458,18.3665]]],
[[[25.4708,60.1813,9.2726],[25.4724,60.1828,15.543],[25.4651,60.1828,9.0909],[25.4667,60.1813,0.0],[25.4708,60.1813,9.2726]]],
[[[25.8375,60.1896,12.966],[25.8359,60.1891,4.7871],[25.8359,60.188,14.3475],[25.8391,60.188,8.7948],[25.8375,60.1896,12.966]]],
[[[25.5458,60.1917,16.1838],[25.5443,60.1911,17.0184],[25.5443,60.1901,8.7941],[25.5474,60.1901,7.2801],[25.5458,60.1917,16.1838]]],
[[[25.8604,60.1979,9.9838],[25.8589,60.1964,12.2577],[25.862,60.1964,12.0993],[25.862,60.1974,11.4112],[25.8604,60.1979,9.9838]]],
[[[25.8708,60.2,13.2829],[25.8693,60.1984,4.042],[25.8724,60.1984,5.5005],[25.8724,60.1995,12.9155],[25.8708,60.2,13.2829]]],
[[[25.4917,60.1979,7.3895],[25.4953,60.1995,16.2425],[25.488,60.1995,5.7054],[25.488,60.1984,0.0],[25.4917,60.1979,7.3895]]],
[[[25.925,60.2,11.7986],[25.9292,60.1979,6.9967],[25.9349,60.1984,9.5979],[25.9271,60.2021,0.0],[25.9214,60.2016,0.2267],[25.925,60.2,11.7986]]],
[[[25.887,60.2016,9.7024],[25.8771,60.2021,0.0],[25.8755,60.2005,14.9743],[25.8854,60.2,0.0],[25.887,60.2016,9.7024]]],
[[[25.9167,60.2167,0.0],[25.9151,60.2151,9.4099],[25.9229,60.2125,5.3851],[25.9266,60.2151,2.1868],[25.925,60.2167,5.0695],[25.9167,60.2167,0.0]]],
[[[25.8911,60.2234,0.0163],[25.8896,60.225,12.904],[25.8833,60.225,16.2925],[25.8755,60.2276,5.6869],[25.8708,60.2333,4.3285],[25.8693,60.2328,5.022],[25.8703,60.2276,2.4715],[25.8682,60.2255,0.0],[25.8583,60.2271,0.0],[25.8521,60.2229,11.1601],[25.8453,60.2286,6.0746],[25.8396,60.2313,17.4186],[25.8354,60.2271,0.0],[25.8312,60.2292,8.3606],[25.8271,60.2292,15.5453],[25.8214,60.2245,0.0],[25.8224,60.2214,17.0125],[25.8214,60.2193,5.2112],[25.8245,60.2172,29.8595],[25.812,60.2026,6.3954],[25.8068,60.2005,9.0569],[25.8312,60.1958,0.0],[25.8417,60.2021,27.4716],[25.8641,60.2047,7.7373],[25.863,60.2078,0.0],[25.8646,60.2083,3.5268],[25.8688,60.2062,0.0],[25.8729,60.2062,0.0],[25.8771,60.2083,0.0],[25.8854,60.2083,7.2464],[25.8896,60.2062,0.0],[25.9203,60.2068,13.2146],[25.9182,60.2099,0.0],[25.9104,60.2125,8.4089],[25.9005,60.213,11.4654],[25.8932,60.2203,15.4841],[25.8901,60.2214,4.4646],[25.8911,60.2234,0.0163]]],
[[[25.5042,60.2146,11.9624],[25.5078,60.2161,17.0267],[25.5005,60.2161,11.5959],[25.5005,60.2151,7.6551],[25.5042,60.2146,11.9624]]],
[[[25.5693,60.2172,17.5603],[25.5667,60.2188,0.0],[25.5589,60.2151,10.4639],[25.5688,60.2146,0.0],[25.5703,60.2151,0.0],[25.5693,60.2172,17.5603]]],
[[[25.9063,60.2188,10.1431],[25.9047,60.2172,8.8474],[25.9078,60.2172,7.2402],[25.9078,60.2182,11.0103],[25.9063,60.2188,10.1431]]],
[[[25.5083,60.2208,16.5373],[25.5068,60.2193,15.5746],[25.5099,60.2193,1.0551],[25.5099,60.2203,17.5648],[25.5083,60.2208,16.5373]]],
[[[25.6875,60.2104,9.343],[25.6891,60.2109,5.249],[25.6875,60.2146,12.7065],[25.6891,60.2182,0.0],[25.6839,60.2193,3.2317],[25.6786,60.2266,9.987],[25.6729,60.2313,7.376],[25.6682,60.2276,18.8821],[25.663,60.2266,0.0],[25.6609,60.2234,0.0],[25.6641,60.2214,7.4811],[25.6589,60.2203,15.504],[25.6568,60.2182,19.0868],[25.6583,60.2167,9.7899],[25.6661,60.2161,0.0],[25.6729,60.2125,14.8647],[25.6833,60.2125,11.3012],[25.6875,60.2104,9.343]]],
[[[25.5026,60.2234,20.7826],[25.5,60.225,18.5297],[25.4943,60.2245,5.7305],[25.4979,60.2208,7.8578],[25.5036,60.2214,16.0877],[25.5026,60.2234,20.7826]]],
[[[25.9443,60.2203,14.8536],[25.9417,60.2188,15.8573],[25.9354,60.2188,8.4467],[25.9339,60.2172,4.9771],[25.9479,60.2167,13.1388],[25.9516,60.2193,11.4385],[25.95,60.2208,0.0],[25.9443,60.2203,14.8536]]],
[[[25.9633,60.2225,10.1113],[25.9589,60.2172,14.1141],[25.9688,60.2167,15.5286],[25.9828,60.2214,4.0326],[25.9813,60.2229,4.2053],[25.9633,60.2225,10.1113]]],
[[[26.0141,60.2266,6.3525],[26.0083,60.2271,7.4782],[26.0068,60.2255,11.3844],[26.0125,60.2229,4.7353],[26.0141,60.2234,3.3187],[26.0141,60.2266,6.3525]]],
[[[25.9703,60.2276,0.0],[25.9688,60.2292,3.5056],[25.9646,60.2292,4.2634],[25.9609,60.2255,5.5475],[25.9667,60.225,10.812],[25.9703,60.2276,0.0]]],
[[[25.563,60.2255,0.0],[25.5563,60.2271,0.0],[25.5526,60.2234,0.0],[25.5625,60.2229,6.5313],[25.5641,60.2234,9.0178],[25.563,60.2255,0.0]]],
[[[25.3172,60.2224,14.2133],[25.3229,60.2229,0.0],[25.3245,60.2245,14.2283],[25.3167,60.225,7.6039],[25.3104,60.2292,6.9155],[25.3047,60.2286,5.9895],[25.3026,60.2266,0.0],[25.3047,60.2234,0.0],[25.3104,60.2208,3.4838],[25.3172,60.2224,14.2133]]],
[[[25.9333,60.2292,12.6184],[25.9349,60.2307,12.7417],[25.9146,60.2354,5.5211],[25.9042,60.2313,11.0683],[25.8984,60.2307,13.8207],[25.8943,60.2255,3.731],[25.9021,60.2229,0.0],[25.9146,60.2229,15.6365],[25.9208,60.2188,0.0],[25.925,60.2208,9.822],[25.937,60.2214,0.0],[25.937,60.2245,14.2077],[25.9354,60.225,7.4489],[25.9193,60.2255,0.0],[25.9208,60.2271,14.7531],[25.9271,60.2271,0.0],[25.9333,60.2292,12.6184]]],
[[[25.5333,60.2292,0.0],[25.5318,60.2276,12.1761],[25.5349,60.2276,7.6901],[25.5349,60.2286,13.0189],[25.5333,60.2292,0.0]]],
[[[25.9479,60.2271,13.7077],[25.9495,60.2286,12.31],[25.9422,60.2286,12.8001],[25.9438,60.2271,8.1948],[25.9479,60.2271,13.7077]]],
[[[26.0125,60.2313,11.9809],[26.0109,60.2307,14.0425],[26.0109,60.2297,15.2259],[26.0141,60.2297,12.1333],[26.0125,60.2313,11.9809]]],
[[[25.9729,60.2333,0.0],[25.9714,60.2328,14.8185],[25.9714,60.2318,12.5656],[25.9745,60.2318,0.0],[25.9729,60.2333,0.0]]],
[[[25.9437,60.2396,0.0],[25.9422,60.238,7.3688],[25.9453,60.238,13.1953],[25.9453,60.2391,0.0],[25.9437,60.2396,0.0]]],
[[[25.3167,60.2333,12.7872],[25.3203,60.2349,7.1689],[25.313,60.2349,0.0],[25.313,60.2339,0.0],[25.3167,60.2333,12.7872]]],
[[[25.9292,60.2375,3.1387],[25.9276,60.2359,20.3149],[25.9313,60.2333,4.8311],[25.9354,60.2333,5.3391],[25.9391,60.2359,0.0],[25.9375,60.2375,8.1588],[25.9333,60.2354,1.532],[25.9292,60.2375,3.1387]]],
[[[25.3443,60.2422,0.0],[25.3375,60.2438,12.8231],[25.3333,60.2417,14.3806],[25.3292,60.2417,4.6521],[25.3276,60.2422,8.5072],[25.3286,60.2453,17.7296],[25.325,60.2479,14.3564],[25.3042,60.2479,0.0],[25.2984,60.2432,0.0],[25.3063,60.2396,13.1506],[25.3229,60.2396,2.556],[25.3292,60.2354,0.0],[25.3453,60.2328,0.0],[25.3474,60.2307,16.6461],[25.3464,60.2276,0.0],[25.35,60.225,5.0962],[25.3589,60.2328,7.0999],[25.3682,60.2359,0.0],[25.3604,60.2396,16.3602],[25.35,60.2396,4.2276],[25.3443,60.2422,0.0]]],
[[[25.9188,60.2396,8.7856],[25.9266,60.2401,0.0],[25.9266,60.2432,0.0],[25.9188,60.2458,0.0],[25.9063,60.2458,1.2515],[25.9,60.2417,1.3676],[25.8839,60.2411,7.8057],[25.9,60.2354,0.0],[25.9042,60.2375,10.9126],[25.9188,60.2396,8.7856]]],
[[[26.0203,60.238,7.7498],[26.0182,60.2411,0.0],[26.0151,60.2411,14.5351],[26.0172,60.238,11.1142],[26.0203,60.238,7.7498]]],
[[[25.9564,60.2438,15.8769],[25.9641,60.2474,12.0587],[25.9604,60.25,16.4549],[25.9479,60.2479,5.3664],[25.9438,60.25,4.101],[25.9297,60.2453,3.5995],[25.9375,60.2417,1.407],[25.9564,60.2438,15.8769]]],
[[[25.9516,60.2536,9.9752],[25.9458,60.2542,0.0],[25.9443,60.2526,1.4255],[25.95,60.25,0.0],[25.9516,60.2505,0.0],[25.9516,60.2536,9.9752]]],
[[[25.9562,60.2562,13.2948],[25.9547,60.2547,19.8788],[25.9578,60.2547,4.4561],[25.9578,60.2557,6.9287],[25.9562,60.2562,13.2948]]],
[[[25.9333,60.2521,5.7629],[25.9318,60.2505,17.3465],[25.9349,60.2505,0.0],[25.9349,60.2516,-0.1477],[25.9333,60.2521,5.7629]]],
[[[25.6146,60.3,0.0],[25.6182,60.3036,3.161],[25.6089,60.3047,0.0],[25.612,60.3078,0.0],[25.6042,60.3146,0.0],[25.5984,60.3141,0.0],[25.587,60.3068,4.9826],[25.5776,60.3036,6.8048],[25.5755,60.3016,0.3932],[25.5766,60.2984,7.6816],[25.575,60.2958,14.3243],[25.5766,60.2932,4.4661],[25.5755,60.2901,0.0],[25.5766,60.288,0.0],[25.5734,60.2828,0.0],[25.5745,60.2797,6.7604],[25.5729,60.2771,8.14],[25.5745,60.2734,16.2047],[25.5714,60.2693,5.9004],[25.5766,60.2682,17.7897],[25.5771,60.2667,0.0],[25.5734,60.2609,0.0],[25.5786,60.2599,17.0937],[25.5797,60.2568,11.8562],[25.5849,60.2557,11.8111],[25.5839,60.2526,0.0],[25.5891,60.2516,6.5763],[25.5901,60.2484,20.2006],[25.5964,60.2422,13.8674],[25.6021,60.2417,9.7712],[25.6125,60.2375,12.9269],[25.6208,60.2375,0.0],[25.625,60.2396,14.3499],[25.6328,60.2401,2.1464],[25.6339,60.2432,2.1508],[25.6375,60.2458,2.7737],[25.6411,60.2432,0.0],[25.6411,60.2401,3.8887],[25.637,60.2359,9.0932],[25.6292,60.2354,4.6452],[25.6187,60.2313,2.7909],[25.6104,60.2313,0.0],[25.5964,60.2266,7.326],[25.6,60.2229,1.3459],[25.6161,60.2203,8.1702],[25.6182,60.2172,0.0],[25.6083,60.2188,0.0],[25.6068,60.2172,3.8024],[25.6125,60.2125,0.0],[25.6266,60.212,18.1996],[25.6286,60.2089,12.3686],[25.6255,60.2047,12.6462],[25.6313,60.2042,7.5511],[25.6432,60.2109,0.0],[25.6417,60.2125,6.1172],[25.6354,60.2125,11.2271],[25.6297,60.2151,14.8933],[25.6318,60.2182,0.0],[25.637,60.2193,0.0],[25.6354,60.2229,3.6658],[25.638,60.2266,8.449],[25.6458,60.2292,7.312],[25.6563,60.2292,4.0597],[25.6641,60.2318,0.0],[25.6661,60.2359,0.0],[25.6651,60.2391,3.702],[25.6771,60.2396,5.0551],[25.6786,60.2411,9.1224],[25.6693,60.2484,16.8183],[25.6708,60.2521,5.5789],[25.6693,60.2547,0.0],[25.6703,60.2578,3.3177],[25.6667,60.2604,0.9855],[25.6568,60.2609,0.693],[25.6578,60.2641,0.0],[25.6526,60.2651,2.7096],[25.6536,60.2682,0.0],[25.6516,60.2724,0.0],[25.6437,60.275,11.3725],[25.6359,60.2755,11.3501],[25.637,60.2786,0.0],[25.6307,60.2828,10.1131],[25.6187,60.2833,0.0],[25.6109,60.288,8.6863],[25.612,60.2911,0.0],[25.6083,60.2958,7.3305],[25.6109,60.2995,19.5283],[25.6146,60.3,0.0]]],
[[[25.3771,60.2625,0.0],[25.3807,60.263,0.0],[25.3807,60.2641,10.5166],[25.3734,60.2641,24.6365],[25.3771,60.2625,0.0]]],
[[[25.8458,60.2646,0.0],[25.8443,60.263,10.0989],[25.8474,60.263,21.0422],[25.8474,60.2641,12.7813],[25.8458,60.2646,0.0]]],
[[[26.2021,60.2583,9.2303],[26.2057,60.2599,0.0],[26.1984,60.2599,13.0471],[26.1984,60.2589,15.6788],[26.2021,60.2583,9.2303]]],
[[[25.9646,60.2667,22.2144],[25.963,60.2651,0.0],[25.9661,60.2651,8.4681],[25.9661,60.2661,20.7427],[25.9646,60.2667,22.2144]]],
[[[25.9578,60.2651,-0.2706],[25.9542,60.2687,0.0],[25.9505,60.2661,0.4498],[25.9521,60.2646,0.8034],[25.9578,60.2651,-0.2706]]],
[[[26.1099,60.2714,11.88],[26.1078,60.2745,14.6074],[26.1047,60.2745,7.3967],[26.1068,60.2714,1.8115],[26.1099,60.2714,11.88]]],
[[[25.8542,60.2687,19.4809],[25.8526,60.2672,9.0048],[25.8557,60.2672,1.8293],[25.8557,60.2682,6.1955],[25.8542,60.2687,19.4809]]],
[[[25.7875,60.2917,3.0117],[25.7859,60.2901,0.5031],[25.7891,60.2901,11.3032],[25.7891,60.2911,12.3314],[25.7875,60.2917,3.0117]]],
[[[25.575,60.3063,0.0],[25.5734,60.3057,0.0],[25.5734,60.3047,0.0],[25.5766,60.3047,0.0],[25.575,60.3063,0.0]]],
[[[25.9125,60.3083,16.3356],[25.9146,60.3104,10.6664],[25.9125,60.3125,13.7034],[25.9089,60.3089,0.0],[25.9125,60.3083,16.3356]]],
[[[26.4458,60.275,0.0],[26.4443,60.2745,11.7794],[26.4443,60.2734,5.728],[26.4474,60.2734,0.0],[26.4458,60.275,0.0]]],
[[[26.6057,60.2755,10.8136],[26.6021,60.2792,9.0094],[26.5984,60.2786,0.0],[26.5979,60.2771,0.0],[26.6,60.275,0.0],[26.6057,60.2755,10.8136]]],
[[[26.0896,60.2771,13.5342],[26.0932,60.2776,16.795],[26.0932,60.2786,15.5805],[26.0859,60.2786,0.0],[26.0896,60.2771,13.5342]]],
[[[26.1375,60.2917,3.1566],[26.1417,60.2917,9.8006],[26.1432,60.2932,0.0],[26.138,60.2943,12.6864],[26.125,60.3104,22.6887],[26.1083,60.3104,12.2178],[26.0984,60.3078,9.2103],[26.1016,60.3026,8.4779],[26.0964,60.3016,0.0],[26.0938,60.2979,16.0949],[26.0943,60.2964,10.3763],[26.0995,60.2953,3.3628],[26.0984,60.2922,14.7571],[26.1016,60.288,0.9286],[26.0984,60.2859,2.4049],[26.1036,60.2849,14.2426],[26.1068,60.2818,0.0],[26.1161,60.2786,0.0],[26.1151,60.2755,17.8303],[26.1167,60.275,15.1631],[26.1229,60.2792,0.0],[26.1328,60.2776,15.6685],[26.1349,60.2818,0.0],[26.1339,60.2849,0.0],[26.1349,60.287,0.0],[26.1271,60.2896,0.0],[26.1229,60.2875,0.0],[26.1188,60.2875,0.0],[26.1172,60.288,0.0],[26.1172,60.2911,0.0],[26.1375,60.2917,3.1566]]],
[[[26.0313,60.2979,0.0],[26.0297,60.2964,0.0],[26.0328,60.2964,5.3988],[26.0328,60.2974,9.2815],[26.0313,60.2979,0.0]]],
[[[26.2604,60.3042,3.8909],[26.2589,60.3026,16.6727],[26.262,60.3026,0.0],[26.262,60.3036,12.0056],[26.2604,60.3042,3.8909]]],
[[[26.2458,60.3042,18.6834],[26.2495,60.3047,18.9601],[26.2495,60.3057,18.503],[26.2422,60.3057,0.0],[26.2458,60.3042,18.6834]]],
[[[26.4896,60.3083,1.7025],[26.488,60.3078,0.0],[26.488,60.3068,0.0],[26.4911,60.3068,7.3868],[26.4896,60.3083,1.7025]]],
[[[25.6125,60.3146,0.0],[25.6109,60.313,3.5307],[25.6187,60.3104,0.0],[25.6245,60.3161,5.4411],[25.6187,60.3146,0.0],[25.6125,60.3146,0.0]]],
[[[25.9318,60.3224,18.9121],[25.9255,60.3203,0.0],[25.9255,60.3172,6.8291],[25.9276,60.3151,10.3259],[25.937,60.3172,0.0],[25.9391,60.3193,0.0],[25.9349,60.3224,0.0],[25.9318,60.3224,18.9121]]],
[[[25.8937,60.3208,9.6037],[25.8922,60.3193,17.359],[25.8953,60.3193,3.2579],[25.8953,60.3203,7.3854],[25.8937,60.3208,9.6037]]],
[[[25.9,60.3229,-0.4048],[25.9016,60.3224,-0.4048],[25.9005,60.3193,-0.3479],[25.9021,60.3187,0.3785],[25.9078,60.3245,-0.1986],[25.9042,60.3271,4.0743],[25.8964,60.3245,1.3532],[25.9,60.3229,-0.4048]]],
[[[26.2833,60.3167,0.0],[26.2755,60.313,0.0],[26.2792,60.3104,0.0],[26.2891,60.3109,2.5706],[26.2833,60.3167,0.0]]],
[[[26.2687,60.3208,0.0],[26.2672,60.3193,0.0],[26.2703,60.3193,0.0],[26.2703,60.3203,0.0],[26.2687,60.3208,0.0]]],
[[[26.2,60.3458,9.2193],[26.1938,60.3479,11.4279],[26.1833,60.3479,6.7688],[26.1771,60.3521,0.0],[26.1672,60.3474,0.0],[26.1682,60.3443,15.1994],[26.1672,60.3422,0.0],[26.1807,60.3391,9.1472],[26.1828,60.337,7.1327],[26.1818,60.3339,5.0808],[26.187,60.3328,9.4955],[26.1911,60.3266,8.0676],[26.1901,60.3234,4.9322],[26.1979,60.3187,10.2818],[26.2313,60.3187,0.0],[26.2354,60.3208,0.0],[26.2474,60.3214,7.6835],[26.238,60.3297,6.5381],[26.2391,60.3328,0.0],[26.225,60.3333,0.0],[26.2188,60.3354,7.117],[26.2172,60.3359,10.7072],[26.2182,60.3391,0.0],[26.2068,60.3422,10.554],[26.2,60.3458,9.2193]]],
[[[26.5161,60.3391,4.3883],[26.5104,60.3396,0.0],[26.5083,60.3375,0.0],[26.5109,60.3339,0.0],[26.5167,60.3333,0.9724],[26.5182,60.3349,0.5091],[26.5161,60.3391,4.3883]]],
[[[23.4453,59.876,7.1602],[23.4486,59.8774,1.5337],[23.4442,59.8779,0.0],[23.4431,59.8768,0.8441],[23.4453,59.876,7.1602]]],
[[[23.4642,59.8793,0.0],[23.4519,59.8801,5.457],[23.4547,59.8771,5.3166],[23.4619,59.8746,0.0],[23.4647,59.8768,0.0],[23.4781,59.8768,0.0],[23.4764,59.8785,10.4502],[23.4642,59.8793,0.0]]],
[[[23.4469,59.8801,0.0],[23.4497,59.8801,0.0],[23.4514,59.8812,0.0],[23.4481,59.8824,0.0],[23.4469,59.8801,0.0]]],
[[[23.3625,59.884,0.0],[23.3675,59.8846,3.3613],[23.3675,59.8857,0.0],[23.3631,59.8854,4.3424],[23.3625,59.884,0.0]]],
[[[23.3258,59.8735,0.9765],[23.3219,59.876,0.0],[23.3142,59.8726,0.0],[23.3219,59.8713,0.0],[23.3264,59.8721,0.9765],[23.3258,59.8735,0.9765]]],
[[[23.3192,59.876,7.7635],[23.3203,59.8774,0.0],[23.3175,59.8782,4.0989],[23.3103,59.8765,0.0],[23.3125,59.8743,1.3275],[23.3192,59.876,7.7635]]],
[[[23.3142,59.8935,5.9636],[23.2997,59.8935,4.3997],[23.3042,59.8921,5.93],[23.303,59.891,4.8549],[23.2981,59.8932,1.6828],[23.2908,59.8929,1.4537],[23.2825,59.8882,4.3955],[23.2825,59.886,3.2397],[23.2869,59.8863,8.7544],[23.2897,59.8821,13.5007],[23.2992,59.8826,11.7079],[23.3119,59.8807,3.2458],[23.3147,59.8812,3.2458],[23.3142,59.8832,5.5547],[23.3292,59.8815,0.0],[23.3319,59.8846,0.0],[23.3347,59.8849,0.0],[23.3292,59.8888,0.0],[23.3158,59.8904,15.2298],[23.3186,59.8918,3.2129],[23.3142,59.8935,5.9636]]],
[[[23.3403,59.8871,1.0129],[23.3364,59.889,0.0],[23.3342,59.8882,7.6544],[23.3358,59.8868,0.0],[23.3403,59.8871,1.0129]]],
[[[23.3425,59.8896,7.1669],[23.3419,59.8885,1.0129],[23.3458,59.8885,0.0],[23.3458,59.8901,2.5505],[23.3425,59.8896,7.1669]]],
[[[23.2647,59.8888,5.414],[23.268,59.8899,0.0],[23.2586,59.8893,0.979],[23.2581,59.8882,0.0],[23.2631,59.8876,2.7356],[23.2647,59.8888,5.414]]],
[[[23.1581,59.8907,0.0],[23.1536,59.8926,0.0],[23.1558,59.8899,0.0],[23.1586,59.8899,1.3767],[23.1581,59.8907,0.0]]],
[[[23.3531,59.8915,1.7976],[23.3536,59.8937,4.8685],[23.3469,59.8943,3.8758],[23.3475,59.8918,0.0],[23.3531,59.8915,1.7976]]],
[[[23.3708,59.8907,1.7124],[23.3697,59.8896,0.0],[23.3725,59.8896,0.0],[23.3742,59.8918,4.7808],[23.3725,59.8918,1.7124],[23.3708,59.8907,1.7124]]],
[[[23.4342,59.8943,0.0],[23.4264,59.8949,3.6473],[23.4153,59.8921,1.9809],[23.4047,59.8921,0.0],[23.4036,59.8907,0.0],[23.4103,59.8915,7.1283],[23.4086,59.8899,0.8396],[23.4042,59.8901,3.5999],[23.4042,59.889,3.5999],[23.4086,59.8893,0.8396],[23.4169,59.8868,5.6687],[23.4258,59.8901,0.0],[23.4353,59.8901,0.0],[23.4442,59.8924,6.9322],[23.4425,59.8943,5.1732],[23.4342,59.8943,0.0]]],
[[[23.4686,59.8921,0.0],[23.4581,59.8929,1.8843],[23.4619,59.8896,5.4809],[23.4725,59.889,0.0],[23.4692,59.8904,6.6437],[23.4714,59.8918,0.0],[23.4686,59.8921,0.0]]],
[[[23.4036,59.8932,3.4172],[23.4031,59.896,1.3435],[23.3997,59.8963,1.6119],[23.3981,59.894,1.2164],[23.4003,59.8926,4.2632],[23.4036,59.8932,3.4172]]],
[[[22.8808,59.8868,0.0],[22.8769,59.8882,0.0],[22.8742,59.8857,0.0],[22.8792,59.8846,0.0],[22.8786,59.8863,1.0576],[22.8808,59.8868,0.0]]],
[[[22.9331,59.8918,0.0],[22.9258,59.8926,0.0],[22.9253,59.894,0.534],[22.9197,59.8932,0.0],[22.9214,59.8899,0.0],[22.9308,59.8904,0.0],[22.9347,59.8863,0.933],[22.9453,59.8874,0.0],[22.9447,59.8893,0.0],[22.9414,59.8896,0.0],[22.9414,59.8924,0.0],[22.9331,59.8918,0.0]]],
[[[22.9153,59.891,0.0],[22.9164,59.8918,0.0],[22.9103,59.8921,0.0],[22.9108,59.8907,1.2139],[22.9153,59.891,0.0]]],
[[[22.8586,59.8932,0.0],[22.8508,59.8937,0.0],[22.8531,59.8918,0.0],[22.8608,59.8921,0.0],[22.8586,59.8932,0.0]]],
[[[23.0614,59.8871,5.6206],[23.0631,59.8879,0.0],[23.0564,59.8885,6.2072],[23.0575,59.8874,6.2072],[23.0614,59.8871,5.6206]]],
[[[23.0358,59.8874,8.5528],[23.0369,59.8893,3.81],[23.0325,59.8901,3.8363],[23.0331,59.8874,2.0475],[23.0358,59.8874,8.5528]]],
[[[23.0008,59.8888,0.0],[22.9981,59.8901,2.7303],[22.9958,59.8901,2.4261],[22.9986,59.8874,0.0],[23.0008,59.8888,0.0]]],
[[[23.0269,59.8946,3.4771],[23.0269,59.896,0.0],[23.0192,59.8968,6.5813],[23.0147,59.8929,0.0],[23.0197,59.8926,2.6588],[23.0269,59.8946,3.4771]]],
[[[23.1108,59.8935,0.0],[23.1125,59.894,0.0],[23.1114,59.8957,0.0],[23.1069,59.8954,0.0],[23.1069,59.8949,0.0],[23.1108,59.8935,0.0]]],
[[[22.9797,59.9007,0.0],[22.9719,59.9026,0.0],[22.9669,59.9015,0.0],[22.9681,59.9001,1.3098],[22.9669,59.8979,1.2546],[22.9653,59.901,0.0],[22.9558,59.9021,0.0],[22.9553,59.9007,0.0],[22.9636,59.8988,3.3922],[22.9581,59.8971,0.0],[22.9581,59.8957,0.0],[22.9597,59.8957,2.5694],[22.9581,59.8949,4.8622],[22.9536,59.8949,5.0401],[22.9536,59.8974,0.0],[22.9497,59.8974,0.0],[22.9519,59.8996,0.0],[22.9514,59.901,0.0],[22.9447,59.9004,0.0],[22.9431,59.8982,0.0],[22.9514,59.8946,5.0401],[22.9525,59.891,3.0805],[22.9581,59.891,2.8703],[22.9681,59.8865,0.0],[22.9831,59.8868,0.0],[22.9847,59.889,1.5293],[22.9881,59.889,0.0],[22.9886,59.891,0.0],[22.9847,59.8913,0.0],[22.9836,59.8935,0.0],[22.9719,59.8946,3.2281],[22.9803,59.8971,0.0],[22.9797,59.9007,0.0]]],
[[[23.0425,59.8946,0.0],[23.0414,59.8957,0.0],[23.0375,59.896,0.8491],[23.0403,59.8943,0.9866],[23.0425,59.8946,0.0]]],
[[[23.0581,59.9001,1.1983],[23.0519,59.9007,0.0],[23.0542,59.8968,0.0],[23.0569,59.8974,0.0],[23.0581,59.9001,1.1983]]],
[[[22.9292,59.8943,4.5533],[22.9292,59.8932,0.0],[22.9364,59.8935,0.0],[22.9358,59.8946,0.0],[22.9292,59.8943,4.5533]]],
[[[22.8842,59.8968,0.0],[22.8775,59.899,0.0],[22.8736,59.896,0.0],[22.8803,59.8929,6.3428],[22.8781,59.8918,0.8225],[22.8792,59.8901,0.0],[22.8897,59.8896,0.0],[22.8853,59.8918,0.0],[22.8886,59.8937,0.0],[22.8842,59.8968,0.0]]],
[[[22.8703,59.8968,0.0],[22.8731,59.8976,0.0],[22.8653,59.8979,1.0136],[22.8664,59.8965,0.0],[22.8703,59.8968,0.0]]],
[[[22.9031,59.9026,0.0],[22.8947,59.9049,0.8805],[22.8953,59.9029,2.5346],[22.8936,59.9026,2.5346],[22.8936,59.901,8.9323],[22.8908,59.9007,0.0],[22.8919,59.8957,3.6729],[22.8969,59.8946,0.0],[22.8942,59.8926,2.2521],[22.9014,59.8921,2.8998],[22.9075,59.896,3.9878],[22.9042,59.8979,0.0],[22.9086,59.8993,0.0],[22.9036,59.9007,1.6552],[22.9031,59.9026,0.0]]],
[[[23.3269,59.8946,7.6955],[23.3292,59.8949,2.4109],[23.3292,59.8963,6.15],[23.3219,59.8971,0.0],[23.3186,59.8957,0.0],[23.3203,59.8946,12.338],[23.3197,59.8932,2.2375],[23.3269,59.8946,7.6955]]],
[[[23.2847,59.8971,0.0],[23.2825,59.8979,2.128],[23.2842,59.8993,0.0],[23.2736,59.8993,0.0],[23.2725,59.8971,2.054],[23.2658,59.899,0.0],[23.2608,59.8976,0.0],[23.2619,59.896,6.9713],[23.2569,59.8921,0.0],[23.2714,59.8913,1.5788],[23.2792,59.8943,6.4471],[23.2836,59.8943,3.2512],[23.2847,59.8971,0.0]]],
[[[23.3442,59.896,0.0],[23.3375,59.8974,2.5526],[23.3408,59.8937,0.0],[23.3458,59.8935,0.0],[23.3442,59.896,0.0]]],
[[[23.1444,59.8954,0.0],[23.1475,59.8949,0.0],[23.1486,59.8968,0.2172],[23.1408,59.8971,0.0],[23.1408,59.896,1.2989],[23.1444,59.8954,0.0]]],
[[[23.4064,59.8968,0.0],[23.4081,59.8988,0.0],[23.4064,59.9001,4.2194],[23.4019,59.899,2.8622],[23.4025,59.8965,1.3435],[23.4064,59.8968,0.0]]],
[[[23.3592,59.9104,4.912],[23.3508,59.9113,2.6783],[23.3436,59.9099,1.6325],[23.3425,59.9093,1.6325],[23.3431,59.9051,7.4891],[23.3381,59.9043,0.6251],[23.3386,59.9029,3.1775],[23.3364,59.901,0.0],[23.3403,59.9004,1.0235],[23.3436,59.8971,2.978],[23.3469,59.8963,3.5238],[23.3492,59.8965,3.5238],[23.3475,59.8993,1.7876],[23.3531,59.8965,2.0913],[23.3603,59.8976,3.4514],[23.3586,59.9001,3.4327],[23.3547,59.8993,0.5802],[23.3542,59.8979,6.0519],[23.3508,59.8993,7.621],[23.3508,59.9004,7.621],[23.3542,59.9004,-0.5],[23.3531,59.9021,12.9738],[23.3592,59.9012,12.3892],[23.3625,59.8985,3.4514],[23.3636,59.8951,12.2286],[23.3536,59.896,2.0913],[23.3586,59.8932,7.0056],[23.357,59.8921,2.8942],[23.3614,59.8918,7.3354],[23.3575,59.8913,4.527],[23.3586,59.8896,1.2344],[23.3686,59.8907,6.4842],[23.3725,59.8943,8.8428],[23.3758,59.8918,0.0],[23.3808,59.8918,0.0],[23.3797,59.8929,1.1708],[23.3836,59.8943,7.2126],[23.3858,59.8935,2.3563],[23.3836,59.8932,0.0],[23.3842,59.8921,0.0],[23.3936,59.8924,7.1268],[23.3942,59.8907,10.918],[23.3986,59.891,4.7417],[23.3986,59.8924,0.0],[23.3953,59.8929,7.1268],[23.3981,59.8963,1.5726],[23.3942,59.8968,7.9577],[23.3942,59.8979,0.0692],[23.4014,59.9004,0.0],[23.3997,59.9024,0.0],[23.3886,59.9026,0.0],[23.3886,59.9007,0.8662],[23.3919,59.8985,2.9302],[23.3914,59.8963,7.0654],[23.3936,59.8949,6.4629],[23.3914,59.8943,2.5838],[23.3864,59.8968,8.4102],[23.3858,59.9015,4.1438],[23.3764,59.904,3.6406],[23.3753,59.9065,2.3753],[23.3642,59.9057,5.6591],[23.3592,59.9104,4.912]]],
[[[23.3814,59.9104,7.249],[23.3808,59.9087,0.0],[23.3842,59.9085,0.0],[23.3836,59.9104,7.249],[23.3814,59.9104,7.249]]],
[[[23.3742,59.9104,1.9445],[23.3792,59.9104,0.9305],[23.3792,59.9115,0.0],[23.3769,59.9129,9.0776],[23.3719,59.9126,2.7072],[23.3742,59.9104,1.9445]]],
[[[23.3331,59.8976,2.4667],[23.3303,59.8999,3.5518],[23.3258,59.8993,2.0881],[23.3264,59.8976,0.0],[23.3319,59.8954,0.0],[23.3369,59.8963,1.0195],[23.3353,59.8985,2.5526],[23.3331,59.8976,2.4667]]],
[[[23.2986,59.8963,0.0],[23.3003,59.8963,0.0],[23.3019,59.8993,0.0],[23.2958,59.8979,0.0],[23.2986,59.8963,0.0]]],
[[[23.1525,59.8965,0.2172],[23.1536,59.8976,0.9554],[23.1508,59.9001,6.6765],[23.1464,59.899,0.0],[23.1492,59.8968,0.2172],[23.1525,59.8965,0.2172]]],
[[[23.3219,59.9087,0.0],[23.3236,59.9096,0.0],[23.3225,59.9115,1.505],[23.3203,59.9113,1.7256],[23.3197,59.9093,4.4118],[23.3119,59.9087,14.6616],[23.3069,59.9113,0.0],[23.3019,59.9099,7.3955],[23.3014,59.906,10.2126],[23.3069,59.9029,1.5917],[23.3147,59.904,8.6341],[23.3158,59.9068,4.7874],[23.3219,59.9087,0.0]]],
[[[23.3136,59.9143,0.0],[23.3147,59.9129,0.0],[23.3169,59.9132,0.0],[23.3164,59.9149,5.9814],[23.3136,59.9143,0.0]]],
[[[23.3469,59.9179,1.103],[23.3458,59.9204,7.9047],[23.3431,59.921,2.8422],[23.3353,59.9185,3.852],[23.3342,59.916,13.613],[23.3369,59.9135,0.0],[23.3469,59.9135,0.0],[23.3503,59.9165,0.0],[23.3469,59.9179,1.103]]],
[[[23.0653,59.9026,2.482],[23.0658,59.9049,2.35],[23.0642,59.906,1.346],[23.0608,59.906,1.6212],[23.0597,59.904,0.0],[23.0569,59.9035,4.6139],[23.0575,59.9007,4.801],[23.0608,59.9001,4.3494],[23.0592,59.896,0.0],[23.0636,59.8935,0.0],[23.0731,59.8929,0.0],[23.0853,59.8963,8.1373],[23.0875,59.894,6.4455],[23.0958,59.8935,0.0],[23.0953,59.8951,3.4438],[23.0892,59.8968,2.969],[23.0842,59.9021,0.0],[23.0808,59.8999,0.0],[23.0825,59.8976,0.0],[23.0797,59.896,5.1582],[23.0703,59.8951,9.1585],[23.0719,59.8971,11.2264],[23.0786,59.8976,3.0953],[23.0786,59.9004,4.7453],[23.0736,59.8996,3.4256],[23.0708,59.9021,3.5313],[23.0775,59.9018,0.0],[23.0781,59.9032,0.8576],[23.0753,59.9046,1.9893],[23.0675,59.9046,1.3075],[23.0686,59.9029,5.3513],[23.0653,59.9026,2.482]]],
[[[23.0992,59.9004,0.0],[23.0936,59.9021,0.0],[23.0919,59.9015,9.6638],[23.0919,59.899,5.4987],[23.0992,59.8985,0.0],[23.0992,59.9004,0.0]]],
[[[22.9986,59.8985,0.0],[22.9997,59.904,0.0],[22.9986,59.9054,0.0],[22.9892,59.9049,0.0],[22.9908,59.8996,0.0],[22.9931,59.8993,7.0669],[22.9903,59.8963,0.0],[22.9953,59.8951,0.0],[22.9986,59.8985,0.0]]],
[[[23.0275,59.9015,0.0],[23.0319,59.9012,0.0],[23.0325,59.9026,0.0],[23.0281,59.9024,1.453],[23.0275,59.9015,0.0]]],
[[[23.0397,59.9087,0.0],[23.0414,59.9087,0.0],[23.0425,59.9096,0.0],[23.0381,59.9104,0.0],[23.0397,59.9087,0.0]]],
[[[23.0469,59.9113,2.6995],[23.0447,59.9101,0.0],[23.0492,59.9101,0.0],[23.0497,59.9118,2.549],[23.0481,59.9118,2.549],[23.0469,59.9113,2.6995]]],
[[[23.0153,59.9115,1.3787],[23.0136,59.9137,7.474],[23.0103,59.9135,4.9702],[23.008,59.9104,0.0],[23.0153,59.9096,0.9977],[23.0153,59.9115,1.3787]]],
[[[23.0019,59.9132,7.8241],[22.9847,59.914,0.0],[22.9814,59.9121,0.0],[22.9814,59.9096,0.0],[23.0075,59.9113,2.6737],[23.0069,59.9129,0.0],[23.0019,59.9132,7.8241]]],
[[[23.1153,59.9313,1.8191],[23.1125,59.9335,3.6817],[23.0919,59.9321,0.0],[23.0953,59.9293,3.6184],[23.0903,59.9263,0.6008],[23.0964,59.9251,2.9618],[23.0958,59.9235,0.0],[23.1025,59.9212,3.6597],[23.1047,59.9168,5.2813],[23.1014,59.9163,5.2813],[23.1008,59.9137,11.2944],[23.0936,59.914,0.0],[23.0914,59.9104,3.506],[23.0875,59.9101,15.252],[23.0869,59.9118,0.0],[23.0808,59.911,6.8515],[23.0853,59.9126,0.2869],[23.0853,59.9146,1.3126],[23.0869,59.914,0.0],[23.0864,59.9126,0.2869],[23.0892,59.9126,0.0],[23.088,59.9154,0.0],[23.0753,59.9171,0.0],[23.0725,59.9126,3.6083],[23.0792,59.9099,15.6183],[23.0753,59.9074,0.0],[23.0753,59.9054,1.9893],[23.0881,59.9043,1.4535],[23.0919,59.9087,0.0],[23.0992,59.9115,14.739],[23.0992,59.9068,2.2449],[23.1075,59.9071,13.7976],[23.1097,59.9043,11.2893],[23.1069,59.9015,7.0569],[23.1025,59.901,3.2744],[23.1019,59.8996,8.8266],[23.1042,59.8982,0.0],[23.1103,59.8979,8.6671],[23.1181,59.894,6.4339],[23.1281,59.8951,6.0976],[23.1264,59.8929,4.9104],[23.1275,59.8921,4.9104],[23.1419,59.8929,4.2825],[23.1353,59.8949,7.0849],[23.1392,59.896,2.3503],[23.1369,59.8976,0.0],[23.1303,59.8954,15.6173],[23.1275,59.8968,3.9966],[23.1314,59.8974,6.5312],[23.1308,59.9024,0.0],[23.1275,59.9046,0.0],[23.1186,59.9038,7.2199],[23.1208,59.9085,2.438],[23.1258,59.9079,0.0],[23.1253,59.9099,2.6088],[23.1269,59.9107,0.0],[23.1269,59.9137,0.0],[23.1292,59.9143,5.4824],[23.1286,59.916,0.0],[23.1203,59.9143,2.4801],[23.1169,59.9113,6.3097],[23.1131,59.9118,11.7667],[23.1142,59.9137,0.0],[23.1103,59.9182,4.7449],[23.1131,59.919,0.0],[23.1119,59.9207,0.0],[23.1042,59.9215,3.6597],[23.1003,59.9238,2.353],[23.1003,59.9254,2.353],[23.1053,59.9268,10.328],[23.1053,59.929,16.8907],[23.1147,59.9285,0.0],[23.1153,59.9313,1.8191]]],
[[[23.0486,59.9137,4.7143],[23.0464,59.9129,0.0],[23.0503,59.9126,0.0],[23.0503,59.914,0.0],[23.0486,59.9137,4.7143]]],
[[[23.1442,59.9151,5.2511],[23.1453,59.916,0.0],[23.1381,59.9168,0.0],[23.1386,59.9143,0.0],[23.1442,59.9151,5.2511]]],
[[[23.1325,59.9157,3.8699],[23.1364,59.9154,0.0],[23.1369,59.9165,0.0],[23.1319,59.9171,0.0],[23.1325,59.9157,3.8699]]],
[[[22.8775,59.9135,0.0],[22.8775,59.9157,0.0],[22.8703,59.9163,2.8545],[22.8725,59.9135,0.0],[22.8775,59.9135,0.0]]],
[[[22.8025,59.9435,0.0],[22.8053,59.9446,0.0],[22.7986,59.9443,0.0],[22.8008,59.9432,0.0],[22.8025,59.9435,0.0]]],
[[[22.8369,59.9521,4.3604],[22.8392,59.954,0.0],[22.8347,59.9543,0.0],[22.8331,59.9512,0.0],[22.8353,59.951,0.0],[22.8369,59.9521,4.3604]]],
[[[22.8253,59.961,0.0],[22.8208,59.9637,3.769],[22.8119,59.9632,3.0381],[22.8153,59.9588,6.7505],[22.8147,59.956,0.0],[22.8225,59.9565,0.0],[22.8253,59.961,0.0]]],
[[[23.6708,59.9054,0.0],[23.6742,59.9057,2.1993],[23.6692,59.9071,0.0],[23.6692,59.9051,0.0],[23.6708,59.9054,0.0]]],
[[[23.7031,59.9079,3.3495],[23.7069,59.9079,0.0],[23.7069,59.9099,0.0],[23.7042,59.9107,0.0],[23.7003,59.909,0.0],[23.7031,59.9079,3.3495]]],
[[[23.6775,59.9129,0.8725],[23.6719,59.9151,6.982],[23.6697,59.9101,2.7657],[23.6758,59.9093,0.0],[23.678,59.9113,0.0],[23.6775,59.9129,0.8725]]],
[[[23.6936,59.9135,6.2369],[23.6897,59.9157,0.0],[23.6869,59.9151,0.0],[23.6897,59.9135,0.0],[23.6892,59.911,0.0],[23.6942,59.9087,2.1105],[23.6981,59.9093,0.0],[23.6936,59.9135,6.2369]]],
[[[23.8225,59.9107,4.9576],[23.8258,59.9107,3.5644],[23.8264,59.9121,0.0],[23.8247,59.9132,0.0],[23.8208,59.9124,0.0],[23.8225,59.9107,4.9576]]],
[[[23.8292,59.911,0.0],[23.8336,59.9107,2.0389],[23.8342,59.9118,0.0],[23.8303,59.9135,2.2877],[23.8292,59.911,0.0]]],
[[[23.8847,59.9132,8.1127],[23.8775,59.9143,1.3495],[23.8814,59.9099,0.0],[23.8853,59.9104,0.0],[23.8847,59.9132,8.1127]]],
[[[23.7808,59.9118,0.0],[23.7836,59.9132,0.0],[23.7769,59.9137,0.0],[23.7769,59.9132,0.0],[23.7808,59.9118,0.0]]],
[[[23.9947,59.911,2.6852],[23.9969,59.9118,0.0],[23.9881,59.9124,0.0],[23.9919,59.9104,0.0],[23.9947,59.911,2.6852]]],
[[[23.9364,59.9126,1.5892],[23.9403,59.9126,0.3156],[23.9408,59.914,0.0],[23.9336,59.9143,0.0],[23.9364,59.9126,1.5892]]],
[[[23.9075,59.9143,0.2619],[23.9042,59.916,0.0],[23.8981,59.916,0.0],[23.8992,59.914,0.0],[23.9075,59.9143,0.2619]]],
[[[23.9447,59.9151,0.0],[23.9486,59.914,3.421],[23.9503,59.9163,0.0],[23.9403,59.916,1.3511],[23.9447,59.9151,0.0]]],
[[[23.7303,59.9121,2.857],[23.7331,59.9121,4.2512],[23.7347,59.914,1.4672],[23.7314,59.9143,1.4672],[23.7303,59.9121,2.857]]],
[[[23.8653,59.9118,0.0],[23.8675,59.9118,0.0],[23.8697,59.914,0.0],[23.8642,59.9146,0.0],[23.8653,59.9118,0.0]]],
[[[23.7919,59.9126,1.9545],[23.7958,59.9124,2.7273],[23.7975,59.9143,0.0],[23.7936,59.9137,2.1328],[23.7919,59.9126,1.9545]]],
[[[23.8214,59.9135,0.0],[23.8242,59.916,0.0],[23.8175,59.9154,1.5055],[23.8175,59.914,1.5055],[23.8214,59.9135,0.0]]],
[[[23.7997,59.9149,0.0],[23.803,59.9154,0.0],[23.8036,59.9163,0.0],[23.7986,59.916,0.0],[23.7997,59.9149,0.0]]],
[[[23.8342,59.916,1.3514],[23.8369,59.9163,0.0],[23.8286,59.9165,1.1669],[23.8297,59.9149,0.0],[23.8342,59.916,1.3514]]],
[[[23.7747,59.9182,0.0],[23.7781,59.9179,0.0],[23.7786,59.9193,0.0],[23.7731,59.9196,0.0],[23.7747,59.9182,0.0]]],
[[[23.7808,59.9201,0.0],[23.7842,59.9212,2.3109],[23.7842,59.9226,4.1367],[23.7786,59.9218,3.2218],[23.7808,59.9201,0.0]]],
[[[23.6897,59.9176,0.0],[23.6914,59.9193,3.1356],[23.6875,59.9204,0.0],[23.6875,59.919,0.0],[23.6897,59.9176,0.0]]],
[[[23.6942,59.9185,0.0],[23.6969,59.919,0.0],[23.6964,59.921,0.0],[23.6908,59.9207,0.0],[23.6919,59.919,7.5371],[23.6942,59.9185,0.0]]],
[[[23.7003,59.9224,4.81],[23.7014,59.9235,4.81],[23.6997,59.9251,13.5474],[23.6964,59.9251,13.5474],[23.6975,59.9218,0.0],[23.7003,59.9224,4.81]]],
[[[23.7236,59.9268,0.0],[23.7308,59.9268,0.0],[23.7308,59.9282,2.0137],[23.723,59.9285,1.4629],[23.7236,59.9268,0.0]]],
[[[23.8681,59.9246,0.0],[23.8664,59.9268,9.3677],[23.8531,59.9265,2.7312],[23.8525,59.9251,1.3827],[23.8542,59.9238,1.3827],[23.8469,59.9232,8.5905],[23.8447,59.9221,0.0],[23.8469,59.9204,6.9685],[23.8431,59.9201,0.0],[23.8442,59.9185,10.9834],[23.8414,59.9179,0.0],[23.8475,59.9163,1.7375],[23.8503,59.9179,2.3527],[23.8569,59.9168,0.0],[23.8603,59.9182,0.0],[23.8608,59.9232,1.6962],[23.8681,59.9246,0.0]]],
[[[23.8669,59.9224,8.4747],[23.8697,59.9221,0.0],[23.8703,59.9238,0.0],[23.8653,59.9235,1.776],[23.8669,59.9224,8.4747]]],
[[[23.7936,59.9232,0.0],[23.7981,59.9229,0.0],[23.7997,59.9249,0.0],[23.7975,59.9249,2.1808],[23.7936,59.9232,0.0]]],
[[[23.8286,59.9282,0.0],[23.8292,59.9299,1.7965],[23.8269,59.9315,1.3838],[23.8247,59.9282,3.3206],[23.8197,59.9293,0.0],[23.8114,59.9274,0.0],[23.8097,59.9251,12.9787],[23.8042,59.9254,1.5888],[23.8025,59.9238,1.5888],[23.8064,59.9218,0.0],[23.8136,59.9224,6.2165],[23.8103,59.9212,0.0],[23.8119,59.9199,0.0],[23.8242,59.9218,11.3766],[23.8247,59.9204,12.8764],[23.8219,59.9193,4.0959],[23.8253,59.9179,1.3605],[23.8353,59.9179,0.0],[23.8347,59.919,9.7274],[23.8397,59.9185,0.0],[23.8425,59.9212,0.0],[23.8403,59.9229,5.7477],[23.8486,59.9243,0.0],[23.8458,59.9271,0.0],[23.8414,59.9276,0.0],[23.8342,59.9276,2.9195],[23.8353,59.9263,4.6798],[23.8342,59.9251,1.437],[23.8364,59.9232,11.168],[23.8286,59.9263,6.0484],[23.8231,59.9257,5.9194],[23.8236,59.9268,4.2387],[23.8286,59.9282,0.0]]],
[[[23.9442,59.9238,7.022],[23.9464,59.9249,1.1822],[23.9397,59.9249,1.878],[23.9375,59.9232,1.0453],[23.9431,59.9218,0.0],[23.9453,59.9224,0.0],[23.9442,59.9238,7.022]]],
[[[23.932,59.926,3.9483],[23.9264,59.9274,0.0],[23.9197,59.926,2.3457],[23.9142,59.9271,0.0],[23.9136,59.9254,8.6682],[23.9103,59.9243,4.3777],[23.9031,59.9263,1.5327],[23.9008,59.9254,0.0],[23.9025,59.9235,2.1201],[23.8958,59.9251,1.6659],[23.8947,59.9235,1.1906],[23.8986,59.921,2.0317],[23.9036,59.9212,2.301],[23.9025,59.9224,2.1201],[23.9036,59.9229,2.1201],[23.9053,59.9204,0.0],[23.9103,59.9201,0.0],[23.9103,59.9229,0.0],[23.9119,59.9229,0.0],[23.9153,59.9207,4.8092],[23.9197,59.9204,0.0],[23.9186,59.9218,2.7005],[23.9197,59.9229,5.0208],[23.9147,59.9235,3.4475],[23.9231,59.9238,4.8709],[23.9242,59.9251,4.8709],[23.9275,59.9238,0.0],[23.932,59.926,3.9483]]],
[[[23.9597,59.924,1.1812],[23.9636,59.9263,0.0],[23.9475,59.9254,1.9408],[23.9497,59.9218,0.0],[23.9525,59.9232,0.0],[23.9525,59.9249,0.8159],[23.9597,59.924,1.1812]]],
[[[23.9031,59.9285,5.3887],[23.8953,59.9299,6.0417],[23.893,59.9271,0.0],[23.8975,59.9257,5.8031],[23.9031,59.9271,5.3887],[23.9031,59.9285,5.3887]]],
[[[23.8769,59.9343,9.0312],[23.8708,59.9362,2.3434],[23.8642,59.9329,0.0],[23.8786,59.9296,0.0],[23.8769,59.9265,0.0],[23.8819,59.9263,6.5742],[23.8825,59.924,1.5812],[23.8858,59.9232,1.4305],[23.8825,59.9218,5.03],[23.8847,59.919,0.0],[23.8897,59.919,0.0],[23.8897,59.9221,3.7597],[23.8914,59.9207,0.0],[23.8942,59.9212,0.0],[23.8903,59.9235,3.7597],[23.8908,59.9257,0.0],[23.8881,59.9271,3.37],[23.8903,59.9285,0.0],[23.8908,59.9315,3.2286],[23.8769,59.9343,9.0312]]],
[[[23.7803,59.9296,11.9182],[23.7808,59.9304,0.0],[23.7764,59.9318,2.3688],[23.7725,59.9307,1.2602],[23.7758,59.9268,0.0],[23.7831,59.9285,0.0],[23.7803,59.9296,11.9182]]],
[[[23.8125,59.929,10.5494],[23.8175,59.9296,0.0],[23.8181,59.931,2.9846],[23.8086,59.9313,0.0],[23.8047,59.9274,0.0],[23.8081,59.9274,3.1809],[23.8125,59.929,10.5494]]],
[[[23.7403,59.9282,0.0],[23.7425,59.9285,0.0],[23.7436,59.9307,0.0],[23.7325,59.9304,0.0],[23.7336,59.9285,0.0],[23.7403,59.9282,0.0]]],
[[[23.7969,59.9301,0.0],[23.7992,59.9318,0.0],[23.7936,59.9307,0.0],[23.7942,59.9296,0.0],[23.7969,59.9301,0.0]]],
[[[23.8647,59.9324,6.8312],[23.8508,59.9335,6.2759],[23.8453,59.9313,0.8241],[23.8447,59.9296,1.4698],[23.848,59.9285,0.0],[23.8525,59.9285,0.0],[23.8553,59.9301,0.0],[23.8597,59.9293,3.2161],[23.8664,59.931,3.0117],[23.8647,59.9324,6.8312]]],
[[[23.8414,59.934,0.0],[23.8386,59.9329,7.7083],[23.8392,59.9346,2.8018],[23.8358,59.9346,1.9215],[23.8292,59.9313,1.6699],[23.8314,59.9296,0.0],[23.8375,59.9296,0.0],[23.8442,59.9321,0.0],[23.8442,59.9338,8.6484],[23.8414,59.934,0.0]]],
[[[23.7936,59.9357,11.5836],[23.7947,59.9382,8.2191],[23.7925,59.939,7.9276],[23.7819,59.9307,0.0],[23.7842,59.9304,0.0],[23.7936,59.9357,11.5836]]],
[[[23.9019,59.9332,0.0],[23.8964,59.9351,0.0],[23.8997,59.9321,3.1269],[23.9025,59.9318,0.0],[23.9019,59.9332,0.0]]],
[[[23.9558,59.9376,0.0],[23.9514,59.939,0.0],[23.9514,59.9404,0.0],[23.9475,59.9404,4.9798],[23.9464,59.939,0.0],[23.9336,59.9371,4.9346],[23.9292,59.9335,2.3414],[23.9331,59.931,1.5896],[23.9492,59.9304,0.0],[23.9503,59.9324,4.2219],[23.9536,59.9318,0.0],[23.9558,59.9332,1.8544],[23.9542,59.9362,6.0362],[23.9575,59.9371,0.0],[23.9558,59.9376,0.0]]],
[[[23.8892,59.9349,0.0],[23.8892,59.9368,4.1201],[23.8842,59.9374,0.0],[23.8853,59.9351,0.0],[23.8892,59.9349,0.0]]],
[[[23.9714,59.9376,1.2046],[23.9669,59.9376,0.0],[23.9669,59.9368,1.3162],[23.9736,59.9365,0.0],[23.9714,59.9376,1.2046]]],
[[[23.8514,59.9351,1.7452],[23.8464,59.9368,3.3317],[23.8442,59.9357,1.5296],[23.8442,59.934,8.6484],[23.848,59.9332,0.0],[23.8514,59.9351,1.7452]]],
[[[23.8131,59.9437,0.0],[23.8147,59.949,7.4623],[23.8108,59.9504,8.9093],[23.8025,59.9443,6.0377],[23.7997,59.9451,2.3484],[23.8014,59.9479,0.0],[23.7997,59.9485,1.4326],[23.7881,59.9418,18.4513],[23.7808,59.9424,2.102],[23.7814,59.9463,1.6622],[23.7775,59.9457,0.0],[23.7781,59.9424,0.0],[23.768,59.9374,0.9116],[23.7675,59.9385,0.9116],[23.7692,59.9413,6.53],[23.7658,59.9451,7.7598],[23.7553,59.9437,3.7671],[23.7547,59.9415,6.075],[23.7514,59.9404,15.2872],[23.7442,59.9413,0.0],[23.7475,59.9399,5.4374],[23.7464,59.9385,0.0],[23.7475,59.9362,3.9317],[23.7442,59.9362,0.0],[23.7442,59.9351,0.0],[23.7481,59.9329,0.0],[23.7508,59.9332,1.1005],[23.7464,59.9307,0.0],[23.7453,59.9263,0.0],[23.7525,59.9254,5.0609],[23.7508,59.9229,0.0],[23.7525,59.9224,5.7251],[23.7575,59.9249,7.5395],[23.7686,59.9229,0.0],[23.7692,59.9251,2.5179],[23.7614,59.9271,15.2151],[23.7642,59.9268,3.1642],[23.7658,59.9285,0.0],[23.7686,59.9276,2.7944],[23.7692,59.929,4.0333],[23.7669,59.9301,4.0333],[23.7764,59.9329,0.0],[23.7814,59.9371,12.5885],[23.7842,59.9371,8.2194],[23.7836,59.9351,0.0],[23.7869,59.9351,7.313],[23.7931,59.9407,11.268],[23.8131,59.9437,0.0]]],
[[[23.7325,59.9362,4.7625],[23.7369,59.9371,17.3364],[23.7369,59.9388,0.0],[23.7292,59.9376,7.027],[23.7325,59.9362,4.7625]]],
[[[23.8653,59.9385,2.3457],[23.8619,59.9382,0.0],[23.8619,59.9368,0.0],[23.8653,59.9368,0.0],[23.8653,59.9385,2.3457]]],
[[[24.0036,59.9404,2.4871],[23.9958,59.941,1.0266],[23.9936,59.9396,0.0],[24.0025,59.939,0.0],[24.0003,59.9379,0.0],[24.0014,59.9351,0.0],[24.0108,59.9346,0.0],[24.0086,59.9365,2.5761],[24.0097,59.9382,0.0],[24.0036,59.9404,2.4871]]],
[[[23.9769,59.9385,0.0],[23.9725,59.9388,4.4605],[23.9725,59.9379,1.6859],[23.9769,59.9376,0.0],[23.9769,59.9385,0.0]]],
[[[23.9153,59.9413,0.0],[23.9086,59.9426,0.0],[23.9075,59.9407,0.0],[23.9031,59.9393,0.9359],[23.9031,59.9362,0.0],[23.9097,59.9346,0.0],[23.9097,59.936,10.4077],[23.9136,59.9362,2.2133],[23.9136,59.9376,3.0044],[23.9086,59.9385,12.1536],[23.9169,59.939,0.0],[23.9153,59.9413,0.0]]],
[[[23.8953,59.9385,0.0],[23.8903,59.9404,0.0],[23.8936,59.9371,0.0],[23.8958,59.9374,0.0],[23.8953,59.9385,0.0]]],
[[[23.9019,59.9399,0.9359],[23.9008,59.9413,4.6029],[23.8964,59.9413,0.0],[23.8969,59.9401,0.0],[23.9019,59.9399,0.9359]]],
[[[23.8803,59.9407,0.0],[23.8797,59.9399,0.0],[23.8853,59.9396,0.0],[23.8864,59.9415,3.8323],[23.8836,59.9418,2.1816],[23.8803,59.9407,0.0]]],
[[[23.9581,59.9418,0.0],[23.9542,59.9418,0.0],[23.9536,59.9407,0.0],[23.9569,59.9401,0.0],[23.9581,59.9418,0.0]]],
[[[23.9903,59.9418,0.0],[23.9892,59.9437,10.9128],[23.9836,59.944,0.0],[23.9875,59.9421,10.9128],[23.9869,59.9401,0.0],[23.9903,59.9418,0.0]]],
[[[23.9736,59.944,7.2459],[23.9758,59.944,0.7024],[23.9764,59.9457,0.0],[23.9697,59.9465,7.1525],[23.9669,59.9437,11.361],[23.9614,59.944,0.0],[23.9592,59.9421,0.0],[23.9614,59.9376,0.9863],[23.9675,59.9399,4.3441],[23.9781,59.9393,1.2251],[23.9836,59.9413,2.3911],[23.9825,59.9432,0.0],[23.9797,59.9437,7.557],[23.9708,59.9429,8.1489],[23.9736,59.944,7.2459]]],
[[[23.9453,59.9435,0.0],[23.9475,59.9451,0.0],[23.9397,59.9449,4.837],[23.9386,59.9429,0.0],[23.9436,59.9413,1.5316],[23.9453,59.9418,0.0],[23.9453,59.9435,0.0]]],
[[[23.9492,59.9429,3.0757],[23.953,59.9432,0.0],[23.9519,59.9446,0.0],[23.9475,59.9437,0.0],[23.9492,59.9429,3.0757]]],
[[[23.9108,59.944,0.0],[23.9081,59.9457,0.0],[23.9058,59.9457,0.0],[23.9075,59.9435,0.0],[23.9108,59.944,0.0]]],
[[[23.8775,59.9368,1.9905],[23.8803,59.9362,0.0],[23.8797,59.9393,0.0],[23.8731,59.9393,0.5629],[23.8731,59.9385,0.0],[23.8775,59.9368,1.9905]]],
[[[23.8458,59.9371,1.3738],[23.8519,59.9382,1.5003],[23.8519,59.939,0.0],[23.8453,59.9382,1.3738],[23.8458,59.9371,1.3738]]],
[[[23.7742,59.9515,1.7743],[23.7758,59.9532,2.6602],[23.7697,59.9535,0.0],[23.7669,59.9479,6.7443],[23.7636,59.9465,0.0],[23.7747,59.9449,0.0],[23.7786,59.9468,0.0],[23.7786,59.949,0.0],[23.7719,59.9493,11.9228],[23.7742,59.9515,1.7743]]],
[[[23.7769,59.9501,0.0],[23.7797,59.9499,0.0],[23.7808,59.9521,4.867],[23.7758,59.9518,1.7743],[23.7769,59.9501,0.0]]],
[[[23.0992,59.9193,0.0],[23.0953,59.9196,1.3788],[23.0936,59.9215,2.218],[23.0914,59.9204,9.4154],[23.0914,59.919,9.4154],[23.0969,59.9174,2.6456],[23.1003,59.9174,1.0512],[23.0992,59.9193,0.0]]],
[[[23.1119,59.9249,2.5705],[23.1075,59.9263,2.9139],[23.1058,59.9257,0.0],[23.1058,59.9235,0.0],[23.1136,59.9224,7.4245],[23.1119,59.9249,2.5705]]],
[[[23.1275,59.9285,0.0],[23.1281,59.9307,0.0],[23.1264,59.9315,0.0],[23.1197,59.9301,0.0],[23.1231,59.9268,0.0],[23.1264,59.9268,0.0],[23.1275,59.9285,0.0]]],
[[[23.0719,59.9321,12.4549],[23.0758,59.9338,0.0],[23.0758,59.9346,0.0],[23.0686,59.9338,0.6664],[23.0719,59.9321,12.4549]]],
[[[23.3686,59.9104,0.0],[23.3719,59.911,5.3626],[23.3703,59.9132,2.7072],[23.3614,59.9118,0.0],[23.3625,59.9104,4.912],[23.3686,59.9104,0.0]]],
[[[23.4519,59.9143,1.9014],[23.4547,59.9163,2.2248],[23.4481,59.9157,0.0],[23.4492,59.9143,6.8636],[23.4519,59.9143,1.9014]]],
[[[23.4069,59.9538,9.1478],[23.4081,59.9554,2.0893],[23.4019,59.9546,9.1154],[23.4008,59.9526,2.0507],[23.4042,59.9526,0.3641],[23.4069,59.9538,9.1478]]],
[[[23.4281,59.9546,2.3587],[23.4286,59.9562,0.0],[23.4225,59.956,0.6438],[23.4258,59.9543,3.6857],[23.4281,59.9546,2.3587]]],
[[[23.4086,59.9629,4.8271],[23.4097,59.9649,3.1487],[23.4053,59.9654,6.1545],[23.4008,59.9637,0.0],[23.4008,59.9615,0.0],[23.4064,59.9615,1.0629],[23.4086,59.9629,4.8271]]],
[[[23.4331,59.9818,1.9371],[23.4342,59.9826,0.6155],[23.4303,59.9832,3.308],[23.4286,59.981,3.965],[23.4314,59.9807,3.965],[23.4331,59.9818,1.9371]]],
[[[23.0914,59.9876,0.0],[23.0925,59.9896,0.0],[23.0914,59.9901,0.0],[23.088,59.9901,3.4305],[23.0869,59.9885,5.2037],[23.0886,59.9871,5.2037],[23.0914,59.9876,0.0]]],
[[[22.9658,59.9901,0.0],[22.9642,59.9915,2.7079],[22.9625,59.9912,3.8315],[22.9636,59.9899,0.0],[22.9658,59.9901,0.0]]],
[[[23.0025,59.9946,0.0],[23.0042,59.9965,0.0],[22.9947,59.9949,0.0],[22.9964,59.9943,5.0768],[23.0025,59.9946,0.0]]],
[[[23.0931,59.9665,0.0],[23.0931,59.9699,0.0],[23.0886,59.9704,2.956],[23.0875,59.9685,0.0],[23.0886,59.9668,6.8184],[23.0842,59.9663,0.0],[23.0842,59.9651,0.0],[23.0892,59.964,2.1408],[23.0931,59.9665,0.0]]],
[[[23.0803,59.9682,0.0],[23.0808,59.9712,2.2258],[23.0747,59.9721,0.0],[23.0764,59.9668,0.0],[23.0803,59.9682,0.0]]],
[[[22.9814,59.9818,11.4308],[22.9786,59.984,0.0],[22.9736,59.9832,0.0],[22.9775,59.9787,0.0],[22.9819,59.9787,0.0],[22.9814,59.9818,11.4308]]],
[[[23.0947,59.9815,8.5781],[23.0953,59.9835,0.0],[23.0897,59.9843,0.0],[23.0847,59.9826,0.0],[23.0825,59.9793,0.0],[23.0881,59.9785,0.0],[23.0947,59.9815,8.5781]]],
[[[22.9714,59.9815,0.0],[22.973,59.9813,0.0],[22.9725,59.984,0.0],[22.9675,59.9846,0.0],[22.9681,59.9818,0.0],[22.9714,59.9815,0.0]]],
[[[23.0814,59.9837,0.0],[23.0836,59.9857,0.0],[23.0775,59.9846,0.0],[23.0792,59.9832,0.0],[23.0814,59.9837,0.0]]],
[[[22.9853,59.9865,3.8205],[22.9753,59.9879,1.2431],[22.9781,59.9851,0.0],[22.9814,59.9846,0.0],[22.9814,59.9829,4.0342],[22.9886,59.9835,0.0],[22.9881,59.9854,0.0],[22.9853,59.9865,3.8205]]],
[[[23.0803,59.9871,7.7316],[23.0853,59.9868,0.0],[23.0853,59.989,0.0],[23.0803,59.9899,0.0],[23.0792,59.9874,7.7316],[23.0803,59.9871,7.7316]]],
[[[22.8775,59.9915,0.0],[22.8758,59.9935,6.8498],[22.8731,59.9921,0.0],[22.8753,59.991,6.3956],[22.8775,59.9915,0.0]]],
[[[22.8614,59.9982,0.0],[22.8608,59.9999,5.9364],[22.8575,59.9999,3.5446],[22.8581,59.9987,0.0],[22.8614,59.9982,0.0]]],
[[[22.9859,60.013,18.9886],[22.9891,60.013,25.8974],[22.9891,60.0141,23.811],[22.9859,60.0141,19.8261],[22.9859,60.013,18.9886]]],
[[[23.0187,60.0542,35.1996],[23.013,60.0536,33.6447],[23.0109,60.0505,8.9708],[23.0182,60.0505,0.0],[23.0203,60.0526,5.4245],[23.0187,60.0542,35.1996]]],
[[[23.6819,59.9151,3.1576],[23.6803,59.9171,0.0],[23.6764,59.9168,2.7564],[23.6786,59.9126,0.8725],[23.6842,59.9121,0.0],[23.6836,59.9146,0.0],[23.6819,59.9151,3.1576]]],
[[[23.6181,59.9146,0.0],[23.6197,59.9171,0.0],[23.6097,59.9157,0.0],[23.6142,59.9135,0.0],[23.6181,59.9146,0.0]]],
[[[23.7169,59.9154,0.0],[23.7192,59.9157,0.0],[23.7192,59.9179,0.0],[23.7125,59.9168,1.9646],[23.7131,59.9157,1.9646],[23.7169,59.9154,0.0]]],
[[[23.6525,59.9176,0.0],[23.6508,59.9165,0.0],[23.6569,59.9168,6.9142],[23.6569,59.9179,0.0],[23.6525,59.9176,0.0]]],
[[[23.5619,59.9174,1.674],[23.5642,59.9174,3.0744],[23.5642,59.919,3.189],[23.5603,59.9199,2.6013],[23.5603,59.9182,1.674],[23.5619,59.9174,1.674]]],
[[[23.4925,59.9224,0.0],[23.4892,59.924,0.0],[23.4853,59.9238,0.0],[23.4792,59.9224,0.0],[23.4808,59.9212,5.4915],[23.4792,59.9201,2.9349],[23.4836,59.919,9.4341],[23.4925,59.9201,4.6172],[23.4908,59.9193,2.5556],[23.4914,59.9179,1.5088],[23.4986,59.9199,0.0],[23.4964,59.9224,4.3053],[23.4925,59.9224,0.0]]],
[[[23.5475,59.934,0.0],[23.553,59.9338,0.0],[23.5536,59.9346,0.0],[23.5486,59.9351,0.0],[23.5475,59.934,0.0]]],
[[[23.4947,59.9776,0.0],[23.4931,59.9793,1.1754],[23.4842,59.9779,3.1846],[23.4847,59.9763,8.1527],[23.4792,59.9721,0.0],[23.4836,59.9715,0.0],[23.4864,59.9743,0.1293],[23.4914,59.976,2.4887],[23.4925,59.9757,1.5881],[23.4892,59.9729,0.0],[23.5025,59.974,6.6192],[23.5053,59.9768,0.0417],[23.5042,59.9785,3.6826],[23.4947,59.9776,0.0]]],
[[[23.7275,59.9293,2.0537],[23.7286,59.9313,2.2544],[23.7269,59.9321,0.0],[23.7219,59.931,0.6669],[23.723,59.929,3.3082],[23.7275,59.9293,2.0537]]],
[[[23.7258,59.9354,0.0],[23.7275,59.9362,0.0],[23.7236,59.9371,0.0],[23.7242,59.9354,0.0],[23.7258,59.9354,0.0]]],
[[[23.7103,59.9388,0.0],[23.7108,59.9379,0.0],[23.7164,59.9382,0.0],[23.7158,59.939,0.9584],[23.7103,59.9388,0.0]]],
[[[23.5229,60.0542,0.0],[23.5146,60.0542,0.0],[23.513,60.0526,0.0],[23.5245,60.0526,13.0283],[23.5229,60.0542,0.0]]],
[[[23.7786,59.9538,0.0],[23.7775,59.9529,1.3787],[23.7836,59.9526,1.7957],[23.7825,59.9538,0.0],[23.7786,59.9538,0.0]]],
[[[23.7781,59.9588,0.0],[23.7769,59.9571,4.0318],[23.7825,59.9574,0.0],[23.7819,59.9588,0.0],[23.7781,59.9588,0.0]]],
[[[23.7681,59.9585,0.0],[23.7692,59.9596,7.9531],[23.768,59.9601,7.9531],[23.7592,59.9593,0.0],[23.7597,59.9576,0.0],[23.7681,59.9585,0.0]]],
[[[23.7925,59.9604,3.9931],[23.7931,59.9615,0.8368],[23.7908,59.9624,0.0],[23.7831,59.9613,0.0],[23.7886,59.9593,3.9931],[23.7925,59.9604,3.9931]]],
[[[23.6905,60.4513,108.8444],[23.6901,60.4477,111.2128],[23.6992,60.4475,102.3025],[23.6997,60.452,120.7413],[23.6905,60.4513,108.8444]]],
[[[24.0005,60.0172,0.0],[23.9979,60.0187,12.6775],[23.9875,60.0187,9.8943],[23.9833,60.0208,0.0],[23.9755,60.0182,7.6185],[23.9734,60.0151,0.0],[23.9766,60.0141,21.7014],[23.9755,60.0109,0.0],[23.9776,60.0089,0.0],[23.9958,60.0062,0.0],[24.0016,60.013,7.051],[24.0005,60.0172,0.0]]],
[[[27.1604,60.275,15.6591],[27.1589,60.2745,4.7223],[27.1589,60.2734,0.0],[27.162,60.2734,3.0827],[27.1604,60.275,15.6591]]],
[[[27.1807,60.2755,0.0],[27.1792,60.2771,15.7877],[27.1693,60.2766,12.2211],[27.1708,60.275,0.0],[27.1807,60.2755,0.0]]],
[[[27.1917,60.2875,9.1047],[27.1953,60.2891,-1.0],[27.188,60.2891,17.7734],[27.188,60.288,13.4106],[27.1917,60.2875,9.1047]]],
[[[27.1458,60.2875,5.9334],[27.1495,60.2891,10.2595],[27.1422,60.2891,16.2503],[27.1422,60.288,15.3519],[27.1458,60.2875,5.9334]]],
[[[27.3005,60.2828,10.8435],[27.2984,60.2797,17.525],[27.3063,60.275,4.2231],[27.3089,60.2786,18.9725],[27.3141,60.2797,4.4155],[27.3104,60.2833,0.0],[27.3005,60.2828,10.8435]]],
[[[27.3979,60.3063,0.0],[27.3964,60.3057,1.3598],[27.3964,60.3047,7.3269],[27.3995,60.3047,4.3895],[27.3979,60.3063,0.0]]],
[[[27.4562,60.3479,8.4876],[27.4599,60.3484,5.8497],[27.4599,60.3495,12.5468],[27.4526,60.3495,3.1162],[27.4562,60.3479,8.4876]]],
[[[27.4229,60.3521,9.3381],[27.4266,60.3526,8.8483],[27.4266,60.3536,19.582],[27.4193,60.3536,17.484],[27.4229,60.3521,9.3381]]],
[[[27.2229,60.3042,0.0],[27.2266,60.3057,3.2168],[27.2193,60.3057,15.0505],[27.2193,60.3047,9.5893],[27.2229,60.3042,0.0]]],
[[[26.8083,60.3146,0.9374],[26.8047,60.3141,6.6996],[26.8026,60.3109,0.0],[26.8083,60.3083,5.6929],[26.8141,60.3089,4.5785],[26.8141,60.312,15.4924],[26.812,60.3141,17.7684],[26.8083,60.3146,0.9374]]],
[[[27.2609,60.3443,0.0],[27.2641,60.3443,0.0],[27.2641,60.3474,3.3732],[27.2609,60.3474,0.0],[27.2609,60.3443,0.0]]],
[[[26.7828,60.3599,2.6508],[26.7771,60.3646,0.0],[26.7672,60.3651,21.6519],[26.7604,60.3708,0.0],[26.7563,60.3688,11.8792],[26.7484,60.3682,0.0],[26.7443,60.3641,4.9805],[26.7474,60.362,8.911],[26.7464,60.3589,10.0491],[26.7516,60.3578,9.6802],[26.7505,60.3547,0.0],[26.7599,60.3536,5.1546],[26.7672,60.3484,4.2961],[26.775,60.3458,2.7235],[26.7807,60.3464,0.0],[26.7797,60.3495,1.5253],[26.7849,60.3505,3.9854],[26.7818,60.3526,19.9259],[26.7849,60.3568,11.6827],[26.7828,60.3599,2.6508]]],
[[[26.9641,60.3745,0.0],[26.9583,60.375,12.9047],[26.9568,60.3734,9.104],[26.9604,60.3708,11.0982],[26.9641,60.3745,0.0]]],
[[[26.9526,60.3755,5.5216],[26.9557,60.3755,12.9345],[26.9557,60.3766,9.2993],[26.9542,60.3771,0.0],[26.9526,60.3755,5.5216]]],
[[[27.0167,60.3854,11.2302],[27.0151,60.3839,12.0394],[27.0182,60.3839,0.0],[27.0182,60.3849,0.0],[27.0167,60.3854,11.2302]]],
[[[27.05,60.4021,0.0],[27.0458,60.4021,10.9201],[27.0313,60.4083,3.2246],[27.0187,60.4083,10.6627],[27.0151,60.4057,9.9445],[27.0172,60.4026,12.4034],[27.0203,60.4016,17.2108],[27.0172,60.3964,0.0],[27.0297,60.3859,11.6819],[27.038,60.3755,7.3591],[27.0458,60.375,0.0],[27.05,60.3729,0.0],[27.0583,60.3729,0.0],[27.0661,60.3755,11.1791],[27.0651,60.3786,8.2427],[27.0661,60.3807,5.0442],[27.063,60.3828,10.0202],[27.0661,60.387,8.4173],[27.0589,60.3932,15.4016],[27.0609,60.3953,0.0],[27.0661,60.3964,0.0],[27.0651,60.3995,16.6074],[27.0661,60.4016,9.4165],[27.0625,60.4042,0.0],[27.05,60.4021,0.0]]],
[[[26.3026,60.3359,12.1341],[26.3042,60.3354,0.8838],[26.3057,60.337,0.0],[26.3042,60.3375,16.818],[26.3026,60.3359,12.1341]]],
[[[26.3,60.3375,0.0],[26.3036,60.3411,15.8315],[26.2958,60.3417,18.7558],[26.2917,60.3438,0.0],[26.288,60.3411,11.7015],[26.2896,60.3396,7.2985],[26.2958,60.3396,15.6602],[26.3,60.3375,0.0]]],
[[[26.287,60.3453,0.0],[26.2771,60.3458,4.6338],[26.2755,60.3443,0.0],[26.2854,60.3438,15.367],[26.287,60.3453,0.0]]],
[[[26.4083,60.3479,14.2023],[26.4068,60.3464,12.064],[26.4099,60.3464,10.4644],[26.4099,60.3474,14.2023],[26.4083,60.3479,14.2023]]],
[[[26.4172,60.3526,3.5313],[26.4224,60.3474,0.0],[26.4214,60.3443,0.0],[26.4271,60.3438,23.511],[26.4359,60.3474,9.3171],[26.437,60.3495,0.0],[26.4359,60.3516,23.7296],[26.4391,60.3557,0.0],[26.4359,60.3568,9.1376],[26.437,60.3599,0.0],[26.4313,60.3604,13.7527],[26.4245,60.3547,0.0],[26.4188,60.3542,0.0],[26.4172,60.3526,3.5313]]],
[[[26.5974,60.3641,13.4893],[26.5964,60.3568,0.0],[26.5979,60.3563,6.7239],[26.6057,60.3589,7.5496],[26.6099,60.363,1.0053],[26.6016,60.3703,0.3433],[26.5943,60.3703,0.0],[26.5953,60.3672,0.0],[26.5943,60.3651,0.0],[26.5974,60.3641,13.4893]]],
[[[26.2224,60.3651,11.3592],[26.2208,60.3667,6.2274],[26.2109,60.3661,5.8185],[26.2125,60.3646,5.1498],[26.2224,60.3651,11.3592]]],
[[[26.0807,60.3724,0.0],[26.0776,60.3724,0.0],[26.0755,60.3703,0.0],[26.0776,60.3651,0.2921],[26.0849,60.3651,0.0],[26.0849,60.3682,15.5042],[26.0807,60.3724,0.0]]],
[[[26.3484,60.363,6.0276],[26.3583,60.3625,5.1011],[26.3599,60.3641,14.9795],[26.3547,60.3651,0.0],[26.3432,60.3745,4.8533],[26.3401,60.3745,0.0],[26.338,60.3714,0.0],[26.3411,60.3703,11.8596],[26.3484,60.363,6.0276]]],
[[[26.1224,60.3724,0.0],[26.1151,60.3724,21.378],[26.113,60.3693,2.9817],[26.1188,60.3688,1.458],[26.1224,60.3724,0.0]]],
[[[26.5859,60.3734,2.1731],[26.5818,60.3745,9.995],[26.5797,60.3714,0.0],[26.5833,60.3688,0.0],[26.5891,60.3693,1.3122],[26.5859,60.3734,2.1731]]],
[[[26.6276,60.3703,8.5862],[26.6375,60.3688,0.0],[26.6516,60.3734,4.1029],[26.6599,60.3786,0.0],[26.6437,60.3792,0.0],[26.6349,60.3734,14.1796],[26.6255,60.3724,0.0],[26.6234,60.3693,0.0],[26.6271,60.3667,0.0],[26.6286,60.3672,0.0],[26.6276,60.3703,8.5862]]],
[[[26.2646,60.3771,0.0],[26.263,60.3766,11.4651],[26.263,60.3755,8.7828],[26.2661,60.3755,0.0],[26.2646,60.3771,0.0]]],
[[[26.0604,60.3812,0.0],[26.0563,60.3812,3.461],[26.0547,60.3797,0.0],[26.0604,60.375,0.0],[26.0641,60.3786,0.4273],[26.0604,60.3812,0.0]]],
[[[26.1161,60.3891,0.0],[26.1089,60.3901,24.9789],[26.1057,60.3932,0.0],[26.0979,60.3958,0.0],[26.0938,60.3958,0.0],[26.0859,60.388,13.1511],[26.0891,60.387,30.5301],[26.088,60.3839,0.0],[26.0896,60.3833,0.0],[26.1021,60.3833,0.0],[26.1083,60.3875,8.5937],[26.1099,60.3859,20.1359],[26.1068,60.3818,0.0],[26.1089,60.3797,0.0],[26.1146,60.3792,19.8033],[26.1161,60.3797,18.8717],[26.1151,60.387,17.8094],[26.1161,60.3891,0.0]]],
[[[26.0458,60.3896,0.0],[26.0443,60.3891,0.0],[26.0443,60.388,5.4162],[26.0474,60.388,0.0],[26.0458,60.3896,0.0]]],
[[[27.3104,60.3688,0.0],[27.3089,60.3682,7.1069],[27.3089,60.3672,9.0308],[27.312,60.3672,13.7365],[27.3104,60.3688,0.0]]],
[[[27.4333,60.3896,12.6988],[27.4234,60.3839,0.0],[27.4349,60.3839,0.0],[27.437,60.387,11.6066],[27.4333,60.3896,12.6988]]],
[[[27.4224,60.3984,12.7193],[27.4214,60.4016,11.9911],[27.4224,60.4036,0.0],[27.4172,60.4057,1.7462],[27.4203,60.4068,6.3544],[27.4266,60.413,5.65],[27.4229,60.4167,0.349],[27.4151,60.4141,6.611],[27.4068,60.4057,10.8301],[27.413,60.4005,10.5703],[27.4224,60.3984,12.7193]]],
[[[27.3937,60.4125,10.0069],[27.3896,60.4125,15.6557],[27.388,60.4109,17.7556],[27.3937,60.4063,12.3553],[27.3974,60.4099,5.9173],[27.3937,60.4125,10.0069]]],
[[[27.0474,60.4099,4.7698],[27.0438,60.4125,10.6077],[27.0401,60.4089,8.2757],[27.0458,60.4083,6.6886],[27.0474,60.4099,4.7698]]],
[[[26.9828,60.413,17.4598],[26.9818,60.4109,2.5636],[26.9896,60.4063,0.0],[26.9974,60.4089,0.0],[26.9953,60.412,0.0],[26.9922,60.413,15.0928],[26.9932,60.4161,0.0],[26.9854,60.4229,22.1038],[26.9839,60.4224,20.7661],[26.9849,60.4193,18.8003],[26.9818,60.4161,3.7463],[26.9828,60.413,17.4598]]],
[[[26.7646,60.4167,8.126],[26.763,60.4161,13.3157],[26.763,60.4151,9.7267],[26.7661,60.4151,11.1808],[26.7646,60.4167,8.126]]],
[[[27.0786,60.4152,13.4949],[27.0745,60.4182,9.1548],[27.0693,60.4193,0.0],[27.0661,60.4224,19.0901],[27.0589,60.4224,13.8835],[27.0609,60.4193,6.8233],[27.0661,60.4182,12.0325],[27.0693,60.413,2.277],[27.0771,60.4104,13.2235],[27.0786,60.4109,14.7879],[27.0776,60.4141,17.6058],[27.0786,60.4152,13.4949]]],
[[[26.8807,60.4172,17.2965],[26.8792,60.4188,4.6626],[26.875,60.4188,9.8307],[26.8714,60.4151,2.7643],[26.8771,60.4146,10.6115],[26.8807,60.4172,17.2965]]],
[[[27.113,60.4224,15.8129],[27.1104,60.4188,0.0],[27.112,60.4161,18.3881],[27.1109,60.413,13.0115],[27.1182,60.413,0.0],[27.1203,60.4151,0.0],[27.1193,60.4182,3.4452],[27.1203,60.4203,0.0],[27.113,60.4224,15.8129]]],
[[[26.9063,60.4208,2.9657],[26.9047,60.4193,2.7528],[26.9078,60.4193,3.3932],[26.9078,60.4203,2.7757],[26.9063,60.4208,2.9657]]],
[[[27.0438,60.4229,21.8489],[27.0422,60.4224,21.8489],[27.0422,60.4214,20.2759],[27.0453,60.4214,14.0419],[27.0438,60.4229,21.8489]]],
[[[26.7599,60.4234,13.6185],[26.7557,60.4286,12.3932],[26.7484,60.4297,26.2624],[26.7464,60.4318,16.42],[26.7474,60.4349,5.3191],[26.7401,60.4349,0.0],[26.7411,60.4318,0.0],[26.737,60.4255,12.4029],[26.7255,60.4224,0.0],[26.7307,60.4193,19.1903],[26.7255,60.4109,6.5746],[26.7292,60.4083,12.6134],[26.7328,60.4109,26.2001],[26.7318,60.4141,0.0],[26.7349,60.4193,0.0],[26.7339,60.4224,0.0],[26.7521,60.4229,9.6389],[26.7563,60.4208,5.4612],[26.7599,60.4234,13.6185]]],
[[[26.9813,60.425,18.6487],[26.9797,60.4245,2.7913],[26.9797,60.4234,0.0],[26.9828,60.4234,22.1264],[26.9813,60.425,18.6487]]],
[[[27.3057,60.4297,6.1831],[27.3036,60.4328,0.0],[27.3005,60.4328,6.3002],[27.3026,60.4297,1.2522],[27.3057,60.4297,6.1831]]],
[[[27.0859,60.4349,19.0146],[27.0797,60.4328,14.3288],[27.0776,60.4297,0.0],[27.087,60.4318,0.0],[27.0891,60.4339,10.3329],[27.0859,60.4349,19.0146]]],
[[[27.4562,60.4313,0.0],[27.4505,60.4307,3.7461],[27.4516,60.4276,20.3496],[27.4505,60.4255,8.307],[27.4578,60.4255,18.6497],[27.4641,60.4328,9.3003],[27.4562,60.4313,0.0]]],
[[[27.7,60.4313,0.0],[27.6984,60.4307,7.8203],[27.6984,60.4297,8.8958],[27.7016,60.4297,8.2177],[27.7,60.4313,0.0]]],
[[[27.5516,60.4318,11.3617],[27.5505,60.4349,13.079],[27.5557,60.437,0.0],[27.5505,60.438,14.4084],[27.5458,60.4417,0.0],[27.5422,60.4411,8.0989],[27.5411,60.438,12.9377],[27.5359,60.4328,5.5446],[27.5438,60.4292,13.8326],[27.5479,60.4292,8.8858],[27.5516,60.4318,11.3617]]],
[[[27.3557,60.4484,12.5429],[27.3557,60.4516,11.8519],[27.3526,60.4516,7.803],[27.3505,60.4464,13.5933],[27.3536,60.4464,16.6334],[27.3557,60.4484,12.5429]]],
[[[27.0458,60.4396,9.6843],[27.0401,60.4401,19.4383],[27.037,60.4432,21.2423],[27.0318,60.4443,1.2465],[27.0354,60.45,0.4875],[27.0339,60.4526,12.1211],[27.0349,60.4557,0.0],[27.0292,60.4562,0.0],[27.0109,60.4516,9.4603],[27.0068,60.4453,0.0],[27.0078,60.4422,12.2617],[27.0057,60.4401,0.0],[26.9964,60.4391,0.0],[26.988,60.4339,0.0],[26.9953,60.4286,7.3756],[26.9943,60.4255,0.0],[27.0016,60.4266,6.4843],[27.0005,60.4234,10.5214],[27.0036,60.4224,20.6202],[27.0089,60.4172,11.9364],[27.0229,60.4125,3.4619],[27.0307,60.413,8.021],[27.0307,60.4161,1.5893],[27.0214,60.4172,3.9191],[27.0193,60.4203,0.8996],[27.0276,60.4245,0.0],[27.0349,60.4255,6.1581],[27.0318,60.4307,0.0],[27.0349,60.4339,0.0],[27.0339,60.437,0.0],[27.0354,60.4375,0.0],[27.0396,60.4354,0.0],[27.0438,60.4375,0.0],[27.0563,60.4375,4.0049],[27.0578,60.4359,0.0],[27.0547,60.4318,0.0],[27.0599,60.4307,5.6771],[27.0589,60.4276,5.5921],[27.0646,60.425,0.0],[27.0688,60.425,4.0768],[27.0724,60.4276,0.0],[27.0651,60.4339,13.474],[27.0661,60.437,16.855],[27.0609,60.438,15.2198],[27.0578,60.4432,25.7174],[27.0479,60.4437,10.932],[27.0464,60.4432,10.932],[27.0474,60.4401,19.1109],[27.0458,60.4396,9.6843]]],
[[[26.7505,60.4422,13.6771],[26.7542,60.4396,13.2221],[26.7578,60.4432,12.1888],[26.7484,60.4453,0.0],[26.7505,60.4422,13.6771]]],
[[[26.9036,60.4599,4.3189],[26.8937,60.4604,11.2897],[26.8859,60.463,0.0],[26.8812,60.4667,9.7334],[26.8729,60.4667,0.0],[26.8672,60.462,10.5582],[26.8703,60.4599,7.4144],[26.8693,60.4568,0.0],[26.8703,60.4547,0.0],[26.8672,60.4547,0.0],[26.8625,60.4583,4.7018],[26.8583,60.4583,6.9966],[26.8568,60.4568,9.5493],[26.862,60.4505,0.0],[26.8542,60.4479,0.0],[26.8438,60.4479,6.1291],[26.8422,60.4464,0.0],[26.8484,60.4422,0.0],[26.8536,60.4411,20.6572],[26.85,60.4354,11.889099999999999],[26.8542,60.4313,15.6412],[26.8599,60.4318,0.0],[26.8646,60.4354,0.0],[26.8875,60.4333,3.6088],[26.8891,60.4318,4.2614],[26.8859,60.4276,14.4345],[26.8922,60.4234,2.7454],[26.9125,60.4229,1.4958],[26.9182,60.4214,3.7079],[26.9224,60.4255,2.3018],[26.9203,60.4307,3.5625],[26.9083,60.4313,3.3959],[26.9036,60.4349,2.583],[26.8984,60.4359,2.1443],[26.9,60.4375,3.2215],[26.9042,60.4375,3.1564],[26.9083,60.4354,9.5169],[26.9125,60.4354,6.9542],[26.9161,60.438,0.0],[26.9182,60.4422,10.0893],[26.9141,60.4474,20.5554],[26.9089,60.4484,11.3273],[26.9104,60.4521,0.0],[26.9089,60.4557,10.6294],[26.9141,60.4578,0.0],[26.9063,60.4583,10.6914],[26.9036,60.4599,4.3189]]],
[[[27.2875,60.4479,3.0867],[27.2859,60.4464,17.6691],[27.2891,60.4464,0.0],[27.2891,60.4474,7.0949],[27.2875,60.4479,3.0867]]],
[[[27.2958,60.4479,17.1672],[27.2943,60.4474,14.9553],[27.2943,60.4464,1.5201],[27.2974,60.4464,5.9475],[27.2958,60.4479,17.1672]]],
[[[27.1875,60.4479,10.8416],[27.1859,60.4464,22.041],[27.1891,60.4464,18.6335],[27.1891,60.4474,10.784],[27.1875,60.4479,10.8416]]],
[[[27.225,60.4521,0.0],[27.2234,60.4505,0.0],[27.2266,60.4505,0.0],[27.2266,60.4516,0.0],[27.225,60.4521,0.0]]],
[[[27.2208,60.4542,0.0],[27.2193,60.4526,0.0],[27.2224,60.4526,0.0],[27.2224,60.4536,0.0],[27.2208,60.4542,0.0]]],
[[[27.5391,60.4516,9.2547],[27.5333,60.4521,12.7049],[27.5318,60.4505,10.0559],[27.5354,60.4479,0.6984],[27.5411,60.4484,8.0632],[27.5391,60.4516,9.2547]]],
[[[27.5292,60.4542,17.9421],[27.5276,60.4536,16.1668],[27.5276,60.4526,17.7409],[27.5307,60.4526,15.5497],[27.5292,60.4542,17.9421]]],
[[[27.5693,60.4568,0.0],[27.5792,60.4562,0.3136],[27.5807,60.4578,8.316],[27.5729,60.4604,22.6181],[27.5693,60.4568,0.0]]],
[[[27.7099,60.4589,11.1427],[27.7083,60.4604,14.0323],[27.7026,60.4599,0.0],[27.7062,60.4562,0.0],[27.7099,60.4589,11.1427]]],
[[[24.0896,60.0271,4.4843],[24.0911,60.0276,0.0],[24.0911,60.0286,6.6876],[24.088,60.0286,10.4294],[24.0896,60.0271,4.4843]]],
[[[24.2693,60.0328,0.0],[24.2693,60.0318,10.1136],[24.2724,60.0318,11.8948],[24.2708,60.0333,0.0],[24.2693,60.0328,0.0]]],
[[[24.3125,60.0479,6.9906],[24.3203,60.0516,15.7869],[24.3083,60.0542,10.0783],[24.3036,60.0505,18.2409],[24.2984,60.0495,0.0],[24.3042,60.0458,0.0],[24.3083,60.0458,0.0],[24.3125,60.0479,6.9906]]],
[[[24.3422,60.0578,7.861],[24.3438,60.0563,0.0],[24.3453,60.0568,0.0],[24.3453,60.0578,5.8406],[24.3422,60.0578,7.861]]],
[[[24.3495,60.0609,0.0],[24.3536,60.063,0.0],[24.3557,60.0661,0.0],[24.3479,60.0687,0.0],[24.3375,60.0646,0.0],[24.3333,60.0646,0.0],[24.3339,60.063,11.1482],[24.3438,60.0604,0.0],[24.3495,60.0609,0.0]]],
[[[25.3484,60.2432,3.735],[25.35,60.2417,5.7239],[25.3516,60.2422,13.3131],[25.35,60.2438,16.6678],[25.3484,60.2432,3.735]]],
[[[25.3599,60.2432,0.0],[25.3625,60.2417,0.0],[25.3682,60.2422,16.1617],[25.3604,60.2458,0.0],[25.3589,60.2453,18.5136],[25.3599,60.2432,0.0]]],
[[[25.5292,60.2375,13.3157],[25.5354,60.2354,16.1294],[25.5391,60.238,0.0],[25.5339,60.2422,0.0],[25.537,60.2474,0.0],[25.5339,60.2495,0.5722],[25.5391,60.2505,8.6036],[25.537,60.2536,5.4203],[25.5255,60.2536,11.211],[25.5214,60.2495,5.372],[25.5224,60.2443,7.8258],[25.5203,60.2422,19.4335],[25.5151,60.2411,12.6827],[25.5172,60.2359,0.0],[25.5187,60.2354,0.0],[25.5292,60.2375,13.3157]]],
[[[25.3297,60.2495,16.533],[25.3312,60.2479,0.0],[25.3328,60.2484,0.0],[25.3328,60.2495,0.0],[25.3297,60.2495,16.533]]],
[[[25.2609,60.2474,16.4329],[25.2625,60.2458,0.0],[25.2641,60.2464,0.0],[25.2641,60.2474,11.4718],[25.2609,60.2474,16.4329]]],
[[[25.3063,60.25,0.0],[25.3078,60.2516,14.0374],[25.3005,60.2516,0.0],[25.3021,60.25,0.0],[25.3063,60.25,0.0]]],
[[[25.6521,60.3604,8.0573],[25.6505,60.3589,3.9765],[25.6536,60.3589,0.0],[25.6536,60.3599,0.0],[25.6521,60.3604,8.0573]]],
[[[26.6995,60.3974,13.0384],[26.6964,60.3974,16.6693],[26.6943,60.3953,0.0],[26.6964,60.3922,12.1457],[26.6995,60.3922,0.0],[26.6984,60.3953,3.4513],[26.6995,60.3974,13.0384]]],
[[[26.6911,60.4016,12.9101],[26.6854,60.4021,2.355],[26.6839,60.4005,11.8314],[26.6875,60.3979,5.2774],[26.6932,60.3984,12.0438],[26.6911,60.4016,12.9101]]],
[[[26.9271,60.4042,0.0],[26.9193,60.3964,2.4598],[26.9266,60.3964,10.7171],[26.9286,60.3984,3.9512],[26.9276,60.4016,0.0],[26.9286,60.4036,0.0],[26.9271,60.4042,0.0]]],
[[[26.9208,60.4063,0.0],[26.9193,60.4057,1.8678],[26.9193,60.4047,5.6326],[26.9224,60.4047,10.3257],[26.9208,60.4063,0.0]]],
[[[26.3547,60.3922,16.3457],[26.3583,60.3917,0.0],[26.3599,60.3932,0.0],[26.3563,60.3937,3.1913],[26.3547,60.3922,16.3457]]],
[[[26.6786,60.4068,9.6547],[26.6766,60.4099,13.8835],[26.6734,60.4099,12.4086],[26.6755,60.4068,14.373],[26.6786,60.4068,9.6547]]],
[[[26.2521,60.4292,2.851],[26.2521,60.4271,0.0],[26.2557,60.4276,0.0],[26.2557,60.4286,0.0],[26.2521,60.4292,2.851]]],
[[[26.8474,60.4568,5.1476],[26.8422,60.4547,6.3524],[26.8464,60.4505,0.0],[26.8536,60.4505,13.778],[26.8526,60.4568,0.0],[26.85,60.4583,0.0],[26.8474,60.4568,5.1476]]],
[[[27.1807,60.4578,6.8745],[27.175,60.4562,12.5372],[27.1625,60.4604,11.9373],[27.1568,60.4599,17.8238],[27.163,60.4547,16.0133],[27.1682,60.4536,11.4038],[27.1729,60.45,0.0],[27.1812,60.45,12.1614],[27.1891,60.4526,7.3634],[27.1807,60.4578,6.8745]]],
[[[27.2391,60.4568,0.0],[27.2411,60.4599,8.4131],[27.238,60.4599,16.64],[27.2359,60.4578,2.0599],[27.2391,60.4568,0.0]]],
[[[26.9453,60.4484,0.0],[26.9547,60.4599,4.242],[26.9599,60.4609,0.0],[26.9589,60.4641,3.5124],[26.9641,60.4672,0.0],[26.9599,60.4724,0.0],[26.9458,60.4729,5.9658],[26.9411,60.4693,4.6523],[26.9255,60.4641,6.4683],[26.9214,60.4599,2.9514],[26.9266,60.4578,0.0],[26.9286,60.4557,5.6994],[26.9276,60.4526,1.9756],[26.9307,60.4516,3.3288],[26.9359,60.4464,0.0],[26.9453,60.4484,0.0]]],
[[[27.4016,60.4641,14.9136],[27.3917,60.4646,0.0],[27.3839,60.4672,18.0759],[27.3771,60.4729,10.6069],[27.3672,60.4724,25.432],[27.3734,60.4651,13.7204],[27.3766,60.4641,21.0651],[27.3755,60.4609,18.6967],[27.3807,60.4557,8.2188],[27.3755,60.4536,14.7659],[27.3771,60.4521,11.9103],[27.3896,60.4521,13.0996],[27.3943,60.4484,0.0],[27.4,60.4479,0.0],[27.4042,60.45,10.4196],[27.412,60.4505,1.3343],[27.4161,60.4547,7.7749],[27.4161,60.4578,18.8462],[27.4141,60.4599,0.0],[27.4016,60.4641,14.9136]]],
[[[27.7182,60.463,10.5503],[27.7172,60.4609,0.0],[27.725,60.4583,0.0],[27.7266,60.4589,10.1269],[27.7255,60.462,12.896],[27.7286,60.4661,15.6807],[27.7229,60.4667,0.0],[27.7182,60.463,10.5503]]],
[[[27.7687,60.4708,0.0],[27.7609,60.4672,20.6221],[27.7646,60.4646,0.0],[27.7703,60.4651,15.4788],[27.7693,60.4682,12.2115],[27.7703,60.4703,0.0],[27.7687,60.4708,0.0]]],
[[[27.3375,60.4708,12.5546],[27.3333,60.4708,11.8646],[27.3318,60.4693,14.8653],[27.3359,60.4651,0.0],[27.3432,60.4651,10.9644],[27.3422,60.4682,7.7586],[27.3432,60.4703,0.0],[27.3375,60.4708,12.5546]]],
[[[27.2214,60.4703,10.9485],[27.2193,60.4682,9.9332],[27.2208,60.4646,10.8297],[27.2193,60.4609,0.0],[27.2266,60.4609,0.0],[27.225,60.4646,16.2995],[27.2266,60.4682,26.9991],[27.2245,60.4703,15.7085],[27.2214,60.4703,10.9485]]],
[[[27.1688,60.4708,20.5328],[27.163,60.4703,10.6665],[27.1641,60.4672,19.0876],[27.163,60.4651,0.0],[27.1703,60.4651,15.3512],[27.1724,60.4682,6.5565],[27.1688,60.4708,20.5328]]],
[[[26.9745,60.4703,0.0],[26.9818,60.4651,0.0],[26.9891,60.4651,0.0],[26.9807,60.4724,0.0],[26.9734,60.4724,0.0],[26.9745,60.4703,0.0]]],
[[[26.9688,60.4833,8.9171],[26.9651,60.4828,0.0],[26.9682,60.4766,2.7436],[26.9708,60.475,0.0],[26.9766,60.4755,2.3311],[26.9724,60.4828,5.8154],[26.9688,60.4833,8.9171]]],
[[[27.5812,60.4708,12.2898],[27.5797,60.4693,0.0],[27.5828,60.4693,0.0],[27.5828,60.4703,9.5748],[27.5812,60.4708,12.2898]]],
[[[27.775,60.4729,6.4169],[27.7734,60.4714,18.5128],[27.7766,60.4714,0.0],[27.7766,60.4724,0.0],[27.775,60.4729,6.4169]]],
[[[27.675,60.475,13.0855],[27.6786,60.4755,0.0],[27.6786,60.4766,0.0],[27.6714,60.4766,0.0],[27.675,60.475,13.0855]]],
[[[27.7521,60.4771,11.9466],[27.7505,60.4755,0.0],[27.7536,60.4755,0.0],[27.7536,60.4766,11.0486],[27.7521,60.4771,11.9466]]],
[[[27.3276,60.4797,11.2696],[27.3234,60.4807,12.4619],[27.3245,60.4776,11.8336],[27.3234,60.4755,0.0],[27.3266,60.4755,6.673],[27.3286,60.4776,12.8236],[27.3276,60.4797,11.2696]]],
[[[27.6833,60.4813,0.0],[27.6818,60.4797,20.5702],[27.6849,60.4797,18.7906],[27.6849,60.4807,17.8669],[27.6833,60.4813,0.0]]],
[[[27.5349,60.4828,0.0],[27.5458,60.475,11.3478],[27.55,60.4792,6.6017],[27.5417,60.4875,0.0],[27.5359,60.487,0.0],[27.5339,60.4849,12.9834],[27.5349,60.4828,0.0]]],
[[[27.3911,60.4859,5.8484],[27.3932,60.4891,0.0],[27.3901,60.4891,10.3395],[27.388,60.487,0.0],[27.3911,60.4859,5.8484]]],
[[[27.1578,60.4859,17.7593],[27.1547,60.487,13.3999],[27.1526,60.4839,0.0],[27.1563,60.4813,15.7551],[27.1599,60.4818,13.0068],[27.1568,60.4839,21.0083],[27.1578,60.4859,17.7593]]],
[[[27.0833,60.4854,16.0909],[27.0818,60.4849,14.0654],[27.0818,60.4839,0.0],[27.0849,60.4839,0.0],[27.0833,60.4854,16.0909]]],
[[[27.0182,60.4964,4.5998],[27.0203,60.4995,0.0],[27.0172,60.4995,14.1641],[27.0151,60.4974,7.2581],[27.0182,60.4964,4.5998]]],
[[[27.0909,60.506,18.2719],[27.0839,60.5036,4.2222],[27.0818,60.5005,8.7318],[27.0911,60.5026,6.8665],[27.0932,60.5057,21.1415],[27.0909,60.506,18.2719]]],
[[[27.5375,60.4896,0.0],[27.5417,60.4896,7.7912],[27.5432,60.4911,3.7009],[27.5354,60.4917,8.2843],[27.5354,60.4896,0.0],[27.5375,60.4896,0.0]]],
[[[27.3768,60.4887,7.2313],[27.3766,60.4911,14.947],[27.3724,60.4953,0.0],[27.3646,60.4979,20.7634],[27.3521,60.4979,2.4477],[27.338,60.4932,0.0],[27.3417,60.4896,17.0719],[27.3604,60.4896,15.869],[27.3646,60.4875,0.0],[27.3768,60.4887,7.2313]]],
[[[27.4896,60.4958,30.2621],[27.4932,60.4974,0.0],[27.4859,60.4974,0.0],[27.4859,60.4964,10.4098],[27.4896,60.4958,30.2621]]],
[[[27.7557,60.5068,22.0957],[27.7542,60.5083,0.0],[27.7484,60.5078,0.0],[27.7521,60.5042,0.0],[27.7557,60.5068,22.0957]]],
[[[27.0187,60.5042,14.7387],[27.0172,60.5026,15.445],[27.0203,60.5026,10.7245],[27.0203,60.5036,8.2993],[27.0187,60.5042,14.7387]]],
[[[27.1771,60.5062,0.0],[27.1807,60.5078,18.3363],[27.1734,60.5078,12.6024],[27.1734,60.5068,12.217],[27.1771,60.5062,0.0]]],
[[[27.2271,60.5125,11.0601],[27.2208,60.5125,19.874],[27.2193,60.5109,25.3784],[27.2214,60.5089,16.1774],[27.2271,60.5083,0.0],[27.2307,60.512,3.6135],[27.2271,60.5125,11.0601]]],
[[[27.0646,60.5146,6.2356],[27.0682,60.5151,5.1354],[27.0682,60.5161,0.0],[27.0609,60.5161,2.4133],[27.0646,60.5146,6.2356]]],
[[[27.7667,60.5083,17.7187],[27.7651,60.5068,0.0],[27.7682,60.5068,0.0],[27.7682,60.5078,7.4185],[27.7667,60.5083,17.7187]]],
[[[27.7687,60.5104,0.0],[27.7724,60.5109,0.0],[27.7724,60.512,0.0],[27.7651,60.512,5.0557],[27.7687,60.5104,0.0]]],
[[[27.8,60.5417,0.0],[27.7917,60.5417,0.0],[27.7901,60.5401,0.0],[27.7938,60.5375,0.0],[27.7979,60.5375,0.0],[27.8016,60.5401,0.0],[27.8,60.5417,0.0]]],
[[[27.7661,60.5547,13.7545],[27.7625,60.5583,0.0],[27.7589,60.5557,0.0],[27.7604,60.5542,7.4581],[27.7661,60.5547,13.7545]]],
[[[27.7568,60.5672,0.0],[27.7599,60.5672,3.4233],[27.762,60.5693,10.2383],[27.7599,60.5724,0.0],[27.7521,60.575,0.0],[27.7484,60.5724,0.0],[27.7536,60.5703,13.4373],[27.7568,60.5672,0.0]]],
[[[25.8766,60.3974,0.0],[25.8729,60.3979,5.7644],[25.8729,60.3958,0.0],[25.8766,60.3964,2.0047],[25.8766,60.3974,0.0]]]]}}