{"type":"Feature","properties":{"featurecla":"Lake","scalerank":2,"name":"Lake Saimaa","name_abb":"L. Saimaa","name_alt":null,"note":null,"delta":null,"dam_name":null,"year":-99,"admin":null,"min_zoom":2.0,"min_label":3.7},
"geometry":{"type": "Polygon","coordinates": [[[28.055407422605498,61.088912353453168,72.5],[28.046282134664438,61.08655744043611,72.5],[28.041866672757465,61.081258886147737,87.0774],[28.04481031402878,61.074488511223706,85.2007],[28.054524330224126,61.070956141698133,82.7911],[28.127232269625637,61.059475940739986,72.5],[28.24203427920699,61.0641857667741,108.8594],[28.264111588741855,61.07066177757099,106.0218],[28.278535430971317,61.078609609003536,72.0],[28.293842365582151,61.078315244876421,89.4764],[28.30885493606587,61.074782875350849,82.0273],[28.321512593532532,61.073899782969448,69.2133],[28.335936435761994,61.078020880749278,77.7436],[28.369493946255005,61.101275646792686,98.1827],[28.395986717696843,61.112755847750833,90.9908],[28.423068217392967,61.119231858547721,100.1172],[28.483118499327816,61.122175499819036,108.2652],[28.510494363151082,61.126590961726009,98.229],[28.589089585095223,61.155733010312048,103.551],[28.669156627675051,61.165447026507394,101.733],[28.695355034989745,61.17516104270274,91.372],[28.725968904211442,61.179576504609713,58.9304],[28.737449105169588,61.184580694770943,62.1494],[28.747457485492077,61.191056705567831,86.5489],[28.760409507085853,61.197238352237605,107.6913],[28.843420190936996,61.217255112882555,81.6631],[28.864908772217603,61.226380400823643,73.8381],[28.879038250319923,61.242276063688763,107.9],[28.884042440481153,61.269357563384858,110.4763],[28.866674956980404,61.287313775139893,84.5],[28.795733202341665,61.304975622767813,72.5],[28.787785370909091,61.320871285632904,105.7539],[28.767179882009884,61.321754378014305,72.5],[28.750401126763393,61.325286747539877,72.5],[28.734799828025416,61.331762758336794,93.7428],[28.687112839430085,61.363259719939862,93.4132],[28.669156627675051,61.372090643753808,100.1839],[28.651200415920016,61.375623013279409,98.4794],[28.656793334335504,61.36649772533832,79.0426],[28.662680616878134,61.359432986287146,94.9248],[28.669450991802165,61.353545703744516,95.9187],[28.678576279743254,61.348247149456142,72.5],[28.613521807647146,61.351779518981743,94.0948],[28.583202302552593,61.348541513583285,78.3035],[28.554943346347955,61.334412035480966,95.2341],[28.553765889839411,61.341182410405,81.2375],[28.551705340949496,61.344126051676312,72.5],[28.551410976822382,61.34736405707477,72.5],[28.554943346347955,61.355017524380173,94.379],[28.526684390143316,61.348247149456142,72.5],[28.4828241352007,61.319988193251504,102.3025],[28.45250463010612,61.314100910708873,72.5],[28.436314603113885,61.316455823725931,72.5],[28.403934549129417,61.326169839921278,72.5],[28.387155793882897,61.328230388811193,72.5],[28.360074294186774,61.324403655158477,72.5],[28.345356087830197,61.32469801928562,72.5],[28.309443664320128,61.345009144057713,93.0196],[28.298257827489124,61.352956975490258,72.5],[28.295019822090694,61.361787899304204,72.5],[28.303556381777497,61.363848448194148,95.458],[28.417769663104593,61.346186600566227,112.0057],[28.445439891054974,61.349130241837543,89.9103],[28.473110119005355,61.369147002482492,85.3056],[28.446911711690632,61.372679372008093,72.5],[28.391276891662756,61.366792089465463,72.5],[28.363312299585232,61.369147002482492,72.5],[28.346827908465855,61.372679372008093,87.9529],[28.341529354177482,61.374445556770866,83.0807],[28.343295538940282,61.3924017685259,91.9416],[28.350065913864313,61.398583415195674,95.1496],[28.505195808862709,61.394756681542958,105.1999],[28.559064444127785,61.404470697738304,102.1223],[28.589089585095223,61.430669105053028,90.0],[28.578492476518477,61.439205664739831,98.4062],[28.568484096196016,61.450685865697977,106.9778],[28.563479906034758,61.464520979673154,97.9278],[28.568778460323131,61.479239186029758,82.9638],[28.559064444127785,61.481594099046788,88.1535],[28.550233520313839,61.485715196826646,94.9815],[28.54199132475415,61.491602479369277,101.4964],[28.534632221575862,61.498961582547565,105.4134],[28.574665742865761,61.500139039056108,119.7363],[28.670334084183565,61.463343523164639,121.0915],[28.706540871820749,61.479239186029758,105.8302],[28.711839426109123,61.488658838097962,103.7237],[28.711545061982008,61.494546120640592,87.5],[28.707129600075035,61.499255946674708,98.0366],[28.687995931811457,61.513974153031285,94.9624],[28.683874834031627,61.513091060649884,93.5843],[28.681519921014569,61.508675598742911,91.6825],[28.675043910217681,61.505731957471596,72.5],[28.658265154971161,61.509853055251455,73.6835],[28.669745355929308,61.5186839790654,108.4162],[28.706540871820749,61.53369654954912,124.0883],[28.695355034989745,61.533107821294834,124.7235],[28.684757926413027,61.533990913676234,103.9283],[28.674455181963424,61.536640190820435,103.3023],[28.665035529895192,61.539878196218865,81.3756],[28.675338274344796,61.538995103837465,106.7564],[28.684463562285885,61.541055652727408,94.7134],[28.692705757845573,61.546354207015781,93.2413],[28.699181768642461,61.554302038448327,134.2452],[28.666801714657993,61.563427326389416,91.2165],[28.66238625275102,61.569608973059161,108.0948],[28.671805904819223,61.582266630525822,101.7376],[28.685346654667285,61.589037005449853,122.3068],[28.703891594676577,61.592863739102569,125.7612],[28.773655892806772,61.596984836882427,89.1279],[28.790729012180407,61.595218652119627,123.6778],[28.808390859808327,61.589037005449853,135.1534],[28.828113256326134,61.573435706711876,100.4018],[28.839299093157138,61.569903337186304,101.0202],[28.856666576657915,61.57461316322042,125.563],[28.841065277919938,61.577851168618849,112.8587],[28.821931609656389,61.584032815288623,111.1511],[28.8101570445711,61.592275010848311,133.9608],[28.815749962986615,61.6014002987894,128.422],[28.817221783622273,61.601694662916515,128.422],[28.821931609656389,61.602283391170772,112.1222],[28.796616294723066,61.607876309586288,94.7249],[28.760115142958739,61.62141705943435,107.5063],[28.748046213746335,61.620828331180093,92.8335],[28.727146360719985,61.615529776891719,108.8885],[28.71007324134635,61.615235412764576,86.5033],[28.665035529895192,61.622594515942865,111.0458],[28.667684807039393,61.618473418163035,75.5],[28.669156627675051,61.615824141018834,82.906],[28.671805904819223,61.608759401967689,72.5],[28.656204606081246,61.606993217204888,72.5],[28.631478019402181,61.599339749899457,72.5],[28.617348541299862,61.6014002987894,72.5],[28.609106345740173,61.606404488950631,72.5],[28.602924699070428,61.614057956256062,89.9209],[28.599981057799084,61.622005787688607,92.9648],[28.603513427324685,61.628776162612638,108.9438],[28.598509237163427,61.634957809282412,107.8613],[28.597331780654912,61.637901450553727,106.6681],[28.596743052400655,61.6423169124607,96.967],[28.651789144174273,61.638784542935127,101.3197],[28.667684807039393,61.64643801024053,91.7299],[28.665035529895192,61.670870232792453,94.105],[28.676221366726196,61.66409985786845,72.5],[28.699770496896747,61.641139455952157,90.7368],[28.706540871820749,61.636135265790926,109.9074],[28.718904165160296,61.640845091825042,92.7372],[28.719492893414554,61.651442200401789,101.3699],[28.712722518490523,61.670870232792453,72.5],[28.715960523888981,61.683527890259114,81.1723],[28.721847806431612,61.689415172801773,97.2829],[28.733622371516873,61.690886993437431,101.0274],[28.774244621061058,61.690298265183145,110.0735],[28.814866870605215,61.683822254386257,98.6789],[28.987364249104388,61.609348130221946,72.5],[29.000610634825307,61.6014002987894,87.2801],[29.003554276096622,61.596984836882427,127.4541],[29.002671183715222,61.592863739102569,130.1728],[29.00414300435088,61.590214461958396,92.8641],[29.021216123724514,61.587565184814196,72.5],[29.028869591029945,61.584327179415766,93.5848],[29.035934330081091,61.57961735338165,106.1914],[29.041821612623721,61.57461316322042,124.4557],[29.059777824378756,61.576968076237449,95.3108],[29.103343715194256,61.561955505753758,136.6045],[29.124243568220606,61.567842788296389,106.0178],[29.113057731389603,61.571963886076219,94.0486],[29.107170448846972,61.577556804491735,88.752],[29.10275498694,61.58373845116148,103.1042],[29.096278976143083,61.589037005449853,87.2358],[29.053890541836125,61.605227032442116,72.5],[29.041821612623721,61.615529776891719,109.5482],[29.062721465650071,61.611703043239004,100.6783],[29.083915682803564,61.603460847679315,72.5],[29.104815535829914,61.597573565136685,126.062],[29.124243568220606,61.6014002987894,125.9634],[29.103638079321371,61.608759401967689,123.0692],[29.103638079321371,61.615529776891719,89.8057],[29.116295736788032,61.61641286927312,82.1706],[29.128364666000437,61.615824141018834,94.5519],[29.140433595212841,61.613469228001776,124.0114],[29.151619432043844,61.608759401967689,113.1235],[29.152502524425245,61.615235412764576,108.7908],[29.151030703789587,61.618473418163035,105.6553],[29.144849057119814,61.622594515942865,72.5],[29.164865817764763,61.621122695307207,92.6597],[29.220500637792668,61.6014002987894,98.1812],[29.241400490819018,61.598456657518085,104.9191],[29.252880691777136,61.601694662916515,112.0038],[29.263477800353883,61.608170673713431,118.2117],[29.281434012108917,61.615529776891719,104.2605],[29.240517398437618,61.615529776891719,85.8116],[29.247287773361649,61.62642124959558,91.7133],[29.257590517811252,61.632897260392468,99.8238],[29.270248175277914,61.635546537536669,103.3408],[29.28496638163449,61.636135265790926,107.9702],[29.298212767355409,61.639078907062242,82.6351],[29.309398604186413,61.64643801024053,105.5905],[29.329121000704248,61.663511129614164,122.5242],[29.298801495609695,61.683822254386257,91.5979],[29.302039501008124,61.68912080867463,102.6648],[29.328826636577105,61.690886993437431,92.4516],[29.377396717553836,61.684410982640514,103.0124],[29.390937467401898,61.687060259784715,108.7254],[29.400651483597244,61.6917700858188,91.5],[29.41036549979259,61.695302455344404,104.5288],[29.420668244242194,61.697068640107176,102.209],[29.43214844520034,61.697657368361433,111.2774],[29.424494977894909,61.70825447693818,107.1769],[29.412720412809648,61.712964302972296,93.1565],[29.383872728350724,61.717968493133526,93.4063],[29.383872728350724,61.722972683294785,77.7326],[29.385344548986382,61.726210688693214,85.6566],[29.383872728350724,61.732392335362988,88.2488],[29.392998016291813,61.7353359766343,72.5],[29.4003571194701,61.739162710287019,76.4122],[29.406244402012732,61.744755628702507,72.5],[29.411542956301105,61.752114731880795,87.0807],[29.428027347420482,61.727093781074615,83.5711],[29.438624455997228,61.718262857260669,106.4943],[29.449810292828232,61.721795226786242,106.1226],[29.463056678549151,61.741223259176934,97.4228],[29.470415781727439,61.748876726482365,102.2103],[29.480424162049928,61.752114731880795,97.166],[29.493670547770847,61.748876726482365,102.3566],[29.508094390000309,61.742989443939734,85.5231],[29.520163319212685,61.741811987431191,94.1723],[29.527816786518116,61.752114731880795,101.6657],[29.5248731452468,61.766538574110257,102.9026],[29.511626759525882,61.773014584907145,114.8098],[29.479835433795671,61.780079323958319,72.5],[29.507211297618909,61.790382068407922,94.5815],[29.536353346204947,61.79774117158621,77.5742],[29.566967215426644,61.800979176984669,85.5913],[29.625840040852978,61.79774117158621,79.0228],[29.636731513556839,61.800096084603268,85.8658],[29.651744084040558,61.807455187781557,86.1515],[29.657631366583189,61.813931198578445,103.1709],[29.661752464363019,61.822467758265276,84.4622],[29.669700295795593,61.828355040807907,88.9686],[29.685890322787827,61.828060676680764,89.052],[29.674410121829681,61.838069057003253,87.0767],[29.660280643727361,61.842484518910226,87.5241],[29.645562437370785,61.844250703673026,92.2996],[29.631432959268466,61.848371801452856,81.736],[29.660280643727361,61.853964719868372,72.5],[29.690600148821943,61.833947959223423,77.7725],[29.718564740899438,61.8189353887397,93.2495],[29.741230778688589,61.841601426528825,99.2091],[29.70708453994132,61.889288415124156,100.8662],[29.72710130058627,61.881634947818753,100.349],[29.751827887265307,61.875158937021837,97.4076],[29.7747882891816,61.875747665276094,113.0023],[29.78891776728392,61.889288415124156,81.9005],[29.779792479342831,61.891054599886957,72.5],[29.770667191401742,61.893998241158272,72.5],[29.762424995842053,61.8981193389381,83.2251],[29.754771528536651,61.903123529099361,115.5133],[29.767429186003312,61.913131909421821,105.8291],[29.79480504982655,61.919019191964452,95.7033],[29.802458517131981,61.9304993929226,88.9056],[29.761247539333539,61.949044332931891,110.656],[29.701785985652947,62.015276261536513,96.4761],[29.666167926269992,62.034115565672948,92.0342],[29.653804632930473,62.035587386308606,72.5],[29.643207524353727,62.034998658054349,72.5],[29.633493508158381,62.032349380910148,72.5],[29.607000736716543,62.016453718045057,72.5],[29.620835850691719,62.002912968196995,72.5],[29.623779491963035,61.995848229145821,72.5],[29.622307671327377,61.990255310730333,72.5],[29.62171894307312,61.98407366406056,92.8964],[29.62760622561575,61.974948376119471,103.2433],[29.637908970065354,61.968472365322583,75.6148],[29.661752464363019,61.959935805635752,72.5],[29.672349572939765,61.951399245948949,72.5],[29.650566627532015,61.953459794838864,72.5],[29.607000736716543,61.973770919610956,79.9892],[29.566378487172358,61.98407366406056,113.5588],[29.528994243026659,62.007622794231082,112.7133],[29.508094390000309,62.012921348519455,103.8369],[29.516630949687112,62.028817011384575,75.0],[29.521635139848343,62.034115565672948,84.4589],[29.460996129659236,62.058547788224871,106.8249],[29.436563907107313,62.076798364107049,89.0894],[29.417724602970878,62.102408043167486,89.7708],[29.4439230102856,62.096226396497741,85.8466],[29.470415781727439,62.08356873903108,93.9637],[29.496614189042162,62.074737815217105,88.633],[29.521635139848343,62.081213826014022,95.2941],[29.507211297618909,62.090633478082225,77.6482],[29.51398167254294,62.101819314913229,80.5018],[29.527522422391,62.113888244125633,102.1826],[29.535175889696404,62.126251537465151,93.9612],[29.534292797315004,62.142147200330271,85.6571],[29.530466063662317,62.154216129542675,92.2067],[29.522223868102628,62.165107602246536,87.081],[29.508094390000309,62.17805962384034,75.4],[29.51810277032277,62.169523064153509,88.9737],[29.530760427789431,62.164518873992279,84.4696],[29.54400681351035,62.164224509865136,79.0207],[29.556370106849897,62.170700520662052,93.6173],[29.548716639544466,62.17805962384034,86.6261],[29.560491204629727,62.17629343907754,73.5],[29.5675559436809,62.170700520662052,75.8192],[29.574031954477789,62.163635781610878,85.9908],[29.583451606545992,62.157454134941105,82.8736],[29.594637443376996,62.153627401288389,90.6568],[29.605823280208,62.151566852398474,84.8376],[29.630844231014208,62.150095031762817,73.5],[29.6485060786421,62.142735928584528,73.5],[29.667345382778535,62.12948954286361,86.9911],[29.685007230406427,62.123013532066722,75.5],[29.699431072635889,62.135671189533383,83.9445],[29.682357953262255,62.145679569855844,87.7028],[29.666167926269992,62.157454134941105,83.4994],[29.76801791425757,62.150095031762817,109.3826],[29.789212131411034,62.153627401288389,73.5],[29.800986696496295,62.153333037161275,73.5],[29.812761261581585,62.146562662237244,77.4619],[29.825418919048246,62.135671189533383,73.5],[29.832778022226535,62.131550091753525,73.5],[29.8575046089056,62.123896624448093,73.5],[29.911961972424962,62.085040559666737,112.7469],[29.92255908100168,62.084157467285337,108.5279],[29.929329455925711,62.092105298717883,108.8268],[29.934039281959826,62.102702407294629,92.3289],[29.9393378362482,62.109178418091517,119.9579],[29.948757488316403,62.110650238727175,123.4984],[29.973484074995469,62.109178418091517,119.7237],[29.982314998809414,62.114182608252747,122.3081],[29.999682482310192,62.126840265719409,114.3831],[30.00792467786988,62.12948954286361,107.4289],[30.0202879712094,62.131844455880668,115.3144],[30.019699242955141,62.137437374296155,108.8302],[30.003509215962907,62.153627401288389,90.0774],[29.983786819445072,62.167168151136451,110.2389],[29.974955895631126,62.170994884789167,92.6348],[29.895477581305585,62.170700520662052,82.2504],[29.872222815262177,62.17541034669614,73.5],[29.837782212387765,62.199842569248062,92.2194],[29.817471087615672,62.208379128934894,89.9385],[29.775377017435858,62.218387509257383,90.1765],[29.771844647910285,62.211028406079066,90.3941],[29.770667191401742,62.209850949570551,73.5],[29.768606642511827,62.209262221316294,73.5],[29.761836267587796,62.204552395282178,73.5],[29.76801791425757,62.191011645434116,73.5],[29.739758958052931,62.186007455272886,86.4154],[29.697076159618831,62.19307219432406,73.5],[29.654687725311874,62.206612944172093,78.1028],[29.62760622561575,62.22221424291007,83.0667],[29.603174003063828,62.246057737207735,84.8676],[29.590221981470023,62.256066117530224,98.6014],[29.57991923702042,62.25989285118294,87.9505],[29.575503775113447,62.26489704134417,90.0505],[29.569910856697959,62.275494149920917,110.0808],[29.559608112248327,62.287268715006178,93.9127],[29.541946264620435,62.294039089930209,107.7209],[29.541946264620435,62.30080946485424,92.6144],[29.593459986868481,62.30080946485424,74.7254],[29.605823280208,62.297571459455781,73.2091],[29.626428769107235,62.283736345480605,79.2761],[29.637614605938239,62.280498340082147,78.5244],[29.657631366583189,62.284325073734863,85.2281],[29.654393361184731,62.293744725803066,89.5065],[29.639675154828154,62.30493056263407,89.5724],[29.623779491963035,62.314644578829416,112.8095],[29.639380790701011,62.324358595024762,88.536],[29.657042638328932,62.326124779787563,73.5],[29.675293214211081,62.322298046134847,73.5],[29.713560550738208,62.3031643778713,99.3011],[29.722097110425011,62.3013981931085,80.2316],[29.737698409162988,62.30080946485424,81.4182],[29.741230778688589,62.303753106125555,80.3245],[29.742408235197104,62.316999491846474,73.5],[29.747412425358334,62.321414953753447,73.5],[29.755654620918023,62.320237497244932,73.5],[29.776554473944373,62.310229116922443,80.1403],[29.785385397758319,62.307579839778271,83.1565],[29.8566215165242,62.307579839778271,77.9],[29.835427299370707,62.3152333070837,75.0],[29.76801791425757,62.328185328677478,92.554],[29.769489734893227,62.33171769820305,98.2994],[29.770667191401742,62.334955703601509,94.2429],[29.7721390120374,62.338193708999967,90.561],[29.775377017435858,62.341726078525539,93.2484],[29.767429186003312,62.346141540432512,112.2016],[29.759481354570738,62.349085181703828,122.4041],[29.75123915901105,62.350262638212371,95.1532],[29.741230778688589,62.349379545830971,73.5],[29.741230778688589,62.355561192500716,110.612],[29.773316468545943,62.366747029331719,73.5],[29.790683952046692,62.367041393458862,73.5],[29.816882359361415,62.352323187102286,90.8713],[29.824830190793961,62.3543837359922,76.4296],[29.829540016828076,62.361154110916232,75.9804],[29.830128745082334,62.369690670603035,102.1012],[29.816293631107158,62.382937056323982,75.9467],[29.832778022226535,62.3849976052139,85.8466],[29.848084956837369,62.393828529027843,81.6326],[29.856032788269943,62.406191822367362,91.1756],[29.850439869854426,62.417672023325508,77.1946],[29.850439869854426,62.423853669995282,89.3028],[29.869573538117976,62.422970577613881,89.5571],[29.896360673686956,62.411784740782878,97.806],[29.911373244170676,62.410607284274363,96.5862],[29.91932107560325,62.415022746181336,91.6764],[29.94934621657066,62.441221153496031,86.8201],[29.947285667680745,62.448874620801462,110.2104],[29.926974542908653,62.448580256674347,78.963],[29.904602869246645,62.444459158894489,90.9306],[29.894594488924184,62.441221153496031,78.697],[29.863686255575345,62.478311033514643,95.0891],[29.831894929845134,62.508924902736339,82.7298],[29.823064006031188,62.520110739567343,77.344],[29.819237272378473,62.521582560203,83.4543],[29.813349989835842,62.521582560203,78.9068],[29.807462707293212,62.522465652584373,78.6157],[29.802458517131981,62.527469842745631,83.0717],[29.802458517131981,62.531296576398347,85.3367],[29.804519066021896,62.533651489415377,81.3289],[29.807757071420326,62.53482894592392,79.6965],[29.809523256183127,62.533651489415377,78.2966],[29.810995076818784,62.53571203830532,77.5479],[29.816293631107158,62.557494983713042,84.7827],[29.800103604114923,62.576334287849477,94.1872],[29.721214018043639,62.607831249452573,79.974],[29.692660697711858,62.623138184063407,96.976],[29.696781795491688,62.625787461207608,92.3434],[29.699431072635889,62.629319830733181,89.9186],[29.671760844685508,62.629319830733181,73.5],[29.642030067845212,62.623726912317693,73.5],[29.613771111640574,62.614307260249461,73.5],[29.589633253215766,62.6025326951642,83.9934],[29.617303481166147,62.576039923722362,85.0679],[29.632610415776981,62.564854086891359,73.5],[29.651744084040558,62.554256978314612,73.5],[29.623190763708777,62.551902065297554,73.5],[29.591693802105681,62.543365505610723,73.5],[29.571677041460731,62.526586750364231,73.5],[29.576092503367704,62.499505250668108,77.7432],[29.587867068452994,62.493617968125477,87.3742],[29.623779491963035,62.485375772565789,73.5],[29.631432959268466,62.475367392243328,73.5],[29.62436822021732,62.4668308325565,73.5],[29.6075894649708,62.467125196683639,78.4658],[29.569322128443673,62.47212938684487,73.5],[29.581096693528963,62.456822452234036,73.5],[29.601996546555313,62.443576066513089,73.5],[29.626428769107235,62.434745142699143,83.1473],[29.677059398973881,62.427386039520854,73.5],[29.679414311990939,62.417377659198365,73.5],[29.677353763100996,62.404131273477446,73.5],[29.692660697711858,62.39029615950227,73.5],[29.677942491355282,62.382937056323982,73.5],[29.662341192617305,62.3858806975953,73.5],[29.646739893879328,62.392651072519328,105.3662],[29.618480937674661,62.400010175697616,99.454],[29.611416198623516,62.409135463638705,95.1893],[29.605823280208,62.420321300469709,100.0277],[29.597286720521197,62.43121277317357,103.1177],[29.58080232940182,62.439749332860373,98.6055],[29.54488990589175,62.448285892547204,73.5],[29.491609998880932,62.475661756370442,76.8365],[29.472770694744497,62.480960310658816,73.5],[29.473653787125897,62.487141957328589,98.9453],[29.475714336015812,62.49391233225262,112.0899],[29.473653787125897,62.499505250668108,114.4852],[29.458346852515035,62.503626348447966,100.7138],[29.453342662353805,62.505686897337881,80.9016],[29.424200613767766,62.514223457024684,85.0965],[29.411542956301105,62.523054380838659,84.3997],[29.414780961699563,62.537478223068092,75.2372],[29.419196423606536,62.548075331644839,77.7497],[29.412720412809648,62.551902065297554,80.9848],[29.401828940105759,62.549547152280496,79.0562],[29.391820559783298,62.541010592593693,76.9508],[29.388876918511983,62.533945853542519,85.0946],[29.389760010893355,62.526881114491374,73.5],[29.398002206453043,62.505686897337881,87.5953],[29.381812179460809,62.508924902736339,80.1379],[29.367388337231347,62.516872734168885,81.9121],[29.359734869925944,62.528058570999889,80.1239],[29.363855967705774,62.541010592593693,86.8461],[29.322350625780217,62.582221570392107,81.2068],[29.336480103882536,62.582810298646365,73.5],[29.350903946112,62.58163284213785,73.5],[29.364444695960032,62.578689200866535,76.5926],[29.377396717553836,62.574568103086705,76.497],[29.365916516595689,62.594290499604512,116.8748],[29.339718109280994,62.608714341833974,86.9958],[29.308515511805012,62.614601624376604,86.9296],[29.281434012108917,62.609303070088231,80.3414],[29.275546729566287,62.602827059291343,91.4825],[29.263772164481026,62.58251593451925,73.5],[29.254646876539937,62.574568103086705,82.7635],[29.239634306056217,62.571035733561104,73.5],[29.225799192081013,62.570741369433989,73.5],[29.214318991122894,62.567208999908388,77.3335],[29.206076795563206,62.554256978314612,78.1301],[29.223738643191098,62.554845706568869,104.8064],[29.231686474623672,62.55661189133167,90.7766],[29.240517398437618,62.561027353238643,73.5],[29.263477800353883,62.532768397034005,74.9684],[29.319112620381759,62.489202506218504,73.5],[29.335302647374021,62.459177365251065,73.5],[29.335597011501136,62.448285892547204,73.5],[29.33177027784842,62.435922599207686,73.5],[29.32499990292439,62.4250311265038,73.5],[29.315580250856186,62.417672023325508,73.5],[29.296152218465494,62.412667833164278,73.5],[29.24228358320039,62.40942982776582,73.5],[29.220500637792668,62.410607284274363,73.5],[29.220500637792668,62.403836909350332,101.4646],[29.254058148285679,62.395005985536386,73.5],[29.268481990515113,62.386469425849555,73.5],[29.274663637184887,62.373223040128636,73.5],[29.277312914329059,62.36350902393329,73.5],[29.28408328925309,62.352028822975143,73.5],[29.293208577194179,62.3414317143984,73.5],[29.30174513688101,62.334955703601509,73.5],[29.292914213067036,62.319354404863532,73.5],[29.288204387032948,62.314644578829416,73.5],[29.297624039101152,62.309640388668186,73.5],[29.304394414025182,62.303458741998412,73.5],[29.315580250856186,62.286679986751921,73.5],[29.308221147677898,62.283736345480605,77.3652],[29.295269126084094,62.27578851404806,73.5],[29.288204387032948,62.273139236903859,73.5],[29.297624039101152,62.2707843238868,81.7754],[29.305571870533697,62.266663226106971,73.5],[29.311459153076356,62.26077594356434,73.5],[29.315580250856186,62.252533748004652,73.5],[29.30410004989804,62.253122476258909,73.5],[29.293797305448436,62.252533748004652,79.1148],[29.283788925125975,62.250178834987594,73.5],[29.274663637184887,62.245763373080621,80.8335],[29.411542956301105,62.225746612435671,73.5],[29.411542956301105,62.218387509257383,73.5],[29.387405097876325,62.217504416875983,89.2307],[29.377985445808093,62.215443867986068,83.357],[29.370037614375548,62.211617134333352,73.5],[29.367093973104232,62.204258031155064,73.5],[29.36856579373989,62.195132743213975,73.5],[29.366505244849975,62.187479275908544,73.5],[29.353258859129028,62.184241270510086,73.5],[29.327060451814333,62.182180721620171,86.0416],[29.313225337839128,62.1768821673318,81.9449],[29.316463343237587,62.170111792407766,89.4984],[29.343250478806567,62.163635781610878,73.5],[29.322056261653074,62.158925955576763,73.5],[29.302333865135267,62.16039777621242,73.5],[29.255529968921337,62.17217234129771,73.5],[29.246404680980248,62.17629343907754,73.5],[29.240517398437618,62.17805962384034,73.5],[29.209903529215921,62.17805962384034,76.0],[29.194890958732202,62.182180721620171,112.4287],[29.157506714586475,62.200431297502348,99.8019],[29.137489953941525,62.204552395282178,86.0],[29.098045160905883,62.206024215917836,115.6601],[29.078617128515191,62.204258031155064,140.736],[29.062132737395814,62.197782020358147,100.8905],[29.103932443448514,62.186890547654286,138.5927],[29.188120583808171,62.1786483520946,109.074],[29.226682284462413,62.157454134941105,73.5],[29.103638079321371,62.150095031762817,73.0],[29.088331144710537,62.153333037161275,73.0],[29.058600367870241,62.163341417483736,95.9348],[29.041821612623721,62.163635781610878,82.3712],[29.041232884369464,62.161869596848078,82.3073],[29.037406150716748,62.157454134941105,72.5],[29.032401960555518,62.153038673034132,72.5],[29.027986498648545,62.150095031762817,83.0005],[28.873739696031549,62.118892434286863,72.5],[28.8110401369525,62.11536006476129,72.5],[28.760409507085853,62.12948954286361,93.8416],[28.770417887408342,62.129195178736467,108.7999],[28.778660082968031,62.130666999372124,117.0609],[28.794555745833122,62.135671189533383,97.3695],[28.79278956107035,62.138026102550413,100.5797],[28.791317740434692,62.138909194931813,93.7443],[28.790140283926149,62.140381015567471,91.9676],[28.787785370909091,62.143324656838786,77.8216],[28.802209213138553,62.142735928584528,93.2797],[28.828407620453277,62.13625991778764,75.5],[28.842537098555596,62.135671189533383,80.8896],[28.834883631250165,62.1471513904915,81.4239],[28.827524528071876,62.154216129542675,99.1988],[28.808390859808327,62.163635781610878,75.5],[28.802503577265696,62.164813238119393,95.146],[28.781014995985061,62.163635781610878,88.051],[28.773950256933915,62.165696330500793,75.5],[28.773950256933915,62.170111792407766,89.0828],[28.77601080582383,62.175115982569025,84.1565],[28.774244621061058,62.17805962384034,81.0749],[28.723613991194412,62.184241270510086,72.5],[28.699181768642461,62.190717281307,72.5],[28.685346654667285,62.204552395282178,108.1063],[28.8955226414393,62.157748499068248,93.66],[28.932023793203626,62.163635781610878,91.3713],[28.856372212530772,62.184535634637228,75.5],[28.839299093157138,62.194544014959718,82.5397],[28.802503577265696,62.225452248308528,98.3757],[28.802209213138553,62.231928259105416,104.2895],[28.798088115358723,62.233400079741074,102.552],[28.794555745833122,62.233694443868217,112.9971],[28.791317740434692,62.235166264503874,118.1576],[28.787785370909091,62.239581726410847,111.7599],[28.794555745833122,62.245763373080621,97.9385],[28.817221783622273,62.2316338949783,97.7218],[28.836649816012965,62.215738232113182,96.7655],[28.857549669039315,62.203080574646521,91.0],[28.883748076354038,62.197782020358147,94.6337],[28.908769027160218,62.189245460671344,72.5],[28.932906885585027,62.171877977170567,75.5],[28.956750379882692,62.158925955576763,107.2607],[28.980299510053214,62.163635781610878,97.0838],[28.95822220051835,62.191306009561259,118.2229],[28.92554778240671,62.218387509257383,97.1495],[28.856666576657915,62.25989285118294,72.5],[28.846658196335426,62.263719584835655,72.5],[28.825169615054818,62.269018139124029,101.7239],[28.815749962986615,62.273139236903859,84.4976],[28.811334501079642,62.277554698810832,102.4324],[28.806330310918383,62.28491380198912,103.3219],[28.800148664248638,62.291095448658893,96.1858],[28.791317740434692,62.294039089930209,110.193],[28.779248811222288,62.313761486448044,158.3668],[28.777482626459488,62.317882584227874,125.7311],[28.786313550273434,62.322298046134847,87.7273],[28.810745772825385,62.324652959151905,85.1994],[28.821931609656389,62.328185328677478,84.0005],[28.810745772825385,62.338193708999967,84.8769],[28.799559935994381,62.343786627415454,102.5476],[28.773950256933915,62.352323187102286,108.8291],[28.75511095279748,62.361154110916232,103.9633],[28.750401126763393,62.362331567424746,98.1666],[28.746280028983534,62.364097752187547,90.2108],[28.746868757237792,62.36851321409452,81.733],[28.748046213746335,62.373223040128636,77.0],[28.746868757237792,62.376755409654209,92.1076],[28.725380175957184,62.38529196934104,92.3899],[28.69329448609983,62.394122893154986,98.8217],[28.660914432115362,62.399421447443359,76.5],[28.637659666071954,62.396477806172044,109.5344],[28.655910241954103,62.382937056323982,93.2708],[28.727146360719985,62.355561192500716,99.1345],[28.644430040995985,62.376755409654209,72.5],[28.654438421318446,62.363214659806147,88.059],[28.686229747048685,62.34761336106817,114.0394],[28.693000121972716,62.341726078525539,118.5383],[28.740098382313761,62.328185328677478,112.899],[28.728912545482757,62.318176948355017,142.4447],[28.715666159761838,62.3143502147023,79.341],[28.685346654667285,62.314644578829416,90.4785],[28.699181768642461,62.30080946485424,72.5],[28.686229747048685,62.305224926761213,100.3903],[28.678281915616111,62.301986921362754,72.5],[28.670922812437823,62.296982731201524,106.6871],[28.66150316036962,62.294039089930209,80.0259],[28.634421660673496,62.294039089930209,72.5],[28.625002008605293,62.299337644218582,79.4285],[28.621175274952577,62.307579839778271,94.9068],[28.618231633681262,62.306991111524013,72.5],[28.610283802248716,62.286679986751921,72.5],[28.613227443520032,62.281970160717805,72.5],[28.619409090189777,62.275199785793774,83.9315],[28.622058367333977,62.269312503251143,88.9441],[28.613816171774289,62.266663226106971,77.2716],[28.580847389535535,62.272844872776716,72.5],[28.572016465721589,62.2699012315054,90.338],[28.569072824450274,62.259304122928683,94.3336],[28.574960106992904,62.246352101334878,98.5345],[28.58379103080685,62.232222623232559,84.2921],[28.589089585095223,62.218387509257383,86.9401],[28.58290793842545,62.223391699418613,96.3406],[28.562596813653386,62.231928259105416,76.6958],[28.566129183178958,62.21721005274884,76.3012],[28.568778460323131,62.211617134333352,73.9835],[28.549056063805324,62.203963667027921,72.5],[28.526684390143316,62.201903118138006,77.3676],[28.508139450134024,62.207201672426379,72.5],[28.500485982828593,62.22221424291007,86.9167],[28.490477602506104,62.224569155927128,101.9421],[28.443673706292174,62.2298677102155,95.4247],[28.414237293579021,62.241936639427905,71.5],[28.381562875467409,62.234283172122474,72.5],[28.363312299585232,62.239581726410847,72.5],[28.348299729101512,62.254005568640309,72.5],[28.349477185610056,62.26489704134417,83.9149],[28.360663022441059,62.273433601031,114.4216],[28.376853049433294,62.280498340082147,72.5],[28.342118082431767,62.294333454057352,72.5],[28.307677479557356,62.293155997548809,72.5],[28.233497719520159,62.280498340082147,88.279],[28.252042659529451,62.267546318488371,104.6866],[28.299140919870524,62.249295742606193,97.5128],[28.2738256049372,62.245763373080621,72.5],[28.253220116037994,62.247823921970536,92.1749],[28.205238763315521,62.266663226106971,72.0],[28.190520556958944,62.270195595632543,72.0],[28.144305388999271,62.273139236903859,98.9774],[28.144305388999271,62.266663226106971,88.1899],[28.15343067694036,62.265485769598428,86.3842],[28.162555964881449,62.262542128327112,74.0268],[28.170798160441137,62.258126666420139,73.9894],[28.177862899492283,62.252533748004652,80.2227],[28.149898307414787,62.246057737207735,127.4363],[28.097501492785341,62.249590106733336,87.1465],[28.069242536580703,62.245763373080621,72.5],[28.073069270233418,62.235754992758132,72.5],[28.076012911504733,62.231928259105416,72.5],[27.985054396221045,62.245469008953478,86.9761],[27.93942795651563,62.258421030547282,72.5],[27.925004114286168,62.286679986751921,72.5],[27.937073043498572,62.300220736599982,101.2867],[27.977695293042757,62.3152333070837,90.0621],[27.986526216856703,62.324947323279048,96.2706],[27.994768412416391,62.338488073127081,84.4567],[28.034507569579148,62.365275208696062,106.2954],[28.04804831942721,62.376755409654209,78.0],[28.050108868317125,62.3832314204511,78.0],[28.047753955300095,62.387646882358069,78.0],[28.046576498791552,62.392356708392185,78.0],[28.055113058478383,62.406191822367362,96.3702],[28.056290514986898,62.413845289672793,97.4975],[28.055113058478383,62.421498756978224,96.1305],[28.051875053079925,62.427680403648,78.5],[28.043632857520237,62.430918409046427,86.395],[28.036862482596206,62.427386039520854,102.8004],[28.0247935533838,62.415022746181336,118.1934],[28.022438640366772,62.410901648401477,97.2208],[28.017434450205513,62.406780550621647,97.5535],[28.00713170575591,62.403836909350332,78.0],[27.986820580983817,62.405897458240247,78.0],[27.948258880329576,62.420321300469709,89.5916],[27.909991543802477,62.42620858301234,78.0],[27.892329696174556,62.432684593809228,85.5173],[27.878200218072237,62.441809881750316,78.0],[27.869958022512549,62.451818262072777,78.0],[27.887031141886183,62.463004098903781,91.8829],[27.89851134284433,62.473601207480527,93.3256],[27.901160619988502,62.485375772565789,85.578],[27.890269147284641,62.499505250668108,115.4899],[27.874962212673807,62.510102359244854,78.0],[27.853767995520315,62.521582560203,98.0969],[27.832279414239707,62.530707848144061,78.0],[27.815206294866073,62.533651489415377,78.0],[27.815206294866073,62.541010592593693,78.0],[27.817855572010245,62.5504302446619,78.0],[27.8107908329591,62.5624991738743,78.0],[27.799016267873839,62.573979374832419,78.0],[27.77899950722886,62.587520124680481,78.0],[27.775467137703288,62.589286309443281,78.0],[27.748385638007164,62.587225760553366,78.0],[27.741909627210276,62.585165211663423,99.1853],[27.735139252286245,62.584870847536308,93.3076],[27.725719600218042,62.588403217061881,90.3466],[27.727780149107957,62.592818678968854,86.5082],[27.730723790379272,62.604887608181258,78.0],[27.732784339269188,62.609303070088231,85.8872],[27.726897056726557,62.612246711359546,78.0],[27.717771768785497,62.619605814537834,95.0327],[27.71217885036998,62.623138184063407,78.0],[27.7254252360909,62.623138184063407,78.0],[27.74809127388005,62.617250901520777,113.1715],[27.760160203092454,62.615484716758004,109.1343],[27.765753121507942,62.613718531995204,97.5093],[27.771051675796315,62.610480526596746,90.1541],[27.776938958338945,62.609008705961088,82.7512],[27.784298061517234,62.612541075486689,103.1404],[27.791951528822665,62.620194542792092,94.9895],[27.79577826247538,62.622255091682007,90.6466],[27.801371180890868,62.623138184063407,100.206],[27.806669735179241,62.619605814537834,92.107],[27.808730284069156,62.612835439613804,93.5662],[27.811968289467615,62.606065064689773,91.3663],[27.821976669790104,62.6025326951642,96.0321],[27.829630137095506,62.606359428816916,85.9882],[27.853767995520315,62.624021276444807,130.7194],[27.863187647588518,62.629319830733181,118.1125],[27.843759615197825,62.636973298038612,80.5],[27.826686495824191,62.633440928513011,80.5],[27.8107908329591,62.626081825334722,102.7626],[27.79401207771258,62.623138184063407,96.2801],[27.776938958338945,62.626964917716123,78.0],[27.718949225294011,62.650808412013788,78.0],[27.741320898956019,62.655812602175018,78.0],[27.749857458642822,62.659639335827734,78.0],[27.757216561821139,62.675240634565711,78.0],[27.766930578016485,62.680244824726969,78.0],[27.778410778974603,62.683188465998285,85.1937],[27.787830431042835,62.6843659225068,87.6661],[27.781648784373061,62.690547569176573,78.0],[27.77899950722886,62.694079938702146,78.0],[27.776055865957545,62.696140487592061,78.0],[27.767519306270742,62.698201036482004,78.0],[27.78900788755135,62.707620688550207,123.7878],[27.814617566611815,62.714391063474238,96.6509],[27.866425652986976,62.719395253635469,84.1214],[27.889680419030384,62.7252825361781,86.5141],[27.906459174276876,62.739412014280418,83.3652],[27.92117738063348,62.755307677145538,86.403],[27.938250500007115,62.7670822422308,78.0],[27.952085613982291,62.769437155247857,117.2015],[27.969158733355926,62.768259698739342,114.4524],[27.984760032093902,62.763549872705227,110.0531],[27.996828961306306,62.756485133654053,85.9718],[28.000361330831879,62.74883166634865,88.2391],[27.999772602577622,62.729992362212215,107.141],[28.003599336230337,62.722338894906784,110.6409],[28.024499189256687,62.717923432999811,102.5035],[28.056584879114041,62.715274155855639,100.1004],[28.080428373411706,62.706737596168807,118.7435],[28.076012911504733,62.6843659225068,131.6108],[28.111925335014803,62.671413900913024,76.0],[28.123699900100064,62.664054797734707,76.0],[28.098384585166741,62.666704074878908,76.0],[28.07159744959776,62.674063178057196,97.8911],[28.046576498791552,62.676418091074254,124.6877],[28.027442830528003,62.664054797734707,110.8052],[28.040100487994664,62.662288612971935,97.5412],[28.05069759657141,62.658756243446362,103.5802],[28.056584879114041,62.6528689609037,92.6672],[28.055407422605498,62.6434493088355,142.2612],[28.077484732140391,62.635501477402954,110.1084],[28.111336606760517,62.608714341833974,105.2691],[28.13753501407524,62.6025326951642,76.0],[28.121050622955863,62.583104662773508,94.5644],[28.116929525176033,62.574568103086705,95.7761],[28.119284438193091,62.567208999908388,97.3238],[28.126349177244236,62.561321717365757,108.7812],[28.128704090261294,62.555140070696012,103.3759],[28.116929525176033,62.547192239263438,128.9803],[28.155196861703132,62.52393747322003,92.4816],[28.154608133448875,62.520110739567343,89.8982],[28.141950475982213,62.514517821151827,94.9631],[28.134591372803925,62.502154527812309,88.3847],[28.134591372803925,62.488319413837104,85.8433],[28.144305388999271,62.478311033514643,100.806],[28.135474465185325,62.478605397641758,82.0678],[28.129292818515552,62.4771335770061,96.9538],[28.116929525176033,62.47212938684487,91.9704],[28.123699900100064,62.464770283666581,84.4051],[28.098090221039598,62.455056267471235,96.3455],[28.093086030878368,62.455350631598378,84.9804],[28.08572692770008,62.459177365251065,86.3981],[28.075424183250476,62.460354821759609,91.9016],[28.055407422605498,62.459177365251065,81.1611],[28.067770715945045,62.442104245877431,97.1821],[28.087198748335737,62.439749332860373,111.7263],[28.108687329616345,62.440926789368916,89.313],[28.127232269625637,62.434450778572028,107.7145],[28.146071573762072,62.424442398249539,94.2616],[28.173153073458167,62.418849479834051,125.1461],[28.20023457315429,62.417966387452651,115.825],[28.21936824141784,62.423853669995282,88.9169],[28.202295122044205,62.427091675393712,76.0],[28.186105095051971,62.441809881750316,76.0],[28.170798160441137,62.444753523021632,100.285],[28.170503796313994,62.449463349055719,97.7209],[28.171681252822509,62.450640805564262,76.0],[28.17433052996671,62.450935169691377,89.86],[28.177862899492283,62.451818262072777,90.0125],[28.172564345203909,62.457411180488293,85.6536],[28.170798160441137,62.460649185886723,76.0],[28.170798160441137,62.464770283666581,76.0],[28.184927638543456,62.466536468429382,88.5847],[28.195524747120174,62.469774473827812,84.7212],[28.202589486171348,62.476544848751843,76.0],[28.208476768713979,62.500977071303765,76.0],[28.214069687129467,62.509807995117711,76.0],[28.21524714363801,62.517755826550285,94.8805],[28.205238763315521,62.527469842745631,76.0],[28.250865203020936,62.573390646578162,76.0],[28.26705523001317,62.582221570392107,82.9747],[28.294136729709294,62.579277929120792,94.5269],[28.327399876075162,62.570741369433989,128.1386],[28.358013745296859,62.568975184671189,110.5887],[28.376853049433294,62.588403217061881,105.234],[28.362134843076717,62.594290499604512,76.0],[28.3565419246612,62.595762320240169,76.0],[28.3565419246612,62.6025326951642,76.0],[28.376264321179036,62.598117233257227,97.2902],[28.41247110881622,62.576923016103734,97.4347],[28.43160477707977,62.568386456416931,107.0646],[28.511083091405339,62.5607329891115,109.9808],[28.607045796850258,62.507747446227796,87.5528],[28.651200415920016,62.47212938684487,76.0],[28.639720214961869,62.469774473827812,76.0],[28.62559073685955,62.470657566209212,93.5809],[28.596743052400655,62.478311033514643,76.0],[28.587323400332423,62.483315223675874,76.0],[28.576137563501419,62.494206696379734,76.0],[28.568778460323131,62.499505250668108,76.0],[28.543168781262693,62.5086305386092,76.0],[28.515792917439427,62.509807995117711,92.2004],[28.458980640903036,62.505686897337881,128.4174],[28.504901444735566,62.495384152888278,106.7416],[28.5246238412534,62.485670136692931,142.9456],[28.527861846651831,62.47212938684487,123.3162],[28.546995514915409,62.467125196683639,105.6469],[28.564362998416158,62.453584446835578,102.4783],[28.586145943823908,62.427680403648,98.5719],[28.6073401609774,62.419143843961166,117.576],[28.706540871820749,62.410607284274363,145.3011],[28.739804018186646,62.392651072519328,93.0537],[28.753639132161823,62.39029615950227,116.8867],[28.780131903603689,62.3944172572821,96.4761],[28.793672653451722,62.393828529027843,92.1726],[28.821637245529246,62.376166681399951,167.406],[28.876977701430008,62.357916105517774,160.7044],[28.897583190329215,62.355561192500716,88.0198],[28.887869174133868,62.368807578221663,103.3737],[28.852251114750942,62.38529196934104,76.0],[28.836355451885822,62.396477806172044,87.9818],[28.866969321107518,62.405014365858847,100.9124],[28.90052683160053,62.398243990934816,99.441],[28.934378706220684,62.387058154103812,113.2788],[28.966170031950895,62.382937056323982,76.0],[28.959988385281122,62.399421447443359,105.0493],[28.94644763543306,62.406780550621647,94.8124],[28.912007032558677,62.410607284274363,76.0],[28.891990271913727,62.426502947139454,99.0534],[28.732739279135473,62.464770283666581,76.0],[28.714488703253323,62.472718115099127,105.5688],[28.698593040388204,62.482432131294473,76.0],[28.671805904819223,62.505686897337881,100.0219],[28.654438421318446,62.526881114491374,90.5749],[28.642663856233185,62.53571203830532,95.7283],[28.623235823842492,62.541010592593693,100.9874],[28.623235823842492,62.547192239263438,97.0829],[28.631478019402181,62.548369695771981,108.8944],[28.651200415920016,62.554256978314612,109.9772],[28.620880910825434,62.556906255458784,117.8234],[28.5620080853991,62.571330097688246,76.0],[28.534632221575862,62.574568103086705,86.842],[28.486650868853417,62.573979374832419,91.9176],[28.433076597715427,62.593701771350254,100.6679],[28.421596396757309,62.595762320240169,106.2785],[28.405995098019332,62.600177782147142,95.2082],[28.335347707507736,62.629319830733181,104.8292],[28.233497719520159,62.6434493088355,76.0],[28.233497719520159,62.650808412013788,76.0],[28.2738256049372,62.657284422810676,93.6069],[28.271176327793029,62.671119536785881,107.2507],[28.2747086973186,62.682599737744027,108.6061],[28.275886153827116,62.693196846320745,76.0],[28.26705523001317,62.705560139660292,105.5919],[28.247038469368221,62.712919242838581,112.2933],[28.230554078248844,62.70614886791455,99.0613],[28.21524714363801,62.697023579973461,76.0],[28.198762752518633,62.698201036482004,76.0],[28.205533127442663,62.70703196029595,84.5263],[28.213480958875209,62.714096699347095,99.8857],[28.222900610943441,62.718217797126954,76.0],[28.233497719520159,62.719395253635469,95.4776],[28.21613023601941,62.7270487209409,97.1143],[28.200823301408548,62.738234557771904,76.0],[28.189343100450429,62.75295276412848,101.6859],[28.185222002670571,62.770320247629257,76.0],[28.17933472012794,62.783272269223033,76.0],[28.164616513771364,62.793280649545522,76.0],[28.146954666143472,62.799462296215296,76.0],[28.130470275024095,62.801228480978068,76.0],[28.146954666143472,62.81388613844473,109.2685],[28.15254758455896,62.82065651336876,100.7346],[28.157257410593076,62.829193073055592,76.0],[28.1501926715419,62.83154798607265,76.0],[28.136946285820983,62.838907089250938,124.2332],[28.130470275024095,62.84155636639511,105.1384],[28.219073877290725,62.849504197827656,101.3205],[28.246449741113963,62.8489154695734,99.0985],[28.22525552396047,62.868343501964091,97.542],[28.192286741721745,62.881001159430753,95.459],[28.156079954084532,62.887771534354783,78.5],[28.123699900100064,62.8898320832447,85.7384],[28.134885736931068,62.905727746109818,101.9428],[28.169620703932594,62.929571240407483,83.2514],[28.185222002670571,62.94517253914546,78.0],[28.123699900100064,62.94517253914546,78.0],[28.123699900100064,62.951354185815234,78.0],[28.162261600754306,62.964011843281895,78.0],[28.17433052996671,62.965778028044667,78.0],[28.203472578552748,62.964894935663295,83.2214],[28.219956969672126,62.96695548455321,93.0444],[28.233497719520159,62.973137131222984,94.7223],[28.226727344596128,62.987560973452418,78.0],[28.239973730317075,62.990798978850876,78.0],[28.277357974462774,62.98608915281676,87.645],[28.34888845735577,62.98608915281676,99.5162],[28.34888845735577,62.993448255995048,96.4929],[28.301201468760439,62.999924266791965,96.4466],[28.293842365582151,63.004339728698938,91.797],[28.288838175420921,63.010815739495825,83.6162],[28.281184708115489,63.0152312014028,81.0],[28.26705523001317,63.014053744894284,81.0],[28.284422713513948,63.02965504363226,81.0],[28.302084561141839,63.031126864267918,81.0],[28.335347707507736,63.020235391564029,95.9628],[28.362723571330974,63.019646663309771,94.4539],[28.377147413560436,63.020824119818315,97.7569],[28.383917788484439,63.02376776108963,99.7246],[28.376853049433294,63.047611255387295,92.6328],[28.366844669110804,63.04967180427721,86.7009],[28.3556588322798,63.047022527133009,89.7452],[28.345356087830197,63.042901429353179,112.4685],[28.336230799889108,63.040840880463264,121.5901],[28.32563369131239,63.042018336971779,94.8283],[28.305616930667441,63.047316891260152,103.478],[28.295019822090694,63.047611255387295,93.6792],[28.276769246208517,63.043195793480322,90.3438],[28.21936824141784,63.020235391564029,90.5376],[28.21936824141784,63.014053744894284,84.3958],[28.233497719520159,63.014053744894284,85.6577],[28.216424600146524,62.997274989647764,78.0],[28.186399459179114,62.991682071232276,105.743],[28.123699900100064,62.993448255995048,78.0],[28.097501492785341,62.998158082029164,78.0],[28.063355254038072,63.009932647114425,78.0],[28.035390661960548,63.025239581725288,78.0],[28.027442830528003,63.040840880463264,78.0],[28.010958439408626,63.04378452173458,78.0],[27.950025065092376,63.045845070624495,78.0],[27.935012494608657,63.044078885861694,112.8122],[27.928242119684626,63.031421228395033,124.1893],[27.922354837141995,63.016703022038456,98.4164],[27.911757728565249,63.004634092826052,86.0317],[27.890269147284641,62.999924266791965,78.0],[27.87349039203815,63.003162272190394,78.0],[27.850824354249,63.011404467750083,78.0],[27.83080759360405,63.021412848072572,103.2302],[27.821976669790104,63.030243771886518,78.0],[27.826980859951334,63.046433798878752,111.2174],[27.839049789163738,63.0587970922183,124.0239],[27.854356723774572,63.066156195396587,104.8607],[27.869958022512549,63.067922380159359,104.422],[27.869958022512549,63.075575847464791,106.9826],[27.8525905390118,63.081463130007421,78.0],[27.8490581694862,63.1100164503392,85.4596],[27.831985050112564,63.11649246113609,94.2047],[27.81667811550173,63.113548819864775,84.7946],[27.798133175492438,63.105600988432229,80.3964],[27.781943148500176,63.094415151601225,95.0304],[27.773700952940487,63.081757494134564,92.8631],[27.767519306270742,63.081757494134564,78.0],[27.757216561821139,63.099419341762456,104.2663],[27.740437806574619,63.098536249381056,110.2676],[27.721304138311069,63.08558422778728,124.8021],[27.70540847544595,63.067922380159359,106.3644],[27.715711219895553,63.066156195396587,84.8461],[27.721892866565327,63.061740733489614,84.5808],[27.725130871963785,63.054381630311326,81.3057],[27.725719600218042,63.044078885861694,84.2419],[27.767519306270742,63.020235391564029,78.0],[27.746325089117249,63.005811549334595,78.0],[27.741909627210276,62.997274989647764,105.5454],[27.746325089117249,62.98608915281676,111.6459],[27.756039105312595,62.979613142019872,128.6327],[27.767519306270742,62.980201870274129,131.8497],[27.780765691991661,62.984028603926845,97.7607],[27.794600805966837,62.98608915281676,108.9522],[27.816383751374588,62.979613142019872,121.7206],[27.811968289467615,62.964600571536153,100.1692],[27.798721903746696,62.948410544543918,78.0],[27.79401207771258,62.938402164221429,90.5084],[27.771934768177715,62.931337425170284,82.6682],[27.744853268481592,62.932809245805942,78.0],[27.718360497039754,62.940462713111344,78.0],[27.698049372267661,62.951354185815234,78.0],[27.684802986546742,62.96607239217181,83.3848],[27.675972062732797,62.981379326782644,78.0],[27.66449186177465,62.993742620122191,99.4555],[27.643297644621185,62.999924266791965,81.3097],[27.640059639222727,63.012581924258626,78.0],[27.620631606832035,63.022001576326829,89.5489],[27.575593895380877,63.033187413157833,91.5393],[27.587662824593281,63.0161142937842,116.6444],[27.630345623027381,62.991976435359391,99.687],[27.629756894773124,62.979318777892729,78.0],[27.617099237306462,62.973137131222984,78.0],[27.602675395077,62.972842767095841,78.0],[27.588545916974681,62.976963864875671,78.0],[27.575593895380877,62.98285114741833,93.2197],[27.562053145532843,62.98608915281676,87.3075],[27.51407179281037,62.98608915281676,78.0],[27.460203157545266,62.992859527740791,78.0],[27.400152875610416,63.012876288385741,78.0],[27.350994066379428,63.045256342370237,78.0],[27.328622392717421,63.088527869058595,78.0],[27.353348979396486,63.080580037626021,78.0],[27.365123544481747,63.079402581117506,100.0888],[27.376603745439866,63.081757494134564,98.6378],[27.355998256540659,63.096181336364,83.4066],[27.328916756844535,63.103834803669429,82.0684],[27.274165029198059,63.109722086212059,109.0666],[27.274165029198059,63.11649246113609,107.3811],[27.282407224757748,63.115903732881833,109.3823],[27.299774708258525,63.117081189390348,85.1092],[27.308016903818213,63.11649246113609,85.7028],[27.301246528894183,63.123851564314378,78.0],[27.272104480308144,63.132093759874067,90.9242],[27.260329915222883,63.1370979500353,92.4053],[27.251204627281794,63.147989422739187,98.9861],[27.245317344739163,63.159175259570191,92.231],[27.237075149179475,63.168006183384136,90.2548],[27.218824573297297,63.171244188782595,87.9026],[27.232954051399616,63.187139851647686,86.7863],[27.254736996807367,63.185373666884914,78.0],[27.294476153970152,63.164768177985678,91.9518],[27.322440746047647,63.155054161790332,95.2774],[27.340396957802682,63.158880895443048,90.6376],[27.355703892413544,63.167123091002736,87.7292],[27.376603745439866,63.171244188782595,96.9712],[27.376603745439866,63.178014563706625,83.0],[27.362179903210432,63.17742583545234,83.0],[27.348344789235227,63.17830892783374,83.0],[27.334804039387194,63.1806638408508,83.0],[27.32185201779339,63.184784938630628,85.6059],[27.334215311132908,63.183901846249256,89.4043],[27.346578604472455,63.185373666884914,88.2921],[27.370422098770121,63.191555313554659,89.8457],[27.358941897811974,63.196559503715918,92.6741],[27.347167332726713,63.198620052605833,83.0],[27.32185201779339,63.19832568847869,83.0],[27.362768631464689,63.212160802453894,94.5328],[27.308016903818213,63.239242302149989,83.0],[27.321557653666247,63.249250682472479,83.0],[27.335392767641451,63.281042008202689,83.0],[27.341868778438339,63.28781238312672,91.4974],[27.361591174956175,63.289284203762378,83.0],[27.383962848618182,63.294288393923608,112.4692],[27.395737413703444,63.3025305894833,83.0],[27.383374120363897,63.315188246949958,89.4783],[27.377486837821266,63.308123507898813,83.0],[27.371305191151521,63.304002410118954,83.0],[27.36453481622749,63.301941861229039,90.1205],[27.355703892413544,63.301353132974782,95.3942],[27.348050425108113,63.304002410118954,83.0],[27.348933517489513,63.309595328534471,99.5874],[27.3536433435236,63.316071339331359,83.0],[27.355703892413544,63.321369893619732,83.0],[27.3571757130492,63.333438822832136,83.0],[27.362179903210432,63.344035931408882,83.0],[27.36777282162592,63.353161219349943,83.0],[27.370422098770121,63.359931594273974,90.3567],[27.365417908608862,63.369056882215062,86.5736],[27.354232071777858,63.370234338723606,85.2314],[27.341574414311197,63.366113240943747,85.2303],[27.331566033988736,63.359931594273974,90.5766],[27.318614012394931,63.346685208553055,83.0],[27.307428175563928,63.338737377120509,83.0],[27.293887425715866,63.336971192357709,83.0],[27.274165029198059,63.342564110773225,83.0],[27.274459393325202,63.369056882215062,83.0],[27.246200437120535,63.390251099368555,83.0],[27.177613595498883,63.424397338115824,118.5763],[27.212054198373266,63.448829560667747,83.5],[27.237369513306589,63.433522626056913,114.9313],[27.26003555109574,63.404969305725132,83.0],[27.286822686664721,63.390251099368555,83.0],[27.279463583486432,63.420864968590251,91.6597],[27.2726932085624,63.433522626056913,88.2888],[27.260329915222883,63.445002827015031,92.9299],[27.226772404729871,63.463253402897209,86.4961],[27.207933100593436,63.47002377782124,96.7485],[27.190859981219802,63.472673054965412,121.9615],[27.19733599201669,63.499165826407278,109.4037],[27.197041627889547,63.518299494670828,128.6344],[27.185267062804286,63.533312065154547,85.5],[27.156713742472533,63.548618999765381,85.5],[27.152887008819818,63.551857005163839,85.5],[27.149354639294216,63.560393564850642,97.4412],[27.146705362150044,63.562159749613443,102.7118],[27.1387575307175,63.560393564850642,104.77],[27.129043514522152,63.551562641036696,85.5],[27.122567503725236,63.548618999765381,85.5],[27.09048181386791,63.540082440078578,88.0142],[27.07193687385859,63.53861061944292,98.6115],[27.057807395756271,63.544792266112665,87.0259],[27.043972281781095,63.561571021359185,88.0411],[27.035435722094263,63.566280847393273,88.0739],[27.020128787483429,63.56775266802893,85.5],[27.003938760491195,63.5645146626305,85.5],[26.988631825880333,63.559216108342127,85.5],[26.973030527142356,63.559216108342127,107.7169],[26.955368679514464,63.571579401681646,85.5],[26.94153356553926,63.584237059148307,85.5],[26.927992815691226,63.591596162326596,85.5],[26.912685881080364,63.594834167725054,95.6301],[26.893552212816815,63.595717260106454,85.5],[26.87736218582458,63.591007434072338,108.4946],[26.884721289002869,63.580704689622735,124.8212],[26.911508424571849,63.562159749613443,86.4677],[26.906209870283476,63.558921744214985,90.2037],[26.902971864885018,63.555389374689412,98.0563],[26.90061695186796,63.551857005163839,103.4928],[26.897084582342387,63.548618999765381,116.8705],[26.952719402370263,63.547147179129723,99.7384],[26.971853070633841,63.539199347697178,85.5],[26.958901049040037,63.521243135942143,106.2816],[26.969792521743898,63.51682767403517,101.7082],[26.978329081430729,63.510940391492539,106.0861],[26.981861450956302,63.503286924187108,108.149],[26.97921217381213,63.493278543864619,145.4814],[27.011592227796598,63.491217994974704,89.2268],[27.047504651306667,63.493278543864619,99.0713],[27.039262455746979,63.504170016568509,85.5],[27.012769684305141,63.514767125145255,87.5608],[27.007176765889625,63.524186777213458,85.5],[27.011592227796598,63.536550070552977,85.5],[27.023366792881887,63.538904983570035,98.2901],[27.115797128801233,63.528013510866174,89.4433],[27.151120824057017,63.519771315306485,102.8222],[27.177613595498883,63.507408021966938,125.0019],[27.170548856447709,63.493572907991762,92.9103],[27.165544666286479,63.4791490657623,98.5275],[27.166722122794994,63.465019587659981,106.8911],[27.177613595498883,63.452361930193319,91.6791],[27.161129204379506,63.443531006379374,122.2429],[27.159951747870963,63.4305789847856,127.6384],[27.167605215176394,63.416155142556136,113.7012],[27.177613595498883,63.403791849216617,114.7961],[27.201457089796548,63.3852469092073,107.5931],[27.201751453923663,63.379653990791809,89.1194],[27.194981078999632,63.372000523486378,100.4065],[27.191154345346916,63.364935784435232,167.0656],[27.191743073601202,63.357871045384059,139.7791],[27.19821908439809,63.349334485697256,111.0978],[27.208816192974837,63.36552451268949,83.0],[27.224711855839928,63.369056882215062,121.8894],[27.23501460028956,63.361697779036774,104.6171],[27.2291273177469,63.345802116171654,195.369],[27.227655497111243,63.332555730450736,141.7897],[27.239430062196533,63.319309344729817,94.4737],[27.266511561892628,63.301353132974782,83.0],[27.247966621883336,63.291933480906579,83.0],[27.225006219967071,63.298115127576324,111.1703],[27.205578187576378,63.312538969805786,86.6956],[27.19821908439809,63.32872899679802,83.0],[27.181734693278713,63.317543159967016,97.2499],[27.164072845650821,63.308417872025956,95.8755],[27.169077035812052,63.298115127576324,114.323],[27.174964318354682,63.290167296143778,107.124],[27.182029057405856,63.286340562491063,156.881],[27.190859981219802,63.28781238312672,117.2947],[27.189388160584144,63.28192510058409,144.2265],[27.189093796457,63.277509638677117,114.915],[27.187916339948487,63.273094176770144,104.5922],[27.184678334550028,63.267206894227513,98.6412],[27.190859981219802,63.260436519303482,87.0048],[27.210288013610494,63.271916720261629,89.8971],[27.225594948221328,63.259259062794968,124.7076],[27.237663877433732,63.235121204370159,95.3917],[27.246200437120535,63.212160802453894,93.8509],[27.200573997415148,63.202741150385663,78.0],[27.176141774863225,63.200974965622891,86.2645],[27.156713742472533,63.205979155784121,100.8919],[27.166133394540736,63.190083492919,105.2324],[27.171137584701967,63.184784938630628,91.331],[27.129926606903553,63.184784938630628,107.9485],[27.149943367548502,63.177131471325225,104.1135],[27.183206513914371,63.1491668792477,99.0536],[27.194686714872518,63.143279596705071,91.5273],[27.209110557101951,63.140335955433756,90.6307],[27.217941480915897,63.13327121638261,91.3226],[27.224711855839928,63.124440292568636,85.6254],[27.232365323145359,63.11649246113609,83.4873],[27.266511561892628,63.095886972236883,78.0],[27.241490611086448,63.089410961439967,78.0],[27.215880932025982,63.092943330965568,78.0],[27.164072845650821,63.109722086212059,100.8295],[27.166133394540736,63.100302434143856,103.7864],[27.170843220574852,63.093237695092682,121.7749],[27.184678334550028,63.081757494134564,90.6305],[27.171137584701967,63.080580037626021,112.1679],[27.164955938032222,63.076458939846191,125.4043],[27.164955938032222,63.0699829290493,117.5547],[27.171137584701967,63.061152005235328,118.035],[27.182912149787228,63.06468437476093,142.5455],[27.189682524711259,63.061740733489614,120.5224],[27.195864171381032,63.0570309074555,113.2544],[27.204989459322121,63.054970358565583,123.6161],[27.212642926627552,63.057619635709756,112.1058],[27.220296393932955,63.0664505595237,113.4045],[27.226183676475586,63.067922380159359,113.4323],[27.300657800639897,63.047611255387295,78.0],[27.285645230156206,63.042901429353179,78.0],[27.269160839036829,63.041723972844636,92.4592],[27.254736996807367,63.038780331573321,107.2298],[27.246200437120535,63.02700576648806,95.3964],[27.259741186968597,63.027594494742317,124.7832],[27.277991762850775,63.0255339458524,137.0036],[27.293887425715866,63.020235391564029,95.3508],[27.300657800639897,63.010227011241568,120.2457],[27.308016903818213,63.008166462351653,111.5108],[27.34363496320114,63.003751000444652,126.1688],[27.355703892413544,62.999924266791965,92.7152],[27.342163142565482,62.98608915281676,86.2694],[27.356881348922059,62.98608915281676,122.8334],[27.396914870211958,62.979318777892729,100.2793],[27.38955576703367,62.973137131222984,95.4185],[27.384257212745297,62.966366756298953,98.3247],[27.376603745439866,62.951354185815234,84.0],[27.394854321322043,62.949588001052433,106.4801],[27.401330332118931,62.941640169619888,97.3233],[27.396914870211958,62.929865604534626,103.7916],[27.383374120363897,62.917796675322222,128.7982],[27.393676864813528,62.915147398178021,106.9168],[27.3972092343391,62.908965751508276,110.4639],[27.3954430495763,62.90013482769433,126.3458],[27.390144495287927,62.8898320832447,148.2531],[27.453727146748378,62.891303903880356,81.8725],[27.4772762769189,62.884827893083468,89.3033],[27.503474684233623,62.866282953074176,157.84],[27.533794189328177,62.835963447979623,131.0371],[27.550867308701839,62.831253621945507,128.0524],[27.575593895380877,62.84155636639511,114.5249],[27.571178433473904,62.854508387988915,78.0],[27.568823520456846,62.865694224819919,78.0],[27.564702422677016,62.875408241015265,78.0],[27.554399678227412,62.883650436574953,78.0],[27.569706612838246,62.90013482769433,92.8967],[27.582952998559193,62.898663007058673,116.5293],[27.597082476661512,62.893070088643157,161.5686],[27.615921780797919,62.896896822295872,78.0],[27.614155596035147,62.901606648329988,78.0],[27.611800683018089,62.913086849288106,78.0],[27.609740134128174,62.917796675322222,78.0],[27.622397791594835,62.92015158833928,94.4285],[27.637704726205669,62.929276876280341,125.4542],[27.650068019545188,62.9316317892974,170.5355],[27.662431312884735,62.930159968661741,100.6667],[27.698049372267661,62.917796675322222,102.4165],[27.700993013538977,62.906316474364075,126.549],[27.699521192903319,62.892186996261756,78.0],[27.689218448453715,62.878940610540837,78.0],[27.671262236698681,62.869520958472634,78.0],[27.655660937960704,62.868637866091234,101.1063],[27.646830014146758,62.872758963871064,95.9811],[27.641531459858385,62.873936420379607,85.4081],[27.636527269697154,62.863339311802861,88.4754],[27.637410362078526,62.856274572751687,102.1541],[27.643297644621185,62.852153474971857,120.5602],[27.647124378273872,62.846560556556341,91.1661],[27.643297644621185,62.835374719725337,102.137],[27.683331165911085,62.828604344801334,89.8714],[27.698343736394804,62.81977342098736,96.1558],[27.690690269089373,62.823600154640076,84.3214],[27.673911513842853,62.827426888292791,87.4596],[27.660959492249077,62.828015616547049,84.0428],[27.648301834782416,62.826249431784277,81.0],[27.636527269697154,62.822128334004418,81.0],[27.622986519849093,62.815063594953273,98.1446],[27.608562677619631,62.804172122249383,100.3685],[27.603264123331257,62.791514464782722,103.3441],[27.615921780797919,62.780034263824604,101.3154],[27.62269215572195,62.795046834308323,81.0],[27.634172356680097,62.800639752723811,164.9459],[27.643886372875443,62.800345388596668,119.0854],[27.646830014146758,62.797696111452495,114.4282],[27.645652557638215,62.789453915892807,106.6189],[27.655660937960704,62.782389176841662,104.4816],[27.668907323681623,62.775324437790488,83.8746],[27.678032611622712,62.7670822422308,82.574],[27.680093160512627,62.756190769526938,84.5791],[27.678915704004112,62.742355655551734,104.0808],[27.672734057334338,62.730581090466472,78.0],[27.660665128121934,62.725576900305242,78.0],[27.64859619890953,62.728814905703672,93.8334],[27.630051258900238,62.743533112060277,98.0498],[27.615921780797919,62.745888025077335,103.7366],[27.628285074137466,62.729992362212215,105.0084],[27.632700536044439,62.721750166652527,105.0067],[27.636527269697154,62.712330514584323,105.7022],[27.630051258900238,62.706443232041693,91.9944],[27.62857943826458,62.702027770134691,82.3192],[27.627990710010323,62.697612308227718,88.1587],[27.623280883976207,62.692019389812231,78.0],[27.616510509052176,62.688781384413772,78.0],[27.599143025551427,62.684954650761057,78.0],[27.592372650627397,62.681422281235484,92.2383],[27.585307911576223,62.66847025964168,88.1835],[27.600614846187085,62.656990058683562,92.6877],[27.595610656025855,62.6434493088355,101.9916],[27.607090856983973,62.636678933911469,96.4659],[27.617982329687834,62.62755364597038,116.9136],[27.62269215572195,62.616073445012262,100.0795],[27.615921780797919,62.6025326951642,91.5204],[27.643297644621185,62.574568103086705,78.0],[27.631523079535896,62.581338478010707,78.0],[27.615627416670804,62.587520124680481,78.0],[27.599143025551427,62.589875037697539,104.2766],[27.574710802999505,62.581927206264993,95.0],[27.5599925966429,62.585165211663423,95.0],[27.534088553455319,62.595762320240169,113.5285],[27.553516585846012,62.601943966909943,148.8378],[27.562053145532843,62.6025326951642,131.7135],[27.548218031557639,62.60753688532543,108.5071],[27.535560374090977,62.610186162469631,104.0094],[27.524374537259973,62.614307260249461,104.1533],[27.51407179281037,62.623138184063407,118.3363],[27.507007053759196,62.605770700562658,114.4273],[27.5181928905902,62.595173591985912,104.5],[27.537032194726635,62.587225760553366,104.5],[27.551456036956097,62.578394836739392,111.6294],[27.560286960770043,62.5701526411797,119.9038],[27.572061525855304,62.564265358637073,122.4529],[27.584719183321965,62.561910445620015,134.3345],[27.60767958523823,62.568680820544046,95.0],[27.614744324289404,62.56573717927273,110.9666],[27.620631606832035,62.5598498967301,102.1791],[27.629756894773124,62.554256978314612,122.4787],[27.691867725597888,62.524231837347173,105.8588],[27.735727980540503,62.51481218527897,127.1956],[27.732489975142073,62.502743256066566,103.5457],[27.715711219895553,62.488908142091361,107.9477],[27.698049372267661,62.478311033514643,96.6021],[27.690690269089373,62.492440511616962,94.5048],[27.675088970351396,62.5086305386092,93.0],[27.656249666214961,62.521876924330115,103.2536],[27.616510509052176,62.533357125288262,93.0],[27.6017923026956,62.535123310051034,101.2942],[27.595610656025855,62.530707848144061,134.2369],[27.597965569042884,62.520405103694458,118.9108],[27.603852851585515,62.510102359244854,118.3436],[27.612683775399489,62.502743256066566,123.9503],[27.658015850977762,62.489791234472762,122.1191],[27.693339546233545,62.465947740175096,99.2104],[27.722481594819584,62.436805691589058,100.7362],[27.739554714193218,62.410607284274363,77.5],[27.73131251863353,62.418555115706909,87.5634],[27.723070323073841,62.420615664596824,87.0024],[27.714828127514181,62.421204392851081,77.5],[27.70540847544595,62.423853669995282,77.5],[27.678032611622712,62.437394419843343,77.5],[27.645063829383957,62.447991528420062,96.5],[27.636527269697154,62.451818262072777,96.5],[27.630639987154524,62.457411180488293,96.5],[27.62269215572195,62.47212938684487,96.5],[27.615921780797919,62.478311033514643,100.6651],[27.565585515058416,62.497739065905336,96.5],[27.554399678227412,62.505686897337881,96.5],[27.552044765210354,62.517167098296028,96.5],[27.553222221718869,62.547780967517696,96.5],[27.551456036956097,62.554256978314612,107.0688],[27.53673783059952,62.551018972916154,136.7866],[27.508773238521997,62.536889494813835,125.7991],[27.489639570258447,62.533651489415377,96.5],[27.460497521672409,62.515400913533227,96.5],[27.445190587061546,62.512162908134769,113.4877],[27.438420212137544,62.530707848144061,98.0],[27.437537119756144,62.544248597992123,98.0],[27.434299114357685,62.559555532602985,98.0],[27.429294924196455,62.574273738959562,98.0],[27.421347092763881,62.585165211663423,110.2728],[27.403096516881732,62.591346858333196,99.5438],[27.38867267465227,62.583693391027765,115.0995],[27.386023397508097,62.570741369433989,113.0197],[27.404273973390247,62.561027353238643,113.3868],[27.393676864813528,62.550135880534754,98.0],[27.375720653058494,62.5589668043487,98.0],[27.355703892413544,62.573979374832419,98.0],[27.338630773039881,62.582221570392107,114.1413],[27.333037854624394,62.575156831340962,114.2783],[27.34275187081974,62.559261168475842,115.2855],[27.358058805430574,62.542776777356465,109.8511],[27.370422098770121,62.533651489415377,99.0],[27.355703892413544,62.528941663381289,99.0],[27.341574414311197,62.528058570999889,99.0],[27.329211120971678,62.524820565601431,108.2598],[27.32185201779339,62.513046000516169,113.046],[27.338630773039881,62.505981261465024,99.0],[27.338336408912767,62.49803343003245,99.8496],[27.328916756844535,62.49302923987122,99.0],[27.318319648267817,62.496267245269678,99.0],[27.310371816835243,62.502743256066566,99.0],[27.214997839644582,62.556317527204527,99.0],[27.194686714872518,62.561027353238643,99.0],[27.143172992624471,62.609303070088231,99.0],[27.139934987226013,62.615190352630862,101.443],[27.13051533515781,62.627259281843266,109.8428],[27.120801318962464,62.632852200258753,109.4888],[27.116385857055491,62.619311450410692,129.1393],[27.117268949436891,62.608419977706831,124.4837],[27.119918226581063,62.600472146274285,114.7149],[27.125216780869437,62.593407407223111,108.5358],[27.164072845650821,62.554256978314612,122.4129],[27.173198133591882,62.547486603390581,126.8436],[27.192920530109717,62.536889494813835,114.682],[27.201751453923663,62.530707848144061,119.4805],[27.221473850441498,62.520110739567343,118.785],[27.24325679584922,62.51392909289757,114.4451],[27.262684828239912,62.504803804956481,109.6785],[27.274165029198059,62.485964500820046,99.0],[27.266805926019771,62.486553229074332,110.8459],[27.256503181570167,62.476839212878986,99.0],[27.254148268553109,62.465064647793696,104.3569],[27.270338295545343,62.459177365251065,102.8694],[27.294181789843009,62.455056267471235,109.1968],[27.305661990801156,62.455350631598378,115.5624],[27.340396957802682,62.471540658590612,99.0],[27.418109087365451,62.47212938684487,117.4754],[27.418109087365451,62.478311033514643,128.6236],[27.401035967991817,62.483315223675874,102.0924],[27.382785392109639,62.491557419235562,109.2504],[27.371599555278635,62.503626348447966,99.0],[27.376603745439866,62.520110739567343,99.0],[27.386023397508097,62.514223457024684,99.0],[27.418109087365451,62.505686897337881,115.7547],[27.439303304518916,62.494501060506877,124.3407],[27.441658217535974,62.492734875744077,132.3221],[27.460203157545266,62.490085598599904,98.0],[27.489933934385562,62.4771335770061,115.3807],[27.506712689632081,62.47212938684487,96.5],[27.506712689632081,62.464770283666581,96.5],[27.460203157545266,62.465947740175096,109.9757],[27.448428592460004,62.462121006522381,124.0933],[27.446368043570089,62.453290082708435,118.3538],[27.45725951627395,62.445342251275889,131.8187],[27.472566450884813,62.439749332860373,137.3204],[27.483163559461531,62.437394419843343,113.7063],[27.558226411880128,62.393239800773586,117.3955],[27.579714993160735,62.38852997473947,137.0726],[27.605619036348315,62.395005985536386,112.8559],[27.625047068739008,62.407663643003048,124.1411],[27.626518889374665,62.420615664596824,96.5],[27.61857105794212,62.42620858301234,96.5],[27.595021927771569,62.435922599207686,96.5],[27.585896639830509,62.437394419843343,96.5],[27.58000935728785,62.442692974131717,96.5],[27.577360080143677,62.453584446835578,96.5],[27.578831900779335,62.462709734776666,106.6385],[27.585896639830509,62.462121006522381,106.3708],[27.595905020152969,62.455939359852636,102.2538],[27.657427122723504,62.434450778572028,123.3275],[27.663903133520392,62.417672023325508,120.2512],[27.721892866565327,62.387058154103812,107.4927],[27.739554714193218,62.382937056323982,91.491],[27.761632023728112,62.3849976052139,95.6353],[27.771640404050572,62.3944172572821,83.2276],[27.770757311669172,62.410607284274363,77.5],[27.760160203092454,62.43121277317357,89.1051],[27.736316708794789,62.464770283666581,85.0],[27.743675811973077,62.470657566209212,85.0],[27.773700952940487,62.47212938684487,123.6405],[27.77399531706763,62.463298463030924,122.2687],[27.784298061517234,62.457705544615408,91.5942],[27.79077407231415,62.452406990327034,97.6803],[27.780471327864518,62.444753523021632,95.0593],[27.787241702788549,62.440043696987516,120.6124],[27.816972479628845,62.410901648401477,104.3125],[27.818738664391645,62.403836909350332,94.4734],[27.830218865349792,62.400304539824731,96.1424],[27.86171582695286,62.382937056323982,97.3535],[27.869958022512549,62.376755409654209,83.0409],[27.857300365045887,62.368218849967377,88.0243],[27.823448490425761,62.361742839170489,107.1668],[27.815206294866073,62.355561192500716,84.1652],[27.817855572010245,62.345258448051112,101.0836],[27.828452680586992,62.3414317143984,96.598],[27.852884903138914,62.341726078525539,79.3333],[27.903221168878446,62.34849645344957,78.0],[27.925887206667568,62.343786627415454,109.7117],[27.938250500007115,62.321414953753447,78.0],[27.821976669790104,62.328185328677478,90.5338],[27.821976669790104,62.321414953753447,96.4753],[27.84169906630791,62.3152333070837,92.8201],[27.864953832351318,62.30080946485424,83.1291],[27.885853685377668,62.282853253099205,89.6969],[27.897039522208672,62.266663226106971,75.8758],[27.891446603793156,62.263425220708513,89.897],[27.888797326648984,62.25989285118294,100.7661],[27.886736777759069,62.256360481657367,85.6588],[27.88349877236061,62.252533748004652,83.2007],[27.892329696174556,62.251945019750394,87.6534],[27.917645011107879,62.245763373080621,77.3691],[27.914701369836564,62.21897623751164,87.5278],[27.933540673973,62.199548205120948,108.9535],[27.986526216856703,62.170700520662052,72.5],[27.986526216856703,62.163635781610878,75.3072],[27.922943565396253,62.168639971772109,80.0823],[27.892035332047442,62.165696330500793,72.5],[27.863187647588518,62.157454134941105,75.6444],[27.884381864742011,62.143324656838786,82.6362],[27.911463364438134,62.132433184134925,72.5],[27.94031104889703,62.125368445083751,90.1433],[27.96621509208461,62.122719167939579,72.5],[27.998300781941964,62.115065700634148,85.6877],[28.034801933706291,62.099758766023314,72.5],[28.071008721343475,62.089161657446567,72.5],[28.103388775327971,62.094754575862083,82.9312],[28.096324036276798,62.097992581260513,77.185],[28.083077650555879,62.105940412693059,77.8448],[28.076012911504733,62.109178418091517,74.8758],[28.101328226438056,62.111533331108575,72.5],[28.153136312813217,62.090339113955082,72.5],[28.177862899492283,62.094754575862083,78.8596],[28.170798160441137,62.102408043167486,79.4022],[28.19935148077289,62.097992581260513,72.5],[28.257635577944967,62.082096918395393,75.0],[28.287660718912406,62.081213826014022,98.5824],[28.212303502366694,62.102408043167486,79.7129],[28.239385002062789,62.110061510472917,81.1488],[28.2747086973186,62.1088840539644,72.5],[28.308560571938756,62.100347494277571,72.5],[28.358896837678259,62.069733625055875,94.0319],[28.424834402155767,62.06678998378456,95.7495],[28.45250463010612,62.053837962190755,72.5],[28.445145526927831,62.04765631552101,77.6952],[28.486945232980531,62.034115565672948,76.1876],[28.473993211386755,62.033526837418691,75.4985],[28.451032809470462,62.034998658054349,72.5],[28.440435700893744,62.034115565672948,82.4401],[28.404817641510789,62.053837962190755,95.9902],[28.3574250170426,62.0670843479117,86.5249],[28.30885493606587,62.075032179344248,100.7712],[28.363606663712375,62.044712674249695,75.9119],[28.395103625315443,62.03176065265589,79.0294],[28.453682086614663,62.021163544079144,95.8478],[28.519619651092142,61.997908778035736,86.8683],[28.585262851442508,61.987900397713275,72.5],[28.693000121972716,61.94139086562646,105.9331],[28.705069051185092,61.938741588482287,114.6918],[28.741864567076561,61.938447224355144,94.8833],[28.746868757237792,61.937858496100887,103.6686],[28.753050403907565,61.934914854829572,96.027],[28.767179882009884,61.926672659269883,72.5],[28.774244621061058,61.924023382125711,72.5],[28.603513427324685,61.924023382125711,96.0549],[28.630006198766523,61.904889713862133,116.2076],[28.66326934513242,61.896647518302444,74.9643],[28.831645625851735,61.88134058369161,72.5],[28.842242734428453,61.87545330114898,72.5],[28.849896201733884,61.862206915428061,72.5],[28.830173805216049,61.855730904631145,117.62],[28.821931609656389,61.855730904631145,126.604],[28.821931609656389,61.848371801452856,151.4227],[28.859315853802087,61.844250703673026,72.5],[28.864614408090461,61.826294491917992,72.5],[28.849307473479627,61.811576285561415,72.5],[28.825463979181961,61.8180522963583,72.5],[28.809273952189727,61.826000127790849,72.5],[28.795733202341665,61.822173394138133,72.5],[28.782192452493604,61.813342470324187,72.5],[28.766885517882741,61.807455187781557,72.5],[28.753050403907565,61.808927008417214,72.5],[28.716254888016095,61.81864102461256,72.5],[28.699181768642461,61.820995937629618,72.5],[28.692117029591316,61.81775793223116,72.5],[28.685052290540142,61.812165013815672,123.6687],[28.675338274344796,61.810104464925757,90.8757],[28.649139867030073,61.823939578900934,72.5],[28.5628911777805,61.841601426528825,72.5],[28.532571672685947,61.853964719868372,91.6528],[28.502252167591394,61.861912551300918,95.1768],[28.473110119005355,61.855730904631145,82.7162],[28.486062140599131,61.847488709071456,77.4008],[28.501369075209993,61.842484518910226,101.6237],[28.51785346632937,61.841012698274568,72.5],[28.534632221575862,61.841601426528825,72.5],[28.527273118397574,61.825117035409448,72.5],[28.513438004422397,61.8154030192141,108.4091],[28.4792917656751,61.800684812857526,81.4197],[28.516381645693713,61.783611693483891,83.7459],[28.533160400940204,61.768893487127315,72.5],[28.527861846651831,61.752114731880795,72.5],[28.508139450134024,61.750348547118023,72.5],[28.483118499327816,61.763006204584684,87.7968],[28.445145526927831,61.793031345552095,90.8189],[28.441024429148,61.7641836610932,72.5],[28.445145526927831,61.752997824262195,88.9398],[28.458980640903036,61.74593308521105,90.0365],[28.444262434546431,61.737102161397104,72.5],[28.434842782478228,61.743872536321106,83.6766],[28.427189315172797,61.756824557914911,93.2379],[28.418652755485994,61.766538574110257,72.5],[28.403934549129417,61.771542764271487,104.4936],[28.3565419246612,61.780079323958319,123.8925],[28.369493946255005,61.768599123000172,86.6024],[28.38745015801004,61.7641836610932,86.5265],[28.402168364366617,61.757118922042054,85.2029],[28.404817641510789,61.738573982032761,86.1928],[28.388921978645698,61.744461264575392,72.5],[28.30885493606587,61.74593308521105,83.9224],[28.312681669718586,61.754469644897853,95.2821],[28.317685859879816,61.758885106804826,129.7764],[28.32475059893099,61.760062563313369,101.8283],[28.335347707507736,61.759768199186226,72.5],[28.335347707507736,61.766538574110257,92.5719],[28.30797184368447,61.765361117601742,97.7253],[28.2738256049372,61.756824557914911,72.5],[28.242917371588391,61.742989443939734,83.3088],[28.225549888087613,61.725621960438957,83.7943],[28.2337920836473,61.728859965837415,98.1152],[28.242328643334105,61.731214878854445,93.4976],[28.250865203020936,61.732392335362988,72.5],[28.260873583343425,61.732392335362988,102.9903],[28.256163757309309,61.721206498531984,72.5],[28.256458121436452,61.710315025828123,72.5],[28.260873583343425,61.690886993437431,72.5],[28.262639768106197,61.661450580724249,72.5],[28.260873583343425,61.6499703797661,72.5],[28.258224306199224,61.64555491785913,72.5],[28.249687746512421,61.639373271189385,82.2668],[28.246449741113963,61.636135265790926,72.5],[28.245861012859706,61.631425439756811,72.5],[28.247627197622478,61.620239602925807,72.5],[28.246449741113963,61.615529776891719,72.5],[28.239385002062789,61.607287581332031,81.4271],[28.22113442618064,61.591686282594054,94.8021],[28.212303502366694,61.582266630525822,84.4868],[28.21936824141784,61.581089174017308,101.6826],[28.228199165231786,61.576673712110335,94.509],[28.233497719520159,61.57461316322042,72.5],[28.214069687129467,61.556656951465385,72.5],[28.197879660137232,61.530752908277805,102.8595],[28.180217812509341,61.516623430175457,72.5],[28.157257410593076,61.53369654954912,72.5],[28.154019405194617,61.545765478761496,72.5],[28.156374318211675,61.555773859083985,72.5],[28.156079954084532,61.563427326389416,72.5],[28.144305388999271,61.567842788296389,72.5],[28.144599753126414,61.564016054643673,72.5],[28.135474465185325,61.557540043846785,72.5],[28.124582992481464,61.551947125431269,72.5],[28.120167530574463,61.550475304795611,95.8675],[28.120167530574463,61.546059842888639,96.7953],[28.123111171845807,61.538995103837465,81.6547],[28.127232269625637,61.531636000659176,72.5],[28.130470275024095,61.526926174625089,72.5],[28.102505682946571,61.528397995260747,72.5],[28.096324036276798,61.526926174625089,83.3518],[28.09249730262411,61.519861435573915,114.1981],[28.09161421024271,61.503965772708796,106.1067],[28.089553661352795,61.498961582547565,101.5449],[28.074541090869076,61.490425022860762,96.4093],[28.062766525783815,61.489247566352219,91.2529],[28.050403232444268,61.489541930479362,72.5],[28.034507569579148,61.4854208326995,72.5],[28.031858292434976,61.523393805099488,88.9556],[28.015962629569856,61.544882386380124,95.2347],[27.96621509208461,61.57461316322042,72.5],[27.957384168270664,61.580206081635907,72.5],[27.950319429219491,61.586093364178538,72.5],[27.943843418422603,61.593158103229712,72.5],[27.938250500007115,61.6014002987894,87.1726],[27.945609603185403,61.608759401967689,106.8758],[27.932068853337341,61.622594515942865,86.1508],[27.92441538603191,61.619062146417292,107.2869],[27.91852810348928,61.617295961654492,110.9882],[27.904104261259818,61.615529776891719,108.4609],[27.912935185073792,61.622594515942865,87.253],[27.945609603185403,61.6423169124607,125.7964],[27.944137782549745,61.653502749291704,72.5],[27.933540673973,61.659978760088592,72.5],[27.91852810348928,61.664688586122708,72.5],[27.904104261259818,61.670870232792453,72.5],[27.913229549200906,61.672047689300996,86.477],[27.917645011107879,61.672047689300996,98.4573],[27.925004114286168,61.670870232792453,93.2727],[27.913523913328049,61.681761705496342,80.9082],[27.879083310453638,61.705310835666864,72.5],[27.863187647588518,61.711198118209495,72.5],[27.856122908537372,61.70825447693818,81.1938],[27.849352533613342,61.701189737887034,76.2023],[27.84169906630791,61.696774275980061,72.5],[27.831985050112564,61.701484102014149,72.5],[27.807847191687785,61.725621960438957,98.9965],[27.823448490425761,61.732097971235845,103.612],[27.825803403442819,61.745344356956764,126.4145],[27.817266843755988,61.759179470931969,72.5],[27.801371180890868,61.766538574110257,72.5],[27.787241702788549,61.753292188389338,72.5],[27.758688382456796,61.742400715685449,99.9204],[27.728368877362215,61.737396525524218,92.9422],[27.708940844971522,61.742400715685449,91.462],[27.706585931954493,61.749465454736622,91.7961],[27.714828127514181,61.763594932838942,99.0755],[27.71217885036998,61.773308949034288,90.2746],[27.702464834174634,61.779196231576918,81.0],[27.657427122723504,61.786849698882349,81.0],[27.678032611622712,61.800684812857526,93.7653],[27.615921780797919,61.814814290959845,93.1544],[27.62180906334055,61.801273541111783,90.7777],[27.61857105794212,61.789793340153665,85.2891],[27.608857041746774,61.780373688085433,81.0],[27.595610656025855,61.773308949034288,92.3456],[27.611800683018089,61.761828748076141,102.0784],[27.64947929129093,61.767127302364514,101.0974],[27.671262236698681,61.759768199186226,99.824],[27.698932464649062,61.736513433142818,98.931],[27.715711219895553,61.726210688693214,87.9885],[27.739554714193218,61.717968493133526,72.5],[27.735727980540503,61.703544650904092,111.4215],[27.75397855642268,61.700306645505634,160.1316],[27.780471327864518,61.700895373759892,87.725],[27.801371180890868,61.697657368361433,96.4524],[27.796955718983895,61.690003901056031,72.5],[27.78900788755135,61.681172977242085,72.5],[27.780176963737404,61.673813874063768,83.0172],[27.770462947542057,61.670870232792453,72.5],[27.767519306270742,61.66645477088548,72.5],[27.766930578016485,61.656740754690134,72.5],[27.763398208490884,61.646732374367673,72.5],[27.75309546404128,61.6423169124607,72.5],[27.691573361470773,61.6499703797661,72.5],[27.680093160512627,61.647615466749073,72.5],[27.654189117325046,61.638490178807984,93.4036],[27.643297644621185,61.636135265790926,100.327],[27.614449960162261,61.638784542935127,72.5],[27.601203574441342,61.638195814680842,98.3658],[27.595610656025855,61.632308532138211,84.9555],[27.600026117932828,61.624360700705665,118.5546],[27.610917590636689,61.619356510544435,102.4379],[27.623280883976207,61.61641286927312,132.5348],[27.632994900171553,61.615529776891719,123.6971],[27.732784339269188,61.622594515942865,77.2489],[27.717477404658354,61.612880499747519,72.5],[27.663903133520392,61.589037005449853,72.5],[27.602675395077,61.580206081635907,102.0634],[27.585896639830509,61.571375157821961,71.5],[27.570000976965389,61.565782239406445,71.5],[27.544391297904923,61.564604782897931,71.5],[27.517898526463085,61.566665331787846,71.5],[27.499942314708051,61.571375157821961,71.5],[27.487579021368532,61.584327179415766,71.5],[27.490522662639847,61.599928478153743,96.1763],[27.501708499470851,61.615529776891719,79.5427],[27.51407179281037,61.628776162612638,102.7046],[27.498764858199536,61.627893070231238,84.2917],[27.486990293114246,61.632602896265354,85.4043],[27.465796075960782,61.6499703797661,96.9046],[27.463146798816581,61.632897260392468,84.1996],[27.469328445486354,61.615529776891719,82.7753],[27.476393184537528,61.601105934662257,91.8292],[27.476393184537528,61.591980646721169,90.9165],[27.474332635647585,61.58373845116148,127.2222],[27.477865005173186,61.573435706711876,89.0865],[27.478748097554558,61.564899147025073,100.3648],[27.469034081359212,61.561072413372358,102.9354],[27.424879462289482,61.554302038448327,93.844],[27.444601858807289,61.548709120032811,90.9693],[27.499942314708051,61.546942935270039,83.7525],[27.486401564859989,61.53369654954912,87.568],[27.503474684233623,61.52192198446383,102.0589],[27.51407179281037,61.518389614938258,84.9465],[27.527906906785546,61.5195670714468,84.5749],[27.527906906785546,61.513385424777027,89.0983],[27.465796075960782,61.513385424777027,87.6755],[27.432827293722028,61.509264326997169,72.0],[27.416342902602651,61.509264326997169,72.0],[27.323029474301904,61.532224728913462,103.9635],[27.294476153970152,61.53369654954912,88.0131],[27.303601441911212,61.543704929871581,101.8848],[27.3136098222337,61.551947125431269,77.8397],[27.322146381920533,61.556068223211128,83.6986],[27.328622392717421,61.554302038448327,80.3002],[27.333626582878651,61.561072413372358,90.2767],[27.336570224149966,61.564604782897931,80.5057],[27.342163142565482,61.567842788296389,88.3036],[27.334804039387194,61.57461316322042,83.5474],[27.351288430506543,61.587859548941339,82.7867],[27.366889729244548,61.5978679292638,98.4769],[27.378664294329809,61.608170673713431,78.4727],[27.383374120363897,61.622594515942865,79.3506],[27.369244642261577,61.634663445155269,75.6819],[27.355998256540659,61.632897260392468,76.1128],[27.346284240345312,61.621711423561464,88.0415],[27.342163142565482,61.605227032442116,76.2774],[27.337453316531366,61.599045385772342,85.3264],[27.32685620795462,61.605227032442116,91.1716],[27.308016903818213,61.622594515942865,76.7204],[27.355703892413544,61.663511129614164,114.5345],[27.353937707650744,61.670870232792453,122.5729],[27.352465887015086,61.673225145809511,101.6845],[27.3527602511422,61.675874422953711,113.692],[27.355703892413544,61.683233526132,96.1606],[27.326561843827506,61.687060259784715,75.4995],[27.293298697461609,61.675580058826569,75.5513],[27.273870665070916,61.659390031834334,89.8173],[27.286822686664721,61.6499703797661,75.4492],[27.28181849650349,61.633485988646754,82.3713],[27.285350866029063,61.622888880070008,93.4609],[27.284467773647663,61.611997407366118,75.5186],[27.266511561892628,61.595218652119627,94.3171],[27.281524132376347,61.579322989254507,91.4407],[27.28093540412209,61.56283859813513,87.8752],[27.275636849833717,61.547826027651439,85.5562],[27.277403034596517,61.53693455494755,125.0609],[27.290355056190293,61.526926174625089,90.2575],[27.307428175563928,61.5169177943026,94.7452],[27.326561843827506,61.508969962870054,88.8894],[27.370716462897235,61.503377044454538,78.8231],[27.438420212137544,61.4854208326995,99.0177],[27.468445353104954,61.485715196826646,80.4988],[27.481397374698759,61.480416642538273,98.3853],[27.486401564859989,61.464815343800296,103.2493],[27.469622809613497,61.470702626342927,103.9592],[27.453432782621235,61.468936441580126,80.4689],[27.4363596632476,61.465404072054554,72.5],[27.418109087365451,61.464815343800296,72.5],[27.388083946398012,61.475706816504157,72.5],[27.376015017185608,61.474823724122786,76.7158],[27.383374120363897,61.458044968876266,96.1623],[27.332449126370136,61.475706816504157,82.232],[27.312432365725186,61.488364473970819,93.045],[27.294476153970152,61.505731957471596,84.4923],[27.291826876825951,61.500727767310366,99.1642],[27.283584681266262,61.490719386987877,72.5],[27.28093540412209,61.4854208326995,93.9182],[27.262979192367055,61.499844674928966,72.5],[27.248260986010479,61.495723577149136,77.7949],[27.218824573297297,61.464815343800296,112.2652],[27.2317765948911,61.460694246020466,102.6172],[27.245611708866278,61.458339333003408,84.5559],[27.259741186968597,61.457161876494865,79.7057],[27.274165029198059,61.458044968876266,80.4021],[27.270632659672486,61.45421823522355,90.2198],[27.266511561892628,61.444209854901089,82.4083],[27.289766327936036,61.437733844104173,88.7531],[27.302423985402697,61.436262023468515,112.7429],[27.315081642869359,61.4368507517228,100.4375],[27.310666180962386,61.447153496172405,102.8694],[27.308016903818213,61.451274593952235,93.3811],[27.322146381920533,61.455395691732093,97.8187],[27.339513865421281,61.45510132760495,92.5066],[27.355115164159258,61.44921404506232,102.6092],[27.362768631464689,61.4368507517228,90.0901],[27.353348979396486,61.435673295214258,107.9172],[27.344223691455397,61.433024018070086,91.4879],[27.335981495895709,61.428902920290227,94.666],[27.328622392717421,61.423898730129,109.4902],[27.332743490497251,61.422426909493339,83.0045],[27.342163142565482,61.416245262823566,87.8484],[27.283879045393405,61.403587605356904,84.189],[27.258269366332939,61.394756681542958,89.2182],[27.246200437120535,61.3829821164577,103.3053],[27.255325725061624,61.378861018677839,93.4375],[27.265334105384113,61.376211741533666,96.7877],[27.27593121396086,61.374739920898008,81.0366],[27.286822686664721,61.375623013279409,105.7928],[27.266511561892628,61.361787899304204,121.1374],[27.2735763009438,61.357666801524374,127.0405],[27.276225578087974,61.356194980888716,104.4262],[27.28093540412209,61.355017524380173,81.4341],[27.266511561892628,61.341182410405,102.5501],[27.270632659672486,61.340004953896482,94.2478],[27.28093540412209,61.334412035480966,83.5408],[27.271515752053887,61.327936024684078,100.7886],[27.26180173585854,61.32381492690422,84.2632],[27.251204627281794,61.321460013887162,119.859],[27.23913569806939,61.320871285632904,108.6193],[27.259446822841483,61.313217818327473,97.9453],[27.279757947613547,61.314984003090274,84.0245],[27.300657800639897,61.31969382912439,93.6455],[27.32185201779339,61.320871285632904,85.0207],[27.32185201779339,61.328230388811193,84.5414],[27.315670371123616,61.335000763735223,88.4835],[27.315081642869359,61.3420655027864,88.7652],[27.319497104776332,61.348835877710428,79.592],[27.328622392717421,61.355017524380173,105.1482],[27.328916756844535,61.3506020624732,86.2965],[27.329799849225935,61.348835877710428,77.8032],[27.330094213353078,61.346775328820485,83.4196],[27.328622392717421,61.341182410405,102.6694],[27.340396957802682,61.337944405006539,94.7581],[27.364240452100347,61.336766948498024,92.1347],[27.376603745439866,61.334412035480966,115.3866],[27.385729033380954,61.330290937701136,125.8247],[27.41045562006002,61.314100910708873,84.5108],[27.4790424616817,61.288196867521293,77.3459],[27.49317193978402,61.273184297037574,77.2326],[27.464029891197981,61.279071579580204,103.3823],[27.426645647052254,61.280837764343005,77.1716],[27.395148685449186,61.271712476401916,83.8356],[27.383374120363897,61.245808433214336,89.4796],[27.420169636255366,61.263470280842228,91.4847],[27.431649837213513,61.265530829732143,77.1124],[27.442246945790231,61.260821003698055,85.1036],[27.447839864205747,61.250223895121309,88.5901],[27.455198967384035,61.240804243053105,83.4973],[27.472566450884813,61.239038058290305,98.4701],[27.469622809613497,61.244630976705821,81.6098],[27.465796075960782,61.2593491830624,99.7233],[27.478748097554558,61.255522449409682,76.6749],[27.485224108351474,61.247868982104251,76.4972],[27.485224108351474,61.23697750940039,76.8607],[27.4799255540631,61.224614216060843,90.1048],[27.51495488519177,61.225202944315129,87.0241],[27.663314405266135,61.197238352237605,94.9277],[27.679798796385512,61.201948178271721,78.6095],[27.691573361470773,61.2184325693911,99.5589],[27.694517002742089,61.236388781146132,102.5572],[27.6871578995638,61.245808433214336,91.6859],[27.657427122723504,61.2593491830624,113.1136],[27.845820164087769,61.239038058290305,84.9455],[27.856122908537372,61.241392971307363,96.1045],[27.862304555207146,61.247574617977136,90.1518],[27.868486201876891,61.254639357028282,97.028],[27.87672839743658,61.2593491830624,107.7309],[27.886442413631926,61.260526639570912,87.76],[27.907636630785419,61.25876045480814,111.4541],[27.917645011107879,61.2593491830624,106.4906],[27.926770299048968,61.262587188460827,84.6336],[27.945020874931146,61.271123748147659,89.7022],[27.955617983507864,61.273184297037574,86.4435],[27.963271450813295,61.272006840529059,107.3002],[27.973279831135784,61.266708286240686,118.8598],[27.983288211458245,61.265530829732143,121.7211],[28.022733004493887,61.277305394817432,116.4456],[28.040394852121807,61.275833574181775,117.0435],[28.054818694351241,61.237271873527504,97.3279],[28.071891813724875,61.229324042094959,100.8123],[28.092202938496968,61.225202944315129,92.9432],[28.109864786124859,61.2184325693911,90.77],[28.121344987083006,61.206069276051551,92.4529],[28.128998454388437,61.192528526203489,90.0734],[28.139006834710898,61.181931417626771,75.85],[28.15843486710159,61.1775159557198,92.5388],[28.239679366189932,61.1775159557198,91.0645],[28.238207545554275,61.168685031905824,77.1426],[28.242328643334105,61.162797749363193,90.0349],[28.250276474766679,61.158971015710506,72.5],[28.260873583343425,61.155733010312048,90.5965],[28.19935148077289,61.137188070302756,92.761],[28.170209432186851,61.1339500649043,88.2646],[28.144305388999271,61.142780988718243,72.5],[28.139301198838041,61.1477851788795,81.279],[28.13753501407524,61.15337809729499,92.7697],[28.13753501407524,61.166624483015909,112.3463],[28.134002644549668,61.16927376016011,108.9264],[28.109864786124859,61.1775159557198,113.4544],[28.088081840717138,61.188113064296516,88.0455],[28.076307275631848,61.190467977313574,75.3438],[28.038923031486149,61.193117254457775,72.5],[28.001833151467537,61.202242542398835,72.5],[27.983288211458245,61.204303091288779,89.8676],[27.96621509208461,61.202242542398835,107.9442],[27.936778679371457,61.193117254457775,72.5],[27.921471744760595,61.191056705567831,72.5],[27.909108451421076,61.1878187001694,95.6375],[27.895862065700157,61.179576504609713,72.5],[27.873196027911007,61.159559743964763,79.533],[27.861421462825746,61.156321738566305,98.4701],[27.824625946934276,61.160737200473278,80.9013],[27.807847191687785,61.155733010312048,96.5932],[27.814323202484672,61.15249500491359,106.8605],[27.821093577408703,61.150434456023675,98.6429],[27.828452680586992,61.149551363642274,108.9658],[27.83581178376528,61.149551363642274,84.7786],[27.85671163679163,61.146313358243816,100.3907],[27.867897473622634,61.140720439828328,92.5164],[27.887031141886183,61.118348766166321,78.6549],[27.900866255861388,61.11157839124229,92.659],[27.914995733963707,61.11334457600509,81.5621],[27.927947755557483,61.11334457600509,76.7714],[27.938250500007115,61.101275646792686,105.7883],[27.917056282853622,61.090089809961682,85.2947],[27.909108451421076,61.083319435037652,76.5],[27.904104261259818,61.073899782969448,76.5],[27.930302668574541,61.061830853757044,105.8097],[27.938839228261372,61.060064668994244,105.5287],[27.948258880329576,61.063008310265559,85.3759],[27.954440526999349,61.06977868518959,85.8833],[27.959739081287722,61.076843424240764,82.1685],[27.96621509208461,61.081258886147737,104.6676],[27.978578385424157,61.082436342656251,103.2366],[27.983582575585388,61.079787065512079,101.9923],[27.987409309238103,61.07566596773222,102.6954],[27.996828961306306,61.073899782969448,93.4565],[28.005659885120252,61.076843424240764,72.5],[28.002716243848937,61.083319435037652,72.5],[27.994768412416391,61.090384174088825,79.5511],[27.986526216856703,61.094210907741513,72.5],[28.000066966704765,61.1051023804454,90.5511],[28.026265374019459,61.103924923936859,109.9218],[28.054818694351241,61.096271456631456,72.5],[28.076012911504733,61.088029261071767,72.5],[28.066004531182244,61.089206717580282,91.4135],[28.055407422605498,61.088912353453168,72.5]],
[[28.5655404549247,61.245808433214336,88.329],[28.604102155578943,61.24198169956162,72.5],[28.617348541299862,61.245808433214336,72.5],[28.633538568292096,61.238743694163162,72.5],[28.6456074975045,61.2287353138407,72.5],[28.658853883225419,61.220493118281013,72.5],[28.678576279743254,61.2184325693911,72.5],[28.671805904819223,61.21107346621281,72.5],[28.660620067988219,61.217255112882555,72.5],[28.641780763851784,61.206658004305837,95.6209],[28.622352731461092,61.202536906525978,72.5],[28.6046908838332,61.207246732560094,106.4282],[28.586145943823908,61.221376210662413,101.2368],[28.581436117789792,61.223731123679471,95.1325],[28.568778460323131,61.23197331923916,110.2335],[28.55965317238207,61.241392971307363,87.7671],[28.5655404549247,61.245808433214336,88.329]],
[[27.951496885728034,61.484243376190989,72.5],[27.90263244062416,61.487775745716561,72.5],[27.88349877236061,61.4854208326995,93.6103],[27.892918424428814,61.480711006665416,82.8776],[27.897333886335815,61.477178637139815,89.1292],[27.89851134284433,61.472468811105728,87.4051],[27.897039522208672,61.464815343800296,110.0677],[27.919705559997823,61.45421823522355,72.5],[27.903809897132703,61.4368507517228,82.4563],[27.87260729965675,61.419777632349138,72.5],[27.849352533613342,61.410357980280935,72.5],[27.817561207883131,61.404176333611161,72.5],[27.71217885036998,61.402704512975504,72.5],[27.733667431650588,61.416833991077823,142.8064],[27.778705143101746,61.422721273620482,109.4343],[27.801371180890868,61.430669105053028,108.2701],[27.771934768177715,61.438322572358459,104.2303],[27.54085892837935,61.458044968876266,93.8273],[27.548218031557639,61.464815343800296,99.9978],[27.499942314708051,61.479239186029758,82.8441],[27.499942314708051,61.4854208326995,93.2481],[27.528495635039832,61.479827914284016,80.0669],[27.542330749015008,61.479533550156873,83.7955],[27.554399678227412,61.4854208326995,78.0695],[27.577360080143677,61.484537740318132,79.6415],[27.609740134128174,61.469819533961527,78.0787],[27.629756894773124,61.464815343800296,109.256],[27.651539840180845,61.468053349198755,91.7256],[27.673028421461481,61.4751180882499,92.5852],[27.692162089725031,61.477178637139815,85.1479],[27.70540847544595,61.464815343800296,117.5784],[27.698049372267661,61.458044968876266,103.4706],[27.717771768785497,61.45098022982512,98.0723],[27.741026534828876,61.449508409189463,100.9594],[27.787830431042835,61.451274593952235,101.3613],[27.771346039923458,61.459516789511923,73.5],[27.754861648804081,61.470702626342927,102.4567],[27.751329279278508,61.478944821902616,98.4819],[27.773700952940487,61.479239186029758,104.113],[27.758688382456796,61.488953202225105,72.0],[27.729546333870758,61.487481381589447,101.0685],[27.715711219895553,61.49513484889485,87.3107],[27.718360497039754,61.508675598742911,103.1658],[27.718066132912611,61.521038892082458,102.1163],[27.71217885036998,61.53369654954912,72.0],[27.739554714193218,61.543410565744466,107.2633],[27.74809127388005,61.543999293998723,96.7235],[27.766930578016485,61.536051462566149,121.5287],[27.777233322466088,61.53369654954912,113.2389],[27.806081006924984,61.534874006057635,129.3636],[27.815206294866073,61.53369654954912,129.0376],[27.821093577408703,61.529575451769261,110.442],[27.823448490425761,61.517506522556857,94.6193],[27.828452680586992,61.513385424777027,106.4809],[27.845525799960626,61.510736147632826,118.8005],[27.907636630785419,61.513385424777027,82.1917],[27.919705559997823,61.518095250811115,96.9827],[27.9326575815916,61.526043082243689,110.8078],[27.94619833143966,61.527514902879346,98.658],[27.959150353033465,61.513385424777027,72.5],[27.952379978109434,61.501316495564623,89.8378],[27.955323619380749,61.493074300004935,104.9211],[27.972985467008641,61.479239186029758,72.5],[27.951496885728034,61.484243376190989,72.5]],
[[27.669790416063023,61.286725046885635,72.5],[27.657427122723504,61.287313775139893,86.1705],[27.647124378273872,61.281426492597262,77.7262],[27.625930161120408,61.263175916715113,76.7264],[27.612978139526604,61.2593491830624,86.2351],[27.597082476661512,61.261409731952313,87.6578],[27.587957188720424,61.266413922113543,89.3935],[27.58000935728785,61.272889932910459,123.382],[27.568823520456846,61.279954671961605,106.4511],[27.552633493464612,61.28378140561432,108.5698],[27.517309798208828,61.288785595775551,110.6677],[27.458142608655351,61.320871285632904,128.0376],[27.440775125154573,61.335000763735223,114.7298],[27.45225532611272,61.348247149456142,84.5854],[27.466973532469297,61.347952785329028,77.4127],[27.524080173132859,61.334412035480966,99.0598],[27.58265863443205,61.328230388811193,98.2539],[27.55587149886307,61.347658421201885,103.0036],[27.520253439480143,61.355311888507316,106.6971],[27.448428592460004,61.355017524380173,90.6621],[27.411927440695678,61.358844258032889,100.8945],[27.300657800639897,61.38916376312747,125.15],[27.300657800639897,61.395934138051473,96.7779],[27.333332218751536,61.398877779322817,103.6302],[27.38867267465227,61.424487458383254,81.7143],[27.421347092763881,61.430669105053028,83.7873],[27.452844054366977,61.426253643146055,79.7199],[27.502297227725109,61.407119974882477,85.7184],[27.534088553455319,61.402704512975504,92.9773],[27.527906906785546,61.38916376312747,102.9454],[27.549689852193296,61.3915186761445,72.5],[27.616510509052176,61.38916376312747,88.5289],[27.636527269697154,61.3829821164577,96.6695],[27.638587818587069,61.368852638355378,90.4597],[27.641531459858385,61.364142812321262,99.4617],[27.650068019545188,61.361787899304204,93.8154],[27.650068019545188,61.355017524380173,81.6201],[27.645063829383957,61.3514851548546,79.5796],[27.6418258239855,61.348247149456142,72.5],[27.639765275095584,61.345009144057713,99.7504],[27.636527269697154,61.341182410405,94.6523],[27.645946921765358,61.34147677453214,108.1828],[27.654189117325046,61.340004953896482,83.5885],[27.671262236698681,61.334412035480966,72.5],[27.658015850977762,61.321460013887162,72.5],[27.682448073529685,61.304386894513527,72.5],[27.678032611622712,61.287313775139893,72.5],[27.718949225294011,61.273184297037574,72.5],[27.669790416063023,61.286725046885635,72.5]],
[[28.239973730317075,61.3941679532887,96.33],[28.21936824141784,61.410357980280935,86.502],[28.217013328400782,61.427725463781712,98.4481],[28.219662605544983,61.442149306011146,129.6608],[28.213480958875209,61.45098022982512,88.2632],[28.185222002670571,61.451274593952235,72.5],[28.206121855696921,61.457750604749123,88.6619],[28.294431093836437,61.444209854901089,124.2217],[28.342706810686025,61.445976039663861,134.3209],[28.362134843076717,61.451863322206492,107.9523],[28.376853049433294,61.464815343800296,97.1006],[28.372731951653435,61.474529359995643,107.7766],[28.3565419246612,61.498961582547565,104.2035],[28.365078484348032,61.494840484767735,96.3382],[28.373026315780578,61.492779935877792,105.7718],[28.39068816340847,61.491602479369277,92.1973],[28.388921978645698,61.5074981422344,134.3047],[28.410116195799162,61.51279669652277,90.0782],[28.438669516130943,61.511030511759969,83.6833],[28.458980640903036,61.505731957471596,78.0377],[28.461629918047208,61.494840484767735,82.5106],[28.469283385352639,61.489541930479362,72.5],[28.493715607904562,61.4854208326995,122.8112],[28.486945232980531,61.479239186029758,92.3381],[28.495481792667363,61.472763175232842,72.5],[28.500780346955736,61.470702626342927,96.9831],[28.504312716481309,61.470702626342927,97.4194],[28.507256357752624,61.472174446978585,72.5],[28.513732368549512,61.460988610147581,100.0796],[28.533454765067347,61.447447860299519,91.23],[28.541402596499893,61.4368507517228,81.7886],[28.528450574906088,61.433024018070086,72.5],[28.486945232980531,61.430669105053028,85.6476],[28.437786423749543,61.418305811713481,72.5],[28.421596396757309,61.416245262823566,72.5],[28.287660718912406,61.416245262823566,72.5],[28.290015631929435,61.399466507577074,72.5],[28.269115778903114,61.391224312017386,83.5295],[28.239973730317075,61.3941679532887,96.33]],
[[28.242623007461248,61.538995103837465,97.1674],[28.266466501758913,61.553418946066927,118.8081],[28.295314186217809,61.5596005927367,95.3209],[28.325339327185247,61.561072413372358,83.5076],[28.337996984651909,61.565193511152188,85.4487],[28.368316489746462,61.58373845116148,104.0018],[28.383917788484439,61.589037005449853,116.4059],[28.430427320571255,61.589625733704111,86.4454],[28.454565178996063,61.586976456559938,122.2872],[28.473110119005355,61.582266630525822,93.4263],[28.473110119005355,61.577556804491735,87.9101],[28.471932662496812,61.574024434966134,72.5],[28.466339744081324,61.567842788296389,80.031],[28.45927500503015,61.558423136228157,72.5],[28.446617347563489,61.547531663524296,85.2942],[28.43248786946117,61.540761288600265,101.4548],[28.421596396757309,61.543410565744466,72.5],[28.416003478341793,61.548120391778554,116.8875],[28.397752902459644,61.559011864482443,91.1929],[28.39068816340847,61.561072413372358,75.0],[28.383917788484439,61.5578344079739,75.0],[28.383623424357324,61.550475304795611,93.5659],[28.384212152611582,61.543410565744466,72.5],[28.380385418958866,61.539878196218865,72.5],[28.373026315780578,61.53693455494755,85.4267],[28.368316489746462,61.530164180023519,98.29],[28.365372848475147,61.523099440972373,82.2485],[28.363312299585232,61.5195670714468,72.5],[28.351243370372828,61.5195670714468,72.5],[28.339468805287567,61.524571261608031,128.0752],[28.331226609727878,61.530752908277805,102.8989],[28.329166060837963,61.53369654954912,93.3149],[28.318274588134102,61.526926174625089,72.5],[28.304439474158897,61.5160347019212,105.79],[28.290898724310836,61.512502332395627,113.205],[28.280890343988375,61.526926174625089,135.7861],[28.268527050648828,61.5195670714468,96.164],[28.255280664927909,61.514857245412685,102.8617],[28.24115118682559,61.51279669652277,102.1403],[28.225549888087613,61.513385424777027,90.2887],[28.242623007461248,61.538995103837465,97.1674]],
[[28.291193088437979,61.694124998835861,113.2041],[28.281184708115489,61.708548841065323,103.7649],[28.281479072242632,61.720617770277727,131.1674],[28.290015631929435,61.72915432996453,130.3484],[28.305028202413155,61.732392335362988,97.3927],[28.346827908465855,61.73092051472733,107.9365],[28.369493946255005,61.726505052820357,117.7669],[28.383917788484439,61.717968493133526,97.668],[28.383623424357324,61.71002066170098,104.0539],[28.376853049433294,61.677051879462226,101.2862],[28.376853049433294,61.670870232792453,78.0],[28.385389609120097,61.661450580724249,88.1009],[28.3983416307139,61.656740754690134,76.0],[28.414531657706135,61.657329482944419,111.5071],[28.43160477707977,61.663511129614164,124.7631],[28.42836677168134,61.671458961046739,76.0],[28.427778043427082,61.673813874063768,110.8536],[28.42924986406274,61.676168787080826,112.7233],[28.43160477707977,61.683233526132,95.958],[28.426306222791425,61.68823771629323,104.0728],[28.421302032630166,61.692358814073089,76.0],[28.414237293579021,61.695302455344404,86.4189],[28.404817641510789,61.697657368361433,127.8282],[28.404817641510789,61.70501647153975,108.5355],[28.451915901851862,61.720029042023441,121.0114],[28.475465032022413,61.722972683294785,109.8358],[28.500485982828593,61.717968493133526,72.5],[28.507256357752624,61.711198118209495,91.0545],[28.49430433615882,61.705899563921122,95.4009],[28.466045379954181,61.702072830268435,72.5],[28.45250463010612,61.697657368361433,114.0559],[28.467222836462724,61.68735462391183,98.1951],[28.506078901244081,61.676463151207969,72.5],[28.514321096803769,61.667043499139766,110.3399],[28.51697037394797,61.654974569927361,84.86],[28.5246238412534,61.643494368969215,94.6435],[28.541402596499893,61.622594515942865,72.5],[28.360074294186774,61.607876309586288,72.5],[28.342118082431767,61.617001597527377,114.1816],[28.329166060837963,61.6423169124607,72.5],[28.322395685913932,61.631425439756811,94.6932],[28.310915484955785,61.623183244197122,72.5],[28.280890343988375,61.608759401967689,72.5],[28.294725457963551,61.629659254994039,98.7532],[28.301201468760439,61.636135265790926,98.5216],[28.293253637327894,61.636723994045184,89.8819],[28.280890343988375,61.640845091825042,96.0344],[28.2738256049372,61.6423169124607,87.9832],[28.287366354785263,61.669398412156795,98.0289],[28.292664909073636,61.684410982640514,117.453],[28.291193088437979,61.694124998835861,113.2041]],
[[28.858138397293573,61.903712257353618,72.5],[28.825463979181961,61.909893904023392,93.282],[28.821342881402103,61.911954452913307,72.5],[28.822225973783503,61.916958643074537,104.69],[28.827230163944733,61.921962833235767,108.6097],[28.835766723631565,61.924023382125711,116.3208],[28.845480739826911,61.925200838634225,91.826],[28.865497500471861,61.929910664668341,87.3242],[28.876683337302865,61.9304993929226,88.1183],[28.876683337302865,61.937858496100887,85.1904],[28.828113256326134,61.967589272941183,81.6759],[28.766296789628484,61.978480745645072,72.5],[28.744219480093619,61.986134212950475,79.9776],[28.6882902959386,62.022929728841945,72.5],[28.678576279743254,62.034115565672948,91.676],[28.678576279743254,62.0550154186993,91.213],[28.693588850226973,62.060608337114786,72.5],[28.706540871820749,62.061197065369072,72.5],[28.699181768642461,62.068261804420217,85.665],[28.699181768642461,62.075032179344248,95.0513],[28.877566429684265,62.091222206336482,119.7184],[28.932023793203626,62.102408043167486,100.6212],[28.9764727764005,62.121541711431064,116.7423],[29.003554276096622,62.128900814609352,110.8089],[29.027692134521402,62.126251537465151,81.7418],[29.042704705005121,62.122424803812436,101.7619],[29.090097329473338,62.122719167939579,108.6109],[29.102460622812856,62.117714977778348,133.8765],[29.113057731389603,62.111238966981432,116.4569],[29.123949204093464,62.109178418091517,78.5],[29.138078682195783,62.116537521269805,150.5161],[29.1419054158485,62.1368486460419,137.1005],[29.183116393646941,62.141264107948871,89.5782],[29.2263879203353,62.134199368897725,73.5],[29.237279393039159,62.119775526668263,73.5],[29.235218844149244,62.1071178692016,73.5],[29.247287773361649,62.080036369505478,80.94],[29.241106126691875,62.075032179344248,90.0392],[29.173696741578709,62.08356873903108,87.5952],[29.158389806967875,62.081213826014022,78.5],[29.226682284462413,62.040297212342722,83.3144],[29.207842980326006,62.023812821223345,83.5],[29.199895148893432,62.019691723443486,88.1314],[29.208431708580264,62.0123326202652,93.2636],[29.219617545411268,62.008505886612483,94.5123],[29.247287773361649,62.00673970184971,88.4196],[29.262594707972482,62.002912968196995,83.5],[29.280256555600374,61.987606033586133,102.6096],[29.294974761956979,61.98495675644196,72.5],[29.292325484812778,61.996436957400078,91.0815],[29.292031120685664,62.017925538680714,98.1086],[29.288204387032948,62.026462098367517,94.7263],[29.280550919727517,62.032055016783033,101.872],[29.247876501615906,62.04765631552101,86.8086],[29.267010169879455,62.055604146953556,86.5451],[29.277607278456202,62.07179417394579,101.5078],[29.28496638163449,62.094754575862083,101.9113],[29.299390223863952,62.102702407294629,108.3235],[29.292619848939921,62.120069890795406,83.1984],[29.268187626388,62.150095031762817,73.5],[29.28084528385466,62.143030292711671,90.024],[29.294091669575579,62.1377317384233,73.5],[29.322350625780217,62.12948954286361,80.4335],[29.334125190865478,62.128606450482209,85.4833],[29.345311027696482,62.128900814609352,73.5],[29.355613772146086,62.127723358100809,73.5],[29.363855967705774,62.122719167939579,73.5],[29.369743250248405,62.105646048565944,73.5],[29.378868538189494,62.090633478082225,73.5],[29.4012402118515,62.064729434894645,86.4791],[29.449515928701089,62.042063397105494,94.8069],[29.464234135057666,62.028522647257432,75.5],[29.438918820124343,62.019691723443486,72.5],[29.446572287429774,62.00997770724814,72.5],[29.454225754735205,61.987900397713275,72.5],[29.459524309023578,61.978775109772187,72.5],[29.470710145854582,61.967294908814068,90.2395],[29.482779075066986,61.958463985000094,100.249],[29.51398167254294,61.94404014277066,72.5],[29.51398167254294,61.937858496100887,72.5],[29.43214844520034,61.94404014277066,72.5],[29.43214844520034,61.951399245948949,95.1508],[29.429793532183282,61.959641441508637,95.3333],[29.412131684555362,61.967589272941183,72.5],[29.370037614375548,61.978775109772187,91.2215],[29.350020853730598,61.977597653263672,72.5],[29.33088718546702,61.969355457703983,83.9467],[29.324411174670132,61.956992164364436,83.3049],[29.343250478806567,61.94404014277066,72.5],[29.315580250856186,61.9304993929226,80.9828],[29.323822446415875,61.914898094184622,87.7521],[29.291736756558521,61.87545330114898,91.1027],[29.3091042400593,61.869566018606349,72.5],[29.30174513688101,61.862206915428061,82.605],[29.307338055296498,61.85867454590246,90.7085],[29.312636609584871,61.854847812249773,102.5086],[29.301156408626724,61.853964719868372,72.5],[29.293797305448436,61.8468999808172,72.5],[29.292914213067036,61.83541977985908,91.6068],[29.30174513688101,61.820995937629618,72.5],[29.277607278456202,61.810987557307129,72.5],[29.267893262260856,61.808338280162957,72.5],[29.254646876539937,61.807455187781557,72.5],[29.224621735572498,61.81187064968853,72.5],[29.209314800961664,61.812459377942787,83.4234],[29.192536045715144,61.807455187781557,83.5443],[29.20225006191049,61.800390448730411,80.2972],[29.228742833352356,61.788321519518007,72.5],[29.2340413876407,61.783611693483891,72.5],[29.229920289860871,61.7744864055428,72.5],[29.220206273665525,61.7668329382374,72.5],[29.207548616198864,61.761534383949027,93.0197],[29.190475496825229,61.758296378550568,85.3668],[29.179584024121368,61.752997824262195,113.6642],[29.172224920943052,61.752114731880795,99.2675],[29.166926366654707,61.754764009024996,99.2045],[29.163393997129106,61.7641836610932,72.5],[29.158389806967875,61.766538574110257,92.1118],[29.158389806967875,61.7668329382374,92.1118],[29.144849057119814,61.766538574110257,84.7486],[29.13366322028881,61.7633005687118,72.5],[29.126598481237664,61.762417476330427,72.5],[29.116884465042318,61.766538574110257,86.0816],[29.124243568220606,61.773308949034288,106.1753],[29.111585910753945,61.779490595704061,100.8074],[29.096573340270226,61.780962416339719,106.9434],[29.069197476446988,61.780079323958319,103.434],[29.037406150716748,61.785966606500949,99.436],[29.022687944360172,61.786260970628092,80.8011],[29.007675373876452,61.780079323958319,114.8348],[28.986481156722988,61.793031345552095,93.2366],[28.993840259901276,61.800684812857526,93.037],[28.98324315132453,61.806572095400156,126.2375],[28.9782389611633,61.814225562705587,90.0881],[28.975000955764841,61.822762122392419,122.7941],[28.969408037349353,61.831593046206365,101.7306],[28.960871477662522,61.838069057003253,93.0935],[28.940854717017572,61.8477830731986,72.5],[28.932023793203626,61.855730904631145,93.1259],[28.928785787805168,61.861029458919518,80.726],[28.926725238915253,61.867505469716434,92.6308],[28.92554778240671,61.876042029403237,87.6481],[28.924959054152453,61.886344773852841,119.9763],[28.92054359224548,61.894881333539672,84.177],[28.909946483668733,61.8981193389381,86.1308],[28.8964057338207,61.89959115957376,82.7285],[28.884042440481153,61.903123529099361,72.5],[28.897583190329215,61.916664278947422,79.0681],[28.889929723023783,61.914015001803222,80.4797],[28.875800244921464,61.905184077989276,72.5],[28.870501690633091,61.903123529099361,72.5],[28.858138397293573,61.903712257353618,72.5]],
[[27.815206294866073,62.478311033514643,109.6477],[27.804609186289326,62.477427941133243,78.0],[27.795189534221123,62.479488490023158,78.0],[27.787241702788549,62.484492680184388,97.7963],[27.780471327864518,62.492734875744077,127.0889],[27.764575664999427,62.517755826550285,95.5464],[27.729251969743615,62.533357125288262,97.1939],[27.688629720199458,62.546014782754924,80.0],[27.657427122723504,62.561027353238643,90.5509],[27.683331165911085,62.557200619585927,85.6863],[27.709529573225808,62.550135880534754,101.1815],[27.760160203092454,62.530707848144061,103.2945],[27.7689911269064,62.530413484016947,78.0],[27.780176963737404,62.531296576398347,109.6255],[27.78989097993275,62.528647299254146,118.766],[27.796661354856781,62.507453082100682,78.0],[27.802548637399411,62.498327794159593,78.0],[27.809613376450557,62.490674326854162,101.6354],[27.815206294866073,62.485964500820046,78.0],[27.815206294866073,62.478311033514643,109.6477]],
[[27.842582158689311,62.92515577850051,91.5396],[27.86171582695286,62.915147398178021,78.0],[27.88173258759781,62.909848843889648,98.3522],[27.904104261259818,62.917796675322222,92.0471],[27.888208598394726,62.922212137229195,78.0],[27.863482011715661,62.94340635438266,78.0],[27.849352533613342,62.951354185815234,78.0],[27.860538370444345,62.967544212807468,81.6134],[27.878788946326495,62.971370946460183,80.5],[27.898805706971473,62.967249848680325,106.6441],[27.917645011107879,62.958713288993522,80.5],[27.90027752760713,62.953120370578006,88.3285],[27.88349877236061,62.94517253914546,101.4035],[27.893212788555957,62.936635979458657,123.7156],[27.904104261259818,62.9342810664416,118.2467],[27.932068853337341,62.938402164221429,101.9604],[27.936189951117171,62.940757077238487,96.3064],[27.947081423821061,62.949293636925319,80.5],[27.951791249855148,62.951354185815234,104.9698],[27.96121090192338,62.950765457560976,100.5894],[27.982405119076844,62.9454669032726,98.3428],[27.993296591780734,62.94517253914546,96.8832],[27.993296591780734,62.951354185815234,88.2675],[27.986526216856703,62.951354185815234,89.7536],[27.995651504797792,62.968427305188868,89.2743],[28.013018988298541,62.980790598528387,116.2271],[28.033918841324891,62.985794788689645,91.0701],[28.055407422605498,62.979318777892729,156.33],[28.06571016705513,62.96607239217181,111.1371],[28.07483545499619,62.935164158823,108.3951],[28.089553661352795,62.924861414373368,90.0695],[28.07483545499619,62.918679767703622,90.9207],[28.043338493393122,62.916030490559422,125.163],[28.027442830528003,62.911026300398191,112.861],[28.038628667359006,62.900429191821445,85.3365],[28.051875053079925,62.896602458168729,85.5174],[28.082194558174479,62.896896822295872,85.7451],[28.07071435721636,62.893070088643157,116.1731],[28.059528520385356,62.893070088643157,116.4318],[28.04481031402878,62.8907151756261,109.192],[28.034507569579148,62.883650436574953,135.0739],[28.055701786732641,62.878057518159437,78.5],[28.105743688345029,62.886299713719126,99.3712],[28.130470275024095,62.876880061650922,78.5],[28.110453514379145,62.869815322599749,78.5],[28.067770715945045,62.869520958472634,112.0457],[28.04804831942721,62.863339311802861,102.9096],[28.063355254038072,62.856863301005973,120.4125],[28.080722737538821,62.854802752116029,80.5],[28.116929525176033,62.85568584449743,81.0],[28.116929525176033,62.8489154695734,93.7466],[28.098678949293856,62.843911279412168,88.9282],[28.059528520385356,62.84155636639511,80.5],[28.041866672757465,62.835374719725337,118.9962],[28.0589397921311,62.830076165436992,94.0428],[28.123699900100064,62.829193073055592,113.7666],[28.123699900100064,62.822128334004418,104.617],[28.078367824521791,62.8097650406649,83.6113],[28.059528520385356,62.799462296215296,90.6531],[28.04804831942721,62.780034263824604,97.5727],[28.079839645157449,62.77885680731606,102.8599],[28.111925335014803,62.774441345409087,113.9279],[28.141067383600813,62.764138600959484,132.8663],[28.165205242025621,62.745888025077335,95.0243],[28.137829378202383,62.743238747933134,76.0],[28.075718547377591,62.762372416196683,127.2285],[28.041866672757465,62.753247128255623,125.5721],[28.050991960698525,62.749714758730022,94.2403],[28.061294705148129,62.74706548158585,98.7998],[28.07159744959776,62.745593660950192,94.2528],[28.082194558174479,62.745888025077335,86.3846],[28.061294705148129,62.736174008881989,76.0],[28.051875053079925,62.734407824119188,76.0],[28.041866672757465,62.739117650153304,76.0],[27.96709818446601,62.796224290816838,78.0],[27.916467554599365,62.825071975275733,78.0],[27.88349877236061,62.829193073055592,78.0],[27.890269147284641,62.81476923082613,78.0],[27.881143859343553,62.815063594953273,78.0],[27.874667848546665,62.817712872097445,78.0],[27.871135479021092,62.823305790512961,78.0],[27.869074930131148,62.843911279412168,78.0],[27.866425652986976,62.850092926081942,93.8231],[27.834339963129622,62.888360262609041,78.0],[27.829630137095506,62.901606648329988,118.3952],[27.841993430435053,62.911026300398191,85.439],[27.834634327256765,62.915441762305164,78.0],[27.829924501222649,62.92015158833928,96.0205],[27.821976669790104,62.9316317892974,78.0],[27.842582158689311,62.92515577850051,91.5396]]]}}