{"type": "Feature","bbox": [20.6005,59.721,26.7785,64.175],"geometry": {"type": "MultiPolygon","coordinates": [[[[22.0708,59.7374,0.0],[22.0742,59.7363,0.0],[22.0764,59.7379,0.0],[22.0742,59.7382,0.0],[22.0708,59.7374,0.0]]],
[[[22.0858,59.7668,0.0],[22.0881,59.7693,0.0],[22.0825,59.7693,0.0],[22.0831,59.7676,2.3156],[22.0814,59.7676,0.0],[22.0803,59.7654,0.0],[22.0831,59.7649,0.0],[22.0836,59.7674,2.3156],[22.0858,59.7668,0.0]]],
[[[22.1081,59.7696,0.1353],[22.1075,59.7682,0.0],[22.1119,59.7685,0.0],[22.1108,59.7701,0.1874],[22.1081,59.7696,0.1353]]],
[[[22.0764,59.776,0.0],[22.0803,59.7757,0.0],[22.0814,59.7785,0.2136],[22.0769,59.7785,0.7321],[22.0769,59.7768,0.9302],[22.0753,59.7765,0.0],[22.0764,59.776,0.0]]],
[[[22.0942,59.7793,0.0],[22.0897,59.7793,0.0],[22.0897,59.7807,0.0],[22.0853,59.7796,0.0],[22.0875,59.779,0.0],[22.0869,59.7774,0.4446],[22.0936,59.7779,0.0],[22.0936,59.7771,0.0],[22.0914,59.7768,0.0],[22.0919,59.7757,0.0],[22.0958,59.7771,0.0],[22.0958,59.7796,0.0],[22.0919,59.7799,0.0],[22.0942,59.7793,0.0]]],
[[[22.1253,59.7793,1.3428],[22.1286,59.7788,1.3097],[22.1297,59.7807,1.069],[22.1242,59.7807,0.8232],[22.1236,59.7793,0.0],[22.1253,59.7793,1.3428]]],
[[[22.1047,59.7821,0.0],[22.0997,59.7838,0.0],[22.1042,59.7813,0.4322],[22.1025,59.7796,0.0],[22.1042,59.7785,0.0],[22.1158,59.7807,0.0],[22.1153,59.7821,0.0],[22.1108,59.781,0.0],[22.1047,59.7821,0.0]]],
[[[22.0742,59.7832,0.0],[22.0747,59.7843,0.0],[22.0764,59.7851,0.0],[22.072,59.7851,0.0],[22.0742,59.7832,0.0]]],
[[[22.1553,59.7726,0.1894],[22.1536,59.7713,0.0],[22.1581,59.7713,0.0],[22.1581,59.7726,0.0],[22.1553,59.7726,0.1894]]],
[[[22.2164,59.781,0.4784],[22.2169,59.7818,0.0],[22.2136,59.7829,0.8681],[22.2114,59.7804,0.0],[22.2142,59.7799,0.0],[22.2164,59.781,0.4784]]],
[[[22.1986,59.7843,0.0],[22.2003,59.7843,0.0],[22.1997,59.7863,0.777],[22.1964,59.7865,0.777],[22.1964,59.7854,0.0],[22.1986,59.7843,0.0]]],
[[[22.2214,59.789,0.596],[22.2258,59.7893,0.0503],[22.2264,59.7907,0.0],[22.2203,59.7907,0.0],[22.2169,59.789,0.4478],[22.2164,59.7876,0.0],[22.2192,59.7857,0.7947],[22.2181,59.7846,0.0],[22.2214,59.7851,0.0],[22.2219,59.7871,0.0],[22.2203,59.7885,0.0],[22.2214,59.789,0.596]]],
[[[22.0847,59.784,0.0659],[22.087,59.7865,0.0],[22.0831,59.7865,0.0],[22.0825,59.784,0.0],[22.0847,59.784,0.0659]]],
[[[22.0953,59.7868,0.0],[22.0958,59.7885,0.0],[22.0942,59.7893,0.0],[22.0914,59.7888,0.0],[22.0914,59.7882,0.4141],[22.0953,59.7868,0.0]]],
[[[22.0881,59.7912,0.0],[22.0914,59.7938,0.9322],[22.0875,59.7943,0.0],[22.0847,59.7918,0.0],[22.0881,59.7912,0.0]]],
[[[22.098,59.7949,0.0],[22.0997,59.7951,0.0],[22.098,59.7968,0.2189],[22.0925,59.7957,0.2244],[22.0931,59.794,0.9322],[22.098,59.7949,0.0]]],
[[[22.0614,59.7654,0.0],[22.0592,59.7646,0.0],[22.0664,59.7649,0.0],[22.0664,59.7657,0.0],[22.0614,59.7654,0.0]]],
[[[22.0369,59.7757,0.1878],[22.0392,59.7757,0.2973],[22.0408,59.7768,0.0],[22.0342,59.7771,0.0],[22.0369,59.7757,0.1878]]],
[[[22.0631,59.7821,0.0],[22.0653,59.7832,0.0],[22.0586,59.7832,0.0],[22.0597,59.7818,0.0],[22.0631,59.7821,0.0]]],
[[[22.0603,59.8015,0.0],[22.0608,59.8035,0.0],[22.0586,59.804,0.0],[22.0586,59.8018,0.0],[22.0603,59.8015,0.0]]],
[[[21.9314,59.7774,0.0],[21.9292,59.7788,0.0],[21.9264,59.7788,0.0],[21.9281,59.7771,0.7656],[21.9314,59.7774,0.0]]],
[[[21.9697,59.8182,0.0],[21.9708,59.8193,0.0],[21.9692,59.8201,0.5724],[21.9658,59.8196,0.0],[21.9675,59.8179,0.0],[21.9697,59.8182,0.0]]],
[[[21.9275,59.8326,0.6172],[21.9314,59.8335,0.0],[21.9314,59.8354,1.2171],[21.9269,59.8346,1.8783],[21.9275,59.8326,0.6172]]],
[[[21.9692,59.8424,0.8979],[21.9664,59.8451,0.8756],[21.9642,59.8449,0.0],[21.9658,59.8426,0.7014],[21.9692,59.8424,0.8979]]],
[[[22.0097,59.8226,0.5179],[22.0092,59.8207,1.9369],[22.0142,59.8204,0.0],[22.0142,59.8224,0.0],[22.0097,59.8226,0.5179]]],
[[[21.9769,59.8215,0.0],[21.9797,59.8221,1.6257],[21.9803,59.8238,0.0],[21.9781,59.8243,0.0],[21.9725,59.8218,0.0],[21.973,59.8213,0.0],[21.9769,59.8215,0.0]]],
[[[22.0536,59.8254,0.0],[22.0564,59.8249,0.0],[22.0547,59.8276,0.0],[22.0519,59.8276,0.0],[22.0508,59.826,0.0],[22.0536,59.8254,0.0]]],
[[[22.0642,59.8282,1.662],[22.0658,59.8296,0.0],[22.0608,59.8301,0.0],[22.0614,59.8288,0.0],[22.0642,59.8282,1.662]]],
[[[22.0269,59.8282,0.3198],[22.0297,59.8293,0.0],[22.0297,59.831,0.0],[22.0253,59.8307,1.4251],[22.0247,59.8285,0.0],[22.0269,59.8282,0.3198]]],
[[[22.0436,59.8329,0.0],[22.0481,59.834,0.3315],[22.0403,59.834,0.0],[22.0331,59.8304,0.0],[22.0358,59.8299,0.0],[22.0436,59.8329,0.0]]],
[[[22.0236,59.834,0.0],[22.0258,59.8354,0.0],[22.0236,59.836,0.0],[22.018,59.8321,0.0],[22.0208,59.8318,0.0],[22.0242,59.8332,0.0],[22.0236,59.834,0.0]]],
[[[21.9986,59.8393,0.0],[22.0014,59.839,0.3201],[22.0025,59.8413,0.0],[22.0008,59.8415,0.2473],[21.9986,59.8393,0.0]]],
[[[22.1103,59.7976,0.8647],[22.1125,59.7976,0.0],[22.1131,59.7993,0.0],[22.1097,59.7993,0.6395],[22.1103,59.7976,0.8647]]],
[[[22.0731,59.8029,0.0],[22.0736,59.804,0.0],[22.0714,59.8057,0.8242],[22.0675,59.806,1.4955],[22.0647,59.8004,0.0],[22.0681,59.801,0.4367],[22.0686,59.8029,0.9729],[22.0731,59.8029,0.0]]],
[[[22.1031,59.8057,0.0],[22.1047,59.8071,0.0],[22.0981,59.8068,0.0],[22.0986,59.8057,0.0],[22.1031,59.8057,0.0]]],
[[[22.0958,59.8068,0.0],[22.0975,59.809,0.0],[22.0925,59.8099,0.7879],[22.0919,59.8065,1.5488],[22.0886,59.8065,0.1524],[22.0875,59.8049,0.0],[22.0925,59.8043,0.2749],[22.0958,59.8068,0.0]]],
[[[22.2058,59.789,0.0],[22.2008,59.7899,0.0],[22.2019,59.7879,0.0],[22.2053,59.7879,1.255],[22.2036,59.7863,0.0],[22.2047,59.7851,0.0],[22.2092,59.7863,0.4841],[22.2097,59.7893,0.2893],[22.2058,59.789,0.0]]],
[[[22.1597,59.8135,0.0],[22.1619,59.8149,0.0],[22.1564,59.8154,0.0],[22.1553,59.814,0.0],[22.1569,59.8132,0.0],[22.1597,59.8135,0.0]]],
[[[22.1692,59.8254,0.0],[22.1675,59.8288,0.0],[22.1625,59.8285,0.0],[22.1642,59.8271,0.0],[22.1603,59.826,1.0732],[22.1597,59.8238,1.3887],[22.1647,59.8235,0.0],[22.1658,59.8221,1.1174],[22.1703,59.8232,0.0],[22.1692,59.8254,0.0]]],
[[[22.1597,59.829,0.0],[22.1608,59.8299,0.0],[22.1536,59.8304,0.0],[22.1536,59.8299,0.0],[22.1597,59.829,0.0]]],
[[[22.0814,59.8063,0.5806],[22.0842,59.8082,0.0],[22.0819,59.8085,1.2502],[22.0792,59.8057,0.5806],[22.0814,59.8063,0.5806]]],
[[[22.0753,59.8096,0.0],[22.0786,59.8112,0.0],[22.0703,59.8107,0.0],[22.0708,59.8099,0.0],[22.0753,59.8096,0.0]]],
[[[22.1242,59.8096,0.0],[22.1258,59.8115,0.0],[22.1247,59.8138,0.0],[22.1203,59.8107,0.0],[22.1214,59.8093,0.0],[22.1242,59.8096,0.0]]],
[[[22.0692,59.8126,0.0],[22.0719,59.8143,0.0],[22.0669,59.8143,0.0],[22.0669,59.8129,0.0],[22.0692,59.8126,0.0]]],
[[[22.1303,59.814,0.3026],[22.1319,59.8143,0.3026],[22.1314,59.8157,2.5879],[22.1336,59.8171,0.0],[22.1286,59.8163,0.0],[22.1303,59.814,0.3026]]],
[[[22.0936,59.8168,0.0],[22.0908,59.8185,1.0775],[22.0886,59.8182,0.0],[22.0914,59.8143,0.0],[22.0936,59.8168,0.0]]],
[[[22.0853,59.8163,0.0],[22.0819,59.8182,0.0],[22.0797,59.8176,0.0],[22.0864,59.8157,0.0],[22.0853,59.8163,0.0]]],
[[[22.0764,59.8185,0.0],[22.0792,59.8179,0.0],[22.0797,59.8199,0.0],[22.0786,59.8213,0.0],[22.0747,59.8207,0.7544],[22.0764,59.8185,0.0]]],
[[[22.0869,59.8232,0.0],[22.0886,59.824,0.0],[22.087,59.8263,0.0],[22.0803,59.8243,1.0848],[22.0803,59.8224,1.227],[22.0819,59.8215,0.0],[22.0869,59.8232,0.0]]],
[[[22.1381,59.8235,0.0],[22.1386,59.8265,0.7074],[22.1319,59.8271,0.0],[22.1269,59.8254,2.8334],[22.1275,59.8238,2.8334],[22.1381,59.8235,0.0]]],
[[[22.0725,59.8263,0.0],[22.0731,59.8301,0.4055],[22.0642,59.8276,1.662],[22.0675,59.826,0.1713],[22.0725,59.8263,0.0]]],
[[[22.0958,59.8299,2.6065],[22.0925,59.8296,0.0],[22.0925,59.8285,0.0],[22.098,59.8285,0.0],[22.0958,59.8299,2.6065]]],
[[[22.1719,59.8343,0.7886],[22.1736,59.8329,0.2402],[22.1764,59.8357,0.9398],[22.1742,59.8357,0.0],[22.1719,59.8343,0.7886]]],
[[[22.2181,59.834,0.4566],[22.2225,59.8351,0.0],[22.2225,59.836,0.3819],[22.2153,59.8351,0.0],[22.2181,59.834,0.4566]]],
[[[22.143,59.8338,1.659],[22.1447,59.8365,0.0],[22.1403,59.8371,0.0],[22.1403,59.8346,0.5643],[22.143,59.8338,1.659]]],
[[[22.1619,59.8351,0.0],[22.1625,59.8374,0.0],[22.1575,59.8371,0.0],[22.1586,59.8346,0.6395],[22.1619,59.8351,0.0]]],
[[[22.1681,59.8354,0.0],[22.1708,59.8349,0.3757],[22.1719,59.8382,0.0],[22.1653,59.8374,0.7039],[22.1681,59.8354,0.0]]],
[[[22.1881,59.8363,0.5483],[22.1914,59.8363,1.0545],[22.1897,59.841,0.0],[22.1864,59.8382,0.0],[22.1881,59.8363,0.5483]]],
[[[22.2069,59.8374,0.0],[22.2069,59.8404,0.0],[22.2092,59.8418,0.0],[22.2042,59.841,0.4237],[22.2042,59.8387,0.0],[22.2069,59.8374,0.0]]],
[[[22.1986,59.8421,0.0],[22.1931,59.8435,0.9287],[22.1914,59.8415,0.0],[22.1947,59.8374,0.1571],[22.1969,59.8371,0.0],[22.1958,59.841,0.2956],[22.2003,59.8407,0.0],[22.1986,59.8421,0.0]]],
[[[22.0697,59.8332,0.9272],[22.0719,59.8346,0.8364],[22.0686,59.8349,3.0685],[22.0636,59.8326,0.0],[22.0658,59.8324,2.556],[22.0697,59.8332,0.9272]]],
[[[22.1286,59.8332,0.0],[22.1303,59.8343,0.0],[22.1292,59.8363,0.0],[22.1275,59.8346,0.0],[22.1286,59.8332,0.0]]],
[[[22.1031,59.8407,0.0],[22.1047,59.8418,0.0],[22.0969,59.8415,0.0],[22.0997,59.8393,0.5266],[22.1031,59.8407,0.0]]],
[[[22.0792,59.8446,0.0],[22.0814,59.846,0.0],[22.0808,59.8474,0.0],[22.0781,59.8474,0.0],[22.0731,59.8438,0.0],[22.0764,59.8438,0.0],[22.0792,59.8446,0.0]]],
[[[21.8469,59.7776,0.0],[21.8492,59.7799,0.0],[21.8464,59.7804,0.0],[21.8436,59.7788,0.0],[21.8447,59.7776,0.1208],[21.8469,59.7776,0.0]]],
[[[21.8464,59.7899,0.0],[21.8464,59.791,0.0],[21.8414,59.791,0.0],[21.8447,59.7888,0.0],[21.8464,59.7899,0.0]]],
[[[21.8603,59.7921,0.0745],[21.8614,59.7929,0.0745],[21.8592,59.7938,0.0],[21.8508,59.7932,0.0945],[21.8492,59.7915,0.0],[21.8547,59.791,0.0],[21.8603,59.7921,0.0745]]],
[[[21.8347,59.7921,0.4822],[21.8369,59.7932,0.4822],[21.8303,59.7938,0.0],[21.8314,59.7926,0.0],[21.8347,59.7921,0.4822]]],
[[[21.8203,59.7726,0.4376],[21.8108,59.7738,0.0],[21.8181,59.7715,0.0],[21.8186,59.7699,0.0],[21.8214,59.7701,0.0],[21.8203,59.7726,0.4376]]],
[[[21.7847,59.7932,0.0],[21.7858,59.7935,0.0],[21.7808,59.7943,0.0],[21.7819,59.7929,0.0],[21.7847,59.7932,0.0]]],
[[[21.8108,59.7951,0.0],[21.8125,59.7962,0.0],[21.8069,59.796,0.0],[21.8081,59.7949,0.0],[21.8108,59.7951,0.0]]],
[[[21.7897,59.8007,0.0],[21.7919,59.7993,0.0],[21.7925,59.8018,0.0],[21.7886,59.8015,0.0],[21.7897,59.8007,0.0]]],
[[[21.8858,59.7935,0.0],[21.8886,59.7943,0.0],[21.8847,59.7951,0.5258],[21.8792,59.7938,0.549],[21.8797,59.7929,0.0],[21.8858,59.7935,0.0]]],
[[[21.8969,59.7943,0.0],[21.8986,59.7957,0.0],[21.8936,59.7957,0.4093],[21.8942,59.7946,0.0],[21.8969,59.7943,0.0]]],
[[[21.8897,59.7985,0.4982],[21.893,59.7988,0.0],[21.8936,59.7999,0.0],[21.8875,59.7996,0.0],[21.8897,59.7985,0.4982]]],
[[[21.8292,59.801,0.0592],[21.8292,59.8018,0.0592],[21.8242,59.8015,0.1091],[21.8258,59.8001,0.0],[21.8292,59.801,0.0592]]],
[[[21.8842,59.8043,0.8735],[21.8853,59.8057,0.0],[21.8842,59.8063,0.1253],[21.8792,59.8057,0.1735],[21.8803,59.8043,0.1224],[21.8842,59.8043,0.8735]]],
[[[21.8436,59.8071,0.5791],[21.8431,59.8088,0.0],[21.8397,59.809,0.0],[21.8414,59.8071,0.3486],[21.8436,59.8071,0.5791]]],
[[[21.8825,59.809,0.1861],[21.8842,59.8112,0.5069],[21.8808,59.8121,0.3266],[21.8764,59.8099,0.0],[21.8803,59.8076,0.1885],[21.883,59.8082,0.0],[21.8825,59.809,0.1861]]],
[[[21.8475,59.809,0.0],[21.8492,59.811,0.3888],[21.8442,59.8104,0.5503],[21.8453,59.8085,0.0],[21.8475,59.809,0.0]]],
[[[21.6319,59.7743,0.347],[21.6336,59.776,0.0],[21.6281,59.776,0.0],[21.6303,59.7743,0.347],[21.6319,59.7743,0.347]]],
[[[21.6336,59.7779,0.0],[21.6303,59.7801,0.0],[21.6281,59.7799,0.0],[21.6297,59.7782,0.0],[21.6336,59.7779,0.0]]],
[[[21.6675,59.7851,0.0],[21.6692,59.7863,0.0],[21.6642,59.7868,0.0],[21.6669,59.7851,0.0],[21.6675,59.7851,0.0]]],
[[[21.6797,59.7854,0.0],[21.6814,59.7865,0.4041],[21.6758,59.7865,0.0],[21.6764,59.7857,0.0],[21.6797,59.7854,0.0]]],
[[[21.6547,59.7968,0.0],[21.6525,59.7988,0.0],[21.6486,59.7988,0.0],[21.6497,59.7974,1.2596],[21.6547,59.7968,0.0]]],
[[[21.6597,59.7985,0.0],[21.6581,59.8007,0.0],[21.6542,59.8004,0.0],[21.6575,59.7979,0.0],[21.6608,59.7979,0.0],[21.6597,59.7985,0.0]]],
[[[21.6731,59.8063,0.3129],[21.6719,59.8088,0.0],[21.6669,59.8085,0.0],[21.6686,59.8063,0.0],[21.6742,59.8054,0.0],[21.6731,59.8063,0.3129]]],
[[[21.6675,59.8104,0.0],[21.6642,59.811,0.0],[21.6636,59.8093,0.0],[21.6686,59.8093,0.0],[21.6675,59.8104,0.0]]],
[[[21.7536,59.7907,0.0],[21.7542,59.7913,0.0],[21.7564,59.7918,0.0],[21.7508,59.7915,0.0],[21.7536,59.7907,0.0]]],
[[[21.688,59.8043,0.0],[21.6908,59.8051,0.0],[21.6853,59.8057,0.0],[21.6858,59.8049,0.0],[21.688,59.8043,0.0]]],
[[[21.7114,59.8171,0.5914],[21.7125,59.8199,0.0],[21.7114,59.8204,1.2769],[21.7069,59.8185,0.371],[21.7086,59.8168,0.0],[21.7114,59.8171,0.5914]]],
[[[21.7453,59.8357,0.0],[21.7481,59.8354,0.0],[21.7486,59.8374,0.0],[21.7425,59.8365,0.0],[21.7453,59.8357,0.0]]],
[[[21.6481,59.8137,0.0],[21.6469,59.8163,0.0],[21.6447,59.8165,0.5605],[21.6403,59.8132,0.0],[21.6419,59.8126,0.0],[21.6481,59.8137,0.0]]],
[[[21.6381,59.8235,0.0],[21.6353,59.8254,1.1087],[21.6308,59.8243,0.1746],[21.6314,59.8229,0.0],[21.6381,59.8235,0.0]]],
[[[21.6886,59.8343,0.2561],[21.6875,59.8363,0.9054],[21.6825,59.8368,0.1986],[21.6842,59.834,1.3486],[21.6886,59.8343,0.2561]]],
[[[21.6597,59.8396,0.0],[21.6619,59.8413,0.2233],[21.6564,59.841,0.0],[21.6525,59.8385,0.0],[21.6525,59.8368,0.0],[21.6547,59.8365,0.0],[21.6597,59.8396,0.0]]],
[[[21.8164,59.8057,0.295],[21.8153,59.8071,0.0],[21.8119,59.8074,0.0],[21.8131,59.8054,0.2092],[21.8164,59.8057,0.295]]],
[[[21.8081,59.8101,0.0],[21.8103,59.8099,0.0],[21.8119,59.8112,0.0],[21.8058,59.811,0.0],[21.8081,59.8101,0.0]]],
[[[21.7981,59.8163,0.4182],[21.7992,59.8176,0.0],[21.7975,59.819,0.0],[21.7853,59.8176,0.0],[21.7881,59.814,1.1993],[21.7986,59.8135,0.6572],[21.7975,59.8115,0.0],[21.7997,59.811,0.0],[21.8008,59.8126,0.6462],[21.7969,59.8149,0.0],[21.7981,59.8163,0.4182]]],
[[[21.8086,59.8171,0.5325],[21.8092,59.8182,0.0],[21.8042,59.8193,0.0],[21.8064,59.8171,0.1979],[21.8036,59.8151,0.0],[21.8075,59.8143,0.0],[21.8142,59.816,0.2588],[21.8131,59.8174,0.0],[21.8086,59.8171,0.5325]]],
[[[21.8192,59.8182,0.0],[21.8158,59.8199,0.2843],[21.8142,59.8185,0.0],[21.8147,59.8176,0.0],[21.8192,59.8182,0.0]]],
[[[21.7931,59.8204,0.0],[21.7914,59.8224,0.0],[21.7881,59.8221,0.0],[21.7892,59.8193,0.0],[21.7931,59.8204,0.0]]],
[[[21.8042,59.8201,0.0],[21.8064,59.8201,0.0],[21.8075,59.8213,0.0],[21.8047,59.8221,0.0],[21.8042,59.8201,0.0]]],
[[[21.8086,59.8232,0.0],[21.8097,59.8243,0.0],[21.8069,59.8251,1.9322],[21.7986,59.824,0.0],[21.7997,59.8224,0.718],[21.8086,59.8232,0.0]]],
[[[21.8825,59.8126,0.0],[21.8842,59.8143,0.2964],[21.8797,59.8138,0.5563],[21.8803,59.8126,0.3266],[21.8825,59.8126,0.0]]],
[[[21.8419,59.8135,0.0],[21.8453,59.8138,0.0],[21.8453,59.8151,0.0],[21.8425,59.8154,0.3157],[21.8419,59.8135,0.0]]],
[[[21.8475,59.8285,0.0],[21.8519,59.8293,1.02],[21.8519,59.8304,1.02],[21.8497,59.8312,0.5111],[21.8453,59.8299,0.0],[21.8475,59.8285,0.0]]],
[[[21.8569,59.8315,0.0],[21.8592,59.8329,0.0],[21.8592,59.834,0.0],[21.8547,59.8326,0.2922],[21.8569,59.8315,0.0]]],
[[[21.8492,59.8321,1.574],[21.8508,59.8351,0.0],[21.8458,59.8338,0.0],[21.8469,59.8321,1.574],[21.8492,59.8321,1.574]]],
[[[21.8319,59.8379,0.0],[21.8336,59.8387,0.0],[21.8292,59.8396,0.0],[21.8292,59.8385,0.0],[21.8319,59.8379,0.0]]],
[[[21.8447,59.8396,0.0],[21.8447,59.8418,0.0],[21.8431,59.8426,0.0],[21.8403,59.841,0.5137],[21.8408,59.8401,0.0],[21.8447,59.8396,0.0]]],
[[[21.8386,59.8429,0.1191],[21.8386,59.8493,0.4769],[21.8342,59.849,1.6321],[21.8347,59.8432,0.0],[21.8386,59.8429,0.1191]]],
[[[21.8186,59.8229,0.0],[21.8208,59.8243,0.0],[21.8147,59.8243,0.0],[21.8153,59.8238,0.1019],[21.8186,59.8229,0.0]]],
[[[21.8114,59.8296,0.0],[21.8136,59.831,0.4194],[21.8131,59.8326,0.0],[21.8081,59.8324,0.0],[21.8086,59.8296,0.0],[21.8114,59.8296,0.0]]],
[[[21.7808,59.841,0.0],[21.7803,59.8426,0.0],[21.7764,59.8429,0.0],[21.7786,59.8413,0.0],[21.7808,59.841,0.0]]],
[[[21.7981,59.8682,0.5542],[21.7897,59.8688,0.0],[21.7964,59.8665,0.0],[21.7986,59.8671,0.5542],[21.7981,59.8682,0.5542]]],
[[[21.8497,59.8457,0.3505],[21.8514,59.8471,0.0],[21.8508,59.849,0.0],[21.8464,59.8485,1.0875],[21.8475,59.8462,0.3505],[21.8497,59.8457,0.3505]]],
[[[21.8775,59.8621,0.0],[21.8764,59.8638,0.0],[21.8731,59.8643,0.0],[21.8736,59.8626,0.0],[21.8775,59.8621,0.0]]],
[[[21.8308,59.8707,0.3106],[21.8269,59.8729,0.9884],[21.8219,59.8724,0.348],[21.8269,59.8713,0.0],[21.8275,59.8696,0.0],[21.8308,59.8696,0.0],[21.8308,59.8707,0.3106]]],
[[[21.8414,59.8729,0.0],[21.8447,59.8721,0.0],[21.8458,59.8735,0.0],[21.8425,59.8737,0.5537],[21.8414,59.8729,0.0]]],
[[[21.7869,59.8674,0.0],[21.7875,59.8688,0.0],[21.7853,59.8704,0.0],[21.7775,59.869,0.8926],[21.7781,59.8679,0.0],[21.7847,59.8688,0.0],[21.7869,59.8674,0.0]]],
[[[21.8125,59.8688,0.0],[21.8086,59.8707,0.0],[21.8025,59.8685,0.0],[21.8142,59.8676,0.2636],[21.8125,59.8688,0.0]]],
[[[21.7669,59.8688,3.9207],[21.7703,59.8699,0.0],[21.7642,59.871,0.1693],[21.7619,59.8699,0.7359],[21.7647,59.8685,0.0],[21.7669,59.8688,3.9207]]],
[[[21.8019,59.8693,2.2258],[21.8019,59.8704,2.2258],[21.7964,59.871,0.0],[21.7969,59.8688,4.3112],[21.8019,59.8693,2.2258]]],
[[[21.8542,59.8729,0.453],[21.8586,59.8735,0.0],[21.8586,59.8749,0.0],[21.8508,59.8757,0.0],[21.8464,59.8737,0.7706],[21.8486,59.8724,0.7706],[21.8542,59.8729,0.453]]],
[[[21.8297,59.8735,0.0],[21.8281,59.8754,1.7],[21.8219,59.8746,1.6258],[21.8236,59.8732,0.9884],[21.8297,59.8735,0.0]]],
[[[21.8431,59.876,0.2475],[21.8458,59.8754,0.0],[21.8469,59.8771,0.0],[21.8442,59.8774,0.0],[21.8431,59.876,0.2475]]],
[[[21.8408,59.8788,1.4351],[21.8419,59.8799,1.4351],[21.8403,59.8807,0.0],[21.8347,59.8799,1.4341],[21.8358,59.8776,0.0],[21.8408,59.8788,1.4351]]],
[[[21.973,59.8401,0.0],[21.9742,59.841,0.0],[21.9725,59.8424,0.0],[21.9686,59.8413,0.0],[21.9692,59.8407,0.0],[21.973,59.8401,0.0]]],
[[[22.0281,59.8421,0.0],[22.0253,59.8424,0.0],[22.0242,59.8404,0.0],[22.0281,59.8404,0.0],[22.0281,59.8421,0.0]]],
[[[21.9992,59.8418,0.0],[22.0003,59.8429,0.0],[21.9981,59.8454,0.9701],[21.9897,59.8438,1.3605],[21.9919,59.8418,0.0],[21.9992,59.8418,0.0]]],
[[[21.9953,59.8501,0.0],[21.9919,59.8526,0.0],[21.9869,59.8524,0.0],[21.9892,59.849,0.0],[21.9825,59.8485,0.8357],[21.9836,59.8468,0.6974],[21.9819,59.8446,0.6346],[21.9825,59.8421,1.3141],[21.9881,59.8387,0.0],[21.9942,59.8396,0.0],[21.9925,59.8413,0.0],[21.9881,59.8404,0.3119],[21.9881,59.8418,0.0],[21.9858,59.8424,0.6308],[21.9875,59.8429,0.0],[21.9864,59.8443,1.3605],[21.9919,59.8451,0.0],[21.9908,59.846,0.0],[21.9931,59.8474,0.0],[21.9914,59.8482,2.9402],[21.9942,59.8479,0.0],[21.9953,59.8501,0.0]]],
[[[22.0147,59.8465,0.0],[22.0153,59.846,0.1656],[22.0186,59.8457,0.0],[22.0175,59.8479,0.0],[22.0147,59.8465,0.0]]],
[[[22.0625,59.8488,0.1812],[22.0647,59.8479,0.0],[22.0642,59.849,0.2661],[22.0619,59.8493,0.0],[22.0581,59.8474,0.4433],[22.0592,59.8471,0.4433],[22.0625,59.8488,0.1812]]],
[[[22.0503,59.8507,0.5647],[22.0469,59.8521,1.353],[22.0469,59.8535,1.353],[22.0386,59.8504,1.9298],[22.0358,59.851,0.0],[22.0375,59.849,1.9298],[22.0342,59.8476,0.0],[22.0386,59.8454,0.5882],[22.0336,59.8462,2.6134],[22.0319,59.8443,4.6508],[22.0353,59.8432,0.0],[22.0419,59.8451,0.0],[22.0464,59.8504,0.6706],[22.0486,59.8507,0.466],[22.0486,59.849,0.4624],[22.0503,59.8488,0.5093],[22.0503,59.8507,0.5647]]],
[[[21.9731,59.8479,0.0],[21.9697,59.8499,0.3606],[21.9681,59.8485,0.0],[21.9692,59.8468,0.0],[21.9731,59.8479,0.0]]],
[[[22.0047,59.8507,0.0],[21.9992,59.8524,0.0],[21.9953,59.8518,0.0],[21.9975,59.8499,0.0],[22.0047,59.8493,0.0],[22.0047,59.8507,0.0]]],
[[[22.0647,59.8521,2.2999],[22.0664,59.8538,0.0],[22.0631,59.8546,3.2915],[22.0542,59.8513,1.5161],[22.0631,59.8513,0.8099],[22.0647,59.8521,2.2999]]],
[[[22.0525,59.8529,0.4004],[22.0558,59.8549,0.8638],[22.0519,59.8549,5.0077],[22.0503,59.8524,0.8372],[22.0525,59.8529,0.4004]]],
[[[21.9942,59.856,0.0],[21.9931,59.859,0.0],[21.9875,59.8579,0.0],[21.9903,59.8576,0.5699],[21.9886,59.8557,0.0],[21.9825,59.8565,0.5132],[21.9836,59.8549,2.5058],[21.9786,59.8576,0.578],[21.9753,59.8565,1.7339],[21.9753,59.8551,3.7367],[21.9725,59.8554,3.6131],[21.9708,59.8529,0.0],[21.9764,59.8507,0.1966],[21.9792,59.8521,1.59],[21.9781,59.8538,4.5625],[21.9808,59.854,2.7633],[21.9803,59.8526,0.0],[21.9842,59.8513,0.0],[21.9853,59.8518,0.0],[21.9847,59.8546,1.8013],[21.9858,59.8532,0.0],[21.9897,59.8532,0.0],[21.9886,59.8554,4.0343],[21.9931,59.854,0.0],[21.9942,59.856,0.0]]],
[[[21.8992,59.849,0.4521],[21.9025,59.8482,0.0],[21.9031,59.8501,0.0],[21.8975,59.8499,0.4521],[21.8992,59.849,0.4521]]],
[[[21.9547,59.8504,0.0],[21.9558,59.8529,0.9511],[21.9525,59.8538,0.0],[21.9514,59.8518,0.4156],[21.9547,59.8504,0.0]]],
[[[21.9675,59.8529,0.0],[21.9658,59.8549,1.8725],[21.9619,59.8538,0.3035],[21.9625,59.8532,0.0],[21.9675,59.8529,0.0]]],
[[[21.9458,59.859,0.7517],[21.9475,59.859,0.0],[21.9458,59.8618,0.0],[21.9392,59.8596,1.9615],[21.9397,59.8582,0.2789],[21.9458,59.859,0.7517]]],
[[[22.1747,59.8418,1.9049],[22.1758,59.8432,0.0],[22.1703,59.844,0.0],[22.1692,59.8418,0.7062],[22.1642,59.8424,0.0],[22.1597,59.8404,0.0],[22.1658,59.839,0.6552],[22.1692,59.8407,0.7062],[22.1731,59.8401,0.0],[22.1747,59.8382,0.0],[22.1792,59.8393,1.2959],[22.1819,59.8382,0.0],[22.1808,59.8413,0.5557],[22.1758,59.8401,2.2966],[22.1747,59.8418,1.9049]]],
[[[22.2125,59.8418,0.7271],[22.2153,59.8413,0.6759],[22.2153,59.8446,0.0],[22.2108,59.8438,0.0],[22.2125,59.8418,0.7271]]],
[[[22.2075,59.8462,0.0],[22.2042,59.8457,0.0],[22.2047,59.8479,0.4478],[22.2019,59.8482,0.0],[22.1992,59.8471,0.6821],[22.2014,59.844,0.0],[22.1992,59.8443,0.339],[22.1981,59.8457,0.0],[22.1936,59.8451,0.0],[22.1997,59.8438,0.339],[22.2008,59.8415,0.0],[22.2031,59.8413,0.0],[22.2031,59.8429,0.4793],[22.2064,59.8432,0.0],[22.2092,59.8454,0.0],[22.2075,59.8462,0.0]]],
[[[22.2208,59.8457,0.4511],[22.2236,59.8446,0.3306],[22.2225,59.8474,0.0633],[22.2147,59.8465,0.0],[22.2153,59.8454,0.0],[22.2208,59.8457,0.4511]]],
[[[22.1025,59.8451,0.0],[22.1069,59.8454,0.0],[22.1069,59.8468,2.8465],[22.1042,59.8476,0.0],[22.1025,59.8451,0.0]]],
[[[22.0703,59.8474,0.0],[22.0708,59.8462,0.0],[22.0758,59.846,0.0],[22.0731,59.8479,0.0],[22.0703,59.8474,0.0]]],
[[[22.1197,59.8532,3.367],[22.1203,59.8543,0.0],[22.1175,59.8554,2.6529],[22.1086,59.8535,0.6041],[22.1114,59.8507,1.4879],[22.1158,59.8507,0.1866],[22.1125,59.8485,2.73],[22.1142,59.8462,1.7957],[22.1236,59.846,1.567],[22.1169,59.8438,0.0],[22.1169,59.8418,0.0],[22.1214,59.8393,0.2408],[22.1269,59.839,0.0],[22.1281,59.8396,0.0],[22.1275,59.8424,4.07],[22.1358,59.8435,0.0],[22.1319,59.8468,9.4574],[22.1258,59.8465,1.8613],[22.1292,59.849,7.0647],[22.1325,59.8479,0.0],[22.1353,59.8507,0.0],[22.1353,59.8532,0.0],[22.1231,59.8535,5.0716],[22.1186,59.8521,3.367],[22.1197,59.8532,3.367]]],
[[[22.0869,59.8457,0.0],[22.0886,59.8496,1.4011],[22.0853,59.8501,1.6926],[22.0847,59.846,0.0],[22.0869,59.8457,0.0]]],
[[[22.1608,59.8457,0.8015],[22.1647,59.8451,0.0],[22.1642,59.8465,0.6144],[22.1592,59.8468,0.8015],[22.1608,59.8457,0.8015]]],
[[[22.1464,59.8451,0.0],[22.1458,59.8468,0.6931],[22.1419,59.8479,0.0],[22.1442,59.8446,0.0],[22.1464,59.8451,0.0]]],
[[[22.1992,59.8482,0.6821],[22.2036,59.849,0.0],[22.2069,59.8479,0.0],[22.2092,59.8496,2.376],[22.1975,59.8499,0.8457],[22.1942,59.8515,0.0],[22.1853,59.8501,0.6562],[22.1853,59.849,0.6562],[22.1919,59.8474,2.9368],[22.1992,59.8482,0.6821]]],
[[[22.1536,59.8518,3.0766],[22.1514,59.8543,0.9395],[22.1475,59.8543,2.4929],[22.1453,59.8526,4.3424],[22.1408,59.8538,0.0],[22.1392,59.8524,0.0],[22.1464,59.8501,0.0],[22.1508,59.8521,1.5075],[22.1514,59.8493,0.0],[22.1542,59.8499,1.3767],[22.1536,59.8518,3.0766]]],
[[[22.0681,59.8507,0.4745],[22.0686,59.8499,0.0],[22.0736,59.8501,0.0],[22.0703,59.8518,0.4745],[22.0681,59.8507,0.4745]]],
[[[22.0875,59.8543,0.0],[22.0864,59.8549,0.5053],[22.0881,59.8565,0.0],[22.0842,59.8568,2.3238],[22.0808,59.8549,0.0],[22.0853,59.854,0.5053],[22.0764,59.8524,0.0],[22.0875,59.8513,0.0],[22.0886,59.8532,1.1737],[22.0875,59.8543,0.0]]],
[[[22.1092,59.8557,0.8314],[22.1092,59.8571,0.0],[22.1031,59.8579,1.3721],[22.0919,59.856,0.4738],[22.0914,59.854,3.6657],[22.1025,59.8546,0.0],[22.1053,59.8565,0.5808],[22.1092,59.8557,0.8314]]],
[[[22.1108,59.8604,0.0537],[22.1131,59.8621,0.0],[22.1064,59.8618,1.5111],[22.1036,59.8593,0.0],[22.1097,59.8587,0.0],[22.1108,59.8604,0.0537]]],
[[[22.1075,59.8654,3.5112],[22.0947,59.8668,0.0],[22.0942,59.8646,1.793],[22.0842,59.8621,0.0],[22.0631,59.8607,0.0],[22.0597,59.8618,0.0],[22.0581,59.8599,0.0],[22.0708,59.8585,0.8292],[22.0669,59.8576,2.3545],[22.0681,59.8549,0.0],[22.0753,59.8568,0.0],[22.0758,59.8587,0.0],[22.0792,59.8571,3.5125],[22.087,59.8582,1.5143],[22.0931,59.8568,0.4738],[22.0942,59.8585,3.5905],[22.0931,59.8596,1.4951],[22.0975,59.8585,0.0],[22.0986,59.8596,0.0],[22.0964,59.8607,6.3269],[22.0997,59.8626,1.4392],[22.1058,59.8626,1.4359],[22.1097,59.8643,0.0],[22.1075,59.8654,3.5112]]],
[[[22.1297,59.8643,3.8508],[22.1208,59.866,0.0],[22.1192,59.8643,0.0],[22.1219,59.8618,0.0],[22.1175,59.8621,0.0],[22.1175,59.859,0.0],[22.1197,59.8587,0.0],[22.1236,59.8615,0.0],[22.1292,59.8593,0.0],[22.1386,59.8607,0.0],[22.1369,59.8568,0.0],[22.1386,59.8579,1.3633],[22.1453,59.856,1.938],[22.1503,59.856,1.1931],[22.1531,59.8576,0.9199],[22.1603,59.8571,0.0],[22.1581,59.8585,3.0762],[22.1603,59.8604,0.0],[22.1592,59.8618,0.0],[22.1536,59.8604,5.3612],[22.1469,59.8629,0.0],[22.1403,59.8604,5.1902],[22.1425,59.8626,0.0],[22.1297,59.8643,3.8508]]],
[[[22.0703,59.864,0.0],[22.0736,59.8643,0.0],[22.0664,59.8651,0.0],[22.0669,59.8646,0.0],[22.0703,59.864,0.0]]],
[[[22.1375,59.8688,0.0],[22.1347,59.869,0.0],[22.1342,59.8674,0.5742],[22.1386,59.8676,0.0],[22.1375,59.8688,0.0]]],
[[[22.1803,59.8515,0.0],[22.1781,59.8535,2.3217],[22.1703,59.8538,0.0],[22.1736,59.8518,0.0],[22.1803,59.8515,0.0]]],
[[[22.2164,59.8626,1.6396],[22.2186,59.864,0.0],[22.2092,59.8638,0.0],[22.2092,59.8624,0.0],[22.2058,59.8621,0.0],[22.2058,59.8604,5.8288],[22.2008,59.859,1.4155],[22.1842,59.8579,0.0],[22.1853,59.8599,0.0],[22.1914,59.8596,0.9727],[22.2036,59.8624,0.0],[22.1869,59.8618,0.0],[22.1803,59.8599,0.0],[22.1819,59.8587,0.7177],[22.1814,59.8563,1.3015],[22.1786,59.8549,0.0],[22.1836,59.8546,1.631],[22.1831,59.8565,1.6005],[22.1853,59.8568,1.1366],[22.1864,59.8554,1.631],[22.1831,59.8526,0.5641],[22.1853,59.8518,0.3868],[22.1936,59.8546,0.4923],[22.1925,59.8529,1.1843],[22.1958,59.8518,0.0],[22.2114,59.851,1.7692],[22.2164,59.8532,1.4462],[22.2036,59.8538,0.0],[22.2025,59.8551,0.0],[22.2069,59.8549,0.0],[22.2092,59.8574,5.4414],[22.2147,59.8557,0.0],[22.2153,59.8576,0.2956],[22.2131,59.8576,0.6103],[22.2136,59.8599,0.6075],[22.2114,59.861,0.3692],[22.2164,59.8626,1.6396]]],
[[[22.1836,59.861,0.0],[22.1853,59.8629,0.0],[22.1775,59.8621,0.5578],[22.1797,59.8607,2.879],[22.1836,59.861,0.0]]],
[[[22.1542,59.871,5.2147],[22.1575,59.8729,0.0],[22.1503,59.8724,0.0],[22.1475,59.8704,0.0],[22.1492,59.8685,6.4154],[22.143,59.8679,0.7872],[22.1425,59.8665,1.241],[22.1503,59.8643,0.0],[22.1547,59.8648,0.0],[22.1553,59.866,0.0],[22.1531,59.8668,1.8379],[22.1586,59.8679,1.1872],[22.1531,59.8693,0.0],[22.1542,59.871,5.2147]]],
[[[22.143,59.8707,3.0075],[22.1453,59.8721,0.0],[22.1364,59.8726,1.0491],[22.1369,59.8715,0.0],[22.1403,59.8721,0.9073],[22.143,59.8707,3.0075]]],
[[[22.2097,59.8768,6.7108],[22.1858,59.8779,0.8273],[22.1792,59.8754,0.0],[22.1792,59.8726,0.0],[22.1764,59.8718,0.0],[22.1786,59.8699,3.0522],[22.1731,59.8699,2.8565],[22.1719,59.8679,1.2993],[22.1864,59.8665,0.0],[22.1969,59.8682,1.2137],[22.2042,59.8665,0.0],[22.2053,59.8676,0.0],[22.2031,59.8685,2.0829],[22.2058,59.8688,1.8767],[22.2064,59.8704,0.0],[22.2169,59.8724,0.0],[22.2147,59.876,0.0],[22.2097,59.8768,6.7108]]],
[[[22.1747,59.8724,4.2166],[22.1758,59.874,0.0],[22.1697,59.8746,0.7499],[22.1714,59.8718,0.0],[22.1747,59.8724,4.2166]]],
[[[22.2242,59.8743,0.9521],[22.2253,59.8768,0.0],[22.2192,59.8754,1.0855],[22.2219,59.874,1.0855],[22.2242,59.8743,0.9521]]],
[[[22.0792,59.8735,0.1489],[22.0736,59.8737,0.0],[22.0681,59.8715,0.9702],[22.0681,59.8699,0.0],[22.0825,59.8707,1.791],[22.0814,59.8729,0.1489],[22.0792,59.8735,0.1489]]],
[[[22.1064,59.8718,0.0],[22.1097,59.8713,0.0],[22.1103,59.8732,0.0],[22.1047,59.8737,0.0],[22.1047,59.8721,0.0],[22.1064,59.8718,0.0]]],
[[[22.1258,59.8763,0.4683],[22.1247,59.8776,0.0],[22.1186,59.8785,0.3555],[22.1147,59.8757,0.0],[22.1247,59.8751,0.0],[22.1258,59.8763,0.4683]]],
[[[22.1297,59.8785,0.0],[22.1297,59.8771,0.0],[22.1325,59.8771,0.0],[22.1314,59.8801,0.0],[22.1247,59.8793,0.0],[22.1253,59.8785,0.0],[22.1297,59.8785,0.0]]],
[[[22.0497,59.8565,0.0],[22.0486,59.8549,0.3176],[22.0508,59.8549,0.0],[22.0525,59.8574,0.0],[22.0508,59.8574,0.0],[22.0497,59.8565,0.0]]],
[[[22.0269,59.8574,0.2765],[22.0253,59.8563,0.0],[22.0319,59.856,0.0],[22.0331,59.8579,0.0],[22.0286,59.8579,1.486],[22.0269,59.8574,0.2765]]],
[[[21.9781,59.8618,3.6414],[21.9803,59.8632,0.0],[21.9803,59.864,0.0],[21.9764,59.8632,0.0],[21.9781,59.8618,3.6414]]],
[[[21.9692,59.8699,4.1615],[21.9619,59.871,0.0],[21.9592,59.8699,0.0],[21.9608,59.8676,2.1533],[21.9597,59.8668,0.2085],[21.9608,59.8662,0.2085],[21.9608,59.8618,0.0],[21.9642,59.8615,0.3956],[21.9597,59.8593,0.9458],[21.9664,59.8587,0.2887],[21.9647,59.8571,0.0],[21.9619,59.8579,0.0],[21.9614,59.8563,0.2959],[21.9686,59.8554,0.0],[21.9831,59.8596,0.0],[21.9836,59.861,0.0],[21.9803,59.8621,0.0],[21.9697,59.859,1.7724],[21.9653,59.8593,3.9939],[21.9653,59.8601,3.9939],[21.9703,59.8613,0.0],[21.9725,59.8646,0.0],[21.9725,59.8668,0.0],[21.9692,59.8699,4.1615]]],
[[[21.9431,59.8613,0.0],[21.9436,59.8624,0.0],[21.9414,59.8624,1.4973],[21.9408,59.864,0.0],[21.9342,59.8626,0.0],[21.9358,59.8604,0.0],[21.9431,59.8613,0.0]]],
[[[21.9586,59.8646,0.1872],[21.9553,59.8638,0.0],[21.9603,59.8629,0.0],[21.9603,59.8649,0.8898],[21.9586,59.8646,0.1872]]],
[[[21.9347,59.8665,0.0],[21.9353,59.8679,0.0],[21.9331,59.8696,0.1487],[21.9292,59.869,0.0],[21.9331,59.866,0.0],[21.9347,59.8665,0.0]]],
[[[21.9431,59.8682,0.6597],[21.9397,59.8696,0.0],[21.9369,59.8685,1.1316],[21.9381,59.8668,0.0],[21.9475,59.8674,0.0],[21.9431,59.8682,0.6597]]],
[[[22.0664,59.8621,0.0],[22.0642,59.8643,0.0],[22.0597,59.8649,0.0],[22.0636,59.8621,0.5216],[22.0664,59.8621,0.0]]],
[[[22.0253,59.866,0.1557],[22.0286,59.8671,0.0],[22.0219,59.8671,0.0],[22.0219,59.8662,0.1702],[22.0253,59.866,0.1557]]],
[[[22.0208,59.8726,1.2588],[22.0247,59.8724,0.8959],[22.0247,59.8735,0.8959],[22.0219,59.8749,0.9277],[22.0186,59.874,0.0],[22.0208,59.8726,1.2588]]],
[[[22.0303,59.8743,0.0],[22.0342,59.874,0.4803],[22.0353,59.8757,0.0],[22.0325,59.8763,0.0],[22.0303,59.8743,0.0]]],
[[[21.9075,59.8729,0.0996],[21.9086,59.8743,0.0],[21.9036,59.8743,0.0],[21.9058,59.8726,0.0996],[21.9075,59.8729,0.0996]]],
[[[21.9142,59.8732,0.0],[21.9164,59.8729,0.0],[21.9169,59.8743,0.0],[21.9103,59.8746,0.3698],[21.9108,59.8732,0.0],[21.9142,59.8732,0.0]]],
[[[21.9314,59.874,0.6756],[21.9269,59.8765,0.0],[21.9231,59.8754,0.0],[21.9264,59.8726,0.8141],[21.9314,59.874,0.6756]]],
[[[21.9097,59.8763,0.0],[21.9108,59.8757,0.0],[21.9147,59.876,0.0],[21.9103,59.8771,1.4299],[21.9097,59.8763,0.0]]],
[[[21.7031,59.8387,0.0],[21.7003,59.8418,0.286],[21.6936,59.8401,0.0],[21.6992,59.8376,0.0],[21.7031,59.8387,0.0]]],
[[[21.7486,59.8679,0.0],[21.7486,59.8665,0.0],[21.7531,59.8668,0.0],[21.7525,59.8682,0.247],[21.7486,59.8679,0.0]]],
[[[21.7586,59.8771,1.4118],[21.7603,59.8776,0.0],[21.758,59.879,0.0],[21.7503,59.8782,0.9912],[21.7464,59.8746,0.0],[21.7525,59.876,1.5357],[21.7564,59.8749,0.0],[21.7558,59.8768,0.3106],[21.7586,59.8771,1.4118]]],
[[[21.7547,59.8804,0.0],[21.7569,59.8804,0.0],[21.7569,59.8818,0.0],[21.7525,59.8818,0.0],[21.7547,59.8804,0.0]]],
[[[21.6797,59.8735,0.0],[21.6836,59.8735,0.0],[21.6842,59.8743,0.0],[21.6803,59.8749,0.0],[21.6797,59.8735,0.0]]],
[[[21.6731,59.8793,0.2193],[21.6725,59.8804,0.2193],[21.6664,59.8807,0.0],[21.6686,59.879,1.6082],[21.6731,59.8793,0.2193]]],
[[[21.6553,59.8815,1.5658],[21.6497,59.8835,1.5604],[21.6519,59.8796,0.0],[21.6575,59.8788,0.1102],[21.6575,59.8807,0.5531],[21.6553,59.8815,1.5658]]],
[[[21.6614,59.8812,0.754],[21.6597,59.8829,0.0],[21.6569,59.8832,0.7288],[21.6592,59.8807,0.754],[21.6614,59.8812,0.754]]],
[[[21.6792,59.8865,0.0],[21.6814,59.8879,0.2122],[21.6786,59.8885,0.5805],[21.6764,59.8871,0.0],[21.6769,59.8863,0.0],[21.6792,59.8865,0.0]]],
[[[21.6719,59.8899,0.0],[21.6664,59.8904,4.9342],[21.6631,59.8893,0.0],[21.6631,59.8879,0.0],[21.6714,59.8874,0.0],[21.6719,59.8899,0.0]]],
[[[21.6636,59.8921,3.6944],[21.6614,59.891,0.0],[21.6675,59.8907,1.1713],[21.6686,59.894,0.0],[21.6531,59.8954,0.0],[21.6553,59.8924,1.5119],[21.6503,59.8907,0.0647],[21.6531,59.8896,0.0],[21.6553,59.8913,0.0573],[21.6636,59.8921,3.6944]]],
[[[21.6725,59.9015,0.0],[21.6747,59.9026,1.4427],[21.6697,59.9026,0.3129],[21.6703,59.9021,0.3129],[21.6725,59.9015,0.0]]],
[[[21.6886,59.9012,0.0],[21.6908,59.9007,0.0],[21.6931,59.9018,0.0],[21.6886,59.9021,0.0],[21.6886,59.9012,0.0]]],
[[[21.7464,59.9079,0.0],[21.7481,59.9093,0.0],[21.7481,59.9129,0.0],[21.7347,59.9085,0.0],[21.7342,59.9063,2.8271],[21.7292,59.9063,1.089],[21.7308,59.9057,1.089],[21.7297,59.9043,2.218],[21.7308,59.9038,2.218],[21.7408,59.9024,2.2486],[21.7431,59.9071,10.1277],[21.7464,59.9079,0.0]]],
[[[21.7253,59.9082,0.0],[21.7275,59.9101,0.0],[21.7225,59.9099,0.0],[21.7225,59.9082,0.0],[21.7253,59.9082,0.0]]],
[[[21.7058,59.9135,0.0],[21.7019,59.9151,0.0],[21.6997,59.9124,0.0],[21.7025,59.9115,0.0],[21.7025,59.9129,0.0],[21.7058,59.9135,0.0]]],
[[[21.7758,59.8771,0.0],[21.7747,59.8785,0.0],[21.7708,59.8785,0.0],[21.7719,59.8771,0.0],[21.7758,59.8771,0.0]]],
[[[21.7831,59.8824,0.0],[21.7781,59.8829,0.4205],[21.7731,59.8799,0.0],[21.7775,59.8793,0.5278],[21.7814,59.8812,0.601],[21.783,59.8793,0.4646],[21.7881,59.8796,0.0],[21.7881,59.8815,0.0],[21.7831,59.8824,0.0]]],
[[[21.8014,59.8838,0.0],[21.8042,59.8832,0.0],[21.8047,59.8843,1.2868],[21.8003,59.8846,0.0],[21.8014,59.8838,0.0]]],
[[[21.7636,59.8882,2.8736],[21.7664,59.8896,0.0],[21.7631,59.8896,0.0],[21.7575,59.8865,0.0],[21.7592,59.8829,1.4073],[21.7575,59.8835,0.0],[21.7569,59.8821,0.0],[21.7642,59.8812,3.7164],[21.7658,59.879,0.5087],[21.7686,59.8804,0.1039],[21.7714,59.879,1.4678],[21.7708,59.881,1.5663],[21.7736,59.8835,0.5384],[21.7792,59.884,1.014],[21.7781,59.886,0.1909],[21.7719,59.8857,2.5671],[21.7714,59.8871,0.0],[21.7636,59.8882,2.8736]]],
[[[21.8147,59.8843,2.1904],[21.8147,59.886,2.4518],[21.8119,59.8868,2.4518],[21.8086,59.8857,0.0],[21.8114,59.8835,0.0],[21.8147,59.8843,2.1904]]],
[[[21.7953,59.8888,0.0],[21.7936,59.8904,1.9774],[21.7903,59.8907,0.0],[21.7931,59.8876,0.5561],[21.7953,59.8888,0.0]]],
[[[21.7758,59.889,0.7496],[21.7781,59.8893,0.0],[21.7736,59.8901,0.0],[21.7747,59.889,0.7496],[21.7758,59.889,0.7496]]],
[[[21.7981,59.8913,0.0],[21.8003,59.8932,-0.0465],[21.7931,59.8924,0.1216],[21.7942,59.8913,0.0],[21.7981,59.8913,0.0]]],
[[[21.8514,59.8876,0.0],[21.8464,59.8888,0.725],[21.8436,59.8871,0.0],[21.8458,59.8865,0.0],[21.8514,59.8876,0.0]]],
[[[21.8953,59.8876,0.3851],[21.8981,59.8879,0.0],[21.8975,59.8904,0.0],[21.8936,59.8899,0.7397],[21.8953,59.8876,0.3851]]],
[[[21.8508,59.8887,0.0],[21.8531,59.8904,0.0],[21.8469,59.8899,0.725],[21.8481,59.8887,0.376],[21.8508,59.8887,0.0]]],
[[[21.8247,59.8904,0.0],[21.8275,59.8907,1.2151],[21.8297,59.8926,0.0],[21.8203,59.891,0.3046],[21.8247,59.8904,0.0]]],
[[[21.7886,59.8929,0.1204],[21.7892,59.8924,0.1204],[21.7931,59.8926,0.1216],[21.7903,59.8935,0.1204],[21.7886,59.8929,0.1204]]],
[[[21.7908,59.8949,0.0],[21.7847,59.8965,2.5059],[21.783,59.8943,0.4657],[21.7869,59.8935,0.0],[21.7908,59.8949,0.0]]],
[[[21.7881,59.8985,0.0],[21.7886,59.9004,0.0087],[21.7842,59.901,0.0],[21.7808,59.8976,0.0],[21.7847,59.8971,0.0],[21.7881,59.8985,0.0]]],
[[[21.8181,59.9021,0.8829],[21.8197,59.9035,2.1336],[21.8186,59.906,0.9017],[21.8086,59.9038,0.0425],[21.7958,59.9057,0.7437],[21.7875,59.9032,0.8342],[21.7919,59.9024,4.3227],[21.7903,59.901,0.814],[21.7936,59.8988,1.698],[21.7964,59.9012,2.1389],[21.803,59.9029,3.1116],[21.8092,59.8996,0.0],[21.8181,59.9021,0.8829]]],
[[[21.8236,59.9024,0.0],[21.8242,59.9038,1.1033],[21.8214,59.9051,0.0],[21.8197,59.901,1.5545],[21.8231,59.9007,0.0],[21.8236,59.9024,0.0]]],
[[[21.8564,59.9043,0.0],[21.8597,59.9051,0.0],[21.8597,59.9065,0.0],[21.8553,59.9071,0.0],[21.8508,59.9054,0.0],[21.8525,59.9038,1.2905],[21.8564,59.9043,0.0]]],
[[[21.8414,59.9071,0.0],[21.8419,59.9063,0.0],[21.8453,59.9063,0.0],[21.8447,59.9082,0.0],[21.8414,59.9071,0.0]]],
[[[21.8303,59.9082,0.0],[21.8319,59.9093,0.0],[21.8308,59.9121,0.0],[21.8247,59.9107,1.2329],[21.8236,59.9063,6.7144],[21.8258,59.9051,1.1033],[21.8247,59.9032,0.0],[21.8281,59.9035,0.0],[21.8303,59.9082,0.0]]],
[[[21.8019,59.9057,0.0],[21.8053,59.9057,0.0],[21.8064,59.9071,0.4143],[21.8036,59.9071,0.0],[21.8019,59.9057,0.0]]],
[[[21.8108,59.9071,2.2842],[21.8169,59.9065,0.0],[21.8175,59.9079,0.0],[21.8164,59.9082,1.1611],[21.8108,59.9071,2.2842]]],
[[[21.8086,59.9093,0.492],[21.8069,59.9099,3.5604],[21.8075,59.9115,0.0],[21.8036,59.911,0.0],[21.8042,59.909,0.0],[21.8019,59.9079,0.0],[21.8136,59.9082,0.0],[21.8086,59.9093,0.492]]],
[[[21.8008,59.9087,0.0],[21.8014,59.9099,2.077],[21.7986,59.9113,0.2286],[21.7953,59.9096,1.4221],[21.7975,59.9082,0.0],[21.8008,59.9087,0.0]]],
[[[21.8803,59.9132,0.8522],[21.8786,59.9124,1.4338],[21.8792,59.9135,0.8522],[21.8764,59.914,0.0],[21.8692,59.9101,2.3958],[21.8703,59.9082,4.1032],[21.8681,59.9063,0.3421],[21.8731,59.9063,1.767],[21.8692,59.9038,3.5149],[21.8753,59.9035,0.0],[21.8881,59.9099,0.0],[21.8825,59.9113,0.8383],[21.8842,59.9126,0.0],[21.8825,59.9135,0.0],[21.8803,59.9132,0.8522]]],
[[[21.8469,59.9093,1.2803],[21.8492,59.9093,1.2803],[21.8503,59.911,0.0],[21.8458,59.9099,0.0],[21.8469,59.9093,1.2803]]],
[[[21.8964,59.914,3.2044],[21.8992,59.916,0.9232],[21.8903,59.916,0.0],[21.8853,59.9137,0.0],[21.8875,59.9135,3.397],[21.8875,59.911,0.7751],[21.8925,59.9121,1.0974],[21.8903,59.9096,0.0],[21.8942,59.9096,0.0],[21.8953,59.9129,0.0],[21.8936,59.9135,0.0],[21.8964,59.914,3.2044]]],
[[[21.8469,59.9132,0.0],[21.848,59.9149,0.1151],[21.8447,59.9154,1.7818],[21.8447,59.9132,0.0],[21.8469,59.9132,0.0]]],
[[[21.8242,59.9146,0.0],[21.8253,59.9157,0.0],[21.8214,59.9154,0.5739],[21.8225,59.9137,0.0],[21.8242,59.9146,0.0]]],
[[[21.8731,59.9137,1.0883],[21.8758,59.9165,0.0],[21.8703,59.9163,0.8912],[21.8686,59.9143,0.0],[21.8697,59.9135,0.0],[21.8731,59.9137,1.0883]]],
[[[21.8642,59.9149,0.0],[21.8669,59.916,0.0],[21.8669,59.9163,0.0],[21.8619,59.916,0.0],[21.8642,59.9149,0.0]]],
[[[21.8542,59.9151,3.5653],[21.8569,59.9165,0.0],[21.8569,59.9185,0.0],[21.8547,59.919,0.0],[21.8542,59.9174,0.0],[21.8514,59.9168,0.108],[21.8508,59.9126,0.0],[21.8547,59.9132,0.0],[21.8542,59.9151,3.5653]]],
[[[21.6925,59.9135,9.6522],[21.6892,59.9163,1.0613],[21.6858,59.9163,0.0],[21.6864,59.9149,4.1434],[21.6825,59.9132,6.6112],[21.6742,59.9135,0.0],[21.6719,59.9121,0.0],[21.6703,59.9049,0.0],[21.6736,59.9035,1.4427],[21.6747,59.9057,3.8633],[21.6775,59.9057,1.5022],[21.6819,59.9093,6.1289],[21.6814,59.9069,10.3674],[21.6753,59.904,-0.0878],[21.6758,59.9018,0.0],[21.6831,59.901,2.1313],[21.6858,59.9026,0.1883],[21.6847,59.9046,0.1885],[21.6869,59.9054,0.1885],[21.6919,59.9054,1.0993],[21.6903,59.9043,0.0],[21.6953,59.9026,0.0],[21.6964,59.9049,3.2084],[21.7003,59.906,0.0],[21.6964,59.9079,7.5578],[21.6986,59.9085,0.0488],[21.6969,59.9099,7.0611],[21.6997,59.911,6.3134],[21.6964,59.9132,4.5907],[21.6925,59.9135,9.6522]]],
[[[21.6542,59.9115,7.247],[21.6486,59.9135,0.7694],[21.6492,59.9115,7.1601],[21.6453,59.9113,0.623],[21.6453,59.909,0.0],[21.6508,59.9093,2.336],[21.6531,59.9054,0.0],[21.6553,59.906,0.0],[21.6547,59.9076,1.692],[21.6603,59.9076,0.0],[21.6564,59.9087,1.692],[21.6542,59.9115,7.247]]],
[[[21.6592,59.9096,0.2121],[21.6608,59.9104,0.2121],[21.6558,59.9107,0.2844],[21.6569,59.9093,0.451],[21.6592,59.9096,0.2121]]],
[[[21.6508,59.9157,0.0],[21.6508,59.9168,0.0],[21.6458,59.9179,0.0],[21.643,59.9174,0.0],[21.643,59.916,0.0],[21.6469,59.9146,0.0],[21.6508,59.9157,0.0]]],
[[[21.7503,59.9212,0.7685],[21.7414,59.9226,1.9608],[21.7347,59.9199,5.5932],[21.7292,59.921,0.0],[21.7264,59.919,1.3356],[21.7242,59.9207,0.0],[21.7192,59.919,0.0],[21.7219,59.9179,1.7735],[21.7181,59.9168,1.3153],[21.7186,59.9154,13.7318],[21.7081,59.916,0.0],[21.7042,59.9113,0.0],[21.7153,59.9124,2.2676],[21.7036,59.909,0.0],[21.7069,59.9082,0.0],[21.7169,59.9107,0.0],[21.7275,59.9154,0.0],[21.7281,59.9171,6.7649],[21.7325,59.916,3.1736],[21.7358,59.9171,6.5039],[21.7364,59.9157,0.0],[21.7325,59.9135,7.6238],[21.7292,59.9137,7.6238],[21.7258,59.911,0.0],[21.7292,59.9099,0.0],[21.7353,59.911,4.8001],[21.7336,59.9099,0.0],[21.7364,59.9093,0.6501],[21.7436,59.9124,1.3284],[21.7431,59.914,7.566],[21.7475,59.9165,0.0],[21.7469,59.919,8.9192],[21.7536,59.9185,0.0],[21.7536,59.9204,0.0],[21.7503,59.9212,0.7685]]],
[[[21.6997,59.9157,0.0],[21.6969,59.9179,2.0441],[21.6919,59.9174,0.0],[21.6975,59.9151,0.0],[21.6997,59.9157,0.0]]],
[[[21.7653,59.9224,0.0],[21.7664,59.924,0.0],[21.7636,59.9251,2.9164],[21.7603,59.9235,0.0],[21.7625,59.9226,3.2727],[21.7569,59.9201,0.0],[21.7631,59.9188,0.0],[21.7636,59.9199,0.0],[21.7603,59.921,1.8982],[21.7664,59.9218,0.0],[21.7653,59.9224,0.0]]],
[[[21.758,59.9221,2.1576],[21.7597,59.9243,0.0],[21.7525,59.924,0.0],[21.7547,59.9221,7.5437],[21.758,59.9221,2.1576]]],
[[[21.6736,59.9174,0.0],[21.6686,59.9185,0.0],[21.6681,59.9154,0.0],[21.6714,59.9143,0.0],[21.6736,59.916,0.0],[21.6703,59.9168,0.0],[21.6736,59.9174,0.0]]],
[[[21.6658,59.9174,0.0],[21.6625,59.9188,0.0],[21.6525,59.9182,0.0],[21.6631,59.9163,0.0],[21.6658,59.9174,0.0]]],
[[[21.6669,59.9212,0.0],[21.6714,59.9212,0.0],[21.6719,59.9221,0.0],[21.6653,59.9218,0.0],[21.6669,59.9212,0.0]]],
[[[21.6642,59.9226,0.0],[21.6603,59.9254,0.0],[21.6575,59.9232,0.0],[21.6603,59.9221,0.0],[21.6642,59.9226,0.0]]],
[[[21.6953,59.9276,0.0],[21.6936,59.9293,2.1646],[21.6875,59.9285,0.0],[21.6903,59.9274,2.926],[21.6953,59.9276,0.0]]],
[[[21.7475,59.9279,0.0],[21.7492,59.9276,0.0],[21.7503,59.929,0.0],[21.7469,59.9299,3.4967],[21.7475,59.9279,0.0]]],
[[[21.7525,59.9329,1.2746],[21.7503,59.9335,4.6592],[21.7508,59.9346,0.7477],[21.7475,59.9346,1.5108],[21.7325,59.9265,0.0],[21.7353,59.9249,0.0],[21.7419,59.9249,0.0],[21.7442,59.926,3.1769],[21.7436,59.9276,8.7378],[21.7458,59.9301,3.4967],[21.7547,59.9315,0.0],[21.7525,59.9329,1.2746]]],
[[[21.6969,59.9287,0.0],[21.6981,59.9296,0.0],[21.6969,59.9304,2.4175],[21.6936,59.9304,2.1646],[21.6936,59.9296,2.1646],[21.6969,59.9287,0.0]]],
[[[21.5897,59.7376,0.0],[21.5897,59.7388,0.0],[21.5808,59.7388,0.0],[21.5847,59.7365,0.0],[21.5897,59.7376,0.0]]],
[[[21.5986,59.7507,0.6942],[21.6014,59.7529,0.0],[21.5975,59.7535,1.8031],[21.5947,59.7513,0.0],[21.5953,59.7504,0.0],[21.5986,59.7507,0.6942]]],
[[[21.5625,59.7535,0.0],[21.5647,59.7535,0.0],[21.5653,59.7557,0.0],[21.5619,59.756,0.0],[21.5625,59.7535,0.0]]],
[[[21.5731,59.7599,0.0],[21.5753,59.7626,0.0],[21.5719,59.7629,0.0],[21.5697,59.7613,0.0],[21.5703,59.7601,0.0],[21.5731,59.7599,0.0]]],
[[[21.5542,59.7624,0.0],[21.5553,59.7632,0.0],[21.5536,59.7643,0.0],[21.5464,59.7629,0.0],[21.5508,59.761,0.0],[21.5542,59.7624,0.0]]],
[[[21.5403,59.7626,0.0],[21.5425,59.7654,0.0],[21.5364,59.7638,0.0],[21.5369,59.7626,0.0],[21.5403,59.7626,0.0]]],
[[[21.5719,59.7635,0.0],[21.5736,59.7635,0.4305],[21.5731,59.7657,0.0],[21.5692,59.7651,0.0],[21.5692,59.764,0.0],[21.5719,59.7635,0.0]]],
[[[21.5997,59.7657,0.5697],[21.6025,59.7665,0.0],[21.6025,59.7682,0.0],[21.5953,59.7679,0.2396],[21.5908,59.7651,0.0],[21.5931,59.7646,0.0],[21.5997,59.7657,0.5697]]],
[[[21.5142,59.7865,0.0],[21.5086,59.7882,0.0],[21.5036,59.7876,0.0],[21.5103,59.7854,0.0],[21.5153,59.786,0.0],[21.5142,59.7865,0.0]]],
[[[21.5086,59.7888,0.0],[21.5136,59.7882,0.0],[21.5142,59.7893,0.0],[21.5075,59.7893,0.0],[21.5086,59.7888,0.0]]],
[[[21.5036,59.7901,0.0],[21.5008,59.7918,0.0],[21.4992,59.791,0.0],[21.5025,59.7893,0.0],[21.5036,59.7901,0.0]]],
[[[21.5086,59.7901,0.0],[21.5114,59.7907,0.0],[21.5119,59.7918,0.0],[21.5075,59.7913,0.0],[21.5086,59.7901,0.0]]],
[[[21.5908,59.7671,0.0],[21.5931,59.769,0.0],[21.5819,59.7682,0.219],[21.5803,59.766,0.2344],[21.5825,59.7646,0.0],[21.5853,59.7657,0.0],[21.5842,59.7665,0.6015],[21.5908,59.7671,0.0]]],
[[[21.588,59.7743,0.0],[21.5869,59.776,0.0],[21.5881,59.7771,0.0],[21.5847,59.7771,0.0],[21.5853,59.7746,0.0],[21.588,59.7743,0.0]]],
[[[21.5819,59.7762,0.0],[21.5831,59.7774,0.0],[21.5786,59.7782,0.0],[21.5736,59.7768,0.0],[21.5764,59.7751,0.0],[21.5819,59.7762,0.0]]],
[[[21.6064,59.8099,0.0],[21.6031,59.8132,0.0],[21.5986,59.811,0.0],[21.6058,59.8074,0.0],[21.6075,59.8085,0.0],[21.6064,59.8099,0.0]]],
[[[21.4142,59.7343,1.387],[21.4175,59.7337,0.0],[21.4186,59.7365,0.2119],[21.4086,59.7349,0.0],[21.4092,59.7343,0.0],[21.4142,59.7343,1.387]]],
[[[21.428,59.736,0.5744],[21.4308,59.7382,0.0],[21.4275,59.7385,2.5141],[21.4247,59.7368,0.4357],[21.428,59.736,0.5744]]],
[[[21.4464,59.7726,1.0353],[21.4475,59.774,0.0],[21.4447,59.7749,0.4112],[21.4397,59.774,0.0],[21.4419,59.7718,0.0],[21.4464,59.7726,1.0353]]],
[[[21.4081,59.789,0.0],[21.4092,59.7901,0.0],[21.4069,59.791,0.0],[21.4036,59.789,0.0],[21.4031,59.7868,0.0],[21.4069,59.7846,0.0],[21.4103,59.7874,0.0],[21.4081,59.789,0.0]]],
[[[21.3653,59.7868,0.2768],[21.3614,59.789,0.0],[21.3569,59.7879,0.7593],[21.3653,59.7846,3.3729],[21.3581,59.7832,1.1482],[21.3564,59.781,2.1909],[21.3714,59.7793,1.3639],[21.3681,59.7774,0.0],[21.3675,59.774,0.0],[21.3781,59.776,0.4694],[21.3797,59.7735,1.0456],[21.3781,59.7724,0.0],[21.3836,59.7721,1.2565],[21.3914,59.7743,0.0],[21.3869,59.7762,0.0],[21.3797,59.7757,0.2141],[21.3842,59.7771,0.58],[21.3842,59.7804,0.9178],[21.3808,59.7813,0.6374],[21.3803,59.7824,0.3321],[21.3825,59.7838,-0.5494],[21.3803,59.7849,0.0982],[21.3792,59.7835,0.3321],[21.3714,59.7826,0.0],[21.3697,59.7868,0.0],[21.3653,59.7868,0.2768]]],
[[[21.4003,59.7854,0.0],[21.3953,59.7874,0.0],[21.3931,59.7843,0.095],[21.3986,59.7843,0.0],[21.4003,59.7854,0.0]]],
[[[21.3931,59.7929,0.0],[21.3903,59.7957,0.0],[21.3853,59.7938,-0.1742],[21.3892,59.7904,3.6242],[21.3836,59.7915,-0.5132],[21.3842,59.7865,0.0145],[21.3808,59.7871,0.9781],[21.383,59.7904,-0.3917],[21.3819,59.7946,-0.172],[21.3786,59.7946,-0.3244],[21.3786,59.7932,0.3536],[21.3708,59.7938,0.0],[21.3642,59.7918,0.0],[21.3642,59.7901,0.0],[21.3714,59.7888,1.5427],[21.3747,59.7863,0.0],[21.3819,59.7865,0.0145],[21.3836,59.7849,-0.5494],[21.3897,59.7843,0.0],[21.3919,59.7851,0.095],[21.3914,59.7865,0.0],[21.3931,59.7868,0.0],[21.3936,59.789,0.2134],[21.3897,59.7924,0.4608],[21.3931,59.7929,0.0]]],
[[[21.3881,59.8154,0.0],[21.3853,59.8179,0.0],[21.383,59.8171,0.0],[21.3842,59.8151,0.0],[21.3881,59.8154,0.0]]],
[[[21.4208,59.7874,1.0493],[21.4236,59.7874,0.0],[21.4236,59.7899,0.0],[21.4192,59.7885,0.0],[21.4208,59.7874,1.0493]]],
[[[21.4164,59.8051,0.0],[21.4181,59.8063,0.0],[21.4125,59.806,0.0],[21.4131,59.8051,0.0],[21.4164,59.8051,0.0]]],
[[[21.4614,59.8082,0.0],[21.4625,59.8107,0.0],[21.4614,59.8118,0.0],[21.4569,59.8104,0.0],[21.4581,59.8088,0.0],[21.4614,59.8082,0.0]]],
[[[21.4275,59.8104,0.0],[21.4286,59.8112,0.0],[21.4269,59.8124,0.0],[21.4236,59.8115,-0.0465],[21.4242,59.8107,-0.2772],[21.4275,59.8104,0.0]]],
[[[21.4636,59.8146,0.0],[21.4697,59.816,0.0],[21.4708,59.8171,0.0],[21.4597,59.8149,0.0],[21.4636,59.8146,0.0]]],
[[[21.4597,59.8229,0.0],[21.4631,59.8224,0.0],[21.4636,59.8243,0.0],[21.4586,59.8238,0.0],[21.4597,59.8229,0.0]]],
[[[21.4203,59.8279,0.0],[21.4186,59.8299,0.2463],[21.4136,59.829,0.0],[21.4158,59.8268,0.0],[21.4203,59.8279,0.0]]],
[[[21.4336,59.8276,0.5193],[21.4342,59.8288,0.0],[21.4325,59.8296,0.0],[21.4253,59.8293,0.1253],[21.4275,59.8271,0.7396],[21.4336,59.8276,0.5193]]],
[[[21.5636,59.8104,0.0],[21.5675,59.8129,0.0],[21.5603,59.8124,0.0],[21.5614,59.8101,0.0],[21.5636,59.8104,0.0]]],
[[[21.5592,59.8135,0.0],[21.5619,59.8143,0.3901],[21.5581,59.8151,0.3493],[21.5503,59.8118,0.0],[21.5575,59.8124,0.0],[21.5592,59.8135,0.0]]],
[[[21.6436,59.8346,0.1632],[21.6469,59.8363,0.0],[21.6364,59.8346,0.3195],[21.6247,59.8299,2.1078],[21.6053,59.8338,0.0],[21.5975,59.8332,0.0],[21.5958,59.8307,0.0],[21.5897,59.8287,5.8554],[21.5836,59.8299,0.0],[21.5814,59.8274,0.0],[21.5847,59.8263,1.5393],[21.5825,59.8246,0.1475],[21.5792,59.8265,0.0],[21.5764,59.8257,0.0],[21.5758,59.8243,0.0],[21.5797,59.8238,0.1475],[21.5786,59.8221,1.0156],[21.5725,59.821,0.0],[21.5642,59.8168,0.3574],[21.5564,59.8157,-0.1124],[21.5636,59.8151,0.0],[21.5731,59.819,0.7847],[21.5753,59.8171,0.5827],[21.5719,59.8137,0.0],[21.5747,59.8135,0.0],[21.5819,59.8157,0.2951],[21.5825,59.8193,-0.0047],[21.5875,59.819,0.3173],[21.5831,59.8163,-0.0943],[21.5858,59.8157,0.0332],[21.5958,59.8218,0.0],[21.6008,59.8221,1.5985],[21.6097,59.8263,0.9575],[21.6242,59.8238,0.0361],[21.6264,59.8257,0.0349],[21.6319,59.826,0.0519],[21.6342,59.8318,0.0],[21.6436,59.8346,0.1632]]],
[[[21.5458,59.8246,0.0],[21.5464,59.826,0.0],[21.5442,59.8274,0.0],[21.5392,59.826,0.0],[21.5425,59.824,2.7869],[21.5458,59.8246,0.0]]],
[[[21.5764,59.8332,2.134],[21.5747,59.8349,1.1513],[21.5697,59.8354,0.2886],[21.5647,59.8318,0.7087],[21.5697,59.8304,0.0],[21.5764,59.8332,2.134]]],
[[[21.6136,59.8371,0.0],[21.6119,59.8393,0.0],[21.6069,59.8382,0.0],[21.6119,59.8365,0.0],[21.6136,59.8371,0.0]]],
[[[21.5825,59.8688,0.0],[21.5853,59.869,0.0],[21.5853,59.8707,0.0],[21.5803,59.8701,0.0],[21.5825,59.8688,0.0]]],
[[[21.6086,59.8704,0.0],[21.6108,59.8707,0.0],[21.6114,59.8721,0.0],[21.6069,59.871,0.0],[21.6086,59.8704,0.0]]],
[[[21.5231,59.8024,0.0],[21.5197,59.8054,0.0],[21.5114,59.8007,0.0],[21.518,59.8026,0.0],[21.5192,59.8015,0.0],[21.5231,59.8024,0.0]]],
[[[21.4753,59.8238,3.4934],[21.4786,59.8235,0.0],[21.4792,59.8251,1.8312],[21.4736,59.8254,3.4934],[21.4753,59.8238,3.4934]]],
[[[21.5297,59.9024,0.0],[21.5325,59.904,0.0],[21.5264,59.904,0.0],[21.5264,59.9032,0.0],[21.5297,59.9024,0.0]]],
[[[21.5136,59.9274,0.0],[21.5092,59.929,0.0],[21.5064,59.9287,0.0],[21.5092,59.926,0.0],[21.5136,59.9274,0.0]]],
[[[21.5864,59.8726,0.0],[21.5881,59.8746,0.0],[21.5847,59.8751,1.8424],[21.5847,59.8735,0.0],[21.5864,59.8726,0.0]]],
[[[21.6153,59.8751,0.0],[21.6125,59.8771,0.0],[21.6103,59.8765,0.0],[21.6136,59.8749,0.0],[21.6153,59.8751,0.0]]],
[[[21.6131,59.8821,1.1808],[21.6147,59.8835,0.0],[21.6036,59.8829,0.9028],[21.6019,59.8821,0.9028],[21.6036,59.8812,2.4462],[21.6019,59.8796,6.9919],[21.6008,59.8796,2.6703],[21.6014,59.8815,2.4462],[21.5975,59.881,0.8249],[21.5986,59.8796,0.6295],[21.5975,59.8782,0.0],[21.6053,59.874,0.0],[21.6064,59.8765,1.3067],[21.6053,59.8774,0.2353],[21.6086,59.8779,0.0],[21.6075,59.8804,0.0],[21.6131,59.8821,1.1808]]],
[[[21.5914,59.8793,0.0],[21.5931,59.8807,0.0],[21.5886,59.8804,0.0],[21.5892,59.879,0.0],[21.5914,59.8793,0.0]]],
[[[21.3808,59.8174,0.0],[21.3792,59.8193,0.0],[21.3725,59.8185,0.0],[21.3764,59.8163,0.0],[21.3808,59.8174,0.0]]],
[[[21.3669,59.8179,0.0],[21.3653,59.8193,0.0],[21.3586,59.819,0.0],[21.3608,59.8176,0.2715],[21.3669,59.8179,0.0]]],
[[[21.3825,59.8357,1.0476],[21.3847,59.8354,0.0],[21.3864,59.8363,0.0],[21.3814,59.8365,1.0476],[21.3825,59.8357,1.0476]]],
[[[21.3542,59.8387,0.0],[21.3564,59.8404,0.0],[21.3492,59.8404,0.0],[21.3519,59.8385,0.0],[21.3542,59.8387,0.0]]],
[[[21.4492,59.8318,0.0],[21.4536,59.834,0.0],[21.4425,59.8329,0.0],[21.4447,59.8315,0.0],[21.4492,59.8318,0.0]]],
[[[21.4369,59.8343,0.0],[21.4375,59.836,0.0],[21.4353,59.8374,0.0],[21.4325,59.836,2.8325],[21.4236,59.8371,0.0],[21.4219,59.8354,0.0],[21.4258,59.8332,0.0],[21.4281,59.8346,0.3227],[21.4314,59.8335,0.0],[21.4369,59.8343,0.0]]],
[[[21.4253,59.8376,0.0],[21.4275,59.8371,0.0],[21.4286,59.839,0.0],[21.4231,59.839,0.0],[21.4253,59.8376,0.0]]],
[[[21.4647,59.9115,5.4982],[21.4592,59.9137,4.3326],[21.4525,59.9104,0.0],[21.4581,59.909,1.2874],[21.4553,59.9082,0.3638],[21.4553,59.906,0.8317],[21.4608,59.9026,0.0],[21.4664,59.9068,0.825],[21.4697,59.9068,0.0],[21.4681,59.9115,0.092],[21.4647,59.9115,5.4982]]],
[[[21.3742,59.8404,0.0],[21.3747,59.8429,1.2109],[21.3731,59.8435,1.2109],[21.3697,59.841,0.3898],[21.3714,59.8401,0.0],[21.3742,59.8404,0.0]]],
[[[21.3658,59.8432,0.0],[21.3686,59.8424,0.0],[21.3692,59.8443,0.0],[21.3597,59.8435,0.0],[21.3603,59.8429,0.0],[21.3658,59.8432,0.0]]],
[[[21.3558,59.9204,0.5646],[21.3569,59.9226,0.0],[21.3519,59.9226,0.0],[21.3503,59.9215,0.0],[21.3525,59.9201,3.7526],[21.3508,59.9174,0.218],[21.3536,59.9171,1.0027],[21.3558,59.9204,0.5646]]],
[[[21.3647,59.9421,0.0],[21.3631,59.9432,0.7352],[21.3653,59.9437,0.0],[21.3614,59.9443,0.0],[21.3597,59.9418,0.0],[21.3631,59.9399,0.0],[21.3658,59.941,0.0],[21.3647,59.9421,0.0]]],
[[[21.3653,59.9449,0.0],[21.3675,59.9471,0.0],[21.3603,59.9465,0.0],[21.3608,59.9457,0.0],[21.3653,59.9449,0.0]]],
[[[21.3575,59.9465,0.0],[21.3575,59.9476,0.0],[21.3514,59.9482,0.0],[21.3519,59.9471,0.0],[21.3575,59.9465,0.0]]],
[[[21.3475,59.956,1.517],[21.3519,59.9557,0.0],[21.3525,59.9565,0.0],[21.3442,59.9568,0.0],[21.3475,59.956,1.517]]],
[[[21.3492,59.9576,0.0],[21.3503,59.9582,0.0],[21.3458,59.9588,0.0],[21.3464,59.9579,0.0],[21.3492,59.9576,0.0]]],
[[[21.3397,59.8424,1.385],[21.3375,59.8446,1.0508],[21.3319,59.8435,0.4712],[21.3325,59.8424,0.4712],[21.3369,59.8432,0.0],[21.3364,59.8413,0.0],[21.3408,59.8415,0.0],[21.3397,59.8424,1.385]]],
[[[21.3242,59.8529,0.0],[21.3264,59.8546,0.8766],[21.3231,59.8551,1.344],[21.3225,59.8532,0.0],[21.3242,59.8529,0.0]]],
[[[21.3008,59.9049,0.0],[21.3036,59.9046,0.6415],[21.303,59.9068,0.0],[21.3003,59.9063,0.0],[21.3008,59.9049,0.0]]],
[[[21.3419,59.936,0.0],[21.3447,59.934,0.1111],[21.348,59.9349,0.0],[21.348,59.9357,0.0],[21.3419,59.936,0.0]]],
[[[21.2919,59.9226,0.0],[21.2947,59.9218,0.0],[21.2964,59.9238,0.0],[21.2942,59.9238,0.0],[21.2919,59.9226,0.0]]],
[[[21.2742,59.9338,0.4611],[21.2714,59.9357,0.0],[21.2642,59.9349,3.1892],[21.2653,59.9332,0.0],[21.2742,59.9338,0.4611]]],
[[[21.2958,59.9362,0.3012],[21.2975,59.9357,0.0],[21.2981,59.9371,0.0],[21.2919,59.9374,0.0],[21.2925,59.9365,0.0],[21.2958,59.9362,0.3012]]],
[[[21.2831,59.9396,0.5968],[21.2803,59.9418,0.9292],[21.2769,59.9415,3.0073],[21.2742,59.939,1.5351],[21.2758,59.9376,1.3821],[21.2742,59.9365,2.245],[21.2747,59.9346,0.4611],[21.2831,59.9376,0.2809],[21.2831,59.9396,0.5968]]],
[[[21.3381,59.9346,0.0],[21.3386,59.9357,0.0],[21.3358,59.9379,0.3866],[21.3314,59.9374,0.0],[21.3358,59.9346,0.0],[21.3381,59.9346,0.0]]],
[[[21.3381,59.9454,0.0],[21.3347,59.9474,0.0],[21.3325,59.9471,0.0],[21.3375,59.9443,0.0],[21.3381,59.9454,0.0]]],
[[[21.3275,59.9457,0.7082],[21.3292,59.9476,0.9016],[21.3231,59.9468,0.0],[21.3236,59.946,1.8358],[21.3275,59.9457,0.7082]]],
[[[21.3253,59.949,0.7442],[21.3275,59.9507,0.0],[21.3225,59.9501,1.1045],[21.3231,59.949,1.1045],[21.3253,59.949,0.7442]]],
[[[21.2736,59.9426,1.1354],[21.2747,59.9446,0.0],[21.2714,59.9454,0.0],[21.2708,59.9429,0.0],[21.2736,59.9426,1.1354]]],
[[[21.2531,59.9488,0.8099],[21.2547,59.9504,0.0],[21.2508,59.9504,0.0],[21.2514,59.9488,0.8099],[21.2531,59.9488,0.8099]]],
[[[21.2686,59.9504,0.0],[21.2697,59.9504,0.0],[21.2697,59.9529,2.7506],[21.2636,59.9532,0.0],[21.2669,59.9521,0.5816],[21.2686,59.9504,0.0]]],
[[[21.2481,59.9524,0.0],[21.2503,59.9529,2.5617],[21.2503,59.9515,0.0],[21.2525,59.951,0.0],[21.2553,59.9518,0.0],[21.2553,59.9538,0.0],[21.2464,59.9551,0.0],[21.2481,59.9532,0.0],[21.2436,59.9535,0.0],[21.2481,59.9524,0.0]]],
[[[21.3369,59.9507,0.0],[21.3403,59.9504,0.0],[21.3392,59.9518,0.0],[21.3353,59.9515,0.0],[21.3369,59.9507,0.0]]],
[[[21.3214,59.9504,1.1045],[21.3242,59.951,0.3361],[21.3247,59.9521,0.4903],[21.3197,59.9521,1.9313],[21.3214,59.9504,1.1045]]],
[[[21.3164,59.9507,0.4511],[21.3197,59.9515,1.3005],[21.3164,59.9535,3.0137],[21.3131,59.9529,0.0],[21.3136,59.9512,0.0],[21.3164,59.9507,0.4511]]],
[[[21.3286,59.9532,0.175],[21.3258,59.9538,0.0],[21.3247,59.9521,0.4903],[21.3331,59.9524,0.0],[21.3319,59.9532,0.0],[21.3286,59.9532,0.175]]],
[[[21.2619,59.9524,0.0],[21.2636,59.9562,1.1805],[21.2592,59.9565,0.0],[21.2597,59.9554,4.9854],[21.258,59.9546,0.0],[21.2597,59.9532,2.0703],[21.2575,59.9515,0.0],[21.2619,59.9524,0.0]]],
[[[21.2997,59.9532,0.0],[21.3019,59.9546,0.913],[21.2953,59.954,0.0],[21.2969,59.9532,0.0],[21.2997,59.9532,0.0]]],
[[[21.2964,59.9565,0.0],[21.2953,59.9582,0.0],[21.2925,59.9579,0.0],[21.2931,59.9574,0.0],[21.2964,59.9565,0.0]]],
[[[21.2564,59.9593,0.0],[21.2581,59.9568,0.0],[21.2608,59.9574,0.0],[21.2603,59.959,0.0],[21.2564,59.9593,0.0]]],
[[[21.3175,59.9535,0.3243],[21.3214,59.9526,0.3848],[21.3225,59.9543,0.0],[21.3186,59.9546,0.0],[21.3175,59.9535,0.3243]]],
[[[21.3131,59.954,0.0],[21.3169,59.9546,0.0],[21.3147,59.9557,0.0],[21.3108,59.9549,0.0],[21.3131,59.954,0.0]]],
[[[21.3014,59.9557,0.0],[21.3047,59.9551,0.0],[21.3053,59.9565,0.2317],[21.3014,59.9568,0.0],[21.3014,59.9557,0.0]]],
[[[21.3114,59.9576,0.0],[21.3053,59.9588,0.0],[21.3025,59.9582,0.0],[21.3136,59.9562,0.0],[21.3114,59.9576,0.0]]],
[[[21.2642,59.9613,0.9171],[21.2608,59.9632,3.1273],[21.2586,59.9626,0.0],[21.2631,59.9604,1.0053],[21.2642,59.9568,0.6994],[21.2681,59.9562,0.0],[21.2664,59.961,0.9171],[21.2642,59.9613,0.9171]]],
[[[21.2992,59.9582,0.0],[21.3014,59.9585,0.0],[21.3014,59.9604,2.5946],[21.2958,59.9618,0.0],[21.2969,59.9593,4.331],[21.2958,59.9588,0.0],[21.2992,59.9582,0.0]]],
[[[21.2397,59.9593,1.6299],[21.2436,59.9607,0.4781],[21.2381,59.961,0.0],[21.2375,59.9593,0.0],[21.2397,59.9593,1.6299]]],
[[[21.2936,59.9612,0.6114],[21.2931,59.9643,0.0],[21.2853,59.9613,2.3057],[21.2803,59.9624,0.0],[21.2831,59.9596,0.0],[21.2881,59.9588,0.5188],[21.2892,59.959,0.0],[21.2886,59.961,1.3383],[21.2936,59.9612,0.6114]]],
[[[21.3375,59.9571,0.0],[21.3381,59.9585,0.0],[21.3353,59.9599,0.0],[21.3269,59.9579,0.0],[21.3347,59.9557,1.0194],[21.3375,59.9571,0.0]]],
[[[21.3192,59.959,0.0],[21.3208,59.9604,0.0],[21.3125,59.9596,0.0],[21.3136,59.9582,0.0],[21.3192,59.959,0.0]]],
[[[21.3025,59.9596,2.5946],[21.3058,59.9588,0.0],[21.3069,59.959,0.0],[21.3014,59.9607,0.0],[21.3025,59.9596,2.5946]]],
[[[21.3442,59.964,0.0],[21.3403,59.9657,0.0],[21.3325,59.9635,4.0324],[21.3247,59.9651,1.7493],[21.3242,59.9615,0.0],[21.3381,59.9607,1.3684],[21.3503,59.9626,0.0],[21.3492,59.964,0.0],[21.3442,59.964,0.0]]],
[[[21.3025,59.9618,0.0],[21.3114,59.9585,0.0],[21.3119,59.9604,0.0],[21.3103,59.9613,0.0],[21.3153,59.9626,0.0],[21.3153,59.9613,0.0],[21.3208,59.9612,0.0],[21.3231,59.9646,0.298],[21.3197,59.9654,3.0471],[21.3181,59.9643,0.0686],[21.3136,59.9696,0.9294],[21.3114,59.9701,0.9294],[21.3103,59.9696,0.7177],[21.3108,59.9668,0.0],[21.3092,59.9679,0.0],[21.3047,59.9671,0.0],[21.3036,59.9646,0.632],[21.3053,59.964,4.0606],[21.3025,59.9618,0.0]]],
[[[21.3014,59.9635,0.0],[21.3031,59.964,0.632],[21.303,59.9676,0.0],[21.2969,59.9668,1.6599],[21.2975,59.9649,0.0],[21.3014,59.9635,0.0]]],
[[[21.3303,59.9682,0.0],[21.3253,59.9699,1.0014],[21.3192,59.9696,0.0],[21.3225,59.9676,0.0],[21.3264,59.9679,0.0],[21.3292,59.9654,0.0],[21.3336,59.9657,0.0],[21.3292,59.9676,1.1196],[21.3303,59.9682,0.0]]],
[[[21.3419,59.9699,0.0],[21.3414,59.9712,0.4538],[21.3375,59.9715,0.0],[21.3392,59.9699,0.0],[21.3419,59.9699,0.0]]],
[[[21.2458,59.9632,0.0],[21.2408,59.9657,0.0],[21.2397,59.9626,1.0644],[21.2419,59.9624,1.1998],[21.2458,59.9632,0.0]]],
[[[21.2547,59.9665,0.0],[21.2514,59.9688,0.0],[21.2447,59.9676,0.0],[21.2492,59.9635,0.0],[21.2531,59.9637,0.0],[21.2547,59.9665,0.0]]],
[[[21.2603,59.966,0.0],[21.2619,59.9668,0.0],[21.2608,59.969,0.0],[21.2569,59.9674,0.0],[21.2575,59.966,0.0],[21.2603,59.966,0.0]]],
[[[21.2575,59.9685,0.0],[21.2597,59.9693,0.0],[21.258,59.9715,0.0],[21.2536,59.9693,1.3071],[21.2542,59.9676,0.0],[21.2575,59.9685,0.0]]],
[[[21.2675,59.9688,6.7463],[21.2647,59.9715,1.0225],[21.2619,59.9699,4.7371],[21.2642,59.9679,0.0],[21.2675,59.9688,6.7463]]],
[[[21.2414,59.9735,0.0],[21.2442,59.974,0.5303],[21.2397,59.9749,2.0918],[21.2375,59.9732,0.8984],[21.2392,59.9729,2.6321],[21.2414,59.9735,0.0]]],
[[[21.2419,59.976,0.0],[21.2392,59.9763,1.0049],[21.2369,59.9751,0.0],[21.2397,59.9749,2.0918],[21.2419,59.976,0.0]]],
[[[21.3008,59.9757,2.2176],[21.2997,59.9793,0.0],[21.2881,59.9796,1.1123],[21.2864,59.979,1.1123],[21.2847,59.9749,1.6859],[21.2881,59.9726,0.0],[21.2919,59.9724,1.4712],[21.2953,59.9765,0.3248],[21.2981,59.9743,0.9001],[21.3008,59.9743,0.7715],[21.3008,59.9757,2.2176]]],
[[[21.2369,59.9637,0.0],[21.2392,59.9663,0.0],[21.2353,59.9654,1.5968],[21.2353,59.9637,0.0],[21.2369,59.9637,0.0]]],
[[[21.2392,59.9671,0.0],[21.2397,59.9682,0.0],[21.2364,59.9693,0.0],[21.2336,59.9688,0.0],[21.2342,59.9671,0.0],[21.2392,59.9671,0.0]]],
[[[21.2314,59.9701,3.303],[21.223,59.9712,0.0],[21.2253,59.9688,2.7137],[21.2325,59.9696,3.303],[21.2314,59.9701,3.303]]],
[[[21.2386,59.9726,0.8984],[21.2369,59.9721,5.8754],[21.2336,59.9754,1.0086],[21.2303,59.9718,0.0],[21.2386,59.969,2.8362],[21.2419,59.9704,4.4213],[21.2431,59.9685,0.0],[21.2458,59.9685,1.1699],[21.2481,59.9704,0.0],[21.2475,59.9729,0.0],[21.2442,59.9729,0.0],[21.2436,59.9715,4.8553],[21.2419,59.9715,4.8553],[21.2425,59.9729,0.0],[21.2386,59.9726,0.8984]]],
[[[21.1947,59.9718,0.0],[21.1975,59.9721,0.0],[21.1914,59.9724,0.0],[21.1925,59.9715,0.0],[21.1947,59.9718,0.0]]],
[[[21.2136,59.9724,0.0],[21.2108,59.9738,0.0],[21.2064,59.9732,0.0],[21.2103,59.9715,0.0],[21.2136,59.9724,0.0]]],
[[[21.2269,59.9729,4.2628],[21.2292,59.9721,0.0],[21.2297,59.9743,0.0],[21.2253,59.9738,0.0],[21.2269,59.9729,4.2628]]],
[[[21.1936,59.9738,0.0],[21.2008,59.974,1.3307],[21.2025,59.9751,0.0],[21.1886,59.9749,0.0],[21.1936,59.9738,0.0]]],
[[[21.2186,59.9765,0.0],[21.2203,59.9757,0.0],[21.2208,59.9776,0.0],[21.2136,59.9776,0.0],[21.2119,59.9762,0.0],[21.2169,59.9751,0.0],[21.2186,59.9765,0.0]]],
[[[21.1769,59.9768,0.0],[21.1747,59.9788,0.0],[21.1719,59.9788,0.0],[21.1742,59.9768,0.0],[21.1769,59.9768,0.0]]],
[[[21.1758,59.9821,0.0],[21.1708,59.9826,0.0],[21.1697,59.9815,1.1825],[21.1753,59.9804,0.0],[21.1747,59.979,0.0],[21.1914,59.9776,1.7897],[21.1903,59.9813,0.0],[21.1869,59.9804,3.5678],[21.1758,59.9821,0.0]]],
[[[21.2314,59.979,1.0131],[21.2308,59.9804,1.0131],[21.2269,59.9807,0.0],[21.2281,59.9793,0.9138],[21.2314,59.979,1.0131]]],
[[[21.2064,59.9799,1.6992],[21.2042,59.9818,0.0],[21.2008,59.9815,0.0],[21.2031,59.9793,1.1628],[21.2092,59.9782,0.0],[21.2064,59.9799,1.6992]]],
[[[21.2369,59.981,1.9727],[21.2364,59.9832,0.0],[21.2303,59.9818,0.0],[21.2381,59.9801,0.0],[21.2369,59.981,1.9727]]],
[[[21.2158,59.9829,0.0],[21.2186,59.9826,0.0],[21.2192,59.9832,0.0],[21.2142,59.9837,0.0],[21.2158,59.9829,0.0]]],
[[[21.2064,59.9824,0.8998],[21.2086,59.9824,0.8998],[21.2069,59.986,0.0],[21.2003,59.9837,0.0],[21.2008,59.9829,0.0],[21.2064,59.9824,0.8998]]],
[[[21.6008,59.8818,1.6517],[21.6036,59.884,0.0],[21.598,59.8838,0.0],[21.5981,59.8818,0.8249],[21.6008,59.8818,1.6517]]],
[[[21.5931,59.8932,0.0],[21.5819,59.894,0.0],[21.5869,59.8915,0.0],[21.5931,59.8918,0.0],[21.5931,59.8932,0.0]]],
[[[21.6164,59.8932,0.0],[21.6119,59.8963,0.0],[21.6092,59.8951,0.0],[21.6136,59.8929,0.0],[21.6164,59.8932,0.0]]],
[[[21.5953,59.8957,0.0],[21.5892,59.8979,0.0],[21.5869,59.8971,0.0],[21.5886,59.896,0.0],[21.5847,59.8951,0.0],[21.5947,59.8943,0.7645],[21.5964,59.8921,0.7884],[21.5992,59.8924,0.0],[21.5953,59.8957,0.0]]],
[[[21.5642,59.9315,0.0],[21.5664,59.9343,0.0],[21.5608,59.9338,0.0],[21.5608,59.9324,0.0],[21.5642,59.9315,0.0]]],
[[[21.6164,59.9338,0.3453],[21.6142,59.9357,0.0],[21.6069,59.9357,0.0],[21.6108,59.9332,0.0],[21.6164,59.9338,0.3453]]],
[[[21.5986,59.9357,0.0],[21.5997,59.9385,0.0],[21.5969,59.9388,0.0],[21.5914,59.934,0.856],[21.5964,59.9332,0.0],[21.5997,59.9343,0.0],[21.5986,59.9357,0.0]]],
[[[21.5936,59.941,1.1472],[21.5947,59.9424,1.1772],[21.5903,59.9429,0.4871],[21.5903,59.9418,0.0],[21.5936,59.941,1.1472]]],
[[[21.6164,59.9432,3.7246],[21.6142,59.9429,3.7246],[21.6142,59.9415,0.0],[21.6181,59.9413,0.7724],[21.6192,59.9429,1.1697],[21.6186,59.9435,1.1697],[21.6164,59.9432,3.7246]]],
[[[21.6114,59.9404,0.0],[21.6136,59.941,0.0],[21.6131,59.9426,0.0],[21.6147,59.9435,3.7246],[21.6086,59.944,0.0],[21.6092,59.9418,0.0],[21.6114,59.9404,0.0]]],
[[[21.5808,59.9432,0.0],[21.5769,59.9454,1.1605],[21.5725,59.9437,0.0],[21.5764,59.9421,1.7383],[21.5808,59.9432,0.0]]],
[[[21.5936,59.9437,1.1772],[21.5964,59.9454,0.0],[21.5897,59.9451,1.5233],[21.5897,59.9437,0.4871],[21.5936,59.9437,1.1772]]],
[[[21.4908,59.9443,0.0],[21.4914,59.9479,0.0],[21.4897,59.9485,0.0],[21.4892,59.9457,0.0],[21.4847,59.9435,0.997],[21.4875,59.9421,1.5167],[21.4908,59.9443,0.0]]],
[[[21.5064,59.946,0.0],[21.508,59.9474,0.0],[21.5058,59.9482,0.0],[21.5042,59.9463,0.0],[21.5064,59.946,0.0]]],
[[[21.4831,59.9476,0.0],[21.4842,59.9488,0.0],[21.4831,59.9496,0.0],[21.4797,59.9496,0.0],[21.4814,59.9485,0.0],[21.4803,59.9474,0.0],[21.4831,59.9476,0.0]]],
[[[21.5242,59.9482,0.0],[21.5225,59.9499,0.0],[21.5192,59.9496,0.7136],[21.5208,59.9482,0.0],[21.5242,59.9482,0.0]]],
[[[21.4981,59.9504,0.0],[21.4997,59.9546,3.5023],[21.4925,59.954,0.0],[21.4919,59.951,0.0],[21.4942,59.9499,3.6651],[21.4919,59.9493,0.0],[21.4931,59.9485,2.1603],[21.4919,59.9435,0.0],[21.4942,59.9432,0.0],[21.4964,59.9451,0.0],[21.4981,59.9504,0.0]]],
[[[21.5019,59.949,2.9761],[21.5047,59.9504,0.0],[21.5047,59.9526,0.0],[21.4992,59.9518,0.0],[21.4986,59.9482,0.0],[21.5019,59.949,2.9761]]],
[[[21.5264,59.9501,0.0],[21.5281,59.9515,0.0],[21.5225,59.9515,0.0],[21.5231,59.9507,0.0],[21.5264,59.9501,0.0]]],
[[[21.5231,59.9532,0.0],[21.5253,59.9529,0.0],[21.5258,59.954,0.0],[21.5214,59.9546,1.2895],[21.5231,59.9532,0.0]]],
[[[21.5192,59.956,0.0],[21.5203,59.9576,0.0],[21.5186,59.9604,1.0534],[21.5114,59.9576,0.0],[21.5114,59.9549,0.0],[21.5131,59.954,2.0727],[21.5192,59.956,0.0]]],
[[[21.5364,59.9626,0.0],[21.5408,59.9635,0.0],[21.5408,59.9649,0.0],[21.5386,59.9649,0.2642],[21.5364,59.9626,0.0]]],
[[[21.4981,59.9668,0.0],[21.4975,59.9685,0.0],[21.4936,59.9682,0.0],[21.4947,59.9668,0.0],[21.4981,59.9668,0.0]]],
[[[21.5353,59.9676,0.0],[21.5386,59.9674,0.0],[21.5403,59.9682,0.0],[21.5353,59.9688,0.0],[21.5353,59.9676,0.0]]],
[[[21.6036,59.956,0.0],[21.5958,59.9557,0.4775],[21.5969,59.9535,2.559],[21.5947,59.9515,2.2389],[21.6014,59.9501,8.4061],[21.5947,59.9501,4.085],[21.5936,59.9521,0.0],[21.5914,59.9524,0.0],[21.5892,59.9496,0.8486],[21.5958,59.9465,0.0],[21.5981,59.9482,0.7885],[21.6008,59.9454,0.0],[21.6031,59.9457,0.8043],[21.6047,59.9482,4.3208],[21.6103,59.9485,2.2497],[21.6108,59.9471,2.2497],[21.6086,59.9468,0.0],[21.6097,59.9454,0.0],[21.6158,59.9465,0.3212],[21.6164,59.9446,0.0],[21.6197,59.9451,0.0],[21.6197,59.949,0.0],[21.6125,59.9499,7.1127],[21.6147,59.9524,0.0],[21.6092,59.9535,1.3577],[21.6069,59.956,0.0],[21.6036,59.956,0.0]]],
[[[21.6181,59.9743,0.0],[21.6064,59.9746,0.0],[21.6186,59.9724,0.3364],[21.6192,59.9707,0.0],[21.6053,59.9726,0.0],[21.6003,59.9724,0.0],[21.598,59.9707,0.0],[21.6075,59.9688,4.3494],[21.6108,59.9688,0.5461],[21.6103,59.9704,0.5461],[21.6119,59.9704,4.3225],[21.6119,59.9688,4.3225],[21.6158,59.9682,0.0],[21.6164,59.9696,2.6275],[21.6275,59.971,0.0],[21.6214,59.9718,1.2003],[21.6208,59.9735,0.2558],[21.6181,59.9743,0.0]]],
[[[21.6225,59.9865,0.8413],[21.6214,59.9865,4.961],[21.6231,59.9874,0.0],[21.6225,59.9888,0.0],[21.6125,59.9879,0.0],[21.6114,59.9857,0.0],[21.6147,59.9837,9.1441],[21.6069,59.984,1.1161],[21.6047,59.9854,0.0],[21.6036,59.9832,0.0],[21.6008,59.9826,0.0],[21.6019,59.981,0.0],[21.6003,59.9799,0.0],[21.6042,59.9804,0.0],[21.6053,59.9813,0.0],[21.6031,59.9818,0.0],[21.6081,59.9829,2.2317],[21.6058,59.9821,0.0],[21.6075,59.9804,0.0],[21.6031,59.9793,0.0],[21.6053,59.9774,0.0],[21.6119,59.979,0.4782],[21.6086,59.9807,0.0],[21.6169,59.9804,1.8187],[21.6197,59.9835,0.0],[21.6264,59.9826,0.0],[21.6247,59.9857,0.6056],[21.6269,59.9871,0.0],[21.6225,59.9865,0.8413]]],
[[[21.5736,59.9918,0.621],[21.5597,59.9924,0.0],[21.5586,59.991,0.0],[21.5647,59.9882,0.0],[21.5764,59.9912,0.0],[21.5736,59.9918,0.621]]],
[[[21.4914,59.9671,0.0],[21.4925,59.9688,0.0],[21.4881,59.9693,0.0],[21.4892,59.9679,0.0],[21.4914,59.9671,0.0]]],
[[[21.4964,59.9726,0.0],[21.4958,59.9751,0.0],[21.4942,59.9754,0.0],[21.4875,59.9718,0.0],[21.4936,59.9707,0.0],[21.4942,59.9724,0.0],[21.4964,59.9726,0.0]]],
[[[21.4831,59.9732,0.0],[21.4819,59.976,0.0],[21.4786,59.9754,0.0],[21.4797,59.9735,0.0],[21.4831,59.9732,0.0]]],
[[[21.5353,59.976,0.0],[21.5364,59.976,0.0],[21.5358,59.9774,0.0],[21.5325,59.9776,0.0],[21.5325,59.9768,0.0],[21.5353,59.976,0.0]]],
[[[21.5119,59.984,0.0],[21.5114,59.986,0.0],[21.5075,59.9863,0.0],[21.5092,59.9843,0.0],[21.5119,59.984,0.0]]],
[[[21.4814,59.9888,0.0],[21.4831,59.9896,0.0],[21.4819,59.9912,0.0],[21.4781,59.9899,0.0],[21.4803,59.9879,0.0],[21.4814,59.9888,0.0]]],
[[[21.5292,59.9946,0.0],[21.5258,59.9971,0.0],[21.5236,59.9968,0.0],[21.5275,59.9938,0.0],[21.5292,59.9946,0.0]]],
[[[21.5172,60.0328,0.0],[21.5182,60.0349,2.503],[21.5109,60.0349,7.7702],[21.513,60.0318,4.5947],[21.5172,60.0328,0.0]]],
[[[21.5497,59.9912,0.0],[21.5514,59.9921,0.0],[21.5503,59.9935,0.0],[21.5453,59.9924,0.0],[21.5481,59.9901,0.0],[21.5514,59.9901,0.0],[21.5497,59.9912,0.0]]],
[[[21.5828,60.0391,11.1817],[21.5812,60.0396,13.0427],[21.5797,60.038,11.4259],[21.5812,60.0375,10.2604],[21.5828,60.0391,11.1817]]],
[[[21.5563,60.05,5.0358],[21.5578,60.0516,6.5747],[21.5542,60.0542,0.0],[21.5505,60.0516,4.3138],[21.5521,60.05,6.4299],[21.5563,60.05,5.0358]]],
[[[21.55,60.0646,12.057],[21.5516,60.0661,7.5766],[21.5401,60.0661,18.4193],[21.5417,60.0646,18.9131],[21.55,60.0646,12.057]]],
[[[21.5333,60.0354,2.8544],[21.5375,60.0354,7.7724],[21.5391,60.037,9.8896],[21.5318,60.037,2.1917],[21.5333,60.0354,2.8544]]],
[[[21.4911,60.0443,4.4454],[21.4901,60.0422,7.9023],[21.4932,60.0411,3.4634],[21.4922,60.038,0.0],[21.4958,60.0354,0.0],[21.4995,60.038,8.4528],[21.4984,60.0432,6.3432],[21.5036,60.0453,3.8793],[21.4938,60.0458,0.0],[21.4911,60.0443,4.4454]]],
[[[21.5333,60.0396,1.2197],[21.5375,60.0396,2.0524],[21.5391,60.0411,3.6577],[21.5318,60.0411,6.2163],[21.5333,60.0396,1.2197]]],
[[[21.5266,60.0411,6.4577],[21.5234,60.0411,8.5407],[21.5234,60.0401,6.3757],[21.5266,60.0401,0.0],[21.5266,60.0411,6.4577]]],
[[[21.5729,60.0812,0.0],[21.5771,60.0812,0.0],[21.5786,60.0828,0.0],[21.5714,60.0828,0.0],[21.5729,60.0812,0.0]]],
[[[21.5411,60.0849,7.1294],[21.538,60.0849,5.8093],[21.538,60.0839,0.0],[21.5411,60.0839,4.2081],[21.5411,60.0849,7.1294]]],
[[[21.6104,60.0875,0.0],[21.6146,60.0875,0.0],[21.6161,60.0891,2.5369],[21.6063,60.0896,11.1844],[21.6021,60.0917,0.0],[21.5922,60.0911,0.0],[21.5979,60.0875,6.135],[21.6104,60.0875,0.0]]],
[[[21.5646,60.0979,0.0],[21.5589,60.0953,8.7165],[21.5547,60.0901,6.4865],[21.5604,60.0917,6.5226],[21.5708,60.0917,6.0242],[21.5786,60.0943,0.0],[21.5792,60.0958,0.0],[21.5771,60.0979,19.8297],[21.5646,60.0979,0.0]]],
[[[21.4719,59.9571,0.0],[21.4714,59.9582,0.3757],[21.473,59.959,0.0],[21.4697,59.9588,0.0],[21.4697,59.9574,0.3757],[21.4719,59.9571,0.0]]],
[[[21.4475,59.9626,0.691],[21.4503,59.9626,0.0],[21.4508,59.9637,0.0],[21.4458,59.9635,0.0],[21.4475,59.9626,0.691]]],
[[[21.4647,59.9665,0.0],[21.4647,59.9679,0.0],[21.4575,59.9674,0.0],[21.4586,59.9665,0.0],[21.4647,59.9665,0.0]]],
[[[21.4708,59.9757,0.0],[21.473,59.9762,0.0],[21.473,59.9776,0.0],[21.4686,59.9771,0.0],[21.4708,59.9757,0.0]]],
[[[21.4031,59.9865,0.0],[21.4058,59.9865,0.0],[21.4064,59.9879,0.699],[21.4014,59.9876,0.0],[21.4031,59.9865,0.0]]],
[[[21.4069,59.9932,0.0],[21.4086,59.9929,0.0],[21.4086,59.9946,0.0],[21.4047,59.9949,0.0],[21.4047,59.994,0.0],[21.4069,59.9932,0.0]]],
[[[21.4625,60.0313,13.8805],[21.4583,60.0313,0.0],[21.4568,60.0297,0.0],[21.4646,60.025,0.0],[21.4688,60.025,0.0],[21.4724,60.0276,0.0],[21.4693,60.0297,15.3997],[21.4703,60.0328,2.0055],[21.4625,60.0313,13.8805]]],
[[[21.4661,60.0891,0.0],[21.463,60.0891,11.9749],[21.463,60.088,10.2218],[21.4646,60.0875,15.3133],[21.4661,60.0891,0.0]]],
[[[21.3641,60.0495,1.4286],[21.3604,60.0521,2.6577],[21.3547,60.0516,1.8949],[21.3583,60.0479,0.0],[21.3625,60.0479,1.1247],[21.3641,60.0495,1.4286]]],
[[[21.3729,60.0708,13.5336],[21.3786,60.0766,0.0],[21.3688,60.0792,2.6471],[21.3604,60.0792,4.0801],[21.3464,60.0724,0.0],[21.3479,60.0708,0.0],[21.3521,60.0708,0.0],[21.3625,60.075,4.3521],[21.3672,60.0714,4.6791],[21.3729,60.0708,13.5336]]],
[[[21.3995,60.1432,14.5753],[21.3964,60.1432,12.6849],[21.3964,60.1422,12.0807],[21.3995,60.1422,13.7367],[21.3995,60.1432,14.5753]]],
[[[21.3891,60.1703,7.7009],[21.3859,60.1703,2.0825],[21.3859,60.1693,0.0],[21.3891,60.1693,0.0],[21.3891,60.1703,7.7009]]],
[[[21.4068,60.112,0.0],[21.4005,60.1099,0.0],[21.4026,60.1047,1.0754],[21.4057,60.1047,7.4154],[21.4068,60.1078,14.8264],[21.412,60.1089,0.0],[21.4099,60.112,7.3754],[21.4068,60.112,0.0]]],
[[[21.4667,60.1312,0.0],[21.4724,60.1318,0.0],[21.4776,60.1391,20.0421],[21.4828,60.1401,0.0],[21.4849,60.1432,0.0],[21.4792,60.1458,11.5982],[21.4708,60.1458,16.4418],[21.4667,60.1437,9.9815],[21.4562,60.1437,12.8518],[21.4505,60.1411,4.2688],[21.4557,60.1391,0.0],[21.4547,60.1339,0.0],[21.4625,60.1333,10.655],[21.4667,60.1312,0.0]]],
[[[21.425,60.1854,0.0],[21.4193,60.1818,5.5611],[21.4234,60.1776,27.3624],[21.4307,60.1776,0.0],[21.4328,60.1807,14.5954],[21.4307,60.1849,13.17],[21.425,60.1854,0.0]]],
[[[21.4724,60.1953,17.3683],[21.4651,60.1974,10.1605],[21.463,60.1922,13.8292],[21.4703,60.1922,9.0824],[21.4724,60.1953,17.3683]]],
[[[21.3181,59.9743,0.0],[21.3153,59.9765,0.0],[21.3097,59.9751,2.901],[21.3125,59.9724,0.0],[21.3203,59.9718,0.0],[21.3181,59.9743,0.0]]],
[[[21.3392,59.9743,0.696],[21.3369,59.9765,3.9784],[21.3325,59.9768,0.0],[21.3386,59.9729,0.0],[21.3419,59.9729,0.0],[21.3392,59.9743,0.696]]],
[[[21.3231,59.9771,0.0],[21.3164,59.9782,0.0],[21.3197,59.976,0.0],[21.3208,59.9729,0.8863],[21.3253,59.9735,0.0],[21.3292,59.9718,0.0],[21.3314,59.974,1.6693],[21.3319,59.9721,0.899],[21.3353,59.9715,0.0],[21.3347,59.9749,0.0],[21.3331,59.9757,0.0],[21.3231,59.9771,0.0]]],
[[[21.3386,59.9779,0.0],[21.3397,59.979,0.0],[21.3386,59.9796,0.0],[21.3325,59.9788,0.8533],[21.3336,59.9771,0.8697],[21.3386,59.9779,0.0]]],
[[[21.2814,59.976,0.0],[21.2836,59.9749,0.0],[21.2847,59.9771,0.0],[21.2831,59.9774,0.0],[21.2814,59.976,0.0]]],
[[[21.2536,59.9771,0.0],[21.2558,59.9776,0.0],[21.2514,59.9785,0.646],[21.2514,59.9779,0.646],[21.2536,59.9771,0.0]]],
[[[21.2597,59.9782,0.0],[21.258,59.9788,1.5887],[21.2586,59.9813,0.0],[21.2531,59.9793,0.0],[21.2575,59.9785,0.0],[21.2564,59.9765,0.0],[21.2586,59.9757,1.5471],[21.2614,59.9762,2.0189],[21.2597,59.9782,0.0]]],
[[[21.2936,59.9824,1.864],[21.2892,59.984,0.0],[21.2875,59.9801,1.1123],[21.2931,59.9799,0.0],[21.2953,59.9813,0.0],[21.2936,59.9824,1.864]]],
[[[21.3075,59.9779,0.0],[21.3147,59.9774,3.1956],[21.3147,59.9793,2.2207],[21.3086,59.9801,0.0],[21.3058,59.9788,0.0],[21.3075,59.9779,0.0]]],
[[[21.3042,59.9801,0.0],[21.3042,59.9824,0.0],[21.2964,59.9821,0.0],[21.3008,59.9799,0.0],[21.3042,59.9801,0.0]]],
[[[21.3208,59.9804,0.0],[21.3186,59.9835,1.5587],[21.3147,59.9837,0.0],[21.3131,59.9821,0.0],[21.3147,59.9801,2.2207],[21.3219,59.9793,0.0],[21.3208,59.9804,0.0]]],
[[[21.3008,59.9896,0.0],[21.3003,59.9868,0.2559],[21.3047,59.9874,2.5167],[21.3047,59.989,0.8574],[21.3008,59.9896,0.0]]],
[[[21.2814,59.9868,5.1627],[21.2814,59.9899,0.0],[21.2792,59.9901,0.0],[21.2792,59.9874,0.0],[21.2742,59.986,2.49],[21.2753,59.9846,0.0],[21.2803,59.9851,1.9692],[21.2797,59.9832,1.3152],[21.2764,59.9835,1.3152],[21.2769,59.9799,0.7283],[21.2808,59.9796,0.0],[21.2825,59.9826,1.4674],[21.2858,59.9835,0.0],[21.2814,59.9868,5.1627]]],
[[[21.2986,59.9837,0.0],[21.3003,59.9868,0.2559],[21.2958,59.9871,0.0],[21.2964,59.9857,0.0],[21.2947,59.9846,0.651],[21.2986,59.9837,0.0]]],
[[[21.2914,59.9857,0.179],[21.2931,59.9857,0.0],[21.2931,59.9879,0.0],[21.2881,59.9876,0.0],[21.2881,59.9868,0.0],[21.2914,59.9857,0.179]]],
[[[21.2975,59.9882,0.0],[21.2986,59.9901,0.0],[21.2958,59.9907,0.0],[21.2958,59.9893,0.0],[21.2975,59.9882,0.0]]],
[[[21.2508,59.9893,0.8647],[21.2497,59.9906,0.0],[21.2532,59.9906,0.0],[21.2538,59.994,0.0],[21.2428,59.9988,0.0],[21.2397,59.996,0.0],[21.2442,59.9915,4.5679],[21.2386,59.994,0.0],[21.2303,59.9935,1.03],[21.2375,59.9896,5.3956],[21.2386,59.9865,0.0],[21.2447,59.9829,0.0],[21.2503,59.9832,0.0],[21.2531,59.9815,0.0],[21.2531,59.9835,1.2051],[21.2558,59.9837,0.0],[21.2553,59.9854,0.0],[21.2481,59.9846,2.2421],[21.2492,59.9865,5.1675],[21.2531,59.9876,0.0],[21.2508,59.9893,0.8647]]],
[[[21.2563,60.0792,11.8652],[21.2484,60.0766,0.0],[21.2484,60.0734,5.5929],[21.2557,60.0734,0.0],[21.2578,60.0776,0.0],[21.2563,60.0792,11.8652]]],
[[[21.2411,60.1495,6.8826],[21.2396,60.15,7.3804],[21.238,60.1484,9.4688],[21.2396,60.1479,3.4588],[21.2411,60.1495,6.8826]]],
[[[21.2516,60.1536,16.3005],[21.2484,60.1536,5.0083],[21.2484,60.1526,4.5704],[21.25,60.1521,10.1772],[21.2516,60.1536,16.3005]]],
[[[21.3229,60.0729,3.7136],[21.3271,60.0729,12.0255],[21.3312,60.0708,0.0],[21.3411,60.0766,7.3639],[21.3354,60.0792,4.7583],[21.3229,60.0792,0.0],[21.3214,60.0776,9.9302],[21.3245,60.0755,10.3915],[21.3151,60.0745,0.0],[21.3167,60.0729,0.0],[21.3229,60.0729,3.7136]]],
[[[21.3328,60.0911,0.7814],[21.3307,60.0932,2.7372],[21.3276,60.0932,2.6278],[21.3286,60.0901,7.8862],[21.3276,60.088,6.1554],[21.3307,60.088,4.526],[21.3328,60.0911,0.7814]]],
[[[21.3141,60.0932,7.2435],[21.3109,60.0932,2.2707],[21.3109,60.0922,3.3476],[21.3125,60.0917,3.5979],[21.3141,60.0932,7.2435]]],
[[[21.3208,60.1437,0.0],[21.3224,60.1453,6.228],[21.3151,60.1474,0.0],[21.3151,60.1443,0.0],[21.3208,60.1437,0.0]]],
[[[21.3229,60.1479,11.871],[21.3266,60.1516,10.785],[21.3224,60.1505,8.0817],[21.3214,60.1484,3.0868],[21.3229,60.1479,11.871]]],
[[[21.3172,60.1557,7.2609],[21.3203,60.1557,23.1831],[21.3193,60.1526,0.0],[21.3208,60.1521,0.0],[21.3245,60.1547,0.0],[21.3224,60.1578,10.8098],[21.3193,60.1589,0.0],[21.3203,60.162,4.8811],[21.3182,60.1641,9.5779],[21.312,60.1682,10.0814],[21.3063,60.1688,9.0267],[21.2984,60.1661,22.0926],[21.2995,60.1609,0.0],[21.2974,60.1568,4.3939],[21.2922,60.1557,11.2521],[21.2896,60.1521,0.0],[21.2917,60.15,3.5047],[21.3083,60.15,7.8264],[21.3172,60.1557,7.2609]]],
[[[21.3286,60.2641,15.2372],[21.3255,60.2641,3.4545],[21.3255,60.263,12.7519],[21.3286,60.263,21.2352],[21.3286,60.2641,15.2372]]],
[[[21.3047,60.2651,0.0],[21.3146,60.2625,17.1131],[21.3203,60.263,1.8951],[21.3151,60.2672,5.1993],[21.3161,60.2703,0.0],[21.3146,60.2708,11.0823],[21.3068,60.2682,0.0],[21.3047,60.2651,0.0]]],
[[[21.2625,60.1583,1.7428],[21.2661,60.162,0.0],[21.263,60.162,13.8892],[21.2609,60.1599,14.7659],[21.2625,60.1583,1.7428]]],
[[[21.3057,60.1973,0.0],[21.2896,60.1979,12.2889],[21.2854,60.2,11.8229],[21.2693,60.1995,9.8646],[21.2854,60.1937,0.0],[21.2979,60.1937,0.0],[21.3021,60.1917,0.0],[21.3078,60.1922,0.0],[21.3047,60.1943,16.5146],[21.3057,60.1973,0.0]]],
[[[21.2828,60.2453,0.0],[21.2771,60.2479,18.5712],[21.2714,60.2443,5.9291],[21.2813,60.2438,0.0],[21.2828,60.2453,0.0]]],
[[[21.2396,60.2729,0.0],[21.2359,60.2703,8.3999],[21.2391,60.2682,14.1575],[21.238,60.2651,0.0],[21.2474,60.2672,0.0],[21.2443,60.2693,21.0267],[21.2453,60.2724,0.0],[21.2396,60.2729,0.0]]],
[[[21.1808,59.9882,0.0],[21.1797,59.9901,0.0],[21.1753,59.9893,0.0],[21.1769,59.9879,0.0],[21.1808,59.9882,0.0]]],
[[[21.2075,59.9946,0.0],[21.2092,59.9935,0.0],[21.213,59.9938,0.0],[21.2125,59.9954,0.0],[21.2075,59.9946,0.0]]],
[[[21.2119,59.9957,0.9143],[21.2125,59.9965,0.0],[21.2097,59.9976,0.0],[21.2064,59.9968,0.7311],[21.2069,59.996,0.7311],[21.2119,59.9957,0.9143]]],
[[[21.2342,59.9987,0.0],[21.2358,59.9974,0.0],[21.2403,59.9968,0.0],[21.2375,59.9996,0.0],[21.2342,59.9987,0.0]]],
[[[21.1597,59.9935,0.5016],[21.1542,59.9949,0.0],[21.1564,59.9935,0.0],[21.1558,59.9907,0.0],[21.1636,59.9904,0.0],[21.1636,59.9926,0.0],[21.1597,59.9935,0.5016]]],
[[[21.0625,60.1375,5.2931],[21.063,60.1359,6.0549],[21.0708,60.1333,2.6967],[21.0854,60.1354,0.0],[21.087,60.137,0.0],[21.0839,60.1391,2.3023],[21.0875,60.1437,11.8364],[21.0854,60.1458,0.0],[21.0771,60.1458,13.2762],[21.0745,60.1422,11.7602],[21.0651,60.1411,8.4826],[21.0625,60.1375,5.2931]]],
[[[21.0641,60.1474,0.0],[21.0604,60.15,4.5337],[21.0547,60.1495,5.5888],[21.0583,60.1458,3.1162],[21.0625,60.1458,3.7479],[21.0641,60.1474,0.0]]],
[[[21.1229,60.2979,0.0],[21.1266,60.2974,5.7361],[21.1292,60.2938,3.2669],[21.1349,60.2964,0.0],[21.1313,60.3,2.8759],[21.1214,60.2995,0.0],[21.1229,60.2979,0.0]]],
[[[21.2432,60.1661,10.6202],[21.2396,60.1688,0.0],[21.2339,60.1682,3.0968],[21.2375,60.1646,1.7],[21.2417,60.1646,7.9117],[21.2432,60.1661,10.6202]]],
[[[21.2099,60.1724,6.7542],[21.2083,60.1729,6.7542],[21.2068,60.1714,7.4479],[21.2083,60.1708,7.8018],[21.2099,60.1724,6.7542]]],
[[[21.2417,60.1979,13.5054],[21.2375,60.2,14.4141],[21.2229,60.2,0.1813],[21.2188,60.2021,19.7818],[21.2109,60.1995,4.6378],[21.2141,60.1974,7.3371],[21.213,60.1943,11.0999],[21.2167,60.1917,0.0],[21.2557,60.1922,4.3919],[21.2536,60.1953,14.7164],[21.2417,60.1979,13.5054]]],
[[[21.2016,60.2307,16.2321],[21.2,60.2313,18.1769],[21.1984,60.2297,12.3544],[21.2,60.2292,8.6652],[21.2016,60.2307,16.2321]]],
[[[21.2188,60.2438,0.0],[21.2151,60.2422,10.094],[21.2229,60.2375,16.898],[21.2276,60.2432,16.0441],[21.2328,60.2443,13.9802],[21.2333,60.2458,12.2683],[21.2313,60.2479,9.5944],[21.2188,60.2438,0.0]]],
[[[21.2141,60.2453,15.816],[21.2109,60.2453,10.8113],[21.2109,60.2443,0.0],[21.2125,60.2438,5.4857],[21.2141,60.2453,15.816]]],
[[[21.2391,60.2557,0.0],[21.2375,60.2562,0.0],[21.2359,60.2547,15.2398],[21.2375,60.2542,19.4363],[21.2391,60.2557,0.0]]],
[[[21.225,60.2625,10.5125],[21.2292,60.2625,4.1889],[21.2307,60.2641,1.0398],[21.2234,60.2641,11.4155],[21.225,60.2625,10.5125]]],
[[[21.2229,60.2708,0.0],[21.2245,60.2714,13.5331],[21.2245,60.2745,19.4518],[21.2172,60.2745,0.0],[21.2172,60.2714,12.0093],[21.2229,60.2708,0.0]]],
[[[21.2146,60.2792,8.1733],[21.2161,60.2807,5.809],[21.2047,60.2807,7.1486],[21.2062,60.2792,8.9261],[21.2146,60.2792,8.1733]]],
[[[21.1896,60.2833,8.759],[21.1911,60.2849,0.0],[21.1839,60.287,4.0063],[21.1839,60.2839,11.0984],[21.1896,60.2833,8.759]]],
[[[21.1797,60.2995,0.0],[21.1807,60.3016,7.5235],[21.1734,60.3016,14.1028],[21.1755,60.2984,3.0254],[21.1797,60.2995,0.0]]],
[[[21.2396,60.3083,0.0],[21.2411,60.3099,7.9775],[21.2339,60.3109,12.1267],[21.2349,60.3141,0.0],[21.2333,60.3146,0.0],[21.2292,60.3125,11.1485],[21.225,60.3146,4.5248],[21.2167,60.3146,3.9799],[21.2151,60.313,0.0],[21.2203,60.312,11.8492],[21.2193,60.3089,7.3889],[21.2224,60.3068,6.1413],[21.2125,60.3063,6.7897],[21.2083,60.3083,0.0],[21.2005,60.3047,8.186],[21.2042,60.3021,6.6816],[21.2125,60.3021,7.6742],[21.2167,60.3042,7.4218],[21.2208,60.3042,0.0],[21.225,60.3021,6.8516],[21.2313,60.3021,0.0],[21.237,60.3047,7.6074],[21.2359,60.3078,2.3682],[21.2396,60.3083,0.0]]],
[[[21.1891,60.3141,10.8357],[21.1875,60.3146,10.2902],[21.1859,60.313,16.6406],[21.1891,60.313,16.3513],[21.1891,60.3141,10.8357]]],
[[[21.1891,60.3224,0.0],[21.1938,60.3187,12.437],[21.2,60.3187,0.0],[21.2021,60.3208,0.0],[21.1995,60.3245,1.5717],[21.1917,60.3292,0.0],[21.1839,60.3245,14.7494],[21.1891,60.3224,0.0]]],
[[[21.2328,60.3245,14.9279],[21.2292,60.3271,0.0],[21.2255,60.3234,7.6518],[21.2292,60.3208,0.0],[21.2328,60.3245,14.9279]]],
[[[21.1474,60.3036,4.506],[21.1443,60.3036,2.1839],[21.1443,60.3026,5.5186],[21.1474,60.3026,6.6091],[21.1474,60.3036,4.506]]],
[[[21.1672,60.3057,2.3412],[21.1688,60.3083,17.2779],[21.1667,60.3104,3.9731],[21.1651,60.3099,3.9731],[21.163,60.3047,1.5462],[21.1672,60.3057,2.3412]]],
[[[21.1672,60.3203,0.0],[21.1703,60.3245,0.0],[21.1589,60.3255,0.0],[21.1568,60.3276,8.1129],[21.1578,60.3307,0.0],[21.1443,60.3307,0.0],[21.1474,60.3286,11.7475],[21.1464,60.3234,7.0993],[21.1599,60.3224,16.9368],[21.1516,60.3151,0.0],[21.1464,60.3141,4.1893],[21.1505,60.3109,0.0],[21.162,60.3109,0.0],[21.1672,60.3203,0.0]]],
[[[21.1703,60.3307,6.4121],[21.1688,60.3312,11.9706],[21.1672,60.3297,4.3363],[21.1688,60.3292,0.0],[21.1703,60.3307,6.4121]]],
[[[21.212,60.3307,3.2335],[21.2089,60.3307,12.4962],[21.2089,60.3297,2.4028],[21.212,60.3297,0.0],[21.212,60.3307,3.2335]]],
[[[21.1766,60.3339,6.0796],[21.1714,60.3318,0.0],[21.1792,60.3271,12.3038],[21.1911,60.3318,5.1722],[21.1901,60.3349,8.8688],[21.1911,60.337,0.4532],[21.1833,60.3417,0.0],[21.1797,60.3391,6.2412],[21.1766,60.3339,6.0796]]],
[[[21.1755,60.3391,0.0],[21.1766,60.3411,0.0],[21.1693,60.3411,0.9132],[21.1729,60.3375,1.112],[21.1755,60.3391,0.0]]],
[[[21.1891,60.3474,0.0],[21.1859,60.3474,1.6412],[21.1839,60.3443,20.4752],[21.1911,60.3422,14.4407],[21.1911,60.3453,15.7776],[21.1891,60.3474,0.0]]],
[[[21.9358,59.8776,0.356],[21.9369,59.8788,0.0],[21.9358,59.8793,0.0],[21.9308,59.8793,0.0],[21.9314,59.8776,0.0],[21.9358,59.8776,0.356]]],
[[[21.9036,59.8785,0.0],[21.9203,59.8763,0.0],[21.9203,59.8782,0.3474],[21.9169,59.8796,0.0257],[21.9219,59.8793,-0.0556],[21.9147,59.8824,0.0],[21.9008,59.8812,0.0],[21.9036,59.8785,0.0]]],
[[[21.9442,59.8818,0.5469],[21.9431,59.881,0.5469],[21.9397,59.8826,0.0],[21.9381,59.8807,0.2918],[21.9408,59.8782,0.0],[21.9436,59.8788,0.6523],[21.9436,59.8804,0.6523],[21.9508,59.8804,0.0],[21.9503,59.8812,0.3502],[21.9442,59.8818,0.5469]]],
[[[21.9208,59.8815,0.3702],[21.9247,59.8812,0.0],[21.9253,59.8818,0.0],[21.9192,59.8821,0.0],[21.9208,59.8815,0.3702]]],
[[[21.9297,59.8815,0.0],[21.9325,59.8807,0.4396],[21.9331,59.8832,0.0],[21.9303,59.8835,0.0],[21.9297,59.8815,0.0]]],
[[[21.9236,59.8887,0.0],[21.9208,59.891,0.0],[21.9181,59.8904,0.0],[21.9197,59.8899,0.0],[21.9192,59.8885,0.0],[21.9236,59.8887,0.0]]],
[[[21.9375,59.8893,0.32],[21.9397,59.8896,0.0],[21.9403,59.8901,0.0],[21.9353,59.8901,0.4449],[21.9375,59.8893,0.32]]],
[[[21.9475,59.8901,0.0],[21.9492,59.8915,0.0],[21.9442,59.8918,0.0756],[21.9436,59.8907,0.0756],[21.9453,59.8899,0.0],[21.9419,59.8893,0.0],[21.9492,59.8887,0.0],[21.9464,59.8899,0.0],[21.9475,59.8901,0.0]]],
[[[22.0442,59.8788,0.0],[22.0425,59.8776,1.2212],[22.0397,59.8799,1.0605],[22.0358,59.8793,0.0],[22.0375,59.8776,2.2727],[22.0353,59.8729,0.0],[22.0403,59.874,0.7202],[22.0419,59.8721,4.7327],[22.0464,59.8715,0.0],[22.0508,59.8729,0.7966],[22.0681,59.8729,0.0],[22.0714,59.874,0.0],[22.0697,59.8757,3.9642],[22.0742,59.8771,0.0],[22.0553,59.8788,0.0],[22.0542,59.8779,1.2694],[22.0647,59.876,3.8654],[22.0569,59.8732,0.0],[22.0531,59.8737,0.3985],[22.0542,59.876,0.0],[22.0519,59.8771,0.0],[22.0519,59.879,0.0],[22.0486,59.8768,6.1685],[22.0458,59.8793,0.0],[22.0442,59.8788,0.0]]],
[[[22.0225,59.8763,0.0],[22.0242,59.8768,0.0],[22.0219,59.8782,0.0],[22.0197,59.8774,0.664],[22.0203,59.8763,0.3782],[22.0225,59.8763,0.0]]],
[[[22.0492,59.8846,0.0],[22.0547,59.884,0.0],[22.0558,59.8851,0.0],[22.0492,59.8854,0.0],[22.0492,59.8846,0.0]]],
[[[22.0514,59.8985,0.6683],[22.0536,59.9004,0.0],[22.053,59.9018,1.2612],[22.0481,59.8999,0.2462],[22.0492,59.8976,0.0],[22.0514,59.8985,0.6683]]],
[[[21.9442,59.8929,0.6776],[21.9458,59.894,0.0],[21.9408,59.894,0.0],[21.9414,59.8932,0.0],[21.9442,59.8929,0.6776]]],
[[[21.9492,59.9024,0.0],[21.9486,59.9043,0.7864],[21.9458,59.9049,1.0769],[21.9447,59.9032,0.0],[21.9481,59.9021,1.6316],[21.9447,59.9004,0.0],[21.9508,59.9015,0.0],[21.9492,59.9024,0.0]]],
[[[21.9442,59.9043,0.4454],[21.9447,59.9054,0.4454],[21.9408,59.9063,0.0],[21.9414,59.9049,0.0],[21.9442,59.9043,0.4454]]],
[[[21.9069,59.9076,2.0738],[21.9075,59.9093,4.1002],[21.9053,59.9107,0.0],[21.8964,59.9104,0.0],[21.8975,59.9065,2.0771],[21.8925,59.9054,1.3923],[21.8925,59.904,1.3923],[21.8981,59.9043,0.6049],[21.9069,59.9076,2.0738]]],
[[[22.1692,59.874,0.7499],[22.1681,59.8779,0.0],[22.1614,59.8774,3.4442],[22.1647,59.876,0.0],[22.1647,59.8743,0.0],[22.1692,59.874,0.7499]]],
[[[22.1631,59.8949,0.3458],[22.1692,59.8957,0.0],[22.1697,59.8974,0.0],[22.1631,59.896,0.0],[22.1631,59.8949,0.3458]]],
[[[22.1919,59.8965,0.0],[22.1953,59.8974,0.0],[22.1914,59.8979,0.0],[22.1892,59.8963,0.0],[22.1919,59.8965,0.0]]],
[[[22.1575,59.9001,0.0],[22.1603,59.8996,0.0],[22.1619,59.9024,0.0],[22.1586,59.9018,0.0],[22.1575,59.9001,0.0]]],
[[[22.0914,59.8793,0.0],[22.0919,59.8776,0.81],[22.0975,59.8788,0.0],[22.0958,59.8799,0.3462],[22.0914,59.8793,0.0]]],
[[[22.0681,59.8799,0.4654],[22.072,59.879,2.1296],[22.0731,59.8807,0.0],[22.0669,59.8807,0.0],[22.0681,59.8799,0.4654]]],
[[[22.0992,59.8812,0.0],[22.1003,59.8799,0.0],[22.1047,59.8799,0.0],[22.1042,59.8815,0.0],[22.0992,59.8812,0.0]]],
[[[22.133,59.9051,0.6705],[22.1319,59.9071,0.0],[22.1342,59.9085,0.0],[22.1319,59.9087,0.0],[22.1297,59.9057,0.0],[22.1231,59.9043,0.0],[22.1269,59.9018,0.0],[22.1342,59.9046,0.0],[22.1358,59.9046,0.0],[22.1364,59.9029,0.0],[22.1392,59.904,0.5872],[22.1358,59.906,0.0],[22.133,59.9051,0.6705]]],
[[[22.1686,59.9007,1.0348],[22.1697,59.9032,0.0],[22.1658,59.9035,1.057],[22.1636,59.9018,0.0],[22.1658,59.9004,0.0],[22.1686,59.9007,1.0348]]],
[[[22.1947,59.9021,0.8601],[22.1986,59.9029,0.1928],[22.1992,59.9038,0.0],[22.1919,59.9029,1.2966],[22.1947,59.9021,0.8601]]],
[[[22.1625,59.9035,0.0],[22.1631,59.9051,0.0],[22.1614,59.906,0.3855],[22.1575,59.9057,0.0],[22.1592,59.9029,0.0],[22.1625,59.9035,0.0]]],
[[[22.1764,59.9038,1.3694],[22.178,59.9051,0.0],[22.1769,59.9071,0.0],[22.1703,59.9049,1.9535],[22.1714,59.9035,0.0],[22.1764,59.9038,1.3694]]],
[[[22.0814,59.9049,0.0],[22.0786,59.9071,0.0],[22.0758,59.9063,0.0],[22.0769,59.9046,0.0],[22.0814,59.9049,0.0]]],
[[[22.0808,59.9087,0.0],[22.0825,59.9079,0.0],[22.0858,59.9082,0.0],[22.0847,59.9093,0.0],[22.0808,59.9087,0.0]]],
[[[22.0814,59.9124,0.0],[22.0797,59.9096,0.0],[22.0842,59.9107,0.4209],[22.0842,59.9124,0.0],[22.0814,59.9124,0.0]]],
[[[22.0819,59.9153,0.3856],[22.0747,59.9171,0.0],[22.0714,59.9146,0.0],[22.0714,59.9129,0.0],[22.0753,59.9124,0.9385],[22.0819,59.9153,0.3856]]],
[[[21.9203,59.9085,0.2093],[21.9186,59.9113,0.6567],[21.9081,59.9104,0.5422],[21.9081,59.909,0.5422],[21.9119,59.9068,0.0],[21.9158,59.9099,0.3316],[21.9203,59.9085,0.2093]]],
[[[21.9247,59.9085,0.0],[21.9258,59.9099,0.0],[21.9219,59.9107,0.0],[21.9208,59.9079,0.2093],[21.9219,59.9076,0.2093],[21.9247,59.9085,0.0]]],
[[[21.9386,59.9085,0.0],[21.9397,59.9104,0.0],[21.9381,59.9115,2.4802],[21.9347,59.9099,1.1888],[21.9375,59.9085,0.0],[21.9386,59.9085,0.0]]],
[[[21.9225,59.9126,0.5503],[21.9214,59.9115,0.0],[21.9258,59.9104,0.0],[21.9303,59.9121,0.0],[21.928,59.9126,0.0],[21.9258,59.9118,1.3464],[21.9225,59.9126,0.5503]]],
[[[21.9536,59.9137,0.0],[21.9558,59.9129,0.0],[21.9564,59.9146,1.6563],[21.9525,59.9149,1.8626],[21.9536,59.9137,0.0]]],
[[[21.9075,59.9149,0.0],[21.9103,59.9163,0.0],[21.9064,59.9171,0.0],[21.9014,59.9157,0.0],[21.9047,59.9146,0.0],[21.9075,59.9149,0.0]]],
[[[21.9458,59.9165,1.5587],[21.9403,59.9176,0.0],[21.9381,59.916,0.5219],[21.9397,59.9146,0.6472],[21.9458,59.9146,0.0],[21.9469,59.9157,0.0],[21.9458,59.9165,1.5587]]],
[[[21.9125,59.9196,0.0],[21.9086,59.919,1.5035],[21.9086,59.9174,0.1377],[21.9125,59.9176,0.0],[21.9125,59.9196,0.0]]],
[[[21.9053,59.9204,1.786],[21.9058,59.9185,0.0],[21.9086,59.919,1.5035],[21.9069,59.9212,0.4593],[21.9053,59.9204,1.786]]],
[[[21.9164,59.9199,0.0],[21.9186,59.9226,0.0],[21.9125,59.9215,2.0465],[21.9131,59.9199,0.0],[21.9164,59.9199,0.0]]],
[[[21.9331,59.9235,0.0],[21.9336,59.9246,0.0],[21.9319,59.9254,6.6355],[21.9275,59.9257,0.5974],[21.9203,59.9218,0.0],[21.9258,59.9204,0.0],[21.9331,59.9235,0.0]]],
[[[21.9136,59.9254,0.0],[21.9147,59.9238,2.1903],[21.9192,59.924,1.0475],[21.9186,59.9257,0.0],[21.9136,59.9254,0.0]]],
[[[22.0564,59.9057,0.1436],[22.0547,59.9051,1.7619],[22.0547,59.9035,0.0],[22.0603,59.904,0.0],[22.0603,59.9063,0.0],[22.0564,59.9057,0.1436]]],
[[[21.9969,59.9235,0.4932],[22.0003,59.9226,0.0],[22.0008,59.9249,0.0],[21.9975,59.9246,1.1302],[21.9969,59.9235,0.4932]]],
[[[22.0369,59.9426,0.0],[22.0419,59.9429,0.0],[22.0419,59.9465,0.0],[22.0375,59.946,0.5038],[22.0369,59.9426,0.0]]],
[[[22.0014,59.9468,0.0],[22.0014,59.9457,0.0],[22.0047,59.9457,0.0],[22.0064,59.9474,0.0],[22.0025,59.9476,0.0],[22.0014,59.9468,0.0]]],
[[[22.1869,59.909,3.252],[22.1858,59.9118,1.6076],[22.1836,59.9126,0.0],[22.178,59.9104,1.0689],[22.1803,59.9082,0.0],[22.1869,59.909,3.252]]],
[[[22.1908,59.9113,1.2739],[22.1925,59.9126,0.0],[22.1914,59.9146,1.2402],[22.1864,59.9132,0.0],[22.1864,59.9118,1.6076],[22.1908,59.9113,1.2739]]],
[[[22.1697,59.9143,0.3765],[22.1714,59.9151,0.0],[22.1708,59.9163,0.9553],[22.1669,59.9165,0.0],[22.1642,59.9146,0.0],[22.1647,59.9137,0.0],[22.1697,59.9143,0.3765]]],
[[[22.2003,59.9154,1.5223],[22.1992,59.9137,0.0],[22.2036,59.9143,0.0],[22.2036,59.9174,0.0],[22.2014,59.9174,0.0],[22.2019,59.9157,0.0],[22.2003,59.9154,1.5223]]],
[[[22.1731,59.9182,0.0],[22.1747,59.919,1.8655],[22.1742,59.9201,1.8655],[22.1697,59.9199,1.2165],[22.1708,59.9182,0.0],[22.1731,59.9182,0.0]]],
[[[22.1397,59.919,0.3156],[22.143,59.9204,0.0],[22.1425,59.9215,0.0],[22.1397,59.9221,0.0],[22.1375,59.9204,0.3156],[22.1397,59.919,0.3156]]],
[[[22.1797,59.9274,0.6968],[22.1825,59.9301,0.0],[22.1692,59.9271,0.0],[22.1658,59.924,0.3442],[22.1753,59.9249,1.7794],[22.178,59.924,1.1665],[22.1775,59.9221,2.8563],[22.1803,59.921,0.6062],[22.1853,59.9221,1.7982],[22.1875,59.9207,0.0],[22.1947,59.921,1.1245],[22.1964,59.9226,0.0],[22.1875,59.9254,3.7903],[22.1881,59.9279,0.0],[22.1858,59.9287,7.4181],[22.1797,59.9274,0.6968]]],
[[[22.1697,59.9282,0.0],[22.1731,59.9313,0.0],[22.1675,59.9296,0.0],[22.1675,59.9282,0.0],[22.1697,59.9282,0.0]]],
[[[22.1114,59.9276,0.0],[22.1164,59.9271,0.3351],[22.1186,59.9293,0.0],[22.1164,59.9282,0.3351],[22.1114,59.9276,0.0]]],
[[[22.1158,59.931,0.308],[22.1175,59.9321,0.0],[22.1136,59.9324,0.0],[22.1103,59.9299,1.127],[22.1125,59.9293,0.8231],[22.1158,59.931,0.308]]],
[[[22.1219,59.9326,0.0],[22.1242,59.9324,0.5992],[22.1264,59.9335,0.0],[22.1247,59.934,0.0],[22.1219,59.9326,0.0]]],
[[[22.1075,59.9321,3.6483],[22.1108,59.9326,0.0],[22.1108,59.9346,0.0],[22.1081,59.9349,1.6012],[22.1058,59.9329,0.0],[22.1075,59.9321,3.6483]]],
[[[22.1864,59.9318,0.0],[22.1908,59.9315,0.0],[22.1925,59.9335,0.0],[22.1864,59.9329,0.0],[22.1864,59.9318,0.0]]],
[[[22.2142,59.9385,2.6312],[22.2164,59.941,0.0],[22.2069,59.9399,0.6338],[22.2069,59.9388,0.6338],[22.2125,59.9388,0.9768],[22.2125,59.9374,2.6312],[22.2092,59.9357,0.0],[22.2097,59.9343,0.0],[22.2175,59.9354,0.0],[22.2175,59.9374,0.0],[22.2142,59.9385,2.6312]]],
[[[22.1875,59.9388,1.9657],[22.1886,59.9404,0.0],[22.1819,59.9413,0.0],[22.1847,59.9393,1.9657],[22.1808,59.9388,0.0],[22.1786,59.9362,0.0],[22.1853,59.9351,0.0],[22.1958,59.9376,0.4965],[22.1931,59.9385,2.9898],[22.1892,59.9374,0.8057],[22.1875,59.9388,1.9657]]],
[[[22.1803,59.9435,0.0],[22.1842,59.9426,0.0],[22.1858,59.9437,0.0],[22.1808,59.944,0.0],[22.1803,59.9435,0.0]]],
[[[21.8325,59.9149,0.8608],[21.8353,59.9149,0.0],[21.8364,59.9171,0.0],[21.8319,59.9163,3.5396],[21.8325,59.9149,0.8608]]],
[[[21.8897,59.916,0.0],[21.8914,59.9196,0.0],[21.8897,59.9204,1.8563],[21.8836,59.9168,0.0],[21.8847,59.9149,0.0],[21.8897,59.916,0.0]]],
[[[21.8508,59.9199,-0.0681],[21.8536,59.9224,0.3597],[21.8475,59.9215,1.8439],[21.8447,59.9174,0.4438],[21.8469,59.9171,0.0694],[21.8508,59.9199,-0.0681]]],
[[[21.8308,59.9193,1.54],[21.8303,59.9257,0.0],[21.8275,59.9249,0.0],[21.8264,59.921,0.4618],[21.8231,59.9201,0.147],[21.8242,59.9179,0.0],[21.8264,59.9185,0.0],[21.8269,59.9163,0.0],[21.8308,59.9193,1.54]]],
[[[21.8153,59.9132,0.6989],[21.8158,59.9151,0.141],[21.8119,59.9137,0.6456],[21.8136,59.9121,0.6456],[21.8164,59.9124,0.6989],[21.8153,59.9132,0.6989]]],
[[[21.8186,59.9165,0.0],[21.8208,59.9151,0.0],[21.8219,59.9176,0.0],[21.8197,59.9179,1.1418],[21.8186,59.9165,0.0]]],
[[[21.7892,59.9315,1.4042],[21.7797,59.9326,0.0],[21.7714,59.9304,0.0],[21.7742,59.9274,9.8574],[21.7769,59.9268,5.2558],[21.7781,59.924,3.0133],[21.7669,59.921,0.0],[21.7814,59.9165,7.6194],[21.7758,59.9149,4.2153],[21.7642,59.919,0.0],[21.7603,59.9165,0.0],[21.7653,59.9163,1.8259],[21.7642,59.9149,7.9997],[21.7553,59.916,0.0],[21.7542,59.9146,4.348],[21.7581,59.9126,11.3595],[21.7514,59.9132,11.4448],[21.7486,59.909,0.0],[21.7503,59.9071,4.1181],[21.7453,59.9071,0.0],[21.7481,59.9054,10.0162],[21.7447,59.9043,0.0],[21.7442,59.9026,0.0],[21.7486,59.9021,0.0],[21.7486,59.9038,10.0162],[21.7575,59.9046,2.5264],[21.7592,59.9074,5.2095],[21.7575,59.9085,16.6775],[21.7597,59.9099,4.4425],[21.7603,59.9076,6.5026],[21.7592,59.9049,0.0],[21.7614,59.9046,0.0],[21.7686,59.9074,2.7809],[21.7714,59.9101,1.1896],[21.7775,59.9115,0.0],[21.7769,59.9129,0.0],[21.7669,59.914,7.9997],[21.7781,59.9137,0.0],[21.7836,59.9118,0.0],[21.7853,59.9124,0.0],[21.7842,59.9137,1.2332],[21.7864,59.9143,0.0],[21.7847,59.9154,1.5988],[21.7869,59.9182,2.3294],[21.7919,59.9168,0.0],[21.7981,59.9182,0.0],[21.7936,59.9193,3.2393],[21.7953,59.9238,0.0],[21.7931,59.9238,0.352],[21.7925,59.929,8.5118],[21.7892,59.9315,1.4042]]],
[[[21.8125,59.9424,0.0],[21.8119,59.946,0.0],[21.8092,59.9468,3.6598],[21.803,59.9437,1.4966],[21.803,59.941,0.7817],[21.8058,59.9399,3.0971],[21.8031,59.9396,0.5355],[21.8025,59.9376,0.0],[21.7997,59.9393,0.0],[21.7975,59.9385,0.4797],[21.8019,59.9365,0.0],[21.8086,59.9365,0.7965],[21.8058,59.9357,0.0],[21.8058,59.9343,0.0],[21.8147,59.9318,0.0],[21.8186,59.9351,1.5087],[21.8125,59.9362,6.8702],[21.8097,59.9385,4.6018],[21.8114,59.939,0.0],[21.8108,59.9407,7.9014],[21.8125,59.9424,0.0]]],
[[[21.8564,59.9224,0.0],[21.8581,59.9235,0.0],[21.8564,59.9249,0.0],[21.8531,59.9235,0.3597],[21.8547,59.9221,0.5517],[21.8564,59.9224,0.0]]],
[[[21.8981,59.9324,3.8025],[21.9053,59.9343,0.579],[21.9069,59.9374,1.1826],[21.9008,59.9376,0.0],[21.8969,59.9351,0.4365],[21.8936,59.9351,0.4365],[21.8958,59.9332,2.0414],[21.893,59.9321,0.0],[21.8981,59.9324,3.8025]]],
[[[21.9053,59.9429,0.0],[21.9047,59.9451,0.0],[21.8992,59.9449,1.1331],[21.8892,59.9418,0.0],[21.8869,59.9385,0.0],[21.8914,59.9376,0.0],[21.8947,59.9399,0.0],[21.9047,59.9415,0.0],[21.9053,59.9429,0.0]]],
[[[21.8686,59.9432,0.0],[21.8708,59.946,0.0],[21.8642,59.9451,0.0],[21.8658,59.9429,0.0],[21.8686,59.9432,0.0]]],
[[[21.7953,59.9388,1.6927],[21.7969,59.9407,0.0],[21.7914,59.9401,0.0],[21.7919,59.939,0.0],[21.7953,59.9388,1.6927]]],
[[[21.8197,59.941,0.0],[21.8214,59.9437,0.0],[21.8142,59.944,0.0],[21.8142,59.9421,0.0],[21.8197,59.941,0.0]]],
[[[21.8175,59.9457,0.0],[21.8158,59.9446,0.0],[21.8214,59.9446,0.0],[21.8203,59.946,0.0],[21.8175,59.9457,0.0]]],
[[[21.8119,59.9479,0.0],[21.8142,59.9501,2.2475],[21.8036,59.9488,0.0],[21.8053,59.9471,4.5966],[21.8119,59.9479,0.0]]],
[[[21.6925,59.9307,-0.1437],[21.6892,59.9326,0.0],[21.6869,59.9315,0.0],[21.6897,59.9304,3.2982],[21.6925,59.9307,-0.1437]]],
[[[21.7219,59.9318,0.0],[21.7253,59.9324,0.0],[21.7258,59.9329,0.0],[21.7203,59.9324,0.0],[21.7219,59.9318,0.0]]],
[[[21.7308,59.9343,1.5526],[21.7319,59.936,3.094],[21.7297,59.9368,3.094],[21.723,59.9357,0.0],[21.7264,59.934,0.7431],[21.7308,59.9343,1.5526]]],
[[[21.7569,59.9393,8.1799],[21.7536,59.9413,0.0],[21.7386,59.9404,9.0494],[21.7347,59.9374,0.0],[21.7347,59.9351,0.0],[21.7436,59.9371,18.4652],[21.7625,59.9374,0.0],[21.7608,59.939,0.0],[21.7569,59.9393,8.1799]]],
[[[21.678,59.9268,0.0],[21.6803,59.9279,0.0],[21.6803,59.929,0.0],[21.6764,59.9282,0.0],[21.678,59.9268,0.0]]],
[[[21.6708,59.931,0.8843],[21.6681,59.9332,1.1183],[21.6658,59.9324,0.1053],[21.6675,59.9299,0.0],[21.6697,59.9296,1.4319],[21.6681,59.9279,0.0],[21.6719,59.9282,0.0],[21.6725,59.9299,0.0],[21.6708,59.931,0.8843]]],
[[[21.6453,59.9396,0.0],[21.6469,59.9415,0.0],[21.6464,59.9446,0.0],[21.6369,59.9446,0.0],[21.6347,59.944,0.7848],[21.6336,59.9399,0.2962],[21.6258,59.9407,0.0],[21.6203,59.9385,3.4052],[21.6169,59.9385,0.3353],[21.6153,59.9365,0.0],[21.6186,59.9362,0.6799],[21.6186,59.9349,0.0],[21.6319,59.934,1.4471],[21.6264,59.9329,1.1072],[21.6308,59.9315,0.0],[21.6408,59.9354,0.0],[21.6403,59.9374,3.1708],[21.6453,59.9396,0.0]]],
[[[21.6231,59.9437,8.3813],[21.6142,59.9393,1.2901],[21.6197,59.9388,1.1943],[21.6269,59.9415,0.0],[21.6286,59.9437,0.0],[21.6275,59.9471,0.9411],[21.6297,59.9476,0.9411],[21.6225,59.9463,2.5598],[21.6231,59.9437,8.3813]]],
[[[21.6342,59.944,0.7848],[21.6358,59.9468,0.0],[21.6336,59.9474,0.0],[21.6292,59.9449,2.6331],[21.6292,59.9426,0.0],[21.6319,59.9418,0.0],[21.6342,59.944,0.7848]]],
[[[21.6353,59.9513,0.0],[21.6364,59.9529,4.8773],[21.6353,59.9535,1.4927],[21.6303,59.9526,0.7418],[21.6308,59.9513,0.0],[21.6353,59.9513,0.0]]],
[[[21.6419,59.9515,0.8973],[21.6403,59.9549,0.0],[21.6364,59.954,0.0],[21.6369,59.9524,4.8773],[21.6397,59.9518,0.0],[21.6397,59.9501,0.0],[21.6419,59.9501,0.0],[21.6419,59.9515,0.8973]]],
[[[21.6275,59.9515,0.0],[21.6331,59.9549,0.0],[21.6186,59.9549,0.0],[21.6192,59.9532,1.4834],[21.6158,59.9518,1.4379],[21.6158,59.9504,1.8619],[21.6214,59.9496,0.0],[21.6275,59.9515,0.0]]],
[[[21.7347,59.9413,1.8825],[21.7347,59.9443,3.7862],[21.7297,59.9446,2.3777],[21.7236,59.944,0.0],[21.7242,59.9418,7.1311],[21.7192,59.9424,0.0],[21.7169,59.9407,1.1642],[21.7247,59.9388,1.205],[21.7347,59.9413,1.8825]]],
[[[21.7436,59.9532,3.492],[21.7408,59.956,0.0],[21.7375,59.956,0.0],[21.7353,59.9543,0.0],[21.7381,59.9529,1.0871],[21.7336,59.9529,0.0],[21.7325,59.9515,0.0],[21.7392,59.9496,0.0],[21.7442,59.9521,3.492],[21.7436,59.9532,3.492]]],
[[[21.7219,59.9551,0.7237],[21.7203,59.9576,0.0],[21.7175,59.9568,2.5614],[21.7203,59.954,0.7237],[21.7219,59.9551,0.7237]]],
[[[21.7947,59.979,0.0],[21.7903,59.9801,1.7267],[21.7908,59.9782,9.0628],[21.7814,59.9771,0.0],[21.7808,59.9735,7.8527],[21.7786,59.9732,0.0],[21.7775,59.9712,2.379],[21.7703,59.9718,7.854],[21.7669,59.9674,0.0],[21.7647,59.9676,0.0],[21.7664,59.9679,0.0],[21.7669,59.9704,5.5124],[21.7636,59.971,0.0],[21.7592,59.9699,0.0],[21.7603,59.9688,8.4059],[21.7586,59.9682,6.2877],[21.7547,59.9682,3.1605],[21.7542,59.9665,2.8512],[21.7592,59.9665,0.0],[21.7597,59.9646,6.9772],[21.7447,59.966,0.0],[21.7442,59.9626,0.0],[21.7475,59.9618,14.8531],[21.7458,59.9607,0.0],[21.7464,59.9588,0.0],[21.7425,59.9576,0.7339],[21.7431,59.9554,0.0],[21.7481,59.9535,0.0],[21.7492,59.9543,0.6672],[21.7481,59.9571,6.8174],[21.7497,59.9574,6.8061],[21.7508,59.9543,1.0954],[21.7553,59.9554,0.0],[21.7564,59.954,0.0],[21.7542,59.9532,5.6734],[21.7542,59.9515,13.5013],[21.7492,59.9499,4.2938],[21.7408,59.949,0.0],[21.7442,59.9468,5.6148],[21.7386,59.9479,0.0],[21.7325,59.9457,0.0],[21.7364,59.9446,4.7129],[21.7375,59.9426,3.2166],[21.7408,59.9432,0.0],[21.7397,59.9446,3.2445],[21.7425,59.9446,2.8657],[21.7481,59.9415,3.321],[21.7542,59.9421,0.0],[21.7553,59.9443,0.0],[21.7536,59.9449,0.0],[21.7542,59.9468,0.0],[21.7586,59.9468,0.4252],[21.7614,59.9449,0.0],[21.7658,59.9479,2.14],[21.7625,59.9504,1.0318],[21.7708,59.9504,0.0],[21.7792,59.9535,0.0],[21.7803,59.959,0.0],[21.7792,59.9613,11.0197],[21.7819,59.9632,0.0],[21.783,59.961,0.3931],[21.7853,59.9607,1.3537],[21.7908,59.9651,0.0],[21.7919,59.9693,4.6996],[21.7908,59.9701,4.6996],[21.7925,59.9718,8.3307],[21.7903,59.9738,5.0665],[21.7958,59.976,0.0],[21.7947,59.979,0.0]]],
[[[21.8264,59.949,5.2658],[21.8281,59.9504,0.0],[21.8264,59.9515,3.523],[21.8208,59.9501,0.0],[21.8214,59.949,5.0845],[21.8264,59.949,5.2658]]],
[[[21.8658,59.9582,0.0],[21.8614,59.961,0.0],[21.8575,59.9607,0.0],[21.8553,59.9596,0.0],[21.8575,59.9582,8.1299],[21.8542,59.9585,2.0078],[21.8514,59.9562,0.0],[21.8581,59.9543,0.8576],[21.8603,59.9551,0.0],[21.8603,59.9582,0.0],[21.8658,59.9582,0.0]]],
[[[21.8286,59.9574,1.2242],[21.8308,59.9585,0.0],[21.8264,59.9588,0.0],[21.8269,59.9576,0.0],[21.8286,59.9574,1.2242]]],
[[[21.883,59.9599,0.7362],[21.8825,59.9629,0.0],[21.8803,59.9635,1.245],[21.8792,59.9626,1.245],[21.8797,59.9585,5.1158],[21.8725,59.9588,0.0],[21.8719,59.9565,0.0],[21.8803,59.9562,0.0],[21.8836,59.9582,0.5163],[21.883,59.9599,0.7362]]],
[[[21.8331,59.959,0.6462],[21.8336,59.9607,0.0],[21.8308,59.9618,3.8723],[21.8281,59.9604,0.0],[21.8308,59.959,1.9242],[21.8331,59.959,0.6462]]],
[[[21.8753,59.9601,0.0],[21.8775,59.9599,0.0],[21.8781,59.9618,0.0],[21.8747,59.9615,0.0],[21.8753,59.9601,0.0]]],
[[[21.8875,59.9657,0.0],[21.8881,59.9676,0.0],[21.8858,59.9688,0.0],[21.8814,59.9674,1.8036],[21.8825,59.9651,0.0],[21.8875,59.9657,0.0]]],
[[[21.8442,59.9704,0.0],[21.8364,59.9715,0.0],[21.8403,59.9688,2.7915],[21.8431,59.9688,1.4397],[21.8442,59.9704,0.0]]],
[[[21.8092,59.9574,0.0],[21.8075,59.961,0.0],[21.8019,59.9601,0.0],[21.8036,59.9576,0.0],[21.8092,59.9574,0.0]]],
[[[21.8192,59.9585,0.0],[21.8219,59.959,0.0],[21.8225,59.9599,0.0],[21.8169,59.9596,0.0],[21.8192,59.9585,0.0]]],
[[[21.7775,59.9751,0.0],[21.7781,59.9776,0.0],[21.7758,59.9782,0.0],[21.7714,59.9757,0.0],[21.7747,59.9754,0.0],[21.7736,59.9735,0.0],[21.7775,59.9751,0.0]]],
[[[21.7969,59.9818,0.0],[21.7936,59.9826,0.8451],[21.7936,59.9843,0.0],[21.7919,59.9849,0.0],[21.7897,59.9835,0.0],[21.7936,59.981,0.0],[21.7969,59.9818,0.0]]],
[[[21.8836,59.9724,0.0],[21.8836,59.9712,0.0],[21.8881,59.9715,0.0],[21.8875,59.9726,0.0],[21.8836,59.9724,0.0]]],
[[[21.8397,59.9749,1.7158],[21.8408,59.9765,0.0],[21.8392,59.9774,0.0],[21.8314,59.9768,1.5958],[21.8292,59.9738,0.0],[21.8336,59.9729,0.6606],[21.8397,59.9749,1.7158]]],
[[[21.8264,59.9738,5.187],[21.8269,59.9774,0.0],[21.8225,59.9774,0.0],[21.8219,59.9743,2.8855],[21.8264,59.9738,5.187]]],
[[[21.8947,59.979,0.0],[21.8903,59.9813,0.0],[21.8819,59.9796,1.7616],[21.8836,59.9774,1.3489],[21.8947,59.979,0.0]]],
[[[21.6458,59.9538,1.087],[21.6469,59.9549,0.0],[21.6458,59.9554,1.087],[21.6419,59.9551,0.0],[21.6425,59.9543,0.0],[21.6458,59.9538,1.087]]],
[[[21.6247,59.9557,0.0],[21.6292,59.9554,4.3301],[21.6297,59.9562,0.0],[21.6247,59.9571,0.0],[21.6247,59.9557,0.0]]],
[[[21.6347,59.9618,0.0],[21.6381,59.9629,0.0],[21.6347,59.9635,0.0],[21.6336,59.9621,0.0],[21.6347,59.9618,0.0]]],
[[[21.6297,59.966,1.5839],[21.6275,59.9682,0.0],[21.6208,59.9679,0.0],[21.6269,59.9632,0.0],[21.6325,59.9646,0.0],[21.6297,59.966,1.5839]]],
[[[21.6297,59.9688,0.0],[21.6319,59.969,0.0],[21.6264,59.9696,0.0],[21.6275,59.9688,0.0],[21.6297,59.9688,0.0]]],
[[[21.6286,59.9704,0.0],[21.6319,59.9699,0.0],[21.6331,59.971,0.0],[21.6286,59.9712,0.0],[21.6286,59.9704,0.0]]],
[[[21.6542,59.971,0.0],[21.6547,59.9721,0.0],[21.6519,59.9735,0.0],[21.6497,59.9729,0.0],[21.6525,59.971,0.0],[21.6542,59.971,0.0]]],
[[[21.6575,59.974,0.0],[21.6603,59.9754,0.0],[21.6603,59.976,0.0],[21.6553,59.9754,0.0],[21.6575,59.974,0.0]]],
[[[21.7486,59.9663,0.0],[21.7514,59.9657,0.0],[21.7525,59.9671,0.0],[21.7475,59.9671,0.0],[21.7486,59.9663,0.0]]],
[[[21.758,59.976,1.1816],[21.7553,59.9774,0.0],[21.7508,59.9768,5.3284],[21.7447,59.9738,0.0],[21.7536,59.9718,0.0],[21.7636,59.9735,0.0],[21.7603,59.9765,2.6302],[21.758,59.976,1.1816]]],
[[[21.7597,59.9793,0.0],[21.7597,59.9807,0.0],[21.7564,59.9815,3.8938],[21.7519,59.9801,3.3705],[21.7531,59.9785,0.0],[21.7597,59.9793,0.0]]],
[[[21.7208,59.9868,0.0],[21.7181,59.9893,0.0],[21.7164,59.9888,0.0],[21.7175,59.9863,0.0],[21.7208,59.9868,0.0]]],
[[[21.6319,59.9746,0.443],[21.6314,59.9768,1.0583],[21.6236,59.9754,0.0],[21.6253,59.9738,0.3583],[21.6319,59.9746,0.443]]],
[[[21.6231,59.9774,0.0],[21.6231,59.9799,0.0],[21.6214,59.981,0.0],[21.6125,59.979,0.4782],[21.6153,59.9757,1.38],[21.6231,59.9774,0.0]]],
[[[21.6836,59.9776,0.0],[21.6803,59.9799,0.0],[21.6758,59.9796,0.0],[21.6786,59.9776,0.0],[21.6836,59.9776,0.0]]],
[[[21.6308,59.981,0.7663],[21.6331,59.9835,0.0],[21.6292,59.9835,0.0],[21.6281,59.981,0.2998],[21.6308,59.981,0.7663]]],
[[[21.9358,59.9243,0.4731],[21.9392,59.9243,0.0],[21.9397,59.9257,0.0],[21.9331,59.9257,0.0],[21.9358,59.9243,0.4731]]],
[[[21.9297,59.9274,0.1039],[21.9225,59.9282,2.7795],[21.9208,59.9263,0.0],[21.9242,59.9249,0.0],[21.9297,59.9274,0.1039]]],
[[[21.9053,59.9271,0.4719],[21.9081,59.9287,0.0],[21.9019,59.9279,0.4328],[21.9036,59.9268,0.0],[21.9053,59.9271,0.4719]]],
[[[21.9397,59.9279,0.0],[21.9358,59.9296,0.6685],[21.9297,59.929,0.0],[21.9314,59.9271,1.3233],[21.9397,59.9279,0.0]]],
[[[21.9069,59.9329,0.8134],[21.9069,59.9346,0.579],[21.9031,59.9332,0.0],[21.9053,59.9324,0.8134],[21.9069,59.9329,0.8134]]],
[[[21.9375,59.9354,0.0],[21.9392,59.9393,0.0],[21.9325,59.936,0.0],[21.9342,59.934,0.4281],[21.9375,59.9354,0.0]]],
[[[21.9575,59.9388,0.0],[21.9586,59.9401,0.0],[21.9558,59.941,0.0],[21.9525,59.9399,0.6173],[21.9536,59.9385,0.0],[21.9575,59.9388,0.0]]],
[[[21.9547,59.9446,3.3603],[21.9558,59.9463,0.0],[21.9525,59.9471,0.0],[21.9503,59.9454,0.7087],[21.9514,59.9446,3.3603],[21.9481,59.9429,0.0],[21.9519,59.9426,0.0],[21.9547,59.9446,3.3603]]],
[[[22.0169,59.9529,0.0],[22.0186,59.9543,0.0],[22.0136,59.954,0.0],[22.0136,59.9526,0.0],[22.0169,59.9529,0.0]]],
[[[22.0092,59.9637,0.0],[22.0103,59.966,0.0],[22.0058,59.9657,0.0],[22.0031,59.9624,0.0],[22.0058,59.9624,2.6141],[22.0092,59.9637,0.0]]],
[[[22.0569,59.9646,0.7798],[22.0547,59.9637,0.0],[22.0603,59.9637,0.0],[22.0597,59.9649,0.7798],[22.0569,59.9646,0.7798]]],
[[[22.0553,59.9649,0.2333],[22.0575,59.9657,0.0],[22.0519,59.9663,0.3258],[22.0525,59.9649,0.0],[22.0553,59.9649,0.2333]]],
[[[21.9603,59.9521,0.0],[21.9581,59.9546,0.0],[21.9553,59.954,0.0],[21.9558,59.9515,0.0],[21.9597,59.949,3.2612],[21.9653,59.9493,2.4811],[21.9642,59.9513,1.1343],[21.9603,59.9521,0.0]]],
[[[21.9008,59.9579,0.0],[21.9031,59.9601,0.0],[21.8992,59.9601,0.0],[21.8986,59.9585,0.0],[21.9008,59.9579,0.0]]],
[[[21.9175,59.9674,0.5637],[21.9186,59.9685,0.5637],[21.9164,59.9696,0.0],[21.9086,59.9676,3.8541],[21.9058,59.9693,0.0],[21.9047,59.9679,1.732],[21.8947,59.9696,1.3556],[21.8908,59.9679,0.0],[21.8908,59.966,0.8613],[21.8875,59.9632,2.2284],[21.8881,59.9612,0.4174],[21.8908,59.961,1.2765],[21.8931,59.966,2.0762],[21.8969,59.9668,0.7454],[21.8936,59.9637,4.2541],[21.8942,59.9615,0.7145],[21.8975,59.9599,0.0],[21.8981,59.9613,0.7451],[21.9025,59.9615,0.0],[21.9036,59.9649,0.9238],[21.9092,59.9632,0.0],[21.9108,59.9665,2.1658],[21.9175,59.9674,0.5637]]],
[[[21.9136,59.9751,6.211],[21.9119,59.9754,6.211],[21.9136,59.9774,0.4451],[21.9119,59.9788,0.0],[21.9108,59.9776,0.7843],[21.9031,59.9782,0.5852],[21.8947,59.9749,1.9805],[21.8964,59.9735,0.5137],[21.8958,59.9712,0.0],[21.9075,59.969,0.0],[21.9081,59.9712,4.0696],[21.9147,59.9726,0.0],[21.9153,59.9743,0.0],[21.9136,59.9751,6.211]]],
[[[22.1858,59.946,2.1237],[22.1886,59.9471,0.0],[22.1836,59.9474,0.5692],[22.1792,59.9451,0.0],[22.1814,59.9449,0.0],[22.1858,59.946,2.1237]]],
[[[22.2053,59.9476,0.0],[22.2031,59.9479,1.2469],[22.2042,59.9501,0.0],[22.2003,59.9485,2.3077],[22.1947,59.949,0.0],[22.1908,59.9451,0.0],[22.1981,59.9432,0.0],[22.2058,59.9468,0.0],[22.2053,59.9476,0.0]]],
[[[22.2153,59.9468,0.0],[22.2158,59.9493,0.0],[22.213,59.9499,1.6292],[22.2092,59.9476,0.0],[22.2092,59.9457,0.0],[22.2131,59.9451,0.0],[22.2153,59.9468,0.0]]],
[[[22.1453,59.9735,0.0],[22.1486,59.976,0.0],[22.1458,59.9765,0.6337],[22.1425,59.9743,0.0],[22.1453,59.9735,0.0]]],
[[[22.0836,59.9437,0.0],[22.0858,59.9435,0.0],[22.0864,59.9449,0.0],[22.0825,59.9457,0.0],[22.0819,59.9437,0.0],[22.0836,59.9437,0.0]]],
[[[22.0736,59.9551,0.8258],[22.0736,59.9571,0.0],[22.0697,59.9579,0.0],[22.0631,59.9549,2.5896],[22.0614,59.9521,0.0],[22.0703,59.9524,9.4308],[22.0736,59.9551,0.8258]]],
[[[22.0742,59.9682,0.0],[22.0731,59.9696,1.7048],[22.0742,59.9718,3.9092],[22.0725,59.9724,0.0],[22.0692,59.9715,0.0],[22.0647,59.9674,0.6385],[22.0719,59.9665,0.0],[22.0742,59.9682,0.0]]],
[[[22.1003,59.9735,0.0],[22.1014,59.9771,0.0],[22.0925,59.9749,6.0358],[22.0875,59.9704,0.0],[22.0958,59.9704,0.0],[22.1003,59.9735,0.0]]],
[[[22.1169,59.9763,0.0],[22.1164,59.9749,0.0],[22.1208,59.9751,0.0],[22.1208,59.9771,0.0],[22.1169,59.9763,0.0]]],
[[[22.1108,59.9807,0.0],[22.1103,59.9793,0.2607],[22.1147,59.9801,0.0],[22.1147,59.981,0.0],[22.1108,59.9807,0.0]]],
[[[22.1303,59.984,0.0],[22.1292,59.986,0.0],[22.1231,59.9857,0.0],[22.1214,59.9871,0.0],[22.1192,59.9851,3.7261],[22.1136,59.9846,1.6893],[22.1125,59.9829,0.9854],[22.1231,59.9824,0.4631],[22.1303,59.984,0.0]]],
[[[22.1286,59.9901,0.0],[22.1303,59.9921,0.0],[22.1292,59.9935,3.707],[22.1258,59.9929,0.5085],[22.1242,59.9907,1.6763],[22.1247,59.9899,0.0],[22.1286,59.9901,0.0]]],
[[[22.1464,59.9813,0.0],[22.1453,59.9799,0.0],[22.1497,59.9799,0.0],[22.1497,59.9813,0.0],[22.1464,59.9813,0.0]]],
[[[22.1525,59.9837,0.0],[22.1514,59.9818,0.0],[22.1536,59.9815,0.0],[22.1569,59.9843,0.0],[22.1547,59.9843,0.0],[22.1525,59.9837,0.0]]],
[[[22.1458,59.9824,0.0],[22.1475,59.9849,0.0],[22.1425,59.9846,1.3117],[22.1419,59.9818,0.0],[22.1458,59.9824,0.0]]],
[[[22.1919,59.9893,1.8473],[22.1919,59.9874,1.9859],[22.1969,59.9885,0.0],[22.1964,59.9899,0.0],[22.1919,59.9893,1.8473]]],
[[[22.0303,59.9657,2.23],[22.0331,59.9665,0.0],[22.0331,59.9679,0.0],[22.0286,59.9685,1.4205],[22.0264,59.9663,0.0],[22.0208,59.9649,0.0],[22.0264,59.9632,0.0],[22.0303,59.9657,2.23]]],
[[[22.0381,59.974,1.0467],[22.0414,59.9726,0.0],[22.0408,59.9754,0.0],[22.0369,59.9754,0.0],[22.0381,59.974,1.0467]]],
[[[22.0536,59.9774,1.8739],[22.0547,59.9796,0.0],[22.0481,59.9804,2.3655],[22.0447,59.9757,0.7976],[22.0492,59.9754,0.0],[22.0536,59.9774,1.8739]]],
[[[21.9942,59.9921,2.0237],[21.9981,59.9921,0.0],[21.9986,59.9932,0.0],[21.9953,59.994,0.0],[21.9942,59.9921,2.0237]]],
[[[21.9242,59.9818,0.0],[21.9236,59.9837,1.9964],[21.9181,59.9837,0.0],[21.9186,59.9824,0.0],[21.9242,59.9818,0.0]]],
[[[21.9358,59.9854,0.0],[21.9375,59.9865,0.0],[21.9319,59.9871,0.0],[21.9325,59.986,0.3181],[21.9358,59.9854,0.0]]],
[[[21.9608,59.9876,0.0],[21.9597,59.9888,0.303],[21.9625,59.989,0.0],[21.9619,59.9907,0.0],[21.9519,59.9896,1.1839],[21.9531,59.9874,0.6075],[21.9608,59.9876,0.0]]],
[[[21.9447,59.9971,1.7537],[21.9464,59.9979,0.5269],[21.9458,59.9993,0.0],[21.9419,59.9987,0.0],[21.9425,59.9974,0.0],[21.9447,59.9971,1.7537]]],
[[[21.9724,60.0286,8.4142],[21.9693,60.0286,0.0],[21.9693,60.0276,0.0],[21.9708,60.0271,0.0],[21.9724,60.0286,8.4142]]],
[[[22.0542,60.0583,10.8483],[22.0583,60.0583,5.7748],[22.0599,60.0599,20.5182],[22.0526,60.0599,21.6439],[22.0542,60.0583,10.8483]]],
[[[22.0161,60.0641,10.611],[22.0146,60.0646,3.9619],[22.013,60.063,0.0],[22.0161,60.063,9.7666],[22.0161,60.0641,10.611]]],
[[[21.9703,60.0682,0.0],[21.9688,60.0687,16.1573],[21.9672,60.0672,20.818],[21.9703,60.0672,0.0],[21.9703,60.0682,0.0]]],
[[[21.9319,59.9999,0.0],[21.9358,59.9996,0.405],[21.9364,60.0,0.405],[21.9314,60.0,0.0],[21.9319,59.9999,0.0]]],
[[[21.962,60.0328,11.9525],[21.9604,60.0333,14.2376],[21.9589,60.0318,0.0],[21.962,60.0318,5.4246],[21.962,60.0328,11.9525]]],
[[[21.9688,60.0875,9.8326],[21.9703,60.0891,15.0047],[21.9589,60.0891,3.7512],[21.9604,60.0875,5.3661],[21.9688,60.0875,9.8326]]],
[[[21.912,60.1318,0.0],[21.9182,60.1349,13.8563],[21.9026,60.137,5.5398],[21.9036,60.1318,0.0],[21.9026,60.1297,14.0332],[21.9083,60.1292,0.0],[21.912,60.1318,0.0]]],
[[[22.1086,59.9968,0.0],[22.1119,59.9982,0.0],[22.1125,60.0,0.0],[22.1042,59.9993,0.0],[22.1064,59.9968,0.0943],[22.1086,59.9968,0.0]]],
[[[22.0828,60.062,9.4362],[22.0797,60.062,15.0278],[22.0797,60.0609,8.3606],[22.0812,60.0604,0.0],[22.0828,60.062,9.4362]]],
[[[22.0911,60.087,9.5701],[22.0771,60.0875,8.1843],[22.0755,60.0859,10.1817],[22.0896,60.0854,0.0],[22.0911,60.087,9.5701]]],
[[[22.0812,60.0917,0.0],[22.0854,60.0917,18.2897],[22.087,60.0932,0.0],[22.0797,60.0932,4.5144],[22.0812,60.0917,0.0]]],
[[[22.1897,59.9935,0.0],[22.1847,59.9949,0.9935],[22.1869,59.9924,0.0],[22.1903,59.9924,0.0],[22.1897,59.9935,0.0]]],
[[[22.1664,59.9965,0.0],[22.1703,59.9957,0.0],[22.1708,59.9979,0.0],[22.1658,59.9979,0.0],[22.1664,59.9965,0.0]]],
[[[22.1625,60.1,8.9568],[22.1667,60.1,0.0],[22.1682,60.1016,20.723],[22.1609,60.1016,20.3892],[22.1625,60.1,8.9568]]],
[[[22.1599,60.1036,0.0],[22.1568,60.1036,12.9973],[22.1568,60.1026,19.5683],[22.1599,60.1026,16.6301],[22.1599,60.1036,0.0]]],
[[[22.0703,60.0953,3.5674],[22.0688,60.0958,0.0],[22.0672,60.0943,11.7427],[22.0703,60.0943,5.2989],[22.0703,60.0953,3.5674]]],
[[[22.0938,60.1333,0.0],[22.1,60.1333,6.5419],[22.1016,60.1349,0.0],[22.0938,60.1375,9.3906],[22.0755,60.137,13.6608],[22.0792,60.1333,0.0],[22.0938,60.1333,0.0]]],
[[[22.1172,60.137,0.0],[22.1266,60.138,13.933],[22.1349,60.1443,0.0],[22.137,60.1495,0.0],[22.1339,60.1547,0.0],[22.1349,60.1578,0.0],[22.1208,60.1583,3.4371],[22.113,60.1557,28.1429],[22.1109,60.1526,0.0],[22.1141,60.1505,1.7272],[22.1083,60.1458,17.1141],[22.0755,60.1453,16.8088],[22.0833,60.1396,0.0],[22.0917,60.1396,13.2904],[22.0958,60.1417,16.5884],[22.1,60.1417,0.0],[22.1042,60.1396,0.0],[22.112,60.1391,20.1205],[22.1146,60.1354,0.0],[22.1172,60.137,0.0]]],
[[[22.0625,60.1521,20.2783],[22.0667,60.1521,2.2025],[22.0682,60.1536,7.6265],[22.0609,60.1536,14.1032],[22.0625,60.1521,20.2783]]],
[[[22.1807,60.1266,24.9374],[22.1792,60.1271,19.6929],[22.1776,60.1255,17.8141],[22.1807,60.1255,24.4328],[22.1807,60.1266,24.9374]]],
[[[22.1786,60.1297,0.0],[22.1771,60.1312,13.2787],[22.1714,60.1307,0.0],[22.175,60.1271,17.4771],[22.1786,60.1297,0.0]]],
[[[22.1943,60.1318,0.0],[22.1958,60.1312,0.0],[22.1974,60.1328,6.612],[22.1958,60.1333,14.774],[22.1943,60.1318,0.0]]],
[[[22.1891,60.1328,15.9214],[22.1875,60.1333,0.0],[22.1859,60.1318,18.4769],[22.1875,60.1312,9.1848],[22.1891,60.1328,15.9214]]],
[[[21.6553,59.9874,0.0],[21.6503,59.989,0.0],[21.6525,59.9854,2.7162],[21.6475,59.9857,0.0],[21.6447,59.9837,4.4699],[21.6453,59.9821,4.4699],[21.6486,59.9818,7.3695],[21.6458,59.9807,0.0],[21.6486,59.9771,5.8555],[21.6536,59.976,0.0],[21.6519,59.9793,2.9339],[21.6575,59.9782,0.0],[21.6658,59.9801,0.0],[21.6636,59.9821,1.4079],[21.6675,59.9818,0.0],[21.6653,59.9843,0.0],[21.6497,59.9821,1.2383],[21.6514,59.9843,2.7162],[21.6575,59.9849,0.0],[21.6553,59.9874,0.0]]],
[[[21.6814,59.9829,0.6355],[21.6831,59.9835,0.0],[21.6819,59.986,0.0],[21.6758,59.9849,0.0],[21.6742,59.9832,0.0],[21.6814,59.981,0.4094],[21.6858,59.9821,0.0],[21.6814,59.9829,0.6355]]],
[[[21.6775,59.9857,0.0],[21.6786,59.9874,0.0],[21.6753,59.9885,1.3202],[21.6731,59.9851,0.0],[21.6747,59.9846,0.0],[21.6775,59.9857,0.0]]],
[[[21.6486,59.9874,1.0937],[21.6442,59.989,0.0],[21.643,59.9863,0.0],[21.6464,59.9857,0.0],[21.6486,59.9874,1.0937]]],
[[[21.6636,59.9893,1.1644],[21.6631,59.9915,0.0],[21.6581,59.9915,0.0],[21.6597,59.9904,2.5507],[21.6581,59.9893,0.0],[21.6603,59.9868,1.1031],[21.6592,59.9849,0.5215],[21.6631,59.9868,0.0],[21.6664,59.9851,0.0],[21.6708,59.9854,0.0],[21.6625,59.9888,2.5507],[21.6636,59.9893,1.1644]]],
[[[21.6253,59.9899,0.0],[21.6219,59.9904,0.0],[21.6214,59.9893,0.0],[21.6269,59.9885,0.0],[21.6253,59.9899,0.0]]],
[[[21.6569,59.9882,0.0],[21.6569,59.9907,0.0],[21.6508,59.9912,0.0],[21.6508,59.9899,0.0],[21.6569,59.9882,0.0]]],
[[[21.6842,59.9921,0.0],[21.6825,59.9935,0.0],[21.6797,59.9924,0.0],[21.6858,59.9907,0.0],[21.6842,59.9921,0.0]]],
[[[21.6936,59.9954,0.0],[21.6881,59.9971,0.0],[21.6858,59.9968,0.0],[21.6897,59.9946,0.0],[21.6936,59.9954,0.0]]],
[[[21.7469,59.9974,0.0],[21.7514,59.9971,0.0],[21.7519,59.9985,0.0],[21.7497,59.9987,1.1971],[21.7469,59.9974,0.0]]],
[[[21.7242,59.9982,0.0],[21.7236,60.0,0.0],[21.7208,59.9987,0.0],[21.7253,59.9971,0.0],[21.7242,59.9982,0.0]]],
[[[21.7319,59.9996,0.9293],[21.7319,60.0,0.9293],[21.7264,60.0,0.0],[21.7275,59.9993,1.0866],[21.7319,59.9996,0.9293]]],
[[[21.6753,59.9943,0.0],[21.6769,59.9929,0.0],[21.6808,59.9935,0.0],[21.678,59.9951,1.0587],[21.6753,59.9943,0.0]]],
[[[21.6592,59.9965,3.2884],[21.6469,59.9976,0.0],[21.6436,59.996,0.0],[21.6447,59.9949,0.0],[21.6569,59.9949,1.9732],[21.6597,59.9932,0.0],[21.6692,59.9932,0.0],[21.6592,59.9965,3.2884]]],
[[[21.6646,60.0896,0.0],[21.6568,60.087,10.6039],[21.6526,60.0839,0.0],[21.6641,60.0839,9.65],[21.6661,60.088,0.0],[21.6646,60.0896,0.0]]],
[[[21.6432,60.087,15.7756],[21.6417,60.0875,0.0],[21.6401,60.0859,8.2482],[21.6417,60.0854,15.2653],[21.6432,60.087,15.7756]]],
[[[21.8292,59.9804,0.0],[21.8303,59.9832,0.0],[21.8247,59.9832,3.4476],[21.8208,59.9824,0.0],[21.8186,59.9796,0.0],[21.8231,59.979,4.27],[21.8292,59.9804,0.0]]],
[[[21.8936,59.981,0.0],[21.8947,59.9821,0.0],[21.8903,59.9826,0.3257],[21.8919,59.981,0.8741],[21.8936,59.981,0.0]]],
[[[21.8358,59.9829,0.6186],[21.8392,59.9835,0.0],[21.8392,59.9846,0.6267],[21.8347,59.984,0.0],[21.8358,59.9829,0.6186]]],
[[[21.8269,59.9846,0.0],[21.8303,59.9837,0.0],[21.8314,59.9851,0.0],[21.8303,59.9854,0.0],[21.8269,59.9846,0.0]]],
[[[21.7864,59.9849,0.0],[21.7892,59.9871,0.0],[21.7858,59.9871,0.0],[21.7853,59.9851,0.0],[21.7864,59.9849,0.0]]],
[[[21.7947,59.9879,0.0],[21.7947,59.9888,0.0],[21.7903,59.9888,0.0],[21.7919,59.9868,0.0],[21.7947,59.9879,0.0]]],
[[[21.7729,60.0229,8.9621],[21.775,60.025,11.7848],[21.7729,60.0271,0.0],[21.7708,60.025,3.8931],[21.7729,60.0229,8.9621]]],
[[[21.7697,60.0357,0.0],[21.7651,60.0349,0.0],[21.763,60.0318,0.0],[21.7687,60.0292,0.0],[21.7786,60.0297,9.6899],[21.7734,60.0339,22.9188],[21.7745,60.037,13.6961],[21.7697,60.0357,0.0]]],
[[[21.8745,60.0109,31.1836],[21.863,60.0068,8.3816],[21.8771,60.0062,0.0],[21.8807,60.0089,14.8096],[21.8771,60.0125,14.0155],[21.8745,60.0109,31.1836]]],
[[[21.8229,60.0479,0.0],[21.8245,60.0484,0.0],[21.8245,60.0516,13.7993],[21.8172,60.0516,0.0],[21.8172,60.0484,0.0],[21.8229,60.0479,0.0]]],
[[[21.8771,60.0729,18.0864],[21.8792,60.0708,8.8355],[21.8813,60.0729,23.6452],[21.8792,60.075,0.0],[21.8771,60.0729,18.0864]]],
[[[21.8708,60.0979,0.0],[21.8724,60.0984,0.0],[21.8714,60.1005,19.1289],[21.8672,60.1016,9.6051],[21.8693,60.0984,0.0],[21.8708,60.0979,0.0]]],
[[[21.7932,60.0349,17.5963],[21.7917,60.0354,21.0134],[21.7901,60.0339,13.0101],[21.7932,60.0339,16.6374],[21.7932,60.0349,17.5963]]],
[[[21.8109,60.0401,6.2995],[21.8083,60.0417,15.2806],[21.8047,60.0391,0.0],[21.8047,60.0359,0.0],[21.8068,60.0339,5.7557],[21.8099,60.0339,0.0],[21.812,60.0359,0.7647],[21.8109,60.0401,6.2995]]],
[[[21.7979,60.0583,0.0],[21.7901,60.0557,8.5318],[21.7901,60.0526,14.4811],[21.7938,60.05,0.0],[21.8036,60.0505,14.2753],[21.8016,60.0557,0.0],[21.7979,60.0583,0.0]]],
[[[21.7958,60.0958,6.4055],[21.8042,60.0958,4.2303],[21.8057,60.0974,11.1514],[21.7984,60.0984,12.2849],[21.7938,60.1021,0.0],[21.7854,60.1021,19.0605],[21.7818,60.0995,13.9945],[21.7896,60.0938,0.0],[21.7958,60.0958,6.4055]]],
[[[21.7125,60.0313,12.3827],[21.7146,60.0292,0.0],[21.7167,60.0313,0.0],[21.7146,60.0333,9.4151],[21.7125,60.0313,12.3827]]],
[[[21.763,60.038,0.0],[21.7687,60.0375,12.7203],[21.7703,60.0391,5.7297],[21.7609,60.0411,5.0946],[21.763,60.038,0.0]]],
[[[21.7833,60.1167,0.0],[21.7667,60.1167,16.6461],[21.7604,60.1208,0.0],[21.7563,60.1188,33.2681],[21.7479,60.1188,9.1587],[21.7438,60.1208,20.875],[21.7396,60.1208,4.5874],[21.7328,60.1151,0.0],[21.7271,60.1125,4.0757],[21.7083,60.1125,8.5159],[21.7068,60.1109,4.7208],[21.7161,60.1078,3.0787],[21.7151,60.1047,9.2627],[21.7193,60.1026,12.1903],[21.7458,60.0979,0.0],[21.75,60.1,20.7636],[21.7563,60.1,15.0662],[21.7578,60.1016,0.0],[21.75,60.1042,2.8068],[21.7458,60.1021,26.3003],[21.7318,60.1026,24.271],[21.7359,60.1057,5.9801],[21.7438,60.1083,6.7188],[21.7479,60.1083,3.6617],[21.7521,60.1063,0.0],[21.7557,60.1089,0.0],[21.7516,60.112,3.8783],[21.7438,60.1125,4.4802],[21.7422,60.1141,0.0],[21.75,60.1167,0.0],[21.7604,60.1125,0.0],[21.7687,60.1125,0.0],[21.7729,60.1146,18.7576],[21.7771,60.1125,0.0],[21.7849,60.1151,14.322],[21.7833,60.1167,0.0]]],
[[[21.7208,60.1229,19.9116],[21.7125,60.1229,11.2866],[21.6979,60.1271,10.3198],[21.6901,60.1245,6.0002],[21.6979,60.1208,7.9505],[21.7245,60.1193,11.6357],[21.7245,60.1224,11.8521],[21.7208,60.1229,19.9116]]],
[[[21.675,60.0896,5.2392],[21.6714,60.088,2.9291],[21.6792,60.0854,14.5022],[21.6828,60.088,10.9835],[21.6813,60.0896,0.0],[21.675,60.0896,5.2392]]],
[[[21.6479,60.0938,0.0],[21.6417,60.0917,5.4995],[21.6354,60.0917,8.5828],[21.6339,60.0901,14.5632],[21.6536,60.0901,12.3148],[21.6516,60.0932,7.1551],[21.6479,60.0938,0.0]]],
[[[21.6833,60.1083,12.2751],[21.6813,60.1104,3.8558],[21.6729,60.1104,4.2821],[21.6708,60.1083,0.0],[21.6729,60.1063,0.0],[21.6813,60.1063,7.649],[21.6833,60.1083,12.2751]]],
[[[21.657,60.1982,7.3755],[21.6542,60.2,0.0],[21.65,60.2,0.0],[21.6458,60.1979,12.0603],[21.6375,60.2021,0.0],[21.6042,60.2021,9.0397],[21.6026,60.2005,11.763],[21.6078,60.1995,3.2768],[21.612,60.1964,4.2772],[21.6005,60.1922,0.0],[21.6063,60.1896,0.0],[21.6104,60.1917,5.7978],[21.6188,60.1917,0.0],[21.6203,60.1911,12.652],[21.6193,60.188,4.0105],[21.6354,60.1833,4.2727],[21.6641,60.1859,0.0],[21.6661,60.1911,0.0],[21.657,60.1982,7.3755]]],
[[[21.725,60.2146,27.669],[21.7208,60.2146,10.3877],[21.7193,60.213,11.7828],[21.7271,60.2083,0.0],[21.7313,60.2083,0.0],[21.7432,60.213,7.7008],[21.7417,60.2146,11.6858],[21.725,60.2146,27.669]]],
[[[21.6932,60.2141,25.0739],[21.6901,60.2141,14.1921],[21.6901,60.213,10.9584],[21.6917,60.2125,5.9372],[21.6932,60.2141,25.0739]]],
[[[21.762,60.2411,13.779],[21.7589,60.2411,0.0],[21.7589,60.2401,0.0],[21.762,60.2401,12.3686],[21.762,60.2411,13.779]]],
[[[21.738,60.2526,0.0],[21.7339,60.2536,0.0],[21.7318,60.2516,6.1476],[21.7318,60.2484,10.8096],[21.7339,60.2464,0.0],[21.737,60.2464,11.7737],[21.7396,60.25,0.0],[21.738,60.2526,0.0]]],
[[[21.6479,60.2229,0.0],[21.6521,60.2229,0.0],[21.6536,60.2245,19.3456],[21.6464,60.2245,14.6839],[21.6479,60.2229,0.0]]],
[[[21.69,60.2438,20.5472],[21.6932,60.2453,16.3467],[21.6813,60.2458,24.2896],[21.6771,60.2479,8.1883],[21.6734,60.2453,12.5274],[21.675,60.2438,7.51],[21.6813,60.2438,16.3128],[21.6854,60.2417,0.0],[21.69,60.2438,20.5472]]],
[[[21.6589,60.2526,16.8002],[21.6646,60.2521,8.6392],[21.6667,60.2542,11.1921],[21.6661,60.2557,9.6014],[21.6583,60.2583,11.3328],[21.6542,60.2583,21.945],[21.6505,60.2557,0.0],[21.6505,60.2547,0.0],[21.6589,60.2526,16.8002]]],
[[[21.6786,60.2599,6.4007],[21.6755,60.2599,10.5816],[21.6755,60.2589,16.606],[21.6786,60.2589,10.8985],[21.6786,60.2599,6.4007]]],
[[[21.8771,60.1,7.2786],[21.8813,60.1,17.3122],[21.8828,60.1016,4.9727],[21.8755,60.1016,8.1643],[21.8771,60.1,7.2786]]],
[[[21.8937,60.1,0.0],[21.8953,60.1016,0.0],[21.8932,60.1036,22.3729],[21.8901,60.1036,19.7413],[21.8901,60.1026,17.6566],[21.8937,60.1,0.0]]],
[[[21.875,60.1146,8.3463],[21.8792,60.1146,0.0],[21.8807,60.1161,4.7905],[21.8734,60.1161,14.2052],[21.875,60.1146,8.3463]]],
[[[21.8896,60.1292,17.601],[21.8917,60.1271,0.0],[21.8937,60.1292,13.4308],[21.8917,60.1312,0.0],[21.8896,60.1292,17.601]]],
[[[21.7708,60.1063,13.1436],[21.7625,60.1063,15.003],[21.7609,60.1047,7.3536],[21.7667,60.1021,10.0323],[21.7766,60.1026,0.0],[21.7766,60.1057,13.0464],[21.7708,60.1063,13.1436]]],
[[[21.8104,60.1083,14.4541],[21.8047,60.1078,0.0],[21.8026,60.1047,15.3581],[21.8099,60.1026,12.7698],[21.812,60.1068,3.7252],[21.8104,60.1083,14.4541]]],
[[[21.7828,60.1203,4.1664],[21.7797,60.1203,11.3345],[21.7797,60.1193,2.9198],[21.7813,60.1188,17.8363],[21.7828,60.1203,4.1664]]],
[[[21.8839,60.2078,0.0],[21.8891,60.212,18.6347],[21.8849,60.2182,27.5209],[21.8813,60.2208,0.0],[21.8438,60.2188,4.8232],[21.8396,60.2208,13.8124],[21.838,60.2203,8.8317],[21.8391,60.2172,0.0],[21.8312,60.2167,0.0],[21.8271,60.2146,0.0],[21.7813,60.2146,6.2857],[21.7734,60.212,13.7394],[21.7755,60.2089,2.7707],[21.7786,60.2078,17.3496],[21.7755,60.2036,0.0],[21.7786,60.2016,0.0],[21.7771,60.2,23.1537],[21.7714,60.2005,0.0],[21.7682,60.2057,4.8428],[21.762,60.2099,12.5961],[21.7563,60.2083,28.9136],[21.7505,60.2099,0.0],[21.7432,60.2047,12.3797],[21.7318,60.2016,5.3745],[21.7266,60.1984,3.3076],[21.7255,60.1964,0.0],[21.7271,60.1937,12.7796],[21.7255,60.1901,0.0],[21.7286,60.188,11.5281],[21.7234,60.187,0.0],[21.7214,60.1849,0.0],[21.7245,60.1818,23.6162],[21.7193,60.1807,7.1166],[21.7203,60.1755,18.7218],[21.7151,60.1745,10.0662],[21.7167,60.1729,1.977],[21.7396,60.1729,0.0],[21.7495,60.1693,0.0],[21.7396,60.1646,19.3027],[21.7354,60.1667,0.0],[21.7229,60.1667,6.014],[21.7146,60.1625,2.2788],[21.7089,60.1641,2.4852],[21.7068,60.1609,0.0],[21.712,60.1599,0.0],[21.7182,60.1495,13.6797],[21.7161,60.1443,9.2569],[21.7083,60.1437,8.7756],[21.7047,60.1411,8.6985],[21.7047,60.138,10.7854],[21.7099,60.1359,5.6155],[21.6938,60.1354,16.4025],[21.6922,60.1339,15.8861],[21.7021,60.1312,0.0],[21.7167,60.1312,12.7337],[21.7229,60.1271,0.0],[21.7271,60.1292,26.335],[21.7313,60.1292,17.6589],[21.7354,60.1271,0.0],[21.7563,60.1271,3.5905],[21.7604,60.125,0.0],[21.7708,60.1312,0.0],[21.7734,60.1276,0.0],[21.7813,60.1271,9.4283],[21.7917,60.1229,0.0],[21.7953,60.1255,13.228],[21.7943,60.1286,0.0],[21.7958,60.1292,0.0],[21.8036,60.1266,9.3579],[21.8021,60.1229,14.2859],[21.8042,60.1208,0.0],[21.8125,60.1208,12.7212],[21.8167,60.1229,0.0],[21.8208,60.1229,11.4719],[21.8286,60.1203,5.4779],[21.8318,60.1172,15.03],[21.8417,60.1146,0.0],[21.8516,60.1151,18.8944],[21.8484,60.1182,9.9242],[21.8625,60.1229,0.0],[21.8813,60.1208,0.5661],[21.8917,60.1167,0.0],[21.8995,60.1193,4.9355],[21.9016,60.1224,0.0],[21.8958,60.125,0.0],[21.8813,60.125,13.0419],[21.8771,60.1271,0.0],[21.8729,60.125,16.9502],[21.8714,60.1266,0.0],[21.8734,60.1307,0.0],[21.8849,60.1339,20.8929],[21.8922,60.1391,17.4801],[21.9016,60.1422,10.4266],[21.9,60.1437,11.5612],[21.8839,60.1443,2.6814],[21.8859,60.1474,0.0],[21.8917,60.15,11.813],[21.9,60.15,0.0],[21.9042,60.1479,0.0],[21.9167,60.1479,0.0],[21.9229,60.1542,0.0],[21.9208,60.1563,11.7443],[21.9167,60.1542,1.5219],[21.9125,60.1563,0.0],[21.8922,60.1568,14.0423],[21.8974,60.1589,0.0],[21.8979,60.1604,0.0],[21.8964,60.163,0.0],[21.8974,60.1661,0.0],[21.8917,60.1688,0.0],[21.8755,60.1641,0.0],[21.8766,60.1589,1.9373],[21.8646,60.1583,0.1161],[21.8526,60.1536,22.4919],[21.8495,60.1505,19.8969],[21.8443,60.1495,23.6338],[21.8432,60.1464,23.2019],[21.838,60.1453,21.0403],[21.8359,60.1432,13.5921],[21.8339,60.1391,19.2945],[21.8349,60.1339,11.6983],[21.8271,60.1333,20.2005],[21.8193,60.1307,11.3082],[21.8203,60.1255,20.2229],[21.813,60.1255,8.8117],[21.8141,60.1307,26.6509],[21.8089,60.1318,22.3765],[21.8068,60.1339,0.0],[21.8141,60.1401,0.0],[21.8161,60.1443,6.5332],[21.8141,60.1495,15.6144],[21.8089,60.1536,6.3424],[21.8125,60.1542,6.6173],[21.8203,60.1516,11.03],[21.825,60.1479,0.0],[21.8297,60.1516,13.5656],[21.8349,60.1526,0.0],[21.8401,60.1599,1.9315],[21.8458,60.1583,0.0],[21.8557,60.1609,0.0],[21.8589,60.1641,2.2747],[21.8641,60.1651,0.0],[21.8625,60.1667,0.0],[21.8568,60.1672,4.1171],[21.8582,60.1687,0.0],[21.8729,60.1688,0.0],[21.8771,60.1708,11.9944],[21.8813,60.1688,0.0],[21.8854,60.1708,0.0],[21.8917,60.1708,0.0],[21.9,60.175,7.6614],[21.9078,60.1755,2.8896],[21.9057,60.1786,17.9173],[21.8958,60.1813,0.0],[21.8688,60.1813,0.0],[21.8672,60.1818,0.0],[21.8682,60.1849,0.0],[21.8651,60.187,5.4],[21.8833,60.1875,8.1188],[21.8958,60.1833,0.0],[21.9,60.1854,15.2013],[21.9104,60.1813,0.0],[21.9146,60.1833,2.8796],[21.9229,60.1833,5.9394],[21.9271,60.1813,23.2221],[21.9313,60.1813,0.0],[21.9391,60.1859,0.0],[21.9349,60.1911,13.4977],[21.9307,60.1932,15.3601],[21.9229,60.1937,11.547],[21.9188,60.1958,0.0],[21.9146,60.1937,1.6584],[21.9104,60.1937,6.8569],[21.9089,60.1943,17.6879],[21.9099,60.1974,9.2654],[21.9005,60.2005,5.6353],[21.8917,60.2062,2.7477],[21.8859,60.2047,8.5825],[21.8839,60.2078,0.0]]],
[[[21.7953,60.2203,12.2535],[21.7938,60.2208,0.0],[21.7922,60.2193,3.5473],[21.7953,60.2193,10.6884],[21.7953,60.2203,12.2535]]],
[[[21.7849,60.2453,17.0407],[21.7818,60.2453,25.0291],[21.7818,60.2443,19.4145],[21.7833,60.2438,25.965699999999998],[21.7849,60.2453,17.0407]]],
[[[21.7813,60.2521,11.1479],[21.7891,60.2547,0.0],[21.7859,60.2568,12.9139],[21.787,60.2599,6.6225],[21.7729,60.2604,5.5976],[21.7687,60.2583,12.3879],[21.7604,60.2583,18.6509],[21.7563,60.2604,5.8758],[21.7526,60.2578,8.969],[21.7557,60.2547,31.3129],[21.7521,60.25,0.0],[21.7563,60.2458,23.5984],[21.7646,60.2458,26.0115],[21.7813,60.2521,11.1479]]],
[[[21.7797,60.2724,6.3696],[21.7807,60.2745,0.0],[21.7792,60.275,14.6272],[21.7714,60.2714,6.3075],[21.7771,60.2708,11.6178],[21.7797,60.2724,6.3696]]],
[[[21.8148,60.275,8.064],[21.8188,60.275,14.046],[21.8203,60.2766,0.0],[21.8068,60.2807,0.0],[21.8109,60.2755,3.2877],[21.8148,60.275,8.064]]],
[[[21.8224,60.2807,26.3387],[21.8193,60.2807,8.9458],[21.8193,60.2797,7.3082],[21.8208,60.2792,12.1346],[21.8224,60.2807,26.3387]]],
[[[21.7766,60.2953,20.3063],[21.7729,60.2979,28.457],[21.7687,60.2979,24.9946],[21.7651,60.2943,0.0],[21.775,60.2938,23.7691],[21.7766,60.2953,20.3063]]],
[[[21.8151,60.313,6.4842],[21.8125,60.3146,14.243],[21.8068,60.3109,14.4186],[21.8104,60.3083,6.4868],[21.8146,60.3083,9.401],[21.8182,60.3109,0.0],[21.8151,60.313,6.4842]]],
[[[21.5375,60.0979,15.9955],[21.5297,60.0953,7.3158],[21.5276,60.0922,9.7085],[21.5333,60.0917,0.0],[21.5411,60.0943,14.2921],[21.5411,60.0974,23.2904],[21.5375,60.0979,15.9955]]],
[[[21.5063,60.1063,12.6048],[21.5083,60.1083,8.1132],[21.5057,60.1141,10.2278],[21.4979,60.1146,3.6827],[21.4917,60.1188,0.0],[21.4875,60.1188,14.2886],[21.4771,60.1146,6.9709],[21.4708,60.1146,0.0],[21.463,60.1099,0.0],[21.4667,60.1063,0.0],[21.4792,60.1063,0.0],[21.4833,60.1083,0.0],[21.4958,60.1042,1.8922],[21.5,60.1063,5.7697],[21.5063,60.1063,12.6048]]],
[[[21.4901,60.1568,7.6589],[21.4911,60.1547,14.0448],[21.488,60.1526,18.0046],[21.4917,60.15,19.9758],[21.4995,60.1547,0.0],[21.5016,60.1578,8.137],[21.4917,60.1583,0.0],[21.4901,60.1568,7.6589]]],
[[[21.4786,60.1557,15.464],[21.4755,60.1557,15.4821],[21.4755,60.1547,9.649],[21.4771,60.1542,3.9769],[21.4786,60.1557,15.464]]],
[[[21.5474,60.0995,30.3136],[21.5458,60.1,24.090699999999998],[21.5443,60.0984,31.85],[21.5474,60.0984,32.9362],[21.5474,60.0995,30.3136]]],
[[[21.613,60.1036,15.4259],[21.6047,60.1005,16.8899],[21.6083,60.0979,0.0],[21.6141,60.0984,4.7898],[21.6167,60.1021,3.1832],[21.6161,60.1036,11.8431],[21.613,60.1036,15.4259]]],
[[[21.6036,60.1078,12.6878],[21.6005,60.1078,17.2878],[21.6005,60.1068,6.6928],[21.6036,60.1068,16.6423],[21.6036,60.1078,12.6878]]],
[[[21.5938,60.1854,20.6161],[21.5589,60.187,2.9272],[21.5604,60.1854,0.0],[21.5661,60.1849,8.6358],[21.5682,60.1828,0.0],[21.563,60.1807,10.6719],[21.5661,60.1776,18.2327],[21.5547,60.1745,0.0],[21.5536,60.1714,0.0],[21.5458,60.1708,17.6208],[21.5411,60.1672,0.0],[21.5339,60.1661,6.3159],[21.5391,60.1641,12.3746],[21.5391,60.1609,23.8585],[21.5271,60.1604,7.8991],[21.5193,60.1578,11.6526],[21.5109,60.1516,11.4566],[21.5068,60.1453,14.0836],[21.5068,60.1422,19.3819],[21.5182,60.138,0.0],[21.5083,60.1354,17.7929],[21.5042,60.1396,0.0],[21.4917,60.1396,0.0],[21.4859,60.137,5.2248],[21.4807,60.1297,14.4096],[21.4755,60.1286,17.2868],[21.4693,60.1234,22.5035],[21.4849,60.1234,0.0],[21.4901,60.1266,0.0],[21.4943,60.1328,9.9252],[21.5021,60.1354,0.0],[21.5036,60.1339,0.0],[21.5005,60.1276,16.5876],[21.5161,60.1224,5.4613],[21.5224,60.1182,8.851],[21.5172,60.1161,13.4961],[21.5151,60.1141,0.0],[21.5167,60.1125,0.9993],[21.5354,60.1167,6.2112],[21.5375,60.1146,3.9018],[21.5359,60.1109,15.5412],[21.5396,60.1083,0.0],[21.5646,60.1083,0.0],[21.5724,60.1109,0.0],[21.5714,60.1141,5.1245],[21.5729,60.1146,11.6471],[21.5786,60.1141,8.4153],[21.5776,60.1109,0.0],[21.5792,60.1104,0.0],[21.6,60.1104,0.0],[21.6042,60.1125,0.0],[21.6125,60.1125,15.9295],[21.6161,60.1099,2.925],[21.613,60.1078,13.1211],[21.6146,60.1063,13.0343],[21.6349,60.1057,2.3031],[21.6333,60.1042,19.8207],[21.6255,60.1036,12.3544],[21.625,60.1021,8.8799],[21.6255,60.1005,0.0],[21.6333,60.0979,11.4165],[21.6417,60.0979,18.7752],[21.6458,60.1,6.2365],[21.6505,60.0964,0.0],[21.6604,60.0938,0.0],[21.6828,60.0943,18.8516],[21.6818,60.0995,0.0],[21.687,60.1005,3.846],[21.687,60.1036,10.9137],[21.6708,60.1042,0.5489],[21.6646,60.1083,0.0],[21.6542,60.1042,20.512],[21.6526,60.1057,0.0],[21.6542,60.1083,2.5942],[21.6521,60.1104,10.9409],[21.6208,60.1104,4.0145],[21.6193,60.112,9.1299],[21.6437,60.1125,8.0573],[21.6703,60.1193,0.0],[21.663,60.1255,20.7962],[21.6641,60.1307,18.8564],[21.662,60.1349,0.0],[21.6547,60.1401,16.7914],[21.6557,60.1432,0.0],[21.6479,60.1437,7.0776],[21.6458,60.1458,8.4043],[21.65,60.15,11.8441],[21.6542,60.15,14.8509],[21.6646,60.1458,0.0],[21.6688,60.1479,0.0],[21.675,60.1479,0.0],[21.6859,60.1557,11.7827],[21.6911,60.1568,0.0],[21.6901,60.162,9.1889],[21.6911,60.1661,7.1768],[21.6859,60.1693,8.5887],[21.6891,60.1734,4.887],[21.6891,60.1766,14.967],[21.6854,60.1792,8.5184],[21.6604,60.1792,0.0],[21.6563,60.1771,22.090699999999998],[21.6437,60.1771,5.8392],[21.6375,60.1813,0.0],[21.6146,60.1833,18.477],[21.6104,60.1854,11.6675],[21.5938,60.1854,20.6161]]],
[[[21.4714,60.1609,0.0],[21.4833,60.1563,0.0],[21.487,60.1589,0.0],[21.4813,60.1625,14.005],[21.4729,60.1625,8.9507],[21.4714,60.1609,0.0]]],
[[[21.5286,60.1661,9.5269],[21.5255,60.1661,8.0513],[21.5255,60.1651,1.7689],[21.5286,60.1651,9.5276],[21.5286,60.1661,9.5269]]],
[[[21.512,60.1682,0.0],[21.5104,60.1688,0.0],[21.5089,60.1672,12.019],[21.5104,60.1667,12.8683],[21.512,60.1682,0.0]]],
[[[21.5271,60.1729,0.0],[21.5286,60.1745,0.6682],[21.5266,60.1766,21.3184],[21.5234,60.1766,7.0669],[21.5255,60.1734,0.0],[21.5271,60.1729,0.0]]],
[[[21.5453,60.1807,16.0375],[21.5438,60.1813,14.9998],[21.5422,60.1797,0.0],[21.5438,60.1792,0.0],[21.5453,60.1807,16.0375]]],
[[[21.5516,60.1828,13.4209],[21.5484,60.1828,5.967],[21.5484,60.1818,4.0374],[21.55,60.1813,6.7954],[21.5516,60.1828,13.4209]]],
[[[21.5896,60.1896,0.0],[21.5938,60.1896,0.0],[21.5953,60.1911,15.2313],[21.588,60.1911,14.8931],[21.5896,60.1896,0.0]]],
[[[21.6042,60.2062,13.0471],[21.6083,60.2062,12.8108],[21.6099,60.2078,0.0],[21.6026,60.2078,24.8014],[21.6042,60.2062,13.0471]]],
[[[21.5005,60.1745,0.0],[21.5026,60.1766,15.0445],[21.5078,60.1776,0.0],[21.5099,60.1828,5.084],[21.5078,60.1849,6.1262],[21.4979,60.1833,14.6991],[21.4938,60.1854,13.2523],[21.4875,60.1813,18.3845],[21.4797,60.1807,0.0],[21.4849,60.1766,12.8897],[21.4797,60.1745,0.0],[21.4828,60.1714,15.4247],[21.4786,60.1672,13.9848],[21.4688,60.1667,18.1899],[21.4672,60.1651,14.8458],[21.498,60.1646,0.0],[21.5,60.1667,12.2465],[21.4984,60.1703,0.0],[21.5005,60.1745,0.0]]],
[[[21.5161,60.1807,19.0509],[21.5146,60.1813,0.0],[21.513,60.1797,14.0332],[21.5146,60.1792,6.949],[21.5161,60.1807,19.0509]]],
[[[21.487,60.2182,19.7629],[21.4839,60.2182,23.3914],[21.4839,60.2172,24.8571],[21.4854,60.2167,21.7018],[21.487,60.2182,19.7629]]],
[[[21.4849,60.2224,21.568],[21.4833,60.2229,27.0358],[21.4818,60.2214,8.656],[21.4849,60.2214,23.4238],[21.4849,60.2224,21.568]]],
[[[21.5047,60.2234,14.0202],[21.5146,60.2167,0.0],[21.5182,60.2193,7.9239],[21.5151,60.2214,14.8685],[21.5182,60.2255,20.3],[21.5167,60.2271,12.8877],[21.5125,60.2271,7.6105],[21.5047,60.2234,14.0202]]],
[[[21.5271,60.2354,10.5799],[21.5255,60.2359,10.0235],[21.5266,60.2391,0.0],[21.5234,60.2411,5.143],[21.5313,60.2438,10.7495],[21.5438,60.2417,19.4565],[21.5474,60.2443,0.0],[21.5484,60.2474,3.2954],[21.5536,60.2495,0.0],[21.5458,60.2542,0.0],[21.5333,60.2542,28.343],[21.5255,60.2495,11.5928],[21.5266,60.2443,14.4909],[21.5187,60.2438,34.4858],[21.5125,60.2396,12.0676],[21.5042,60.2396,13.7347],[21.4964,60.237,5.8013],[21.4984,60.2318,0.0],[21.5,60.2313,0.0],[21.5083,60.2313,0.0],[21.5167,60.2354,12.4334],[21.5208,60.2333,0.0],[21.5307,60.2339,19.0963],[21.5271,60.2354,10.5799]]],
[[[21.5125,60.2542,0.0],[21.5047,60.2505,0.0],[21.5104,60.2479,0.0],[21.5187,60.2479,17.0056],[21.5245,60.2557,0.0],[21.5187,60.2542,23.5098],[21.5125,60.2542,0.0]]],
[[[21.537,60.262,8.3884],[21.5354,60.2625,18.1561],[21.5339,60.2609,0.0],[21.5354,60.2604,0.0],[21.537,60.262,8.3884]]],
[[[21.5599,60.2411,14.8517],[21.5568,60.2411,19.8976],[21.5568,60.2401,10.7229],[21.5599,60.2401,5.3896],[21.5599,60.2411,14.8517]]],
[[[21.6151,60.2599,0.0],[21.6182,60.2641,0.0],[21.6089,60.2672,21.2981],[21.6057,60.2724,0.0],[21.5818,60.2724,0.0],[21.5755,60.262,0.0],[21.5786,60.2547,9.1098],[21.5703,60.2484,18.8323],[21.5651,60.2474,10.7899],[21.5661,60.2422,0.0],[21.563,60.237,0.0],[21.5641,60.2339,20.87],[21.5568,60.2286,6.4751],[21.5599,60.2266,12.7837],[21.5568,60.2224,15.9815],[21.5599,60.2203,0.0],[21.5589,60.2172,7.685],[21.5646,60.2167,0.0],[21.5693,60.2203,0.0],[21.5771,60.2229,0.0],[21.5896,60.2229,5.999],[21.5938,60.2208,2.9195],[21.6036,60.2214,2.5136],[21.6099,60.2255,0.0],[21.6078,60.2286,0.0],[21.6026,60.2318,31.4352],[21.6047,60.237,0.0],[21.6167,60.2375,15.0997],[21.6208,60.2396,13.1112],[21.6286,60.2401,13.2719],[21.6234,60.2453,3.88],[21.6297,60.2495,8.1706],[21.6375,60.25,0.0],[21.6411,60.2526,0.0],[21.6396,60.2542,0.0],[21.6,60.2542,0.0],[21.5958,60.2521,4.5643],[21.5901,60.2526,4.067],[21.5922,60.2557,0.0],[21.5974,60.2568,0.0],[21.6,60.2604,0.1736],[21.6083,60.2604,15.6099],[21.6125,60.2583,4.5871],[21.6151,60.2599,0.0]]],
[[[21.5547,60.2557,11.3279],[21.5557,60.2578,0.0],[21.5484,60.2578,15.8399],[21.5505,60.2547,9.7473],[21.5547,60.2557,11.3279]]],
[[[21.5328,60.2641,6.0636],[21.5297,60.2641,0.0],[21.5297,60.263,14.5473],[21.5328,60.263,15.1544],[21.5328,60.2641,6.0636]]],
[[[21.4896,60.2708,19.9427],[21.4839,60.2703,8.7383],[21.4797,60.263,0.0],[21.487,60.263,13.7576],[21.4911,60.2672,-0.018],[21.4911,60.2703,21.0119],[21.4896,60.2708,19.9427]]],
[[[21.4714,60.2953,7.0621],[21.4651,60.2922,22.806],[21.4708,60.2896,0.0],[21.4875,60.2896,2.7003],[21.4953,60.2943,14.7766],[21.4917,60.2979,3.1442],[21.4875,60.2979,17.6351],[21.4833,60.2958,0.0],[21.4714,60.2953,7.0621]]],
[[[21.4786,60.3078,26.9266],[21.4714,60.3078,16.6113],[21.4693,60.3057,4.0709],[21.4693,60.3026,6.4062],[21.4807,60.3026,0.0],[21.4807,60.3057,18.7533],[21.4786,60.3078,26.9266]]],
[[[21.4375,60.2375,0.0],[21.4474,60.2411,0.0],[21.4396,60.2438,0.0],[21.4172,60.237,10.027],[21.4089,60.2266,6.4294],[21.4099,60.2214,-1.5],[21.4078,60.2172,2.2846],[21.4026,60.2161,22.3034],[21.4005,60.213,0.0],[21.4063,60.2104,8.6608],[21.4229,60.2104,0.0],[21.4271,60.2125,22.9925],[21.45,60.2125,0.0],[21.4542,60.2146,4.6923],[21.4641,60.213,0.0],[21.463,60.2182,26.8134],[21.4641,60.2203,4.9907],[21.4547,60.2234,6.1297],[21.4542,60.225,4.4929],[21.4562,60.2271,12.5584],[21.4641,60.2276,0.0],[21.4589,60.2328,0.0],[21.4641,60.2349,1.8669],[21.4458,60.2354,7.4327],[21.4417,60.2333,20.5591],[21.4313,60.2333,6.7518],[21.4255,60.2318,11.7039],[21.4297,60.237,4.796],[21.4375,60.2375,0.0]]],
[[[21.4609,60.2474,0.0],[21.4625,60.2458,11.4731],[21.4688,60.2458,7.3389],[21.4729,60.2438,0.0],[21.4807,60.2464,0.0],[21.4792,60.2479,4.4171],[21.4609,60.2474,0.0]]],
[[[21.4729,60.2562,7.0853],[21.4688,60.2583,18.3993],[21.4542,60.2583,0.0],[21.45,60.2604,5.4379],[21.4458,60.2604,13.8501],[21.4422,60.2578,18.7721],[21.4401,60.2526,0.0],[21.4458,60.2542,0.4587],[21.45,60.2542,3.128],[21.4542,60.2521,0.0],[21.4583,60.2542,3.1766],[21.4828,60.2547,0.0],[21.4813,60.2562,21.8765],[21.4729,60.2562,7.0853]]],
[[[21.4313,60.2646,0.7095],[21.4276,60.2609,0.0],[21.4333,60.2583,0.0],[21.4432,60.2609,5.0085],[21.4375,60.2667,13.1658],[21.4313,60.2646,0.7095]]],
[[[21.3557,60.1703,4.5907],[21.3526,60.1703,14.1103],[21.3526,60.1693,14.2652],[21.3557,60.1693,11.9103],[21.3557,60.1703,4.5907]]],
[[[21.35,60.1771,0.0],[21.3422,60.1734,11.7861],[21.3458,60.1708,0.0],[21.35,60.1708,0.0],[21.3547,60.1745,5.5671],[21.3599,60.1755,9.7769],[21.3583,60.1771,14.9356],[21.35,60.1771,0.0]]],
[[[21.425,60.2573,0.0],[21.4266,60.2599,0.0],[21.4203,60.2641,0.0],[21.4125,60.2667,0.0],[21.4083,60.2667,0.0],[21.3979,60.2625,17.2439],[21.375,60.2625,23.8545],[21.3708,60.2583,0.0],[21.3625,60.2625,1.8253],[21.3583,60.2625,7.1407],[21.3505,60.2599,9.5511],[21.3536,60.2578,12.17],[21.3526,60.2547,0.0],[21.3708,60.2479,0.0],[21.3917,60.2458,0.0],[21.4,60.25,1.1508],[21.4063,60.25,8.0053],[21.4104,60.2521,3.0544],[21.412,60.2505,14.8879],[21.4099,60.2464,21.1623],[21.4021,60.2438,16.3569],[21.3792,60.2438,0.0],[21.375,60.2417,22.0139],[21.3708,60.2438,0.0],[21.3563,60.2438,0.0],[21.3547,60.2443,19.9602],[21.3557,60.2474,0.0],[21.35,60.25,18.4696],[21.3333,60.25,10.3636],[21.3292,60.2479,16.0824],[21.325,60.25,0.0],[21.3167,60.25,0.0],[21.3089,60.2464,0.0],[21.3188,60.2458,4.3052],[21.3203,60.2443,18.2448],[21.3125,60.2438,0.0],[21.3047,60.2401,6.8554],[21.3104,60.2375,1.9956],[21.3292,60.2354,0.0],[21.3307,60.2339,0.0],[21.3229,60.2313,0.0],[21.3167,60.2313,0.0],[21.3109,60.2286,2.8668],[21.3161,60.2266,0.0],[21.3141,60.2234,2.2421],[21.3021,60.2188,18.1305],[21.2984,60.2214,0.0],[21.2995,60.2266,4.1253],[21.2979,60.2271,2.1701],[21.2854,60.225,17.6139],[21.2813,60.2271,0.0],[21.2771,60.2271,5.4078],[21.2708,60.2229,4.0123],[21.2604,60.2271,10.2512],[21.2505,60.2224,0.0],[21.2599,60.2151,13.0133],[21.2578,60.213,0.0],[21.25,60.2125,9.1933],[21.2484,60.2109,0.0],[21.2557,60.2099,10.7374],[21.2578,60.2078,0.8479],[21.2568,60.2047,0.0],[21.2667,60.2042,6.8616],[21.2724,60.2089,5.9481],[21.2734,60.212,2.4315],[21.2813,60.2146,0.0],[21.2828,60.213,0.0],[21.2813,60.2104,8.4011],[21.2839,60.2068,12.5231],[21.2974,60.2036,17.6962],[21.3021,60.2,0.0],[21.3229,60.2021,0.0],[21.3271,60.2,0.0],[21.3312,60.2,6.7087],[21.3354,60.2021,16.8927],[21.3411,60.1995,0.0],[21.3432,60.1964,19.3547],[21.3333,60.1979,14.8813],[21.3292,60.1958,24.4374],[21.325,60.1958,10.0565],[21.3208,60.1979,3.5474],[21.313,60.1943,0.0],[21.3312,60.1875,14.1033],[21.362,60.187,0.0],[21.3609,60.1839,18.4997],[21.3641,60.1828,23.4024],[21.3609,60.1786,0.0272],[21.3625,60.1771,0.0],[21.3682,60.1776,13.9804],[21.3729,60.1813,15.2485],[21.3833,60.1813,0.0],[21.3875,60.1833,0.0],[21.3979,60.1792,4.254],[21.4021,60.1792,14.3584],[21.4083,60.1833,10.9644],[21.4182,60.1839,13.7669],[21.425,60.1896,12.9212],[21.4375,60.1875,1.0092],[21.4443,60.1911,16.6505],[21.4557,60.1943,0.0],[21.4568,60.1974,4.6716],[21.4641,60.2026,0.0],[21.463,60.2057,21.0813],[21.4682,60.2068,0.0],[21.4682,60.2099,16.0502],[21.4583,60.2104,5.0258],[21.4542,60.2083,31.1414],[21.4417,60.2083,11.1759],[21.4375,60.2062,29.9307],[21.4188,60.2083,0.0],[21.4146,60.2062,23.1957],[21.4104,60.2083,0.0],[21.4063,60.2062,28.0887],[21.3896,60.2062,0.0],[21.3854,60.2042,33.586],[21.3813,60.2042,0.0],[21.3729,60.2083,13.7582],[21.3583,60.2083,27.5581],[21.3568,60.2099,0.0],[21.3604,60.2125,19.725],[21.3729,60.2125,8.5171],[21.3771,60.2104,0.0],[21.3911,60.2109,0.0],[21.3943,60.2161,8.4788],[21.3995,60.2172,0.0],[21.3964,60.2203,4.9219],[21.3995,60.2245,14.157],[21.3922,60.2266,0.0],[21.3911,60.2234,23.1461],[21.3854,60.2188,21.3652],[21.3839,60.2193,4.5204],[21.3849,60.2224,9.6141],[21.3714,60.2255,0.0],[21.3734,60.2286,0.0],[21.3828,60.2297,10.5245],[21.3828,60.2328,15.5711],[21.3813,60.2333,23.1262],[21.3688,60.2333,0.0],[21.3646,60.2313,6.874],[21.3438,60.2313,0.6051],[21.3359,60.2339,0.0],[21.3375,60.2354,0.0],[21.3458,60.2354,0.0],[21.3604,60.2396,12.4643],[21.4042,60.2396,0.0],[21.4125,60.2438,17.1477],[21.4188,60.2438,0.9041],[21.4266,60.2464,0.0],[21.4286,60.2495,0.0],[21.4214,60.2505,17.3957],[21.425,60.2573,0.0]]],
[[[21.3807,60.312,14.3901],[21.3776,60.312,15.8428],[21.3776,60.3109,7.435],[21.3792,60.3104,1.3288],[21.3807,60.312,14.3901]]],
[[[21.4604,60.2646,7.2436],[21.4661,60.263,1.456],[21.4641,60.2661,0.0],[21.4526,60.2682,15.6],[21.4526,60.2651,4.4403],[21.4604,60.2646,7.2436]]],
[[[21.4703,60.2703,20.8336],[21.4688,60.2708,11.8798],[21.4672,60.2693,3.341],[21.4688,60.2687,0.0],[21.4703,60.2703,20.8336]]],
[[[21.4464,60.2766,5.2382],[21.4516,60.2849,0.0],[21.4438,60.2896,15.51],[21.4292,60.2854,17.74],[21.4276,60.2859,13.3037],[21.4286,60.2891,0.0],[21.4271,60.2896,8.1548],[21.4224,60.2859,15.8678],[21.4146,60.2854,0.0],[21.4104,60.2833,12.6839],[21.4063,60.2833,11.8143],[21.4021,60.2854,2.8465],[21.3922,60.2849,11.927],[21.3911,60.2818,20.4236],[21.3818,60.2807,18.8554],[21.3833,60.2771,21.594],[21.3797,60.2714,3.1235],[21.3896,60.2687,17.9084],[21.4146,60.2687,0.0],[21.4188,60.2708,2.1386],[21.4458,60.2708,12.2816],[21.4474,60.2724,0.0],[21.4443,60.2745,7.7987],[21.4464,60.2766,5.2382]]],
[[[21.462,60.3078,13.4531],[21.4589,60.3078,24.1305],[21.4589,60.3068,9.3476],[21.4604,60.3063,9.0109],[21.462,60.3078,13.4531]]],
[[[21.4349,60.312,0.0],[21.4292,60.3125,14.2665],[21.4276,60.3109,0.0],[21.4313,60.3083,3.1865],[21.4349,60.312,0.0]]],
[[[21.3984,60.3328,3.4212],[21.4083,60.3292,0.0],[21.4104,60.3312,0.0],[21.4083,60.3333,17.44],[21.3984,60.3328,3.4212]]],
[[[21.4688,60.3417,17.1372],[21.4589,60.3411,10.0703],[21.4568,60.3359,0.0],[21.4703,60.338,0.0],[21.4703,60.3411,15.3088],[21.4688,60.3417,17.1372]]],
[[[21.4349,60.3391,6.2262],[21.4328,60.3411,6.6606],[21.4271,60.3417,0.0],[21.4234,60.338,8.3443],[21.4333,60.3375,4.6161],[21.4349,60.3391,6.2262]]],
[[[21.5641,60.2724,17.3372],[21.5609,60.2724,13.1786],[21.5609,60.2714,11.2265],[21.5625,60.2708,0.0],[21.5641,60.2724,17.3372]]],
[[[21.5797,60.2943,10.3017],[21.5703,60.3016,23.7701],[21.5625,60.3042,16.6557],[21.5542,60.3042,27.102],[21.5479,60.2979,11.7245],[21.5438,60.3,0.0],[21.5339,60.2995,19.5886],[21.5286,60.2943,0.0],[21.5255,60.2932,5.9935],[21.5214,60.288,0.0],[21.5292,60.2833,7.8952],[21.5354,60.2833,12.3861],[21.5396,60.2813,0.0],[21.5438,60.2833,0.0],[21.5479,60.2833,12.0369],[21.5521,60.2792,9.3592],[21.5646,60.2792,16.1669],[21.5661,60.2807,0.0],[21.5563,60.2813,0.1558],[21.5547,60.2828,9.0944],[21.5688,60.2896,13.0899],[21.5755,60.2859,0.0],[21.5786,60.2859,0.0],[21.5828,60.2922,0.0],[21.5797,60.2943,10.3017]]],
[[[21.6188,60.2958,23.5277],[21.6042,60.2958,0.0],[21.6026,60.2943,17.9949],[21.6307,60.2943,0.0],[21.6292,60.2958,19.3762],[21.6188,60.2958,23.5277]]],
[[[21.5453,60.3057,3.0388],[21.5438,60.3063,0.0],[21.5422,60.3047,4.5667],[21.5438,60.3042,0.0],[21.5453,60.3057,3.0388]]],
[[[21.5771,60.3104,0.0],[21.5833,60.3083,0.0],[21.5891,60.3089,8.5769],[21.5812,60.3125,0.0],[21.5755,60.312,0.0],[21.5771,60.3104,0.0]]],
[[[21.5646,60.3104,4.738],[21.5688,60.3104,0.0],[21.5703,60.312,11.5121],[21.563,60.312,15.5943],[21.5646,60.3104,4.738]]],
[[[21.5828,60.3203,14.976],[21.5812,60.3208,15.2708],[21.5797,60.3193,7.1027],[21.5812,60.3187,6.8304],[21.5828,60.3203,14.976]]],
[[[21.563,60.3172,0.0],[21.5557,60.3224,13.8904],[21.5443,60.3245,18.417],[21.5443,60.3214,19.5351],[21.5526,60.3151,0.0],[21.5625,60.3146,0.0],[21.5641,60.3151,0.0],[21.563,60.3172,0.0]]],
[[[21.5646,60.3312,0.2075],[21.5661,60.3328,7.1866],[21.5641,60.3349,0.0],[21.5609,60.3349,0.0],[21.562,60.3328,22.9569],[21.5646,60.3312,0.2075]]],
[[[21.587,60.3307,11.8304],[21.5896,60.3292,13.1327],[21.5953,60.3297,0.0],[21.5828,60.3391,18.9587],[21.5755,60.3391,7.9014],[21.5755,60.3359,6.2495],[21.5776,60.3339,0.0],[21.587,60.3307,11.8304]]],
[[[21.5578,60.3516,18.1413],[21.5563,60.3521,5.2123],[21.5547,60.3505,7.4738],[21.5563,60.35,0.0],[21.5578,60.3516,18.1413]]],
[[[21.6188,60.3563,4.6368],[21.6203,60.3578,5.0063],[21.6089,60.3578,9.979],[21.6104,60.3563,19.2787],[21.6188,60.3563,4.6368]]],
[[[21.5083,60.3104,0.0],[21.512,60.3141,0.0],[21.5089,60.3141,0.0],[21.5068,60.312,5.0409],[21.5083,60.3104,0.0]]],
[[[21.5349,60.3245,16.4069],[21.5333,60.325,10.7026],[21.5318,60.3234,4.7518],[21.5333,60.3229,0.0],[21.5349,60.3245,16.4069]]],
[[[21.4786,60.363,0.0],[21.4786,60.3661,9.1186],[21.4771,60.3667,0.0],[21.4729,60.3625,19.4256],[21.475,60.3604,8.341],[21.4786,60.363,0.0]]],
[[[21.4911,60.3724,7.0487],[21.4839,60.3776,20.1387],[21.4859,60.3807,9.6895],[21.4891,60.3818,0.0],[21.4849,60.387,0.0],[21.475,60.3875,15.6257],[21.4693,60.3828,22.9449],[21.4708,60.3812,10.1497],[21.4766,60.3807,0.0],[21.4734,60.3766,0.0],[21.4734,60.3734,0.0],[21.4828,60.3724,16.7925],[21.4818,60.3672,7.3372],[21.4911,60.3693,0.0],[21.4911,60.3724,7.0487]]],
[[[21.3167,60.2729,7.0368],[21.3182,60.2745,8.5357],[21.3125,60.275,0.0],[21.3089,60.2714,0.6709],[21.3104,60.2708,6.8844],[21.3167,60.2729,7.0368]]],
[[[21.3167,60.2875,6.3119],[21.313,60.2839,0.0],[21.3151,60.2797,0.0],[21.3188,60.2771,11.7285],[21.3229,60.2771,13.5177],[21.3266,60.2797,0.0],[21.3214,60.2849,0.0],[21.3307,60.2859,5.4906],[21.3292,60.2875,7.4801],[21.3167,60.2875,6.3119]]],
[[[21.2993,60.3083,18.1057],[21.2917,60.3083,14.1201],[21.2901,60.3068,7.7448],[21.2938,60.3021,0.0],[21.3063,60.3021,0.0],[21.3099,60.3047,0.0],[21.3057,60.3078,2.6832],[21.2993,60.3083,18.1057]]],
[[[21.3307,60.3203,14.6121],[21.3292,60.3208,13.1053],[21.3276,60.3193,16.8604],[21.3292,60.3187,0.0],[21.3307,60.3203,14.6121]]],
[[[21.2807,60.287,7.7142],[21.2896,60.2833,5.5658],[21.2938,60.2833,12.0534],[21.3016,60.288,3.0162],[21.3005,60.2911,5.4714],[21.3016,60.2932,0.0],[21.2813,60.2917,14.711],[21.2776,60.2891,0.8451],[21.2807,60.287,7.7142]]],
[[[21.2724,60.3141,6.7804],[21.2625,60.3146,8.9978],[21.2589,60.3109,0.0],[21.2687,60.3104,11.5312],[21.2724,60.3141,6.7804]]],
[[[21.2964,60.3307,9.5981],[21.2984,60.3328,0.0],[21.3036,60.3339,15.2579],[21.3036,60.337,15.7729],[21.2917,60.3396,11.6518],[21.2901,60.338,1.4858],[21.2932,60.3339,0.0],[21.2776,60.3286,0.0],[21.2807,60.3266,4.7463],[21.2786,60.3234,-0.5902],[21.2729,60.3229,11.2916],[21.2687,60.325,10.6437],[21.2646,60.325,14.8311],[21.263,60.3234,3.8115],[21.2667,60.3208,10.5753],[21.3021,60.3208,0.0],[21.3078,60.3234,14.5746],[21.312,60.3276,0.0],[21.3104,60.3292,0.0],[21.2979,60.3292,8.0449],[21.2964,60.3307,9.5981]]],
[[[21.2917,60.3563,3.2295],[21.2813,60.3563,3.623],[21.2797,60.3547,6.3806],[21.2833,60.3521,0.0],[21.2917,60.3521,11.4387],[21.2953,60.3557,0.0],[21.2917,60.3563,3.2295]]],
[[[21.3292,60.3333,1.7616],[21.3328,60.3339,0.0],[21.3328,60.337,7.409],[21.3188,60.3417,2.4338],[21.313,60.3411,10.5269],[21.3172,60.3339,5.6572],[21.3292,60.3333,1.7616]]],
[[[21.3083,60.3438,0.0],[21.2979,60.3438,0.0],[21.2964,60.3422,2.6828],[21.3,60.3396,0.0],[21.3042,60.3396,2.5005],[21.312,60.3422,10.2593],[21.3083,60.3438,0.0]]],
[[[21.3359,60.388,0.0],[21.325,60.3917,0.0],[21.3208,60.3896,10.1538],[21.3146,60.3937,15.4656],[21.3104,60.3917,12.3255],[21.3042,60.3917,11.9168],[21.3005,60.3891,0.0],[21.3005,60.3859,0.0],[21.3036,60.3859,14.6289],[21.3104,60.3896,7.184],[21.3161,60.3859,11.7315],[21.3109,60.3849,0.0],[21.3016,60.3776,12.7631],[21.2938,60.3771,0.0],[21.2917,60.375,3.7787],[21.2964,60.3693,0.0],[21.3078,60.3682,1.0],[21.3026,60.3651,0.0],[21.3099,60.3641,12.0819],[21.3146,60.3604,7.7281],[21.325,60.3708,4.2442],[21.3266,60.3693,0.6022],[21.3234,60.3651,9.9986],[21.3333,60.3646,0.0],[21.3391,60.3661,0.0],[21.3391,60.363,7.7593],[21.3339,60.362,19.3061],[21.3318,60.3589,16.9568],[21.3349,60.3578,8.6017],[21.3339,60.3547,2.5471],[21.3396,60.3521,13.8969],[21.3438,60.3521,10.2612],[21.3479,60.3542,3.2296],[21.3526,60.3505,3.3587],[21.3583,60.35,0.0],[21.3625,60.3521,3.266],[21.3745,60.3526,11.4976],[21.3729,60.3542,18.177],[21.3672,60.3547,0.0],[21.3557,60.3703,2.7283],[21.3484,60.3714,0.9855],[21.3464,60.3734,3.821],[21.3474,60.3786,14.0248],[21.3401,60.3839,8.0484],[21.3411,60.387,0.0],[21.3359,60.388,0.0]]],
[[[21.3396,60.4313,11.1322],[21.3438,60.4313,5.6131],[21.3453,60.4328,0.0],[21.338,60.4328,19.5665],[21.3396,60.4313,11.1322]]],
[[[21.2839,60.3953,12.9464],[21.2849,60.3974,0.0],[21.2792,60.3979,3.9608],[21.2755,60.3943,16.6453],[21.2813,60.3937,0.0],[21.2839,60.3953,12.9464]]],
[[[21.2646,60.3958,9.3852],[21.2724,60.3984,0.0],[21.2745,60.4016,0.0],[21.2667,60.4042,6.9395],[21.2625,60.4021,0.0],[21.2547,60.4016,0.0],[21.2521,60.3979,0.0],[21.2563,60.3937,11.0707],[21.2604,60.3937,0.0],[21.2646,60.3958,9.3852]]],
[[[21.2609,60.4057,4.7142],[21.2625,60.4042,12.2884],[21.2641,60.4047,17.6334],[21.2625,60.4063,11.7898],[21.2609,60.4057,4.7142]]],
[[[21.2687,60.4146,11.5924],[21.275,60.4146,14.9721],[21.2766,60.4161,9.4062],[21.2646,60.4208,0.0],[21.2604,60.4188,9.7722],[21.2563,60.4208,0.0],[21.2521,60.4208,13.7833],[21.2484,60.4182,15.4158],[21.2505,60.4151,2.8798],[21.2563,60.4125,8.5153],[21.2646,60.4125,0.0],[21.2687,60.4146,11.5924]]],
[[[21.2062,60.3563,0.0],[21.2026,60.3557,-0.2857],[21.2005,60.3505,19.7572],[21.2062,60.3479,2.933],[21.2083,60.35,11.7721],[21.2068,60.3526,16.9232],[21.2078,60.3557,5.5834],[21.2062,60.3563,0.0]]],
[[[21.1708,60.3625,8.437],[21.1693,60.3609,0.0],[21.1745,60.3578,10.2854],[21.1734,60.3547,1.2416],[21.175,60.3542,0.0],[21.1792,60.3563,5.5206],[21.187,60.3568,14.2241],[21.1896,60.3604,0.0],[21.188,60.363,0.0],[21.1891,60.3661,8.2591],[21.1875,60.3667,2.5372],[21.1818,60.3661,5.0859],[21.1771,60.3625,17.5769],[21.1708,60.3625,8.437]]],
[[[21.2313,60.3708,6.8061],[21.2276,60.3682,0.0],[21.2307,60.3661,1.553],[21.2297,60.363,4.6558],[21.237,60.363,0.0],[21.2359,60.3661,0.0],[21.237,60.3682,0.0],[21.2313,60.3708,6.8061]]],
[[[21.2125,60.3708,3.0813],[21.2161,60.3703,12.5319],[21.2151,60.3672,0.0],[21.2167,60.3667,0.0],[21.2203,60.3693,6.7232],[21.2167,60.3729,0.0],[21.2109,60.3724,10.0331],[21.2125,60.3708,3.0813]]],
[[[21.1443,60.3495,17.6021],[21.1401,60.3422,9.0572],[21.1458,60.3396,0.0],[21.15,60.3396,10.6218],[21.1557,60.3422,19.1767],[21.1599,60.3464,0.8742],[21.1568,60.3495,0.0],[21.1661,60.3505,14.8779],[21.1682,60.3536,10.4313],[21.1651,60.3547,14.2314],[21.1661,60.3578,4.6767],[21.1604,60.3583,0.0],[21.1526,60.3557,15.3169],[21.1516,60.3526,19.105],[21.1464,60.3516,19.3728],[21.1443,60.3495,17.6021]]],
[[[21.1453,60.3578,7.6385],[21.1422,60.3578,4.8786],[21.1422,60.3568,3.5192],[21.1453,60.3568,5.7718],[21.1453,60.3578,7.6385]]],
[[[21.1495,60.3661,14.9515],[21.1464,60.3661,0.0],[21.1464,60.3651,2.672],[21.1495,60.3651,6.835],[21.1495,60.3661,14.9515]]],
[[[21.1563,60.3854,18.5611],[21.1505,60.3849,17.2901],[21.1464,60.3776,0.0],[21.1536,60.3776,7.9962],[21.1578,60.3818,0.0],[21.1578,60.3849,0.0],[21.1563,60.3854,18.5611]]],
[[[21.1891,60.3724,7.1653],[21.1859,60.3724,11.5091],[21.1859,60.3714,1.7121],[21.1875,60.3708,0.2415],[21.1891,60.3724,7.1653]]],
[[[21.1818,60.3745,0.0],[21.1833,60.3729,0.0],[21.1849,60.3734,18.0382],[21.1849,60.3745,15.6947],[21.1818,60.3745,0.0]]],
[[[21.2099,60.3745,14.6153],[21.2068,60.3745,4.3703],[21.2068,60.3734,6.4261],[21.2083,60.3729,8.9329],[21.2099,60.3745,14.6153]]],
[[[21.175,60.3771,0.0],[21.1786,60.3828,4.8145],[21.1714,60.3839,6.1538],[21.1724,60.387,14.4513],[21.1667,60.3875,3.9818],[21.163,60.3849,6.1944],[21.1641,60.3797,0.0],[21.1609,60.3734,11.2328],[21.1708,60.3729,2.4553],[21.175,60.3771,0.0]]],
[[[21.2349,60.3974,0.0],[21.2318,60.3974,16.7869],[21.2318,60.3964,6.134],[21.2349,60.3964,0.0],[21.2349,60.3974,0.0]]],
[[[21.1667,60.4,0.0],[21.1682,60.3984,4.8792],[21.1651,60.3943,10.6741],[21.1724,60.3922,19.276],[21.175,60.3958,14.7112],[21.1724,60.4016,8.4667],[21.1688,60.4042,16.9804],[21.163,60.4036,1.4898],[21.1667,60.4,0.0]]],
[[[21.1875,60.4,0.0],[21.1839,60.3974,12.5098],[21.187,60.3953,4.9025],[21.1859,60.3922,6.3174],[21.1917,60.3917,0.0],[21.1995,60.3943,12.9079],[21.1943,60.3984,19.6731],[21.1958,60.4021,0.0],[21.1932,60.4057,3.7239],[21.1901,60.4057,7.4712],[21.1911,60.4005,0.0],[21.1875,60.4,0.0]]],
[[[21.1724,60.412,6.1797],[21.1708,60.4125,5.4727],[21.1693,60.4109,9.478],[21.1724,60.4109,11.2973],[21.1724,60.412,6.1797]]],
[[[21.2224,60.4234,7.2873],[21.2146,60.4292,15.3407],[21.2104,60.4271,6.3061],[21.2042,60.4313,0.0],[21.2005,60.4286,5.2957],[21.2026,60.4234,4.6765],[21.2099,60.4182,3.6139],[21.2089,60.4151,0.0],[21.212,60.4141,0.0],[21.2104,60.4125,0.0],[21.2026,60.412,3.1146],[21.1984,60.4057,0.0],[21.2005,60.4026,12.2572],[21.2057,60.3995,13.5484],[21.2047,60.3964,0.0],[21.2078,60.3964,6.1907],[21.2146,60.4042,1.5241],[21.2214,60.4005,7.2606],[21.2307,60.3984,18.5277],[21.2286,60.4036,13.4054],[21.2214,60.4089,9.4572],[21.2224,60.412,13.9628],[21.2193,60.4182,0.0],[21.2224,60.4234,7.2873]]],
[[[21.1911,60.4286,17.3247],[21.188,60.4286,16.8201],[21.188,60.4276,8.8632],[21.1896,60.4271,8.8632],[21.1911,60.4286,17.3247]]],
[[[21.2062,60.4375,0.0],[21.2057,60.4391,5.976],[21.2026,60.4391,9.5111],[21.1984,60.4318,0.0],[21.2016,60.4318,3.3205],[21.2062,60.4375,0.0]]],
[[[21.2026,60.4453,9.4029],[21.2042,60.4479,11.4476],[21.2021,60.45,0.0],[21.2005,60.4495,5.4073],[21.1984,60.4443,5.6714],[21.2026,60.4453,9.4029]]],
[[[21.1578,60.4161,3.4862],[21.1547,60.4161,0.0],[21.1547,60.4151,0.7696],[21.1578,60.4151,3.8565],[21.1578,60.4161,3.4862]]],
[[[21.1599,60.4203,11.253],[21.1568,60.4203,16.0499],[21.1568,60.4193,9.3376],[21.1599,60.4193,7.252],[21.1599,60.4203,11.253]]],
[[[21.15,60.4458,3.86],[21.1542,60.4458,15.8437],[21.1557,60.4474,2.6598],[21.1484,60.4474,0.0],[21.15,60.4458,3.86]]],
[[[21.15,60.45,2.506],[21.1516,60.4516,1.1569],[21.1443,60.4536,2.8352],[21.1443,60.4505,0.0],[21.15,60.45,2.506]]],
[[[21.1833,60.4458,0.0],[21.1896,60.4458,3.5382],[21.1911,60.4474,0.0],[21.1813,60.45,6.3934],[21.1729,60.45,3.2152],[21.1708,60.4479,6.892],[21.1729,60.4458,12.5831],[21.1833,60.4458,0.0]]],
[[[21.1896,60.5,0.0],[21.1932,60.5036,14.9074],[21.1901,60.5036,18.0431],[21.188,60.5016,18.7109],[21.1896,60.5,0.0]]],
[[[21.2245,60.5057,0.0],[21.2286,60.5047,12.4464],[21.2307,60.5078,15.713],[21.2208,60.5104,5.6058],[21.2109,60.5078,7.5053],[21.2125,60.5062,0.0],[21.2245,60.5057,0.0]]],
[[[21.1792,60.5292,7.9441],[21.1807,60.5307,5.4682],[21.1786,60.5328,6.066],[21.1755,60.5328,7.0543],[21.1755,60.5318,8.6698],[21.1792,60.5292,7.9441]]],
[[[21.2229,60.55,10.4017],[21.2193,60.5495,1.9692],[21.2167,60.5438,13.858],[21.2208,60.5396,13.8922],[21.2266,60.5401,15.3459],[21.2234,60.5464,13.5986],[21.2245,60.5495,16.9016],[21.2229,60.55,10.4017]]],
[[[21.2401,60.5401,0.0],[21.2432,60.5401,17.5245],[21.2474,60.5474,0.0],[21.2396,60.55,2.5547],[21.2349,60.5464,18.0531],[21.2297,60.5453,10.2986],[21.2297,60.5443,18.8133],[21.2401,60.5401,0.0]]],
[[[21.2099,60.5474,21.1082],[21.2083,60.5479,21.1082],[21.2068,60.5464,16.3413],[21.2083,60.5458,17.6121],[21.2099,60.5474,21.1082]]],
[[[21.2026,60.5547,6.2276],[21.1984,60.5557,5.8828],[21.1964,60.5505,2.2378],[21.1984,60.5484,3.0979],[21.2042,60.5479,10.4703],[21.2078,60.5505,16.9644],[21.2057,60.5536,3.6452],[21.2026,60.5547,6.2276]]],
[[[21.263,60.4255,12.5593],[21.2729,60.425,13.3624],[21.2745,60.4266,0.0],[21.2646,60.4292,3.7805],[21.263,60.4286,11.0891],[21.263,60.4255,12.5593]]],
[[[21.2661,60.4349,0.0],[21.263,60.4349,0.0],[21.263,60.4339,2.2323],[21.2646,60.4333,9.1245],[21.2661,60.4349,0.0]]],
[[[21.2474,60.437,0.0],[21.2443,60.437,6.123],[21.2443,60.4359,3.7834],[21.2458,60.4354,0.0],[21.2474,60.437,0.0]]],
[[[21.2521,60.4917,0.0],[21.2557,60.4953,0.0],[21.2516,60.4943,11.9654],[21.2505,60.4922,0.0],[21.2521,60.4917,0.0]]],
[[[21.3438,60.4792,1.6494],[21.3354,60.4792,0.085],[21.3339,60.4776,12.609],[21.3396,60.475,0.0],[21.3453,60.4776,19.3527],[21.3438,60.4792,1.6494]]],
[[[21.3229,60.4771,0.0],[21.3245,60.4786,8.6444],[21.3224,60.4807,8.3266],[21.3193,60.4807,8.5404],[21.3214,60.4776,0.0],[21.3229,60.4771,0.0]]],
[[[21.3,60.4813,8.7904],[21.3042,60.4813,15.5987],[21.3057,60.4828,10.0826],[21.2984,60.4828,3.4276],[21.3,60.4813,8.7904]]],
[[[21.3083,60.5771,10.4791],[21.3099,60.5786,9.8178],[21.3078,60.5807,10.2494],[21.3047,60.5807,0.0],[21.3047,60.5797,6.1307],[21.3083,60.5771,10.4791]]],
[[[21.2583,60.5042,0.0],[21.2599,60.5078,0.0],[21.2583,60.5083,2.8461],[21.2542,60.5042,7.4708],[21.2563,60.5021,10.5117],[21.2583,60.5042,0.0]]],
[[[21.2516,60.5349,2.0422],[21.25,60.5354,10.4788],[21.2484,60.5339,2.2288],[21.2516,60.5339,7.9004],[21.2516,60.5349,2.0422]]],
[[[21.2604,60.5812,3.5049],[21.2563,60.5833,5.7226],[21.2547,60.5828,8.8591],[21.2557,60.5797,14.1216],[21.25,60.5792,5.1716],[21.2484,60.5797,13.063],[21.2495,60.5828,0.0],[21.2474,60.5849,0.0],[21.2375,60.5854,18.8882],[21.2318,60.5797,13.7842],[21.2417,60.5792,4.9869],[21.2453,60.5755,13.8121],[21.2396,60.575,5.5799],[21.2354,60.5771,13.7537],[21.2313,60.5729,15.0604],[21.2318,60.5714,0.0],[21.237,60.5703,16.8437],[21.2401,60.5672,12.6202],[21.25,60.5667,0.0],[21.2578,60.5641,2.0707],[21.2536,60.5609,5.5574],[21.2484,60.5599,8.9797],[21.2464,60.5568,0.0],[21.2495,60.5547,0.0],[21.2443,60.5536,12.1973],[21.2464,60.5505,0.0],[21.2516,60.5474,0.0],[21.2505,60.5443,7.5306],[21.2599,60.5443,0.0],[21.263,60.5495,3.1701],[21.2708,60.5521,0.0],[21.275,60.55,0.0],[21.2813,60.55,0.0],[21.2828,60.5484,17.4211],[21.2734,60.5474,14.4153],[21.2766,60.5453,16.6044],[21.2755,60.5422,11.4708],[21.2807,60.538,4.8428],[21.2786,60.5359,0.0],[21.2734,60.5349,7.1791],[21.2734,60.5318,0.0],[21.2766,60.5286,0.0],[21.275,60.5271,0.0],[21.2604,60.5292,0.0],[21.2557,60.5328,6.6972],[21.2526,60.5328,7.3453],[21.2422,60.5245,3.0448],[21.2438,60.5208,22.1178],[21.238,60.512,10.2245],[21.2401,60.5089,0.0],[21.2458,60.5083,4.1937],[21.2687,60.5167,8.2719],[21.2729,60.5167,16.6257],[21.2766,60.513,15.7428],[21.2729,60.5104,4.614],[21.2672,60.5099,0.0],[21.2651,60.5068,0.0],[21.2672,60.5047,11.6177],[21.2854,60.5042,9.8615],[21.2891,60.5016,12.6432],[21.2797,60.4974,7.6412],[21.2776,60.4943,0.0],[21.2854,60.4896,0.0],[21.2911,60.4901,0.0],[21.2958,60.4938,2.1432],[21.3042,60.4938,0.0],[21.3078,60.4911,7.2137],[21.3068,60.488,0.0],[21.3125,60.4854,2.0852],[21.3151,60.4891,8.975],[21.3229,60.4896,0.0],[21.3292,60.4938,4.6276],[21.3396,60.4896,1.0573],[21.3458,60.4938,7.8156],[21.3536,60.4943,1.8942],[21.3505,60.4974,12.1047],[21.3536,60.5016,3.6119],[21.3479,60.5021,7.8546],[21.3359,60.5068,0.0],[21.3396,60.5125,18.5818],[21.337,60.5161,13.4673],[21.3193,60.5193,0.0],[21.3203,60.5224,0.0],[21.3167,60.5292,5.8967],[21.3172,60.5307,0.0],[21.3224,60.5318,0.0],[21.3208,60.5354,20.1183],[21.3224,60.5391,10.3852],[21.3151,60.5443,17.1917],[21.3161,60.5474,0.0],[21.3099,60.5516,1.9682],[21.3026,60.5526,20.4359],[21.3005,60.5547,15.9577],[21.3016,60.5578,0.0],[21.2984,60.5589,9.7637],[21.2995,60.562,0.0],[21.2917,60.5625,5.8275],[21.2828,60.5682,0.0],[21.263,60.5734,5.0283],[21.2609,60.5776,16.3335],[21.262,60.5807,0.0],[21.2604,60.5812,3.5049]]],
[[[21.2583,60.5375,13.6774],[21.2599,60.538,3.7813],[21.2599,60.5411,13.6679],[21.2526,60.5411,12.8937],[21.2526,60.538,13.9836],[21.2583,60.5375,13.6774]]],
[[[21.3359,60.6651,9.0801],[21.3359,60.6682,1.2054],[21.3411,60.6703,0.0],[21.3333,60.6729,4.8351],[21.3271,60.6667,13.8005],[21.3318,60.6609,5.6172],[21.3432,60.6589,12.4397],[21.3411,60.6641,0.0],[21.3359,60.6651,9.0801]]],
[[[21.3354,60.6792,0.0],[21.3375,60.6771,9.7534],[21.3396,60.6792,5.7589],[21.3375,60.6813,11.4453],[21.3354,60.6792,0.0]]],
[[[21.3328,60.6828,10.0909],[21.3297,60.6828,9.6664],[21.3297,60.6818,10.0176],[21.3312,60.6813,10.0176],[21.3328,60.6828,10.0909]]],
[[[21.3196,60.7104,4.1591],[21.3224,60.7109,8.4858],[21.3245,60.7141,7.0371],[21.3125,60.7188,0.0],[21.2958,60.7188,0.0],[21.2911,60.7151,3.5493],[21.2859,60.7141,0.0],[21.2854,60.7125,5.7074],[21.2859,60.7109,0.0],[21.2938,60.7083,0.0],[21.3021,60.7083,0.0],[21.3063,60.7104,0.0],[21.3104,60.7104,0.0],[21.3146,60.7083,0.0],[21.3196,60.7104,4.1591]]],
[[[21.4203,60.3411,7.4118],[21.4063,60.3417,18.5429],[21.4047,60.3401,18.4394],[21.4188,60.3396,10.1301],[21.4203,60.3411,7.4118]]],
[[[21.4318,60.3505,5.303],[21.4292,60.3521,8.3165],[21.4193,60.3484,0.0],[21.4349,60.3484,15.3293],[21.4318,60.3505,5.303]]],
[[[21.4042,60.35,17.055],[21.4083,60.35,0.0],[21.4099,60.3516,13.6495],[21.4026,60.3516,15.9583],[21.4042,60.35,17.055]]],
[[[21.4641,60.387,0.0],[21.4625,60.3875,14.9535],[21.4609,60.3859,12.6494],[21.4625,60.3854,0.0],[21.4641,60.387,0.0]]],
[[[21.3682,60.3266,14.8509],[21.3651,60.3266,8.915],[21.3651,60.3255,0.0],[21.3682,60.3255,11.3822],[21.3682,60.3266,14.8509]]],
[[[21.3516,60.3266,18.9674],[21.3484,60.3266,12.6148],[21.3484,60.3255,15.0581],[21.3516,60.3255,15.0673],[21.3516,60.3266,18.9674]]],
[[[21.3516,60.4089,0.0],[21.35,60.4104,0.0],[21.3458,60.4083,11.9136],[21.3354,60.4125,11.9874],[21.3271,60.4125,13.9486],[21.3172,60.4068,0.0],[21.3396,60.4063,0.0],[21.3458,60.4021,15.5394],[21.35,60.4021,18.6285],[21.3604,60.4063,4.6126],[21.362,60.4047,0.0],[21.3568,60.4016,0.0],[21.3547,60.3984,10.5054],[21.3641,60.3911,6.5087],[21.3661,60.387,0.0],[21.3651,60.3839,0.0],[21.3849,60.3766,15.8222],[21.388,60.3734,0.0],[21.3953,60.3724,18.3941],[21.4,60.3688,17.586],[21.4036,60.3714,12.6147],[21.4078,60.3776,0.0],[21.4047,60.3797,12.5322],[21.4057,60.3828,0.0],[21.4005,60.387,12.9566],[21.4042,60.3896,10.3296],[21.412,60.3901,6.1109],[21.4089,60.3922,22.7139],[21.4099,60.3953,0.0],[21.3979,60.4,0.0],[21.3875,60.4,0.0],[21.3833,60.4042,0.0],[21.3771,60.4042,7.5142],[21.3625,60.4083,0.0],[21.3563,60.4083,6.2725],[21.3521,60.4063,13.0123],[21.3505,60.4068,13.0123],[21.3516,60.4089,0.0]]],
[[[21.4021,60.425,-0.1706],[21.4063,60.4229,0.0],[21.4141,60.4255,0.0],[21.4182,60.4318,0.0],[21.4151,60.4339,11.1408],[21.4161,60.437,0.0],[21.4125,60.4396,11.8343],[21.4068,60.4391,18.2471],[21.4016,60.4318,20.1839],[21.3937,60.4292,4.0575],[21.3901,60.4339,22.7057],[21.3911,60.4391,19.6798],[21.3839,60.4391,0.0],[21.3807,60.4339,16.6694],[21.3755,60.4328,0.0],[21.3745,60.4297,0.0],[21.3693,60.4286,0.0],[21.3672,60.4266,5.0567],[21.3682,60.4214,2.0203],[21.3661,60.4193,22.0727],[21.3589,60.4203,0.0],[21.3568,60.4151,13.713],[21.3589,60.4109,0.0],[21.3688,60.4104,0.0],[21.375,60.4146,1.4384],[21.3833,60.4146,3.9079],[21.3911,60.4172,0.0],[21.3964,60.4245,0.0],[21.4021,60.425,-0.1706]]],
[[[21.3484,60.4286,5.189],[21.3536,60.4266,7.7971],[21.3563,60.4229,16.0129],[21.3599,60.4276,2.4114],[21.3563,60.4313,8.7062],[21.3521,60.4313,19.4927],[21.3484,60.4286,5.189]]],
[[[21.3724,60.4349,20.1621],[21.3693,60.4349,21.1321],[21.3693,60.4339,17.1125],[21.3708,60.4333,11.7338],[21.3724,60.4349,20.1621]]],
[[[21.3771,60.4417,0.0],[21.3786,60.4432,13.7055],[21.3714,60.4453,0.0],[21.3714,60.4422,16.1482],[21.3771,60.4417,0.0]]],
[[[21.3641,60.4547,9.314],[21.3609,60.4526,7.6879],[21.3688,60.45,0.0],[21.3766,60.4526,4.0834],[21.3786,60.4557,9.606],[21.3667,60.4562,12.9508],[21.3641,60.4547,9.314]]],
[[[21.462,60.3974,6.1183],[21.4589,60.3974,0.0],[21.4589,60.3964,9.9731],[21.462,60.3964,5.9741],[21.462,60.3974,6.1183]]],
[[[21.4366,60.4163,6.9419],[21.4297,60.4172,4.1311],[21.4307,60.4203,0.0],[21.4234,60.4214,15.1488],[21.4245,60.4245,8.1645],[21.4229,60.425,16.8922],[21.412,60.4172,7.1529],[21.4042,60.4167,0.0],[21.4026,60.4151,1.5852],[21.4083,60.4125,17.1703],[21.4161,60.412,-0.0083],[21.413,60.4057,7.5888],[21.4161,60.4036,20.5629],[21.4151,60.4005,0.0],[21.4333,60.4,0.0],[21.437,60.4026,0.0],[21.4417,60.4104,5.5196],[21.4366,60.4163,6.9419]]],
[[[21.4141,60.4974,7.9947],[21.4042,60.4979,4.8384],[21.4026,60.4964,10.082],[21.4063,60.4938,3.7446],[21.4104,60.4938,-0.3103],[21.4141,60.4974,7.9947]]],
[[[21.4422,60.5661,11.5684],[21.4458,60.5708,0.0],[21.4432,60.5745,4.8943],[21.4313,60.5771,3.4811],[21.4255,60.5724,0.0],[21.4339,60.5651,0.0],[21.4396,60.5646,0.0],[21.4422,60.5661,11.5684]]],
[[[21.5604,60.3667,18.4581],[21.5625,60.3646,14.2895],[21.5646,60.3667,13.5306],[21.5625,60.3688,0.0],[21.5604,60.3667,18.4581]]],
[[[21.5688,60.4083,0.0],[21.563,60.4078,22.2662],[21.5609,60.4047,8.3703],[21.5646,60.4021,7.8681],[21.5703,60.4026,6.9862],[21.5693,60.4057,7.0658],[21.5703,60.4078,0.0],[21.5688,60.4083,0.0]]],
[[[21.5875,60.4083,11.2091],[21.5917,60.4083,3.6717],[21.5932,60.4099,0.0],[21.5859,60.4109,16.8411],[21.587,60.4161,12.0453],[21.5755,60.4161,10.3115],[21.5771,60.4146,7.4533],[21.5828,60.4141,10.5658],[21.5797,60.4089,0.0],[21.5875,60.4083,11.2091]]],
[[[21.5828,60.4203,15.8757],[21.5797,60.4203,7.8666],[21.5797,60.4193,2.6087],[21.5828,60.4193,18.1308],[21.5828,60.4203,15.8757]]],
[[[21.5057,60.3953,9.102],[21.5026,60.3953,11.7742],[21.5026,60.3943,6.5512],[21.5042,60.3937,0.0],[21.5057,60.3953,9.102]]],
[[[21.4974,60.4266,17.3824],[21.4958,60.4271,7.4835],[21.4943,60.4255,14.465],[21.4958,60.425,8.4286],[21.4974,60.4266,17.3824]]],
[[[21.5172,60.4495,14.1977],[21.5187,60.4479,15.0752],[21.5224,60.4484,10.0574],[21.5208,60.45,12.3646],[21.5172,60.4495,14.1977]]],
[[[21.5078,60.4849,0.0],[21.5063,60.4854,21.8493],[21.5047,60.4839,22.0523],[21.5063,60.4833,24.976],[21.5078,60.4849,0.0]]],
[[[21.5693,60.4359,0.0],[21.5604,60.4396,0.0],[21.5464,60.4411,0.0],[21.5484,60.438,2.2225],[21.5526,60.4359,4.0138],[21.5688,60.4313,2.6537],[21.5708,60.4333,0.0],[21.5693,60.4359,0.0]]],
[[[21.5766,60.4432,12.03],[21.575,60.4437,20.1496],[21.5734,60.4422,17.1474],[21.5766,60.4422,15.673],[21.5766,60.4432,12.03]]],
[[[21.5792,60.4854,13.8646],[21.5833,60.4854,6.0844],[21.5849,60.487,0.0],[21.5776,60.487,16.86],[21.5792,60.4854,13.8646]]],
[[[21.5443,60.5068,6.5462],[21.5453,60.512,0.0],[21.5313,60.5167,8.4618],[21.525,60.5167,15.2883],[21.5234,60.5151,0.0],[21.5266,60.513,0.7551],[21.5234,60.5089,0.0],[21.5266,60.5068,16.4513],[21.5245,60.5026,21.1169],[21.5167,60.5021,0.0],[21.5151,60.5005,0.0],[21.5193,60.4943,0.0],[21.5354,60.4938,0.0],[21.5401,60.488,0.0],[21.5479,60.4854,0.0],[21.5583,60.4854,0.0],[21.5682,60.488,27.0576],[21.5714,60.4911,22.9471],[21.5766,60.4922,1.4585],[21.5708,60.4958,0.0],[21.5604,60.4896,4.2014],[21.5563,60.4917,0.0],[21.5505,60.4901,0.0],[21.5505,60.4932,0.0],[21.5641,60.4984,0.0],[21.5641,60.5016,5.8269],[21.5563,60.5021,0.0],[21.5443,60.5068,6.5462]]],
[[[21.5349,60.4891,0.0],[21.5333,60.4896,0.0],[21.5318,60.488,17.0074],[21.5333,60.4875,11.6011],[21.5349,60.4891,0.0]]],
[[[21.5161,60.4911,17.8563],[21.5042,60.4917,20.2323],[21.5021,60.4896,16.0995],[21.5042,60.4875,0.0],[21.5182,60.488,12.3625],[21.5161,60.4911,17.8563]]],
[[[21.5182,60.5141,18.8702],[21.5151,60.5141,13.9352],[21.5151,60.513,7.3065],[21.5182,60.513,15.1668],[21.5182,60.5141,18.8702]]],
[[[21.4891,60.5464,6.2526],[21.4833,60.5458,10.1211],[21.4755,60.5505,14.634],[21.4776,60.5536,0.0],[21.4828,60.5547,0.0],[21.4828,60.5578,0.0],[21.4813,60.5583,0.6661],[21.4542,60.5583,8.3768],[21.45,60.5604,10.0727],[21.4484,60.5589,2.3201],[21.4516,60.5547,0.0],[21.4458,60.5542,24.3941],[21.4417,60.5563,0.0],[21.4354,60.5563,0.0],[21.4234,60.5609,0.0],[21.4214,60.5641,0.0],[21.4271,60.5646,7.485],[21.4286,60.5661,11.7816],[21.4234,60.5672,0.0],[21.4214,60.5693,6.5607],[21.4224,60.5745,0.0],[21.4214,60.5766,0.0],[21.4307,60.5807,0.0],[21.4229,60.5812,14.4184],[21.4188,60.5833,0.0],[21.4125,60.5812,3.275],[21.4026,60.5818,8.4083],[21.4063,60.5875,0.0],[21.4036,60.5911,0.0],[21.3771,60.5979,0.0],[21.3729,60.5958,17.0971],[21.363,60.5984,14.8239],[21.3661,60.6036,3.5624],[21.3604,60.6021,0.0],[21.3526,60.6027,8.3785],[21.3563,60.6083,0.0],[21.3547,60.6109,0.0],[21.3557,60.6141,0.0],[21.35,60.6167,13.3881],[21.3396,60.6167,4.7775],[21.3354,60.6188,8.4184],[21.3255,60.6193,9.3583],[21.3312,60.625,10.7875],[21.3354,60.6229,0.0],[21.3479,60.6229,12.4924],[21.3521,60.625,14.4827],[21.3563,60.6229,0.0],[21.3578,60.6245,5.2163],[21.3417,60.6354,4.8215],[21.3318,60.6349,12.222],[21.337,60.6297,13.1872],[21.3312,60.6292,0.0],[21.3286,60.6328,0.0],[21.3208,60.6333,2.9837],[21.3151,60.6359,16.7494],[21.3182,60.6411,0.0],[21.3089,60.6443,0.0],[21.3099,60.6474,0.0],[21.3068,60.6495,14.4097],[21.3109,60.6557,12.2398],[21.3167,60.6542,0.0],[21.3182,60.6547,8.0123],[21.3172,60.6578,0.0],[21.3224,60.6589,6.3974],[21.3193,60.6609,12.5442],[21.3224,60.6651,6.2677],[21.3208,60.6667,0.0],[21.3021,60.6667,0.0],[21.2979,60.6625,17.3682],[21.2943,60.6672,14.6067],[21.2953,60.6703,0.0],[21.2938,60.6708,0.0],[21.2708,60.6708,0.0],[21.2667,60.6688,10.2334],[21.2609,60.6703,4.0916],[21.2609,60.6672,8.9538],[21.263,60.6651,0.0],[21.2708,60.6625,0.0],[21.2833,60.6625,9.937],[21.2849,60.6609,0.0],[21.2828,60.6568,6.3637],[21.2714,60.6536,2.7766],[21.2646,60.65,15.6471],[21.2583,60.65,0.0],[21.2521,60.6542,9.645],[21.2417,60.65,9.7288],[21.2359,60.6495,9.1662],[21.2313,60.6437,15.6661],[21.2328,60.6401,0.0],[21.2313,60.6375,6.1305],[21.2349,60.6318,10.4959],[21.2292,60.6292,0.0],[21.2188,60.6292,10.7794],[21.2146,60.625,15.9047],[21.2167,60.6229,0.0],[21.2224,60.6245,0.0],[21.2188,60.6188,7.1734],[21.2203,60.6161,8.9502],[21.2193,60.613,0.0],[21.2266,60.612,11.3454],[21.2255,60.6089,0.0],[21.2438,60.6083,1.8446],[21.2479,60.6063,0.0],[21.2542,60.6063,5.9672],[21.2604,60.6,0.0],[21.2687,60.6,13.4992],[21.2724,60.6026,0.0],[21.2708,60.6042,0.0],[21.2651,60.6047,15.4726],[21.263,60.6068,0.0],[21.2641,60.6099,0.0],[21.2609,60.612,5.5704],[21.2682,60.612,6.5695],[21.2672,60.6068,0.0],[21.2687,60.6063,0.0],[21.2729,60.6063,0.0],[21.2771,60.6083,14.7938],[21.2813,60.6063,14.0732],[21.2859,60.6099,10.5833],[21.2891,60.6099,4.087],[21.2917,60.6063,0.0],[21.2901,60.6036,2.6407],[21.2911,60.6005,8.4544],[21.2854,60.6021,0.0],[21.2813,60.6,12.7537],[21.2771,60.6021,3.4045],[21.2734,60.5984,0.0],[21.2807,60.5974,12.3242],[21.2797,60.5943,0.0],[21.2911,60.587,15.6337],[21.2859,60.5849,15.2682],[21.2896,60.5812,0.0],[21.2938,60.5833,0.0],[21.3125,60.5833,0.0],[21.3167,60.5812,2.13],[21.3224,60.5818,0.5435],[21.3193,60.5839,5.2676],[21.3229,60.5896,12.1494],[21.3193,60.5943,14.5328],[21.3193,60.5974,15.8156],[21.3271,60.5979,8.1188],[21.3375,60.6021,0.0],[21.3474,60.6016,9.443],[21.3495,60.5995,0.0],[21.3484,60.5964,4.835],[21.3536,60.5932,0.0],[21.3589,60.5859,10.9353],[21.3661,60.5849,13.4136],[21.3682,60.5828,15.2787],[21.3661,60.5797,0.0],[21.3563,60.5792,11.3784],[21.3516,60.5755,0.0],[21.3422,60.5724,10.6399],[21.3516,60.5693,0.0],[21.3354,60.5646,8.3627],[21.3208,60.5646,10.5451],[21.3193,60.5661,5.9117],[21.3214,60.5682,0.0204],[21.3266,60.5693,0.0],[21.3266,60.5724,15.8736],[21.3188,60.575,15.7978],[21.3146,60.5729,0.0],[21.3104,60.5729,0.8572],[21.3,60.5792,0.0],[21.2917,60.5792,0.0],[21.288,60.5755,0.0],[21.2911,60.5745,17.15],[21.2901,60.5714,0.0],[21.2974,60.5703,12.3826],[21.2964,60.5672,0.0],[21.3057,60.5641,18.5868],[21.3109,60.5589,0.0],[21.3182,60.5578,8.6729],[21.3172,60.5547,9.0008],[21.3312,60.5563,7.1346],[21.3328,60.5547,12.8666],[21.3297,60.5526,0.0],[21.3432,60.5516,8.2726],[21.3411,60.5464,0.0],[21.3359,60.5453,25.4825],[21.3339,60.5422,0.0],[21.3474,60.5391,11.0411],[21.3505,60.5339,0.0],[21.3583,60.5313,0.0],[21.3708,60.5292,12.3233],[21.375,60.5313,5.7127],[21.3828,60.5286,0.0],[21.3818,60.5234,0.0],[21.387,60.5203,26.5805],[21.3859,60.5172,0.0],[21.388,60.5151,0.0],[21.4036,60.5141,8.076],[21.4109,60.5047,0.0],[21.4208,60.5042,21.5838],[21.4328,60.4995,6.5536],[21.4349,60.4974,14.1763],[21.4318,60.4911,0.0],[21.4339,60.4859,0.0],[21.4417,60.4854,7.7119],[21.4479,60.4813,0.0],[21.4562,60.4813,14.6041],[21.4604,60.4792,0.0],[21.4771,60.4792,0.0],[21.4807,60.4818,8.5451],[21.4818,60.4849,3.4327],[21.487,60.4859,0.0],[21.4859,60.4891,0.0],[21.4917,60.4917,3.2644],[21.4995,60.4922,0.0],[21.4984,60.4974,0.0],[21.5036,60.4995,13.8983],[21.5,60.5021,0.0],[21.4943,60.5026,0.0],[21.4922,60.5057,0.0],[21.5021,60.5042,0.0],[21.5099,60.5068,0.0],[21.5068,60.5089,0.0],[21.5078,60.512,0.0],[21.5026,60.5161,16.45],[21.5078,60.5172,0.0],[21.5104,60.5208,0.0929],[21.5078,60.5245,0.0],[21.4984,60.5276,0.0],[21.4964,60.5307,0.0],[21.5042,60.5333,0.7546],[21.5099,60.5328,-0.7369],[21.5151,60.5255,12.0918],[21.5208,60.5208,0.0],[21.525,60.5229,-0.1098],[21.5313,60.5229,0.0],[21.5349,60.5255,-0.117],[21.5234,60.5339,7.3152],[21.5245,60.537,13.8252],[21.5193,60.5401,17.8747],[21.5203,60.5432,0.0],[21.5182,60.5453,0.0],[21.5109,60.5464,13.5757],[21.512,60.5495,0.0],[21.5021,60.55,14.9127],[21.4917,60.5542,0.0],[21.488,60.5516,4.0803],[21.4891,60.5464,6.2526]]],
[[[21.363,60.4901,0.0],[21.3589,60.4911,13.2092],[21.3547,60.4839,0.0],[21.3682,60.4839,16.8617],[21.3682,60.487,12.0134],[21.363,60.4901,0.0]]],
[[[21.3974,60.5036,18.7563],[21.3958,60.5042,18.9049],[21.3943,60.5026,0.0],[21.3974,60.5026,10.1528],[21.3974,60.5036,18.7563]]],
[[[21.3849,60.5036,4.8956],[21.3776,60.5047,0.0],[21.3755,60.5068,0.0],[21.3755,60.5099,0.0],[21.3792,60.5146,7.2384],[21.375,60.5187,17.9395],[21.3625,60.5187,27.3262],[21.3578,60.5151,12.4572],[21.35,60.5146,0.0],[21.3479,60.5125,12.0849],[21.35,60.5104,15.2064],[21.3661,60.5078,13.911],[21.3641,60.5047,0.867],[21.3589,60.5026,0.0],[21.3688,60.4958,9.6296],[21.3828,60.4953,0.0],[21.3776,60.4932,1.7928],[21.3792,60.4917,0.0],[21.3833,60.4917,16.5768],[21.388,60.4953,11.9976],[21.3932,60.4964,14.0096],[21.3849,60.5036,4.8956]]],
[[[21.4453,60.5786,13.4417],[21.4438,60.5792,15.2281],[21.4422,60.5776,0.0],[21.4438,60.5771,13.5441],[21.4453,60.5786,13.4417]]],
[[[21.412,60.5849,2.8862],[21.4089,60.5849,13.5106],[21.4089,60.5839,12.9794],[21.412,60.5839,3.8911],[21.412,60.5849,2.8862]]],
[[[21.4516,60.587,4.3572],[21.45,60.5875,4.7673],[21.4484,60.5859,7.1967],[21.45,60.5854,7.9087],[21.4516,60.587,4.3572]]],
[[[21.4193,60.5891,1.2747],[21.4203,60.5911,0.0],[21.4146,60.5917,11.8064],[21.4109,60.588,0.0],[21.4167,60.5875,16.233],[21.4193,60.5891,1.2747]]],
[[[21.3833,60.6125,15.5716],[21.3875,60.6125,11.6206],[21.3891,60.6141,8.5989],[21.3818,60.6141,19.1828],[21.3833,60.6125,15.5716]]],
[[[21.4,60.6188,4.9741],[21.4016,60.6203,0.0],[21.3995,60.6224,20.2614],[21.3964,60.6224,17.3317],[21.3984,60.6193,7.758],[21.4,60.6188,4.9741]]],
[[[21.3911,60.6224,0.0],[21.388,60.6224,9.9776],[21.388,60.6214,13.4833],[21.3896,60.6208,0.0],[21.3911,60.6224,0.0]]],
[[[21.388,60.6245,15.2734],[21.3891,60.6266,10.0816],[21.3833,60.6271,15.9468],[21.3797,60.6234,0.0],[21.3854,60.6229,14.27],[21.388,60.6245,15.2734]]],
[[[21.3703,60.6359,17.2725],[21.3693,60.6339,12.6054],[21.3724,60.6328,6.4519],[21.3776,60.6276,0.0],[21.3807,60.6276,12.3442],[21.3797,60.6307,12.0001],[21.3807,60.6328,7.9152],[21.3729,60.6375,12.4178],[21.3703,60.6359,17.2725]]],
[[[21.387,60.6432,6.3262],[21.3839,60.6432,4.8547],[21.3839,60.6422,13.306],[21.387,60.6422,12.591],[21.387,60.6432,6.3262]]],
[[[21.3708,60.6437,0.8824],[21.375,60.6437,0.0],[21.3766,60.6453,0.0],[21.3693,60.6453,13.3377],[21.3708,60.6437,0.8824]]],
[[[21.3958,60.6458,1.0692],[21.3995,60.6474,6.2047],[21.3901,60.6474,13.1582],[21.3917,60.6458,13.5189],[21.3958,60.6458,1.0692]]],
[[[21.375,60.65,6.4128],[21.3667,60.6542,0.0],[21.3589,60.6547,3.4641],[21.3578,60.6578,5.0615],[21.3547,60.6578,0.0],[21.3547,60.6547,17.663],[21.3568,60.6526,0.0],[21.3729,60.6479,0.0],[21.3786,60.6484,0.0],[21.375,60.65,6.4128]]],
[[[21.3661,60.6682,18.143],[21.3646,60.6688,0.0],[21.363,60.6672,10.055],[21.3646,60.6667,13.4858],[21.3661,60.6682,18.143]]],
[[[21.3464,60.6693,11.7568],[21.3495,60.6693,16.8775],[21.3484,60.6724,14.4809],[21.3583,60.6729,7.8831],[21.3583,60.675,0.0],[21.3443,60.6745,13.4574],[21.3443,60.6714,16.7081],[21.3464,60.6693,11.7568]]],
[[[21.3745,60.7453,8.7197],[21.3714,60.7453,6.9984],[21.3714,60.7443,0.0],[21.3729,60.7438,0.0],[21.3745,60.7453,8.7197]]],
[[[21.3583,60.7625,16.0471],[21.3542,60.7625,5.6441],[21.3495,60.7661,11.2057],[21.3417,60.7667,11.6932],[21.3375,60.7687,0.0],[21.3297,60.7661,18.3774],[21.3276,60.7641,15.5236],[21.3276,60.7609,11.8022],[21.3297,60.7589,8.6906],[21.3391,60.7557,5.7534],[21.3411,60.7526,0.0],[21.3354,60.7521,8.358],[21.3312,60.7542,0.0],[21.3276,60.7505,0.0],[21.3333,60.7479,6.1866],[21.3375,60.75,0.0],[21.3521,60.7438,4.8315],[21.3604,60.7438,9.7518],[21.3688,60.7479,0.0],[21.3766,60.7484,0.0],[21.3724,60.7557,11.8163],[21.3672,60.7568,12.6354],[21.3583,60.7625,16.0471]]],
[[[21.3547,60.7786,5.3338],[21.3557,60.7807,0.995],[21.3484,60.7807,0.0],[21.3521,60.7771,0.0],[21.3547,60.7786,5.3338]]],
[[[21.3667,60.7875,0.0],[21.3651,60.7859,0.0],[21.3734,60.7797,0.0],[21.3766,60.7797,6.4191],[21.3786,60.7818,0.0],[21.3755,60.7839,0.0],[21.3766,60.787,0.0],[21.3667,60.7875,0.0]]],
[[[21.3682,60.8057,0.0],[21.3667,60.8063,0.0],[21.3651,60.8047,11.5512],[21.3667,60.8042,0.0],[21.3682,60.8057,0.0]]],
[[[21.4333,60.6146,4.2537],[21.4391,60.6109,23.0885],[21.4349,60.6047,0.0],[21.4271,60.6042,15.3732],[21.4255,60.6026,0.0],[21.4292,60.6,0.0],[21.4375,60.6,22.7031],[21.4422,60.5964,0.0],[21.4495,60.5953,12.6003],[21.4484,60.5922,0.0],[21.4505,60.5901,0.0],[21.4641,60.5849,7.1376],[21.463,60.5818,3.0011],[21.4646,60.5812,0.0],[21.4771,60.5833,0.0],[21.5,60.5771,0.0],[21.5125,60.5771,5.5151],[21.5141,60.5786,6.9973],[21.512,60.5828,0.0],[21.5042,60.5833,20.7863],[21.4943,60.587,0.3853],[21.5063,60.5875,0.0],[21.5141,60.5901,0.0],[21.5187,60.5958,0.0],[21.5229,60.5958,0.0],[21.5286,60.5932,0.0],[21.5307,60.5901,1.0044],[21.5214,60.5891,0.0],[21.5203,60.5859,10.3726],[21.5151,60.5839,7.8684],[21.5193,60.5776,0.0],[21.5245,60.5766,0.0],[21.5276,60.5714,0.0],[21.5391,60.5703,16.351],[21.538,60.5672,0.0],[21.5391,60.5651,16.4035],[21.5333,60.5625,0.5572],[21.5187,60.5625,0.0],[21.5146,60.5604,0.0],[21.5063,60.5646,0.0],[21.5021,60.5646,0.0],[21.4964,60.5609,13.0618],[21.5063,60.5563,0.0],[21.5104,60.5563,11.4225],[21.5146,60.5583,0.0],[21.5224,60.5578,13.7003],[21.5266,60.5526,5.9269],[21.5208,60.5521,11.9571],[21.5193,60.5505,14.7267],[21.5245,60.5495,0.0],[21.5276,60.5443,0.0],[21.5328,60.5432,18.1118],[21.5318,60.5401,0.0],[21.5464,60.5297,5.4681],[21.5536,60.5297,0.2094],[21.5557,60.5318,1.5834],[21.5547,60.537,0.4336],[21.5568,60.5391,0.0],[21.5599,60.5391,0.0],[21.5625,60.5354,5.0341],[21.5609,60.5318,0.0],[21.5661,60.5286,0.0],[21.5651,60.5255,0.0],[21.5703,60.5234,0.0],[21.5464,60.5245,0.0],[21.5479,60.5229,0.0],[21.5536,60.5224,31.4249],[21.5516,60.5193,0.0],[21.5464,60.5182,0.0],[21.5516,60.5141,0.0],[21.5505,60.5109,0.0],[21.562,60.5099,0.0],[21.5641,60.5078,11.7329],[21.563,60.5047,8.2921],[21.5667,60.5042,0.3855],[21.5724,60.5068,0.0],[21.5766,60.5109,0.0],[21.5766,60.5141,0.0],[21.5714,60.5172,0.0],[21.575,60.5187,1.1774],[21.5807,60.5141,10.0427],[21.5828,60.5089,3.1393],[21.5734,60.5016,0.0],[21.5734,60.4984,0.0],[21.5786,60.4974,26.9331],[21.5833,60.4938,2.1259],[21.5958,60.4938,0.0],[21.6,60.4958,0.2366],[21.6063,60.4938,9.8467],[21.6167,60.5,0.0],[21.6286,60.5005,0.0],[21.6297,60.5036,10.69],[21.6411,60.5068,0.0],[21.6422,60.5099,14.8808],[21.6474,60.5109,0.0],[21.6536,60.5151,-0.0757],[21.6661,60.5318,0.0],[21.6682,60.5359,2.8135],[21.6672,60.5411,0.0],[21.6693,60.5432,14.7846],[21.6807,60.5464,8.3244],[21.6776,60.5495,28.6655],[21.6828,60.5505,0.0],[21.6849,60.5526,0.0],[21.6818,60.5547,20.7508],[21.6828,60.5578,8.7879],[21.6734,60.5609,7.4247],[21.675,60.5646,0.0],[21.6734,60.5682,0.0],[21.6828,60.5755,0.0],[21.6776,60.5797,0.0],[21.6797,60.5828,0.0],[21.6854,60.5854,0.0],[21.7042,60.5854,0.0],[21.7208,60.5917,0.0],[21.7292,60.5917,8.5008],[21.7333,60.5896,0.0],[21.7375,60.5896,0.0],[21.7479,60.5938,8.2082],[21.7563,60.5938,0.0],[21.7703,60.5984,0.0],[21.7734,60.6036,0.0],[21.7786,60.6047,0.0],[21.7755,60.6068,6.2504],[21.7776,60.6099,18.0821],[21.7854,60.6125,0.0],[21.7911,60.6109,3.7409],[21.7901,60.6161,0.0],[21.8016,60.6193,0.0],[21.8047,60.6245,0.9403],[21.8109,60.6286,1.9232],[21.8188,60.6292,0.0],[21.8292,60.6333,0.0],[21.8396,60.6333,0.0],[21.8453,60.6349,0.0],[21.838,60.6234,0.0],[21.8438,60.6229,0.0],[21.8453,60.6214,2.4262],[21.8411,60.6172,0.0],[21.8318,60.6141,0.0],[21.8297,60.6109,4.434],[21.8328,60.6089,25.736],[21.8276,60.6078,0.0],[21.8349,60.6005,0.0],[21.8214,60.5932,15.4388],[21.8245,60.5911,5.3331],[21.8208,60.5854,0.0],[21.8224,60.5818,0.0],[21.8146,60.5792,0.0],[21.8129,60.5792,7.958],[21.8125,60.5812,11.3289],[21.8089,60.5807,17.2165],[21.8141,60.5766,0.0],[21.813,60.5734,0.0],[21.8182,60.5703,1.7619],[21.8172,60.5672,0.0],[21.8203,60.5661,0.0],[21.813,60.562,0.0],[21.813,60.5589,0.0],[21.8224,60.5505,0.0],[21.8172,60.5474,0.0],[21.8182,60.5443,0.8641],[21.8172,60.5422,8.487],[21.8203,60.5401,0.0],[21.8109,60.5391,0.0],[21.813,60.5359,0.0],[21.8161,60.5349,2.6731],[21.8109,60.5328,0.0],[21.812,60.5276,0.0],[21.8099,60.5255,0.0],[21.8047,60.5245,0.0],[21.8005,60.5182,16.9144],[21.8016,60.513,13.1734],[21.8005,60.5109,15.591],[21.8036,60.5089,32.4875],[21.7995,60.5047,0.0],[21.7875,60.5,12.2218],[21.7833,60.5021,0.0],[21.7792,60.5,13.3617],[21.7734,60.5005,0.0],[21.7735,60.5037,0.0],[21.7766,60.5078,0.0],[21.7734,60.5099,0.0],[21.7786,60.5109,0.0],[21.7818,60.5161,1.3811],[21.787,60.5172,0.0],[21.7922,60.5245,0.0],[21.7974,60.5255,0.0],[21.7964,60.5307,0.0855],[21.8036,60.5411,0.0],[21.7943,60.5443,0.0],[21.7932,60.5474,0.0],[21.7875,60.5521,0.0],[21.7818,60.5516,12.9371],[21.7771,60.5479,0.0],[21.7563,60.5563,0.0],[21.7505,60.5516,0.0],[21.7495,60.5484,13.1686],[21.7443,60.5474,0.0],[21.7422,60.5453,11.3654],[21.7474,60.5411,29.8699],[21.7453,60.5359,5.8072],[21.7401,60.5349,0.0],[21.7354,60.5292,0.0],[21.7234,60.5286,0.0],[21.7182,60.5214,4.653],[21.7104,60.5208,7.2412],[21.7068,60.5182,0.0],[21.7026,60.5109,0.0],[21.7057,60.5099,0.0],[21.7047,60.5068,0.0],[21.7104,60.5062,0.0],[21.712,60.5047,3.2553],[21.7078,60.5005,0.0],[21.7021,60.5021,0.0],[21.6984,60.4984,0.0],[21.7016,60.4974,1.3204],[21.7,60.4938,12.6062],[21.7042,60.4875,0.0],[21.7026,60.4839,0.0],[21.7078,60.4818,0.0983],[21.7005,60.4807,6.0371],[21.6953,60.4755,0.0],[21.6922,60.4745,0.6119],[21.6974,60.4661,0.0],[21.6964,60.463,0.0],[21.7083,60.4583,0.7605],[21.7125,60.4583,6.191],[21.7172,60.462,0.1005],[21.7245,60.463,8.7298],[21.7286,60.4672,0.0],[21.7255,60.4703,8.741],[21.7333,60.4729,0.0],[21.7411,60.4734,0.0],[21.7375,60.4771,0.0],[21.7276,60.4776,6.0473],[21.7297,60.4807,1.9645],[21.7375,60.4854,0.0],[21.7432,60.4849,4.4572],[21.7484,60.4776,0.0],[21.7557,60.4766,0.0],[21.7604,60.4729,0.0],[21.7646,60.4729,0.0],[21.7724,60.4755,0.0],[21.7745,60.4807,0.0],[21.7714,60.487,0.0],[21.7813,60.4938,0.0],[21.7854,60.4938,20.0784],[21.7979,60.4896,1.2345],[21.8104,60.4896,0.0],[21.8151,60.4953,1.9366],[21.8203,60.4964,0.0],[21.8214,60.4995,0.0],[21.8271,60.5,0.9559],[21.8354,60.4958,0.0],[21.8396,60.4958,3.2425],[21.8438,60.4979,0.4441],[21.85,60.4938,0.0],[21.8661,60.4911,0.0],[21.8625,60.4875,0.0],[21.8583,60.4875,23.1519],[21.8542,60.4896,0.0],[21.8438,60.4896,9.2121],[21.8396,60.4917,0.0],[21.8333,60.4875,0.0],[21.8214,60.487,2.0049],[21.8193,60.4828,7.3132],[21.8208,60.4792,9.3848],[21.8182,60.4755,0.0],[21.8089,60.4745,12.9242],[21.8078,60.4714,19.8263],[21.8026,60.4703,0.0],[21.8005,60.4682,0.0],[21.7984,60.463,0.0],[21.8083,60.4625,0.0],[21.812,60.4651,0.0],[21.8151,60.4703,0.2169],[21.8182,60.4703,0.0],[21.8208,60.4667,3.0199],[21.8193,60.463,14.1238],[21.8245,60.4589,0.0],[21.8188,60.4583,5.9407],[21.8146,60.4604,0.0],[21.8089,60.4557,0.0],[21.8167,60.4479,0.0],[21.8125,60.4437,3.4759],[21.7979,60.4479,26.263],[21.788,60.4474,0.0],[21.7839,60.4432,0.0],[21.787,60.4411,1.645],[21.7859,60.438,0.0],[21.8,60.4396,1.4142],[21.8016,60.438,0.0],[21.7938,60.4375,9.8021],[21.7922,60.4359,12.3107],[21.8021,60.4354,0.0],[21.8099,60.4318,0.0],[21.7896,60.4313,0.0],[21.7839,60.4286,17.3719],[21.7818,60.4255,0.0],[21.7896,60.425,16.6795],[21.7938,60.4229,0.0],[21.7979,60.425,8.7598],[21.8021,60.425,0.0],[21.8063,60.4229,0.0],[21.8146,60.4229,0.0],[21.8188,60.4208,15.9519],[21.8229,60.4208,2.6781],[21.8271,60.4229,0.0],[21.8312,60.4188,5.2265],[21.8292,60.4167,1.8393],[21.8188,60.4167,0.0],[21.8146,60.4146,4.7829],[21.8104,60.4167,8.0271],[21.8063,60.4146,7.8263],[21.7984,60.4141,14.6628],[21.7964,60.4109,14.0092],[21.8021,60.4083,1.6749],[21.8063,60.4083,0.0],[21.8104,60.4104,10.9062],[21.8146,60.4104,8.9088],[21.8161,60.4089,0.0],[21.8109,60.4078,0.0],[21.8021,60.4021,23.2593],[21.7943,60.4016,7.4195],[21.7922,60.3984,9.8177],[21.7979,60.3958,10.251],[21.8057,60.3953,0.0],[21.8026,60.388,0.0],[21.8083,60.3896,6.6695],[21.8182,60.3891,14.6293],[21.8193,60.3859,0.0],[21.8245,60.3849,0.0],[21.8229,60.3812,0.0],[21.825,60.3792,2.3798],[21.8312,60.3792,8.916],[21.8354,60.3771,0.0],[21.8458,60.3771,15.3836],[21.8604,60.3708,0.0],[21.8729,60.3708,6.3603],[21.8896,60.3646,0.4164],[21.9188,60.3646,7.9174],[21.9266,60.3609,3.5616],[21.9104,60.3583,0.0],[21.9063,60.3604,23.774],[21.8917,60.3604,10.9291],[21.8813,60.3646,0.0],[21.8604,60.3646,0.0],[21.8479,60.3729,0.0],[21.8417,60.3729,10.7123],[21.8375,60.375,0.0],[21.8229,60.375,24.979],[21.8229,60.3729,0.0],[21.8286,60.3724,0.0],[21.8333,60.3688,6.5947],[21.8417,60.3688,9.8274],[21.8495,60.3661,5.4261],[21.8479,60.3646,15.2464],[21.8396,60.3646,26.1087],[21.8354,60.3667,4.3538],[21.8255,60.3661,15.5376],[21.8234,60.363,16.4188],[21.8333,60.3563,6.7442],[21.8688,60.3542,21.0017],[21.8771,60.35,12.7699],[21.9,60.35,0.0],[21.9042,60.3479,0.0],[21.9167,60.3479,15.4708],[21.9208,60.3458,0.0],[21.925,60.3479,11.1521],[21.9292,60.3458,0.0],[21.9646,60.3458,18.4838],[21.9792,60.3396,9.0271],[21.9938,60.3417,0.0],[22.0083,60.3479,4.4414],[22.0182,60.3474,0.0],[22.0167,60.3458,1.4741],[22.0089,60.3453,1.2445],[22.0089,60.3422,0.0],[22.0104,60.3417,0.0],[22.0271,60.3417,0.0],[22.0292,60.3438,1.683],[22.0276,60.3474,0.0],[22.037,60.3484,0.0],[22.038,60.3516,14.4999],[22.0458,60.3521,15.8917],[22.0495,60.3547,10.4226],[22.0458,60.3583,17.1904],[22.0375,60.3583,3.5968],[22.0297,60.3609,0.2232],[22.0349,60.3661,7.8224],[22.0313,60.3688,0.0],[22.0255,60.3693,0.0],[22.0286,60.3745,21.2818],[22.0187,60.3729,10.2604],[22.0089,60.3755,20.4221],[22.0161,60.3797,12.4411],[22.0146,60.3812,28.9346],[22.0062,60.3812,26.5459],[22.0021,60.3833,0.0],[21.9568,60.3839,0.0],[21.9625,60.3875,7.3029],[21.9708,60.3875,1.764],[21.975,60.3854,0.0],[21.9792,60.3875,2.409],[21.9896,60.3875,0.0],[21.9974,60.3901,6.7864],[21.9964,60.3932,0.0],[21.9995,60.3953,0.0],[21.9953,60.3995,0.0],[21.9708,60.4,0.0],[21.9667,60.3979,26.2381],[21.9458,60.3979,1.8278],[21.938,60.4005,6.4155],[21.9396,60.4021,7.8035],[21.9521,60.4021,18.4272],[21.9562,60.4,0.0],[21.9646,60.4,0.0],[21.9724,60.4026,5.3403],[21.9745,60.4068,6.7031],[21.9729,60.4104,0.0],[21.9745,60.4141,4.0216],[21.9724,60.4161,0.0],[21.9651,60.4172,0.0],[21.9557,60.4286,0.0],[21.9443,60.4297,5.145],[21.9328,60.4453,0.0],[21.9255,60.4464,13.8376],[21.9214,60.4505,3.4992],[21.9193,60.4547,7.2355],[21.9203,60.4578,0.0],[21.913,60.463,0.0],[21.9182,60.4682,0.0403],[21.913,60.4714,3.9288],[21.9141,60.4745,0.0],[21.9068,60.4797,16.9799],[21.9109,60.487,0.0],[21.9161,60.4891,0.0],[21.9104,60.4917,0.0],[21.8984,60.4922,0.6496],[21.8922,60.4964,0.0],[21.8932,60.4995,-0.0935],[21.8911,60.5036,19.5292],[21.8818,60.5068,0.0],[21.8776,60.5109,5.1619],[21.8755,60.5161,0.0],[21.8807,60.5245,0.0],[21.8693,60.5318,16.4098],[21.8729,60.5375,0.0],[21.8672,60.5474,0.0],[21.8729,60.5479,0.0],[21.8745,60.5474,0.0],[21.8734,60.5443,0.0],[21.8849,60.5432,0.0],[21.8813,60.5375,0.2647],[21.8828,60.5349,5.9178],[21.8818,60.5318,4.2549],[21.8896,60.5313,0.0],[21.8911,60.5328,0.0],[21.888,60.5349,0.0],[21.8932,60.5359,0.0],[21.9005,60.5474,0.1102],[21.9042,60.55,0.0],[21.9099,60.5495,-0.0547],[21.9068,60.5422,0.0],[21.9141,60.5307,0.5522],[21.913,60.5276,0.0],[21.9349,60.5245,0.0],[21.9307,60.5214,0.0782],[21.9255,60.5203,0.0],[21.9276,60.5172,2.5737],[21.9396,60.5125,0.0],[21.9411,60.513,8.5051],[21.9396,60.5167,9.4629],[21.9417,60.5187,0.8601],[21.9542,60.5167,0.0],[21.9557,60.5151,0.0],[21.9526,60.512,0.0],[21.9526,60.5089,0.0],[21.9667,60.5042,0.0],[21.9771,60.5042,0.0],[21.9859,60.5099,0.0],[21.9891,60.5099,0.0],[21.9818,60.4974,0.0],[21.9839,60.4943,0.0],[21.987,60.4932,15.661],[21.9859,60.4901,0.0],[21.9979,60.4854,0.0],[22.0104,60.4854,0.0],[22.0187,60.4896,0.0],[22.0245,60.487,0.0],[22.0266,60.4849,0.0],[22.0266,60.4818,0.0],[22.0146,60.4813,0.0],[22.0109,60.4776,0.0],[22.0167,60.4771,3.6225],[22.0208,60.4792,0.7089],[22.025,60.4771,0.0],[22.0349,60.4766,18.367],[22.0333,60.475,1.6362],[22.0172,60.4745,3.1111],[22.013,60.4693,0.0],[22.0161,60.4682,10.1847],[22.0151,60.4651,0.0],[22.0203,60.4609,0.0],[22.0146,60.4604,21.2339],[22.0047,60.463,0.0],[21.9995,60.4682,0.0],[21.9896,60.4688,0.0],[21.9849,60.4724,0.0],[21.9625,60.4792,0.0],[21.9583,60.4771,13.7916],[21.9396,60.4833,10.2892],[21.9255,60.4849,0.0],[21.9286,60.4818,30.9469],[21.925,60.4771,0.0],[21.9266,60.4745,24.1687],[21.9255,60.4714,0.0],[21.9286,60.4703,21.8221],[21.9313,60.4667,23.6392],[21.9276,60.4609,0.0],[21.938,60.4568,0.0],[21.9411,60.4516,11.1275],[21.9401,60.4484,0.0],[21.9583,60.4417,0.0],[21.9667,60.4417,9.2394],[21.9708,60.4396,0.0],[21.9786,60.4391,6.609],[21.9828,60.437,10.6396],[21.9818,60.4339,0.0],[21.9839,60.4297,18.4217],[21.988,60.4255,16.4789],[21.9938,60.4229,0.0],[22.0125,60.4229,0.5846],[22.0167,60.4208,0.0],[22.0271,60.425,0.0],[22.0313,60.4229,0.0],[22.0521,60.4229,0.0],[22.0563,60.425,-0.0062],[22.0625,60.425,0.0],[22.0682,60.4318,24.6454],[22.0651,60.4349,7.8077],[22.0672,60.437,15.7528],[22.0724,60.438,0.0],[22.0745,60.4422,0.0],[22.0667,60.4458,14.4362],[22.0542,60.4458,0.0],[22.0479,60.4417,0.0],[22.0297,60.4422,10.2289],[22.0349,60.4443,0.0],[22.037,60.4495,3.2547],[22.0328,60.4557,9.8898],[22.0255,60.4568,29.3286],[22.0234,60.4589,16.6243],[22.025,60.4604,0.0],[22.0458,60.4583,7.0149],[22.05,60.4604,20.2369],[22.0583,60.4562,0.0],[22.0661,60.4557,33.8926],[22.0693,60.4526,0.0],[22.0766,60.4516,33.6542],[22.0896,60.4458,5.3972],[22.0979,60.4458,0.2464],[22.1078,60.4484,0.0],[22.1068,60.4516,1.1217],[22.1109,60.4578,12.6408],[22.1161,60.4589,0.0],[22.1172,60.462,13.2341],[22.1229,60.4625,0.0],[22.1286,60.4589,1.5611],[22.1234,60.4578,-2.505],[22.1172,60.4495,0.0],[22.1172,60.4464,0.0],[22.1208,60.4437,0.0],[22.125,60.4458,0.0],[22.1292,60.4458,0.0],[22.1307,60.4453,0.0],[22.1297,60.4422,0.0],[22.1396,60.4396,3.6331],[22.1542,60.4437,0.0],[22.1583,60.4417,0.0],[22.1792,60.4417,0.0],[22.1896,60.4458,4.5147],[22.1937,60.4458,0.9601],[22.1953,60.4443,0.0],[22.1901,60.4432,0.0],[22.1854,60.4396,0.0],[22.1625,60.4396,0.0],[22.1505,60.4349,5.4393],[22.1458,60.4313,0.0],[22.1375,60.4313,9.3788],[22.1271,60.4354,0.0],[22.1229,60.4333,32.7145],[22.1109,60.4328,0.0],[22.112,60.4297,20.7473],[22.1104,60.4292,13.5956],[22.1021,60.4292,0.0],[22.0979,60.4271,0.0],[22.0901,60.4266,2.948],[22.088,60.4234,0.0],[22.0958,60.4188,2.2963],[22.0995,60.4214,0.0],[22.1005,60.4245,10.9313],[22.1078,60.4245,0.0],[22.1068,60.4193,0.0],[22.1099,60.413,3.6909],[22.1068,60.4068,0.0],[22.1203,60.4109,7.5981],[22.1255,60.4161,12.8622],[22.1349,60.4193,0.0],[22.1339,60.4224,0.0],[22.1354,60.4229,0.0],[22.1396,60.4208,0.0],[22.1437,60.4208,0.0],[22.1542,60.425,0.0],[22.1583,60.425,0.0],[22.1625,60.4229,0.0],[22.1771,60.4229,0.0],[22.1786,60.4214,0.0],[22.1724,60.4172,21.99],[22.1604,60.4167,0.0],[22.1526,60.4141,0.0],[22.1464,60.4047,0.0],[22.1521,60.4021,0.0],[22.1604,60.4021,0.0],[22.1646,60.4042,0.0],[22.1703,60.4036,0.0],[22.1724,60.4005,0.0],[22.1667,60.3979,21.0295],[22.1589,60.3974,21.328],[22.1568,60.3943,0.0],[22.163,60.3901,0.0],[22.175,60.3854,0.0],[22.1917,60.3854,0.0],[22.1958,60.3875,2.5291],[22.2,60.3875,0.0],[22.2042,60.3854,0.0],[22.2292,60.3854,0.0],[22.2396,60.3896,28.3308],[22.2479,60.3896,0.0244],[22.2516,60.3859,0.0227],[22.2422,60.3849,5.2407],[22.2401,60.3797,4.9389],[22.2479,60.3771,0.9241],[22.2646,60.3771,0.0],[22.27,60.381,0.0],[22.2786,60.3818,10.9306],[22.2807,60.3849,0.0],[22.275,60.3875,11.671],[22.2687,60.3875,12.3149],[22.2646,60.3896,0.0],[22.2589,60.388,0.0],[22.2589,60.3911,18.1957],[22.2604,60.3917,0.0],[22.2687,60.3917,2.1318],[22.2729,60.3896,0.0],[22.2792,60.3896,0.0],[22.2807,60.3911,0.0],[22.2776,60.3922,7.6572],[22.2786,60.3953,0.0],[22.2766,60.3974,7.8864],[22.2693,60.3984,0.0172],[22.2661,60.4016,0.0],[22.2604,60.4021,16.0972],[22.2568,60.4047,1.336],[22.2578,60.4078,0.0],[22.2547,60.4089,0.0],[22.2557,60.412,0.0],[22.2505,60.4161,17.8008],[22.2583,60.4167,16.4824],[22.262,60.4141,8.6822],[22.2609,60.4109,0.0],[22.2682,60.4099,12.11],[22.2729,60.4063,0.0],[22.2807,60.4057,0.0],[22.2828,60.4016,0.7892],[22.2818,60.3984,0.0],[22.287,60.3953,11.1644],[22.2859,60.3922,0.0],[22.2891,60.3911,8.7142],[22.288,60.388,10.9509],[22.2901,60.3859,0.0],[22.3125,60.3854,0.0],[22.3167,60.3875,1.0893],[22.3266,60.387,0.0],[22.3109,60.3786,14.4943],[22.312,60.3755,36.9478],[22.3109,60.3734,0.0],[22.3141,60.3714,10.0172],[22.3109,60.3682,20.6712],[22.3109,60.3651,0.0],[22.3188,60.3625,14.0414],[22.3203,60.363,24.4401],[22.3188,60.3667,0.0],[22.3208,60.3688,0.0],[22.3292,60.3688,9.8348],[22.3333,60.3667,0.0],[22.3417,60.3667,6.4671],[22.3458,60.3646,0.0],[22.35,60.3646,8.6022],[22.3729,60.3708,28.4866],[22.3792,60.3708,0.0],[22.3896,60.375,0.3522],[22.4021,60.375,0.0],[22.4167,60.3792,6.5917],[22.4354,60.3792,0.0],[22.4396,60.3812,0.2235],[22.4542,60.3812,0.0],[22.4568,60.3849,0.1846],[22.4708,60.3896,0.0],[22.4771,60.3854,0.0],[22.4854,60.3854,9.9789],[22.5,60.3812,0.0],[22.5042,60.3833,15.4629],[22.5167,60.3833,3.9027],[22.5208,60.3812,0.0],[22.525,60.3833,17.8546],[22.5292,60.3833,21.8612],[22.5333,60.3812,0.0],[22.5375,60.3833,40.3128],[22.5417,60.3812,0.0],[22.5458,60.3833,0.0],[22.5583,60.3833,0.0],[22.5625,60.3812,0.0],[22.5708,60.3812,0.0],[22.5771,60.3771,0.0],[22.5938,60.3771,0.0],[22.5984,60.3807,0.2171],[22.6078,60.3839,0.0],[22.6109,60.387,0.1122],[22.6161,60.388,0.0],[22.6172,60.3911,0.0339],[22.6224,60.3922,0.0],[22.6255,60.3953,0.2125],[22.6286,60.3953,0.0],[22.6255,60.3901,0.0],[22.6286,60.388,4.5482],[22.6234,60.387,0.0],[22.6203,60.3818,32.9023],[22.6089,60.3786,0.0],[22.5974,60.3609,3.1211],[22.5953,60.3589,4.6784],[22.5901,60.3578,0.0],[22.5932,60.3547,13.8833],[22.5812,60.3542,0.0],[22.5771,60.3521,2.486],[22.5729,60.3542,0.0],[22.563,60.3536,11.5469],[22.5583,60.3479,16.8687],[22.5599,60.3453,0.0],[22.5589,60.3422,0.0],[22.562,60.3401,0.0],[22.5599,60.338,0.0],[22.5547,60.337,0.0],[22.5557,60.3318,6.4271],[22.5536,60.3276,7.9959],[22.5422,60.3245,0.2112],[22.5391,60.3193,22.911],[22.5276,60.3161,9.9453],[22.5203,60.3109,23.5489],[22.5151,60.3099,0.0],[22.5151,60.3068,4.3477],[22.5203,60.3047,0.0],[22.5083,60.3042,0.0],[22.5036,60.3005,0.8117],[22.4964,60.2995,0.0],[22.4932,60.2964,14.1073],[22.488,60.2953,0.0],[22.487,60.2922,3.7163],[22.4818,60.2911,0.0],[22.4693,60.2807,0.0],[22.4703,60.2755,0.0944],[22.4693,60.2734,0.0],[22.4724,60.2714,-0.0135],[22.4682,60.2672,0.0],[22.4568,60.2661,5.3538],[22.4589,60.263,8.2013],[22.4708,60.2583,5.4493],[22.4911,60.2578,-0.0558],[22.4937,60.2542,2.1331],[22.4922,60.2505,7.7278],[22.4979,60.25,3.5063],[22.4995,60.2505,5.0704],[22.4984,60.2536,0.0],[22.5057,60.2547,16.5963],[22.5109,60.2599,0.0],[22.5187,60.2625,6.3633],[22.5271,60.2625,1.3131],[22.5286,60.262,10.04],[22.5276,60.2589,25.289],[22.5333,60.2583,4.3516],[22.537,60.2609,17.6541],[22.5339,60.2641,14.3645],[22.538,60.2682,0.0],[22.5438,60.2687,5.3962],[22.5479,60.2667,0.0],[22.5578,60.2693,8.3581],[22.5625,60.2729,3.0446],[22.5641,60.2724,3.0446],[22.563,60.2693,7.9842],[22.5661,60.2682,15.6849],[22.563,60.263,2.0403],[22.5661,60.262,-0.0834],[22.5682,60.2589,0.0],[22.5646,60.2562,36.7903],[22.5589,60.2557,19.4506],[22.5557,60.2526,20.701],[22.5464,60.2516,24.1623],[22.5464,60.2484,6.6867],[22.5479,60.2479,6.7383],[22.5521,60.2479,0.0],[22.5563,60.25,0.0],[22.562,60.2495,18.9653],[22.5599,60.2464,0.7927],[22.5547,60.2453,0.0],[22.5526,60.2401,4.3898],[22.5724,60.2401,0.0],[22.5766,60.2464,0.0],[22.5714,60.2484,19.8505],[22.5745,60.2505,0.0],[22.5734,60.2536,2.5952],[22.5755,60.2578,2.9868],[22.5833,60.2604,14.8193],[22.5891,60.2599,0.7803],[22.5839,60.2516,11.1842],[22.5839,60.2484,0.0],[22.5917,60.2458,0.0],[22.5995,60.2453,0.0],[22.5771,60.2375,27.6663],[22.5583,60.2375,8.6549],[22.5536,60.2318,0.0],[22.5458,60.2292,16.4751],[22.5318,60.2286,13.2888],[22.5245,60.2193,2.7649],[22.5193,60.2182,0.0],[22.5187,60.2167,0.0],[22.5193,60.2151,5.1484],[22.5271,60.2125,0.0],[22.5479,60.2125,0.0],[22.5521,60.2146,26.927],[22.5625,60.2146,6.2458],[22.5667,60.2167,16.5417],[22.5708,60.2146,0.0],[22.5734,60.2182,1.7188],[22.5849,60.2214,0.0],[22.5922,60.2266,12.1392],[22.6063,60.2313,22.0304],[22.6146,60.2313,0.0],[22.6208,60.2354,0.0],[22.6396,60.2375,0.0],[22.6437,60.2396,15.4181],[22.6542,60.2396,3.5144],[22.6688,60.2438,11.72],[22.6729,60.2417,0.0],[22.6875,60.2458,14.195],[22.6917,60.2438,0.0],[22.7208,60.2438,0.0],[22.725,60.2458,0.0],[22.7328,60.2464,9.7834],[22.7354,60.25,17.3869],[22.7458,60.25,0.0],[22.7604,60.2542,0.0],[22.7646,60.2542,13.4804],[22.7687,60.2521,0.0],[22.7813,60.2562,0.0],[22.7917,60.2562,0.4684],[22.8099,60.263,0.0],[22.8193,60.2703,43.0194],[22.8307,60.2734,0.0],[22.8339,60.2766,0.0],[22.8411,60.2776,0.0],[22.8443,60.2807,0.0],[22.8495,60.2818,0.0],[22.8505,60.2849,0.8326],[22.8583,60.2854,0.0],[22.8661,60.288,0.0],[22.8682,60.2911,0.0],[22.8651,60.2922,9.0626],[22.863,60.2953,0.0],[22.8714,60.3016,4.1202],[22.8766,60.3026,0.0],[22.8792,60.3063,0.0],[22.8854,60.3063,0.737],[22.887,60.3057,2.3891],[22.8859,60.3026,0.0],[22.8917,60.3021,0.0],[22.8953,60.3047,0.0],[22.8964,60.3078,0.0],[22.9042,60.3083,0.0],[22.9104,60.3125,0.5846],[22.9146,60.3104,0.0],[22.9188,60.3104,0.0],[22.9214,60.3141,0.0],[22.9292,60.3167,13.2384],[22.9396,60.3167,0.0],[22.9625,60.3229,0.3968],[22.9646,60.3208,20.7594],[22.963,60.3172,0.0],[22.9688,60.3167,4.5665],[22.9776,60.3224,3.1751],[22.987,60.3234,0.0],[22.9911,60.3286,0.0],[22.9854,60.3292,5.0027],[22.9839,60.3307,0.0],[22.9917,60.3333,0.6501],[23.0063,60.3271,5.3153],[23.0141,60.3266,0.0],[23.0089,60.3245,11.9453],[23.0078,60.3214,0.4699],[22.9964,60.3182,0.3441],[22.9979,60.3167,0.0],[23.0036,60.3161,0.0],[23.0057,60.3141,7.783],[23.0026,60.3089,0.0],[23.0057,60.3068,31.6217],[22.9943,60.3036,0.0],[22.9938,60.3021,0.0],[22.9979,60.2979,0.0],[23.0021,60.2979,0.0],[23.0125,60.3021,5.5573],[23.0182,60.3016,2.3365],[23.0141,60.2964,4.0716],[23.0109,60.2953,4.1357],[23.0021,60.2875,29.1783],[22.9979,60.2896,2.4748],[22.9938,60.2896,0.0],[22.9896,60.2875,0.0],[22.9797,60.287,0.0],[22.9776,60.2849,0.0],[22.9792,60.2813,0.0],[22.9766,60.2714,28.12],[22.9667,60.2708,0.0],[22.9609,60.2724,7.6612],[22.9464,60.2599,0.0],[22.9495,60.2578,0.0],[22.9458,60.2521,5.3209],[22.9474,60.2485,0.257],[22.9422,60.2474,0.0],[22.9411,60.2443,32.0396],[22.9359,60.2432,0.0],[22.9328,60.2401,4.1509],[22.925,60.2396,0.0],[22.9224,60.2359,1.4112],[22.9172,60.2349,0.0],[22.9182,60.2318,19.5458],[22.9089,60.2286,13.2534],[22.9016,60.2193,5.752],[22.8964,60.2182,0.0],[22.8922,60.212,0.0],[22.8953,60.2089,32.3405],[22.8839,60.2057,0.0],[22.8828,60.2026,33.3682],[22.8714,60.1995,0.0],[22.8724,60.1943,0.0],[22.8682,60.1901,19.7827],[22.8625,60.1875,8.2228],[22.8568,60.1901,0.7716],[22.8547,60.1922,0.7747],[22.8557,60.1953,0.0],[22.8526,60.1964,2.0245],[22.8625,60.2104,6.6028],[22.862,60.212,0.0],[22.8568,60.213,5.0925],[22.8547,60.2161,0.0],[22.8771,60.2167,0.0],[22.8953,60.2234,14.9136],[22.8974,60.2255,0.0],[22.8964,60.2286,0.0],[22.8974,60.2307,0.0],[22.8943,60.2328,7.269],[22.9026,60.2453,5.9373],[22.9078,60.2464,27.8707],[22.9047,60.2516,4.6608],[22.9208,60.2542,0.0],[22.925,60.2562,12.2545],[22.9313,60.2562,0.0],[22.937,60.2589,0.0],[22.9411,60.263,0.0],[22.9401,60.2661,38.1444],[22.9495,60.2693,0.0],[22.9516,60.2714,0.0],[22.9505,60.2766,19.3212],[22.9557,60.2776,0.0],[22.963,60.2828,12.0016],[22.9682,60.2839,0.0],[22.9755,60.2953,14.7266],[22.9807,60.2964,0.0],[22.9849,60.3005,0.0],[22.9776,60.3068,10.4679],[22.9786,60.312,42.8961],[22.9766,60.3141,21.1891],[22.9708,60.3146,0.0],[22.9667,60.3125,17.2284],[22.9625,60.3125,0.8395],[22.9583,60.3146,0.0],[22.95,60.3146,0.0],[22.9354,60.3104,2.273],[22.925,60.3104,11.5818],[22.913,60.3057,0.0],[22.9026,60.2932,0.0],[22.9057,60.2911,0.9682],[22.9047,60.288,18.5006],[22.9057,60.2839,12.0687],[22.9016,60.2797,0.0],[22.8896,60.275,0.0],[22.8813,60.2792,0.0],[22.8724,60.2734,0.0],[22.8672,60.2724,0.0],[22.8672,60.2693,3.8036],[22.8724,60.2672,0.0],[22.8703,60.263,5.1739],[22.8651,60.262,0.0],[22.8703,60.2589,0.3333],[22.8646,60.25,9.293],[22.8661,60.2464,4.1091],[22.8609,60.2453,24.5721],[22.8641,60.2422,27.051],[22.8563,60.2396,35.4509],[22.8521,60.2417,0.0],[22.8458,60.2375,5.2276],[22.8417,60.2375,11.0164],[22.8375,60.2396,0.0],[22.8333,60.2375,45.0108],[22.825,60.2375,30.7667],[22.8188,60.2417,2.3127],[22.8141,60.238,7.665],[22.8063,60.2354,28.8352],[22.7813,60.2354,22.7175],[22.775,60.2396,0.0],[22.7604,60.2354,16.6095],[22.7563,60.2375,0.0],[22.7521,60.2354,6.471],[22.7438,60.2354,24.9984],[22.7396,60.2375,19.0833],[22.7313,60.2375,6.6447],[22.7271,60.2354,14.7536],[22.7167,60.2354,0.0],[22.7125,60.2333,26.6832],[22.7083,60.2333,33.3031],[22.7042,60.2354,28.4147],[22.7,60.2313,36.4817],[22.6958,60.2313,13.7343],[22.6917,60.2333,18.148],[22.675,60.2333,0.0],[22.6708,60.2313,19.475],[22.6646,60.2313,0.0],[22.65,60.2271,11.7192],[22.6458,60.2292,0.0],[22.6125,60.2292,4.9985],[22.6083,60.2271,32.6659],[22.6005,60.2266,0.0],[22.5995,60.2234,16.5907],[22.5943,60.2224,0.0],[22.5891,60.2172,0.0],[22.5755,60.2141,0.0],[22.5625,60.2083,14.3308],[22.5521,60.2083,3.3626],[22.5479,60.2062,19.2695],[22.5354,60.2062,0.0562],[22.5313,60.2083,0.0],[22.5146,60.2083,0.0],[22.5104,60.2062,13.3274],[22.4797,60.2068,0.0],[22.4839,60.2099,11.9426],[22.4953,60.213,0.0],[22.4943,60.2182,-0.0349],[22.5057,60.2276,10.5068],[22.5099,60.2349,0.0],[22.5,60.2333,8.1865],[22.4932,60.237,4.0968],[22.4854,60.2375,21.1205],[22.4813,60.2396,11.101],[22.4693,60.237,13.8479],[22.4661,60.2318,16.518],[22.4547,60.2224,0.0],[22.4578,60.2193,36.9009],[22.4547,60.2151,0.0],[22.4578,60.213,13.2403],[22.4547,60.2089,0.0],[22.4578,60.2078,0.0],[22.462,60.2026,21.7387],[22.4557,60.1984,31.9311],[22.4401,60.1932,4.5978],[22.4349,60.188,10.701],[22.4276,60.187,0.0],[22.4245,60.1839,16.5759],[22.4193,60.1828,0.0],[22.413,60.1786,0.0],[22.4146,60.175,24.2028],[22.413,60.1714,8.267],[22.4188,60.1625,6.8088],[22.4172,60.1589,8.3377],[22.4229,60.1583,0.0],[22.4271,60.1604,10.0057],[22.4333,60.1604,0.0],[22.4417,60.1646,4.7429],[22.4583,60.1646,4.5362],[22.4625,60.1625,0.0],[22.4813,60.1604,10.2316],[22.4875,60.1563,0.0],[22.4979,60.1604,9.9285],[22.5104,60.1583,0.0],[22.5208,60.1625,1.4333],[22.525,60.1625,11.0935],[22.5292,60.1604,0.0],[22.5438,60.1604,1.7244],[22.5453,60.1599,1.7244],[22.5443,60.1568,0.0],[22.5458,60.1563,0.0],[22.6,60.1542,0.0],[22.6042,60.1563,31.588],[22.6083,60.1542,0.0],[22.6161,60.1536,0.0407],[22.6203,60.1505,5.4131],[22.6146,60.15,0.0],[22.6104,60.1521,0.0],[22.6063,60.15,30.3696],[22.5771,60.15,1.6692],[22.5729,60.1521,0.0],[22.5604,60.1521,6.6867],[22.5563,60.1542,0.0],[22.5521,60.1521,29.507],[22.5375,60.1521,19.3336],[22.525,60.1479,43.2113],[22.5208,60.15,0.0],[22.5083,60.15,7.0919],[22.5042,60.1479,41.3856],[22.4937,60.1479,0.0],[22.488,60.1464,0.0],[22.4901,60.1516,7.0573],[22.4995,60.1526,0.0],[22.4958,60.1563,0.0],[22.4917,60.1542,17.6142],[22.4813,60.1542,7.3641],[22.4734,60.1516,0.0],[22.475,60.15,3.0127],[22.4807,60.1495,21.1961],[22.4849,60.1443,15.674],[22.4667,60.1437,21.9155],[22.4651,60.1422,20.3017],[22.4703,60.1401,44.3083],[22.4521,60.1375,0.0],[22.4479,60.1354,33.8852],[22.4438,60.1375,35.1616],[22.4396,60.1375,22.3004],[22.4339,60.1349,0.0],[22.4349,60.1318,25.8632],[22.4297,60.1234,12.7885],[22.437,60.1224,0.0],[22.4401,60.1193,0.0],[22.4453,60.1182,30.5092],[22.4542,60.1125,0.0],[22.4891,60.1078,0.0],[22.4813,60.1042,0.0],[22.4708,60.1042,20.7888],[22.4708,60.1021,0.0],[22.4766,60.1016,6.8422],[22.4714,60.0922,3.9811],[22.4849,60.0891,12.7978],[22.4875,60.0854,0.0],[22.4792,60.075,2.06],[22.4708,60.075,0.0],[22.4651,60.0776,10.6866],[22.4703,60.0797,5.1606],[22.4745,60.0849,0.0],[22.4651,60.088,0.0],[22.4661,60.0911,0.0],[22.463,60.0922,17.4052],[22.4641,60.0953,0.0],[22.462,60.0974,0.0],[22.45,60.1021,0.0],[22.4458,60.1021,0.0],[22.4417,60.1,8.3707],[22.4229,60.1104,14.632],[22.4188,60.1104,0.0],[22.4047,60.1057,0.0],[22.4078,60.1036,16.2412],[22.4068,60.1005,0.0],[22.4078,60.0984,0.0],[22.4005,60.0995,0.0],[22.3974,60.0943,17.6383],[22.3833,60.0896,19.6138],[22.3776,60.0901,24.0354],[22.3786,60.0932,0.0],[22.3771,60.0938,0.0],[22.3729,60.0917,22.0105],[22.3651,60.0911,0.0],[22.3646,60.0896,0.0],[22.3661,60.087,4.635],[22.3651,60.0839,0.0],[22.3682,60.0828,17.0076],[22.3651,60.0776,0.0],[22.3682,60.0766,0.0],[22.3703,60.0734,23.5481],[22.363,60.0609,4.0497],[22.3682,60.0578,15.4202],[22.3672,60.0547,15.8786],[22.3724,60.0516,18.7837],[22.3714,60.0484,12.876],[22.3766,60.0453,21.6373],[22.3755,60.0422,0.0],[22.3776,60.038,15.3026],[22.3828,60.037,0.0],[22.3849,60.0349,3.3404],[22.3776,60.0224,19.7083],[22.3792,60.0187,37.4168],[22.3776,60.0151,8.9539],[22.3797,60.0109,0.0],[22.3849,60.0099,0.0],[22.3839,60.0047,0.0],[22.3917,60.0021,13.4758],[22.4125,60.0104,23.1602],[22.4203,60.0109,0.0],[22.4234,60.0161,15.3899],[22.4328,60.0193,0.0],[22.4318,60.0224,24.2536],[22.4333,60.025,21.0511],[22.4318,60.0286,10.7631],[22.4354,60.0313,0.0],[22.4391,60.0286,22.6796],[22.438,60.0255,0.0],[22.4411,60.0245,47.9217],[22.4401,60.0214,0.0],[22.4453,60.0182,35.5676],[22.4422,60.013,0.0],[22.4453,60.0109,10.0711],[22.4359,60.0026,0.0],[22.4417,60.0042,19.6379],[22.4458,60.0021,12.0608],[22.45,60.0021,24.644],[22.45,60.0,16.3008],[22.4599,60.0026,4.2209],[22.4625,60.0062,5.4692],[22.4609,60.0089,25.1608],[22.462,60.012,4.5986],[22.4589,60.0141,7.1268],[22.4646,60.0187,7.9635],[22.4682,60.0161,19.7814],[22.4672,60.013,0.0],[22.4688,60.0125,11.3939],[22.4771,60.0125,7.3825],[22.4813,60.0146,9.0011],[22.4953,60.0141,0.0],[22.4943,60.0089,19.2857],[22.5078,60.0078,5.4782],[22.5047,60.0047,16.4856],[22.5083,60.0021,6.3325],[22.5187,60.0062,4.8222],[22.5286,60.0068,3.9368],[22.5307,60.0099,15.4797],[22.5187,60.0104,0.0],[22.5146,60.0125,31.3166],[22.5104,60.0125,13.2598],[22.5063,60.0104,20.4771],[22.5005,60.013,0.0],[22.4984,60.0161,0.0],[22.5208,60.0229,3.3552],[22.5313,60.0229,0.0],[22.5417,60.0271,17.1434],[22.5458,60.025,0.0],[22.5516,60.0276,8.3755],[22.5505,60.0307,0.0],[22.5521,60.0313,12.6403],[22.5667,60.0333,19.8328],[22.5708,60.0313,0.0],[22.5776,60.0349,4.9926],[22.6,60.0417,0.0],[22.6021,60.0396,9.5188],[22.5995,60.0359,6.918],[22.5859,60.0349,0.0],[22.5891,60.0318,12.6748],[22.5797,60.0307,19.5296],[22.5734,60.0255,0.0],[22.5812,60.025,16.4566],[22.5859,60.0214,0.0],[22.5917,60.0208,0.0],[22.6109,60.0286,17.2346],[22.6141,60.0286,0.0],[22.6193,60.0214,0.0],[22.6286,60.0182,19.9315],[22.6266,60.0151,0.0],[22.6214,60.0141,0.0],[22.6161,60.0047,23.9103],[22.6125,60.0021,8.6992],[22.6125,60.0,15.2831],[22.6097,60.0,1.0903],[22.6114,59.9982,0.0],[22.6169,59.9982,0.0],[22.6229,60.0021,0.0],[22.6307,60.0026,0.0],[22.6255,60.0078,12.3169],[22.6333,60.0104,14.4509],[22.6375,60.0083,0.0],[22.6417,60.0104,12.0925],[22.6474,60.0089,12.9059],[22.6453,60.012,23.1219],[22.638,60.013,37.5897],[22.6359,60.0161,5.6464],[22.6557,60.0193,0.0],[22.6526,60.0214,18.4527],[22.6536,60.0245,4.7238],[22.6526,60.0286,0.0],[22.6625,60.0292,12.4301],[22.6641,60.0276,0.0],[22.6583,60.0271,4.8792],[22.6568,60.0255,0.0],[22.6661,60.0245,28.5501],[22.6641,60.0193,22.4557],[22.662,60.0172,25.7219],[22.6505,60.0141,20.7648],[22.6505,60.0109,4.1935],[22.6578,60.0057,12.7651],[22.6568,60.0026,5.3001],[22.6578,60.0016,10.0489],[22.6613,60.0007,24.2739],[22.6575,60.0,0.0],[22.6581,59.9965,0.0],[22.6608,59.9951,0.0],[22.6608,59.9935,0.0],[22.6803,59.991,2.7852],[22.6858,59.9918,0.0],[22.6819,59.9942,0.0],[22.6872,59.9954,0.0],[22.6833,60.0021,0.0],[22.6776,60.0026,0.0],[22.6828,60.0057,0.0],[22.6797,60.0068,9.7569],[22.6807,60.0099,0.0],[22.6755,60.0141,0.0],[22.6807,60.0151,12.8628],[22.6859,60.0203,0.0],[22.6891,60.0193,20.6409],[22.6859,60.0151,2.1767],[22.6953,60.012,0.0],[22.6901,60.0099,0.0],[22.6938,60.0062,0.0],[22.7036,60.0068,17.9513],[22.7057,60.0089,0.0],[22.7047,60.012,0.0],[22.7062,60.0125,4.179],[22.7146,60.0125,0.0],[22.725,60.0167,0.0],[22.7292,60.0167,22.0004],[22.7333,60.0146,6.2883],[22.7411,60.0141,0.0],[22.7505,60.0068,0.0],[22.7563,60.0062,0.0],[22.7578,60.0078,15.9508],[22.7557,60.0099,7.7351],[22.7505,60.0109,13.0738],[22.7484,60.0151,0.0],[22.7521,60.0208,7.8372],[22.7505,60.0234,0.0],[22.7516,60.0266,0.0],[22.7484,60.0276,9.5301],[22.7505,60.0307,13.2018],[22.762,60.0307,8.1081],[22.7589,60.0234,5.3369],[22.762,60.0182,18.6806],[22.7609,60.0151,0.0],[22.7646,60.0125,16.4209],[22.7786,60.0172,4.7181],[22.7807,60.0193,8.0465],[22.7755,60.0245,0.0],[22.7891,60.0276,0.0],[22.7875,60.0292,22.2689],[22.7797,60.0297,19.3188],[22.7776,60.0318,0.0],[22.7849,60.0349,18.042],[22.7745,60.0432,5.9899],[22.7687,60.0438,0.0],[22.7646,60.0417,0.0],[22.7563,60.0417,4.7392],[22.7547,60.0432,0.0],[22.7599,60.0443,0.0],[22.7625,60.0479,6.7435],[22.775,60.0458,0.0],[22.7766,60.0464,0.0],[22.7755,60.0495,18.0931],[22.7807,60.0505,0.0],[22.7792,60.0542,0.0],[22.7807,60.0578,0.0],[22.7755,60.0589,6.1587],[22.7708,60.0667,0.0],[22.7724,60.0693,0.0],[22.7714,60.0724,2.3567],[22.7745,60.0734,0.0],[22.7797,60.0786,3.47],[22.7849,60.0797,0.0],[22.7875,60.0833,15.3231],[22.7917,60.0812,0.0],[22.8021,60.0854,3.0373],[22.8167,60.0854,0.0],[22.8193,60.0891,12.0757],[22.8271,60.0917,9.1611],[22.8333,60.0917,0.0],[22.8391,60.0943,4.8247],[22.8453,60.1005,0.0],[22.8464,60.1036,7.4926],[22.8516,60.1047,1.8701],[22.85,60.1083,0.0807],[22.8599,60.1234,0.0],[22.8589,60.1266,0.0],[22.8625,60.1292,0.777],[22.8688,60.1292,0.0],[22.8688,60.1312,0.0],[22.8745,60.1318,0.0],[22.8807,60.1359,9.1172],[22.8792,60.1375,5.7887],[22.8688,60.1375,5.6672],[22.8646,60.1396,0.0],[22.8568,60.1401,2.2999],[22.8568,60.1432,0.0],[22.8724,60.1495,21.6599],[22.8672,60.1505,0.0],[22.8641,60.1536,0.0],[22.8547,60.1568,5.2945],[22.8557,60.1599,7.4583],[22.8464,60.1609,11.1118],[22.8505,60.1641,4.4504],[22.8557,60.1651,0.2707],[22.8505,60.1672,30.3004],[22.8495,60.1703,0.0],[22.8375,60.1708,0.4462],[22.8297,60.1755,-0.0282],[22.8333,60.1792,0.0],[22.8583,60.1813,1.0565],[22.8688,60.1875,4.0943],[22.8771,60.1875,6.6456],[22.8891,60.1828,0.0],[22.888,60.1797,0.0],[22.8891,60.1776,0.0],[22.8797,60.1766,0.0],[22.8786,60.1734,3.708],[22.8734,60.1724,18.4697],[22.8714,60.1703,7.3223],[22.8724,60.1651,21.8452],[22.8714,60.163,9.2557],[22.8766,60.1599,2.0317],[22.8755,60.1568,0.0],[22.9036,60.1495,0.0],[22.9026,60.1422,0.0],[22.9042,60.1417,0.0],[22.9271,60.1396,18.4794],[22.9417,60.1333,0.0],[22.95,60.1333,0.0],[22.9542,60.1354,0.0701],[22.9583,60.1333,0.0],[22.9661,60.1328,-0.1563],[22.9724,60.1286,0.0],[22.9693,60.1245,15.4683],[22.9693,60.1214,0.0],[22.9714,60.1193,0.0],[22.9766,60.1182,0.0],[22.9771,60.1167,-0.1157],[22.9714,60.1089,0.0],[22.9813,60.1083,4.6575],[22.9854,60.1104,25.707],[22.9932,60.1109,1.8813],[22.9979,60.1146,24.7948],[23.0057,60.1151,0.0],[23.0068,60.1182,11.6958],[23.012,60.1193,0.0],[23.0161,60.1255,0.0],[23.0068,60.1286,0.0],[23.012,60.1297,0.0],[23.0146,60.1333,13.2474],[23.0203,60.1307,0.0],[23.0193,60.1276,4.7468],[23.0214,60.1255,0.5002],[23.0292,60.1229,3.6173],[23.0333,60.125,9.3179],[23.0411,60.1255,0.0],[23.0458,60.1292,14.366],[23.0583,60.1292,0.0],[23.0599,60.1276,14.3657],[23.0521,60.1271,0.0],[23.0443,60.1245,1.7399],[23.0432,60.1214,0.0],[23.0318,60.1182,0.0],[23.0286,60.113,0.0],[23.0234,60.112,0.0],[23.0307,60.1057,0.0],[23.0286,60.1026,0.0],[23.0245,60.1006,11.6199],[23.0287,60.1015,7.1116],[23.0285,60.1002,20.1049],[23.0375,60.1,36.587],[23.0371,60.0955,47.4501],[23.0461,60.0953,51.0575],[23.0457,60.0908,68.8745],[23.0817,60.09,61.1774],[23.0821,60.0945,57.6575],[23.1091,60.0938,50.8082],[23.1095,60.0983,56.7994],[23.1456,60.0975,19.3452],[23.146,60.102,32.7339],[23.155,60.1017,15.0],[23.1554,60.1062,15.0],[23.1644,60.106,15.0],[23.1648,60.1105,43.8635],[23.1738,60.1103,35.6809],[23.1743,60.1148,30.9366],[23.1833,60.1145,41.3338],[23.1837,60.119,50.118],[23.1927,60.1188,39.7672],[23.1932,60.1233,61.3621],[23.2022,60.1231,63.7187],[23.2026,60.1276,79.3733],[23.2116,60.1274,75.3326],[23.212,60.1318,24.2706],[23.2211,60.1316,53.0278],[23.2215,60.1361,30.3933],[23.2395,60.1357,50.4411],[23.24,60.1402,49.178],[23.249,60.1399,48.5411],[23.2494,60.1444,29.7874],[23.2584,60.1442,54.2966],[23.2589,60.1487,17.0462],[23.2679,60.1485,22.983],[23.2683,60.1529,15.4069],[23.2773,60.1527,21.826],[23.2796,60.1751,22.7361],[23.2886,60.1749,55.2732],[23.2895,60.1839,29.9564],[23.2985,60.1837,52.7751],[23.299,60.1882,29.5573],[23.3261,60.1875,33.8516],[23.3251,60.1785,49.1281],[23.3161,60.1787,28.9168],[23.3152,60.1698,33.4569],[23.3242,60.1695,34.7234],[23.3238,60.1651,42.6352],[23.3418,60.1646,58.2251],[23.3413,60.1601,42.2529],[23.3504,60.1599,50.2881],[23.3499,60.1554,70.3245],[23.3589,60.1552,48.1304],[23.3585,60.1507,52.8753],[23.3675,60.1505,57.6876],[23.3684,60.1594,43.3536],[23.3774,60.1592,55.3998],[23.3783,60.1682,77.0079],[23.4415,60.1665,46.7521],[23.4419,60.171,37.9902],[23.469,60.1703,64.2852],[23.4695,60.1748,33.5],[23.4875,60.1744,78.8911],[23.488,60.1788,72.6649],[23.497,60.1786,71.6523],[23.4975,60.1831,50.3051],[23.5065,60.1828,73.5692],[23.507,60.1873,75.6333],[23.516,60.1871,83.8037],[23.5165,60.1916,73.6392],[23.5255,60.1913,84.9793],[23.526,60.1958,72.9741],[23.535,60.1956,71.6295],[23.5355,60.2001,62.6141],[23.5535,60.1996,62.3775],[23.554,60.2041,40.5],[23.563,60.2038,54.057],[23.5626,60.1993,40.5],[23.5987,60.1984,40.5],[23.5982,60.1939,40.5],[23.6252,60.1931,40.5],[23.6257,60.1976,50.6446],[23.6438,60.1971,69.6389],[23.6443,60.2016,85.9723],[23.6533,60.2014,86.633],[23.6538,60.2059,78.5455],[23.6448,60.2061,56.2518],[23.6473,60.2285,83.9108],[23.6382,60.2288,72.0249],[23.6397,60.2422,68.5359],[23.6217,60.2427,73.0956],[23.6222,60.2472,78.7616],[23.6131,60.2475,68.1239],[23.6136,60.2519,79.7208],[23.5955,60.2524,38.8133],[23.596,60.2569,46.3171],[23.587,60.2571,29.1243],[23.5875,60.2616,30.6701],[23.5965,60.2614,31.2805],[23.597,60.2659,30.8322],[23.6151,60.2654,96.4366],[23.6146,60.2609,57.3574],[23.6327,60.2604,51.5],[23.6332,60.2649,88.8344],[23.6241,60.2651,84.0394],[23.6251,60.2741,74.9757],[23.6256,60.2786,79.4678],[23.6347,60.2784,71.8904],[23.6357,60.2873,80.9204],[23.6447,60.2871,59.2855],[23.6452,60.2915,57.0],[23.6543,60.2913,64.3059],[23.6548,60.2958,80.8317],[23.6638,60.2955,57.0],[23.6643,60.3,58.6662],[23.6824,60.2995,92.9202],[23.6819,60.295,83.3996],[23.7,60.2945,100.6863],[23.7006,60.299,73.7825],[23.7096,60.2988,78.1274],[23.7101,60.3033,57.0],[23.7192,60.303,57.0],[23.7197,60.3075,88.81],[23.7287,60.3072,57.0],[23.7344,60.3566,57.0],[23.7253,60.3568,57.0],[23.7268,60.3703,66.5],[23.754,60.3695,103.5096],[23.7546,60.374,70.7203],[23.7636,60.3737,119.3551],[23.7642,60.3782,96.1881],[23.7732,60.3779,91.0592],[23.7738,60.3824,84.4475],[23.7828,60.3822,86.7052],[23.7834,60.3867,66.7021],[23.7924,60.3864,67.5394],[23.7935,60.3954,88.2888],[23.7844,60.3956,103.1111],[23.7865,60.4136,90.1764],[23.7875,60.4225,73.3894],[23.7966,60.4223,91.4056],[23.7976,60.4312,75.9077],[23.7886,60.4315,87.4995],[23.7907,60.4494,87.946],[23.6997,60.452,120.7413],[23.7002,60.4565,128.3653],[23.7093,60.4562,144.1269],[23.7114,60.4741,129.7415],[23.7205,60.4739,124.2567],[23.7215,60.4829,129.738],[23.7306,60.4826,118.5315],[23.7311,60.4871,120.2006],[23.7402,60.4868,127.8873],[23.7407,60.4913,121.3167],[23.7772,60.4903,83.634],[23.7777,60.4948,85.7246],[23.8323,60.4932,76.5721],[23.8329,60.4977,96.3359],[23.8602,60.4969,127.0521],[23.8607,60.5014,124.0284],[23.8698,60.5012,122.0517],[23.872,60.5191,119.1437],[23.8628,60.5193,123.7733],[23.8644,60.5328,105.9894],[23.8553,60.5331,93.0512],[23.8569,60.5465,114.5118],[23.8478,60.5468,105.1322],[23.8489,60.5557,89.0],[23.8671,60.5552,89.0],[23.8677,60.5597,110.0634],[23.8859,60.5592,125.0],[23.8881,60.5771,126.7072],[23.8972,60.5768,129.5868],[23.8977,60.5813,121.5822],[23.9069,60.5811,130.8553],[23.9079,60.59,131.7806],[23.9171,60.5898,121.4058],[23.9192,60.6077,122.7701],[23.901,60.6082,117.5],[23.9015,60.6127,120.6191],[23.8832,60.6132,141.0606],[23.8838,60.6177,128.2134],[23.8746,60.618,155.6047],[23.8763,60.6314,111.0],[23.8854,60.6312,126.2184],[23.8865,60.6401,114.3807],[23.8956,60.6399,125.6668],[23.8967,60.6488,107.5],[23.9059,60.6486,118.644],[23.9064,60.653,107.5],[23.9338,60.6522,136.7751],[23.9333,60.6478,114.148],[23.9516,60.6472,133.2165],[23.951,60.6427,115.8998],[23.9693,60.6422,138.0254],[23.9688,60.6377,116.0463],[23.9871,60.6372,131.7518],[23.9876,60.6417,128.315],[24.0059,60.6411,127.8267],[24.0065,60.6456,121.9965],[24.0522,60.6442,118.6875],[24.0516,60.6398,111.0],[24.0608,60.6395,111.0],[24.0602,60.635,111.0],[24.0785,60.6344,127.2759],[24.0779,60.63,147.5047],[24.1236,60.6286,123.8131],[24.1231,60.6241,121.5432],[24.1596,60.623,153.6753],[24.1602,60.6274,148.0266],[24.1968,60.6263,134.3507],[24.1962,60.6218,124.6718],[24.2327,60.6207,124.8339],[24.2321,60.6162,136.2664],[24.2413,60.6159,120.7959],[24.2383,60.5935,118.4375],[24.2475,60.5932,104.7496],[24.2469,60.5887,125.0113],[24.256,60.5884,115.4771],[24.2554,60.584,134.3738],[24.2645,60.5837,116.265],[24.264,60.5792,148.553],[24.2731,60.5789,124.8029],[24.2725,60.5744,109.8443],[24.2816,60.5741,134.0632],[24.2804,60.5652,93.6319],[24.2895,60.5649,95.098],[24.2902,60.5694,107.9587],[24.3084,60.5688,118.1157],[24.309,60.5732,133.7805],[24.2999,60.5735,131.438],[24.3016,60.587,107.1173],[24.3108,60.5867,134.6859],[24.3114,60.5912,118.6887],[24.3205,60.5909,135.9212],[24.3217,60.5998,133.0054],[24.3308,60.5996,130.2508],[24.3314,60.604,144.3472],[24.3406,60.6037,138.3093],[24.3412,60.6082,148.1622],[24.3503,60.6079,133.9754],[24.3509,60.6124,149.0335],[24.3601,60.6121,135.5225],[24.3594,60.6076,135.2564],[24.3777,60.607,130.8847],[24.3771,60.6026,141.5045],[24.3954,60.602,141.2727],[24.3947,60.5975,118.2199],[24.4039,60.5972,123.3049],[24.4033,60.5927,126.5315],[24.4124,60.5924,124.3046],[24.4112,60.5834,122.1694],[24.402,60.5837,126.4523],[24.4002,60.5703,111.6651],[24.4093,60.57,115.3769],[24.4087,60.5655,112.4478],[24.4178,60.5652,115.8978],[24.4166,60.5563,117.1905],[24.4257,60.556,108.3092],[24.4251,60.5515,105.9115],[24.4434,60.5509,117.389],[24.444,60.5554,128.3083],[24.4896,60.5538,136.1806],[24.4902,60.5583,140.4213],[24.5358,60.5568,112.0958],[24.5364,60.5613,102.498],[24.5546,60.5606,117.3734],[24.5559,60.5696,117.623],[24.565,60.5693,107.686],[24.5663,60.5783,96.2156],[24.5754,60.5779,87.9728],[24.5773,60.5914,130.1978],[24.5682,60.5917,137.5049],[24.5695,60.6007,95.0614],[24.5603,60.601,99.262],[24.5654,60.6368,121.0334],[24.5745,60.6365,113.3236],[24.5758,60.6455,127.5518],[24.5849,60.6451,128.6007],[24.5856,60.6496,139.3264],[24.5947,60.6493,138.9945],[24.596,60.6583,128.0971],[24.6052,60.658,116.7863],[24.6058,60.6624,103.0],[24.6149,60.6621,103.0],[24.6156,60.6666,103.0],[24.6339,60.666,103.0],[24.6332,60.6615,103.0],[24.6515,60.6609,108.1435],[24.6509,60.6564,119.7644],[24.6783,60.6554,129.3367],[24.6777,60.651,114.3495],[24.7508,60.6484,130.9312],[24.7514,60.6529,132.5059],[24.7697,60.6522,116.5139],[24.7704,60.6567,111.6358],[24.7795,60.6564,121.5399],[24.7802,60.6609,125.7227],[24.7893,60.6605,104.8071],[24.79,60.665,100.5187],[24.7992,60.6647,112.7657],[24.7998,60.6692,89.0354],[24.809,60.6688,87.6403],[24.8097,60.6733,103.2401],[24.8188,60.673,86.3988],[24.8181,60.6685,97.9542],[24.8364,60.6679,87.9071],[24.8351,60.6589,90.7658],[24.8808,60.6572,139.406],[24.8815,60.6617,143.2412],[24.9089,60.6607,126.6665],[24.9096,60.6652,126.4581],[24.9187,60.6649,100.8978],[24.9194,60.6693,116.1138],[24.9285,60.669,93.753],[24.9292,60.6735,100.7977],[24.9475,60.6728,87.9166],[24.9482,60.6773,88.9162],[24.9665,60.6766,86.819],[24.9672,60.6811,95.4638],[25.0038,60.6797,116.2789],[25.0045,60.6842,94.3395],[25.0502,60.6825,102.9997],[25.0495,60.678,91.4254],[25.0587,60.6777,107.3654],[25.058,60.6732,86.0],[25.0671,60.6729,99.3673],[25.0664,60.6684,102.8318],[25.0847,60.6677,100.5257],[25.084,60.6632,103.2181],[25.1114,60.6622,116.2932],[25.1128,60.6711,108.5323],[25.1037,60.6715,104.7011],[25.1051,60.6804,88.9534],[25.096,60.6808,98.475],[25.0974,60.6897,86.5169],[25.0882,60.6901,91.2018],[25.0904,60.7035,97.8431],[25.1087,60.7028,101.3153],[25.1094,60.7073,99.0358],[25.1185,60.707,93.5514],[25.1192,60.7114,86.8755],[25.1376,60.7107,78.1919],[25.1383,60.7152,81.7214],[25.1474,60.7149,84.1538],[25.1481,60.7193,84.103],[25.1756,60.7183,103.9004],[25.1763,60.7228,108.337],[25.1946,60.7221,109.5723],[25.1954,60.7265,102.7068],[25.1587,60.7279,98.1108],[25.1595,60.7324,102.8524],[25.1411,60.7331,91.0877],[25.1419,60.7376,93.2115],[25.1327,60.7379,86.6658],[25.1334,60.7424,83.1431],[25.1243,60.7428,89.3035],[25.125,60.7472,80.0077],[25.1158,60.7476,79.4202],[25.1144,60.7386,79.4764],[25.1052,60.739,83.3029],[25.1045,60.7345,82.2402],[25.0953,60.7349,103.0749],[25.0939,60.7259,92.5819],[25.0848,60.7262,95.4653],[25.084,60.7218,90.4615],[25.0749,60.7221,134.2938],[25.0735,60.7132,109.686],[25.0643,60.7135,98.5311],[25.0657,60.7225,114.5328],[25.0566,60.7228,130.1424],[25.0573,60.7273,94.5747],[25.0664,60.7269,111.0794],[25.0686,60.7404,93.4778],[25.0777,60.74,87.2068],[25.0798,60.7535,83.2756],[25.089,60.7531,84.3146],[25.0904,60.7621,86.6165],[25.1088,60.7614,83.3773],[25.1095,60.7659,83.7513],[25.137,60.7648,83.4833],[25.1377,60.7693,78.896],[25.1561,60.7686,107.1305],[25.1582,60.782,122.2698],[25.149,60.7824,119.8118],[25.1498,60.7868,116.8771],[25.1406,60.7872,115.7499],[25.1413,60.7917,120.0442],[25.1321,60.792,104.4412],[25.1329,60.7965,117.9325],[25.1237,60.7968,97.3254],[25.1244,60.8013,98.7524],[25.1152,60.8017,91.2854],[25.1159,60.8061,94.1538],[25.1067,60.8065,84.4414],[25.1089,60.8199,84.3383],[25.1824,60.8171,90.8337],[25.1831,60.8216,91.684],[25.1923,60.8212,98.7941],[25.1952,60.8391,90.0934],[25.2136,60.8384,94.5524],[25.2114,60.825,108.0386],[25.2206,60.8247,102.139],[25.2176,60.8068,84.3067],[25.2268,60.806399999999996,96.2298],[25.2261,60.8019,112.4517],[25.2353,60.8016,96.0916],[25.2346,60.7971,100.5327],[25.2437,60.7967,86.7613],[25.243,60.7923,85.9322],[25.2522,60.7919,86.5452],[25.2514,60.7874,107.4052],[25.2698,60.7867,89.7651],[25.269,60.7822,91.8521],[25.278199999999998,60.7819,88.8014],[25.2775,60.7774,84.0089],[25.2867,60.777,82.7974],[25.2852,60.7681,95.7415],[25.2943,60.7677,88.1245],[25.2929,60.7588,90.6283],[25.302,60.7584,93.2421],[25.3013,60.754,94.7642],[25.3105,60.7536,90.703],[25.3112,60.7581,88.7518],[25.3204,60.7577,85.1053],[25.3211,60.7622,84.1122],[25.3303,60.7618,98.3176],[25.3295,60.7573,93.713],[25.3937,60.7548,92.1652],[25.3952,60.7637,84.7493],[25.4044,60.7634,88.568],[25.4059,60.7723,80.202],[25.415,60.7719,102.7265],[25.4166,60.7809,97.2505],[25.4257,60.7805,81.3315],[25.4272,60.7895,83.5252],[25.4364,60.7891,84.4917],[25.4387,60.8025,97.2612],[25.4479,60.8022,80.9346],[25.4502,60.8156,79.8488],[25.441,60.816,90.232],[25.4425,60.8249,97.936],[25.4333,60.8253,94.4835],[25.4341,60.8298,92.829],[25.4249,60.8301,87.5421],[25.4257,60.8346,90.4025],[25.4165,60.835,102.7271],[25.4172,60.8395,94.0234],[25.408,60.8398,104.7617],[25.4088,60.8443,142.6177],[25.3996,60.8447,104.4947],[25.4019,60.8581,112.2128],[25.4111,60.8577,101.9105],[25.4118,60.8622,92.6057],[25.421,60.8618,103.7948],[25.4218,60.8663,94.3514],[25.4402,60.8656,102.7599],[25.4394,60.8611,96.1722],[25.4486,60.8607,107.1774],[25.4494,60.8652,110.1013],[25.4586,60.8648,130.966],[25.4601,60.8738,118.7834],[25.4877,60.8727,86.4016],[25.4885,60.8771,76.8146],[25.4977,60.8768,86.6625],[25.4984,60.8812,72.7193],[25.5076,60.8809,92.0368],[25.5092,60.8898,84.6673],[25.5276,60.889,108.3949],[25.526,60.8801,131.7062],[25.5352,60.8797,121.3456],[25.5337,60.8708,134.2426],[25.5521,60.87,115.5946],[25.5529,60.8745,96.8655],[25.5621,60.8741,114.8433],[25.5636,60.8831,97.9371],[25.582,60.8823,92.9647],[25.5812,60.8778,97.8377],[25.5996,60.8771,87.5842],[25.5988,60.8726,89.5785],[25.6264,60.8715,68.9122],[25.6272,60.8759,69.1032],[25.6364,60.8755,67.5409],[25.6372,60.88,68.3589],[25.6464,60.8796,66.9336],[25.648,60.8886,72.3462],[25.6572,60.8882,76.2726],[25.6604,60.9061,72.4252],[25.6696,60.9057,70.9829],[25.6704,60.9102,84.4578],[25.6796,60.9098,72.1156],[25.6804,60.9143,74.3615],[25.6896,60.9139,73.3306],[25.6904,60.9184,75.9602],[25.6996,60.918,77.92],[25.7004,60.9225,102.2389],[25.7096,60.9221,85.5716],[25.7104,60.9265,97.2836],[25.7196,60.9261,86.2339],[25.7204,60.9306,94.1011],[25.7388,60.9298,109.5177],[25.7372,60.9209,120.8844],[25.7464,60.9205,97.1975],[25.7456,60.916,105.1326],[25.7548,60.9156,96.6739],[25.7556,60.9201,90.1441],[25.7741,60.9193,108.3677],[25.7749,60.9238,116.9143],[25.7841,60.9234,91.6544],[25.7784,60.8921,91.751],[25.7968,60.8913,93.202],[25.7976,60.8958,82.7037],[25.8436,60.8938,85.2744],[25.8988,60.8914,84.7401],[25.898,60.8869,85.4163],[25.9256,60.8857,112.9072],[25.9281,60.8992,89.7392],[25.9373,60.8988,91.1623],[25.9398,60.9122,109.5775],[25.949,60.9118,100.6659],[25.9523,60.9296,112.9824],[25.9707,60.9288,131.2095],[25.9699,60.9244,120.5353],[25.9791,60.924,115.1206],[25.9783,60.9195,123.4085],[25.9967,60.9187,109.9711],[25.9958,60.9142,111.3345],[26.005,60.9138,90.7795],[26.0042,60.9093,105.0042],[26.0134,60.9089,88.0443],[26.0125,60.9044,90.5228],[26.0309,60.9036,87.7349],[26.0301,60.8992,107.1998],[26.0669,60.8975,99.7856],[26.066,60.893,67.1453],[26.1028,60.8914,64.8406],[26.1045,60.9003,71.151],[26.1137,60.8999,62.321],[26.1155,60.9089,66.0821],[26.1523,60.9072,86.6476],[26.154,60.9161,98.482],[26.1632,60.9157,108.4605],[26.1658,60.9291,93.84],[26.0645,60.9337,81.9738],[26.0654,60.9382,86.2786],[26.0562,60.9386,88.4217],[26.0587,60.952,118.1026],[26.0495,60.9524,101.9688],[26.052,60.9658,107.4009],[26.0428,60.9662,110.3339],[26.0462,60.9841,75.6814],[26.0739,60.9829,84.1607],[26.0722,60.9739,84.7857],[26.0906,60.9731,73.5],[26.0915,60.9776,73.5],[26.1007,60.9771,73.5],[26.1016,60.9816,73.5],[26.1108,60.9812,73.5],[26.1117,60.9857,73.5],[26.1209,60.9853,73.5],[26.1286,61.0255,73.5],[26.1379,61.0251,73.5],[26.1387,61.0296,73.5],[26.1295,61.03,73.5],[26.1304,61.0344,81.2214],[26.1211,61.0349,82.1846],[26.1229,61.0438,101.1814],[26.1136,61.0442,102.2511],[26.1145,61.0487,91.4591],[26.1052,61.0491,89.9842],[26.1104,61.0759,115.98779999999999],[26.1012,61.0763,134.2253],[26.102,61.0808,138.9796],[26.0835,61.0816,113.0948],[26.0844,61.0861,137.6915],[26.0659,61.0869,114.2791],[26.0667,61.0914,120.029],[26.0482,61.0922,147.9201],[26.0491,61.0967,145.7971],[26.0306,61.0975,142.2339],[26.0297,61.0931,130.1459],[26.0205,61.0935,136.0328],[26.0196,61.089,118.9672],[26.0011,61.0898,128.1088],[26.0003,61.0853,124.127],[25.991,61.0858,136.7116],[25.9902,61.0813,131.7841],[25.9716,61.0821,115.3912],[25.9708,61.0776,121.4232],[25.9616,61.078,124.8607],[25.9607,61.0736,104.2588],[25.9422,61.0744,123.1029],[25.9414,61.0699,112.1273],[25.9321,61.0703,115.727],[25.933,61.0748,108.8097],[25.9237,61.0752,106.847],[25.9245,61.0796,114.2153],[25.8968,61.0808,106.6635],[25.8976,61.0853,111.2027],[25.8884,61.0857,115.3458],[25.8892,61.0902,130.4022],[25.8799,61.0906,136.1285],[25.8808,61.0951,150.268],[25.8715,61.0955,140.5212],[25.8724,61.0999,140.8277],[25.8631,61.1003,127.7652],[25.8656,61.1138,142.8977],[25.8748,61.1133,126.7587],[25.8765,61.1223,158.5254],[25.8858,61.1219,150.8824],[25.8874,61.1308,128.8281],[25.8967,61.1304,125.0336],[25.8984,61.1394,152.2523],[25.9077,61.139,140.6228],[25.9093,61.1479,162.4125],[25.9186,61.1475,134.1869],[25.9203,61.1565,137.233],[25.911,61.1569,102.759],[25.9127,61.1658,114.6088],[25.9034,61.1662,95.2483],[25.9042,61.1707,104.4967],[25.895,61.1711,92.3345],[25.8966,61.18,110.8814],[25.8874,61.1804,91.9999],[25.8899,61.1939,93.0967],[25.8991,61.1935,76.5],[25.9008,61.2024,79.3536],[25.9101,61.202,99.2327],[25.9126,61.2154,76.5],[25.9219,61.215,76.5],[25.9244,61.2284,76.5],[25.9151,61.2288,76.5],[25.916,61.2333,76.5],[25.8881,61.2345,76.5],[25.8923,61.2569,76.5],[25.883,61.2573,76.5],[25.8838,61.2617,76.5],[25.8745,61.2621,76.5],[25.8753,61.2666,76.5],[25.8474,61.2678,98.9251],[25.8483,61.2723,86.5847],[25.8389,61.2727,114.9226],[25.8381,61.2682,99.2007],[25.8009,61.2698,101.0308],[25.81,61.319,91.8243],[25.8007,61.3194,109.3295],[25.8015,61.3239,110.2373],[25.7922,61.3242,115.9249],[25.793,61.3287,106.7834],[25.7837,61.3291,102.8293],[25.7853,61.3381,101.4031],[25.776,61.3385,93.5147],[25.7768,61.3429,96.2002],[25.7675,61.3433,105.0602],[25.7683,61.3478,117.8882],[25.759,61.3482,127.1935],[25.7606,61.3571,118.6355],[25.7513,61.3575,124.701],[25.7521,61.362,135.0228],[25.7334,61.3628,154.752],[25.7318,61.3538,131.9044],[25.7225,61.3542,154.8914],[25.7208,61.3453,136.5783],[25.7115,61.3457,130.897],[25.7107,61.3412,136.8176],[25.6827,61.3424,133.3931],[25.6819,61.3379,136.6983],[25.5885,61.3417,109.2294],[25.5877,61.3372,111.9138],[25.5784,61.3376,83.2784],[25.5776,61.3331,96.1134],[25.5589,61.3339,76.5],[25.5581,61.3294,76.5],[25.5395,61.3302,76.5],[25.5411,61.3391,76.5],[25.5317,61.3395,76.5],[25.5333,61.3484,76.5],[25.524,61.3488,76.5],[25.5256,61.3578,76.5],[25.5162,61.3582,76.5],[25.517,61.3626,76.5],[25.5077,61.363,76.5],[25.5092,61.372,76.5],[25.4999,61.3723,76.5],[25.5015,61.3813,76.5],[25.4921,61.3816,76.5],[25.4937,61.3906,76.5],[25.4843,61.391,76.5],[25.4851,61.3955,76.5],[25.4758,61.3958,76.5],[25.4813,61.4272,76.5],[25.4906,61.4268,76.5],[25.493,61.4402,76.5],[25.4836,61.4406,76.5],[25.4852,61.4495,76.5],[25.4758,61.4499,76.5],[25.4774,61.4589,76.5],[25.468,61.4592,76.5],[25.4688,61.4637,76.5],[25.4595,61.4641,76.5],[25.461,61.473,76.5],[25.4516,61.4734,76.5],[25.4524,61.4779,76.5],[25.4431,61.4782,76.5],[25.4501,61.5185,76.5],[25.4595,61.5181,76.5],[25.4658,61.5539,76.5],[25.4752,61.5536,76.5],[25.4807,61.5849,76.5],[25.4901,61.5845,76.5],[25.4957,61.6158,76.5],[25.5051,61.6155,76.5],[25.5115,61.6513,76.5],[25.502,61.6516,76.5],[25.5068,61.6785,76.5],[25.5634,61.6762,76.5],[25.5626,61.6718,76.5],[25.572,61.6714,76.5],[25.5728,61.6758,76.5],[25.5917,61.6751,85.3137],[25.5925,61.6796,76.5],[25.6114,61.6788,76.5],[25.6122,61.6833,76.5],[25.6216,61.6829,76.5],[25.6225,61.6874,76.5],[25.6319,61.687,76.5],[25.6335,61.6959,86.4832],[25.643,61.6955,76.5],[25.6446,61.7045,86.1186],[25.654,61.7041,112.3131],[25.6557,61.7131,82.8163],[25.6746,61.7123,102.4552],[25.6754,61.7168,86.5019],[25.6943,61.716,76.5],[25.6934,61.7115,76.5],[25.7218,61.7104,98.9483],[25.7209,61.7059,101.9575],[25.7587,61.7043,156.4082],[25.7579,61.6998,154.3639],[25.7484,61.7002,138.3228],[25.7468,61.6913,137.9935],[25.7562,61.6909,133.3935],[25.7554,61.6864,132.267],[25.7743,61.6856,120.3811],[25.7759,61.6946,141.0186],[25.7854,61.6942,130.1958],[25.7887,61.7121,144.8574],[25.7981,61.7117,165.6136],[25.8015,61.7296,188.1083],[25.811,61.7292,163.9611],[25.8143,61.7471,147.3347],[25.8238,61.7467,151.7276],[25.8272,61.7646,157.6901],[25.8366,61.7642,142.9268],[25.8383,61.7731,149.8127],[25.8478,61.7727,144.4837],[25.8486,61.7772,144.8825],[25.8581,61.7768,147.7797],[25.8606,61.7902,146.4133],[25.8512,61.7906,139.4049],[25.8529,61.7996,127.2531],[25.8718,61.7988,110.0357],[25.871,61.7943,125.1888],[25.8804,61.7939,113.569],[25.877,61.776,156.5779],[25.8676,61.7764,151.3074],[25.865,61.763,150.8824],[25.9028,61.7614,159.7316],[25.9037,61.7658,163.9736],[25.9131,61.7654,130.0861],[25.9174,61.7878,132.1707],[25.9269,61.7874,132.0689],[25.926,61.7829,134.8882],[25.9355,61.7825,123.9679],[25.9346,61.778,135.3958],[25.9441,61.7776,129.4577],[25.9432,61.7732,124.5275],[25.9527,61.7728,107.3786],[25.9518,61.7683,108.1146],[25.9707,61.7675,137.0026],[25.9699,61.763,135.7705],[25.9793,61.7626,118.2403],[25.9785,61.7581,117.7388],[25.9879,61.7577,113.9797],[25.9862,61.7488,104.8311],[25.9956,61.7484,109.0917],[25.9922,61.7305,91.0],[26.0016,61.7301,101.9397],[26.0007,61.7256,96.5459],[26.0102,61.7252,112.5277],[26.0093,61.7207,120.0081],[26.028199999999998,61.7199,118.4975],[26.0291,61.7244,124.7002],[26.0385,61.724,91.0],[26.0394,61.7284,99.2463],[26.0488,61.728,91.0],[26.0506,61.737,91.0],[26.06,61.7365,95.8648],[26.0592,61.7321,91.0],[26.0686,61.7317,96.1462],[26.0651,61.7138,91.0],[26.0745,61.7134,99.2651],[26.0736,61.7089,91.0],[26.0831,61.7085,91.0],[26.0804,61.6951,91.0],[26.0898,61.6947,114.1316],[26.0881,61.6857,109.5114],[26.0787,61.6861,110.5382],[26.0769,61.6772,91.0],[26.0675,61.6776,91.0],[26.0666,61.6731,91.0],[26.076,61.6727,91.0],[26.0752,61.6683,91.0],[26.0846,61.6678,91.0],[26.0828,61.6589,91.0],[26.0922,61.6585,91.0],[26.0914,61.654,91.0],[26.1008,61.6536,91.0],[26.099,61.6446,91.0],[26.1178,61.6438,91.0],[26.117,61.6394,91.0],[26.1264,61.6389,91.0],[26.1255,61.6345,91.0],[26.1349,61.634,91.0],[26.134,61.6296,91.0],[26.1434,61.6292,91.0],[26.1417,61.6202,91.0],[26.1511,61.6198,91.0],[26.1502,61.6153,91.0],[26.1596,61.6149,91.0],[26.1605,61.6194,91.0],[26.1699,61.618899999999996,91.0],[26.1726,61.6324,91.0],[26.182,61.6319,91.0],[26.1856,61.6498,91.0],[26.2044,61.649,131.3269],[26.2035,61.6445,125.3111],[26.2694,61.6415,121.1833],[26.2712,61.6505,179.7342],[26.2806,61.6501,191.2527],[26.2825,61.659,147.5297],[26.2919,61.6586,155.3411],[26.291,61.6541,162.866],[26.3004,61.6537,133.4417],[26.2995,61.6492,168.9565],[26.3089,61.6488,116.3788],[26.308,61.6443,134.5002],[26.3174,61.6439,127.8475],[26.3156,61.6349,137.9547],[26.3062,61.6354,140.753],[26.3034,61.622,102.5],[26.3128,61.6215,102.5],[26.311,61.6126,102.5],[26.3204,61.6122,108.5179],[26.3195,61.6077,102.5],[26.3289,61.6073,102.5],[26.3298,61.6117,102.5],[26.3392,61.6113,110.4722],[26.3401,61.6158,102.5],[26.3496,61.6153,114.3553],[26.3505,61.6198,113.6466],[26.3599,61.6194,107.1064],[26.3608,61.6238,106.2054],[26.3514,61.6243,114.6875],[26.3541,61.6377,107.3505],[26.373,61.6368,106.0134],[26.3776,61.6591,91.5],[26.387,61.6587,91.5],[26.3861,61.6543,91.5],[26.4237,61.6525,91.5],[26.4228,61.648,91.5],[26.4322,61.6476,91.5],[26.4313,61.6431,91.5],[26.4501,61.6423,91.5],[26.4492,61.6378,91.5],[26.4774,61.6365,91.5],[26.4765,61.632,91.5],[26.5047,61.6307,91.5],[26.5038,61.6262,91.5],[26.5132,61.6258,91.5],[26.5245,61.6794,91.5],[26.5339,61.6789,91.5],[26.5377,61.6968,91.5],[26.5283,61.6972,91.5],[26.5302,61.7062,91.5],[26.5207,61.7066,91.5],[26.5226,61.7156,91.5],[26.5132,61.716,114.4954],[26.5151,61.7249,91.5],[26.5056,61.7254,109.91],[26.5066,61.7299,91.5],[26.4971,61.7303,91.5],[26.499,61.7392,109.0105],[26.4896,61.7397,110.7325],[26.4915,61.7486,91.5],[26.482,61.7491,106.7353],[26.4839,61.758,101.9893],[26.4744,61.7584,120.1301],[26.4754,61.7629,129.6122],[26.4659,61.7633,120.6095],[26.4669,61.7678,131.5493],[26.4575,61.7682,143.248],[26.4593,61.7772,183.5011],[26.4499,61.7776,168.5968],[26.4508,61.7821,160.3701],[26.4413,61.7825,118.7154],[26.4423,61.787,132.3511],[26.4328,61.7874,129.4176],[26.4337,61.7919,124.6702],[26.4243,61.7923,101.0],[26.4252,61.7968,101.0],[26.4158,61.7972,101.0],[26.4167,61.8017,101.0],[26.3883,61.803,101.0],[26.3892,61.8075,101.0],[26.3798,61.8079,101.0],[26.3807,61.8124,113.6536],[26.3712,61.8128,101.0],[26.3787,61.8486,130.6811],[26.3881,61.8482,122.6108],[26.39,61.8571,91.5],[26.3805,61.8575,91.5],[26.3824,61.8665,94.118],[26.3729,61.8669,91.5],[26.3766,61.8848,101.5374],[26.3482,61.8861,111.0311],[26.3472,61.8816,100.5293],[26.3283,61.8825,98.4649],[26.3301,61.8914,99.5059],[26.3396,61.891,99.5252],[26.3461,61.9223,119.2207],[26.3366,61.9227,107.5207],[26.3393,61.9361,107.8459],[26.3298,61.9365,110.715],[26.3326,61.9499,113.57],[26.3421,61.9495,116.911],[26.3431,61.954,130.8454],[26.3526,61.9536,128.1229],[26.3535,61.958,120.7483],[26.3725,61.9571,125.0062],[26.3734,61.9616,121.218],[26.383,61.9612,115.6175],[26.3839,61.9656,116.4686],[26.3934,61.9652,109.6134],[26.3943,61.9697,113.6724],[26.4134,61.9688,101.2796],[26.4152,61.9777,95.046],[26.4057,61.9782,97.3752],[26.4067,61.9827,94.2263],[26.3972,61.9831,113.6208],[26.399,61.992,111.5445],[26.3895,61.9925,124.7985],[26.3904,61.9969,112.1001],[26.3809,61.9974,115.7867],[26.3818,62.0018,116.3555],[26.3723,62.0023,114.6704],[26.3742,62.0112,126.8099],[26.3647,62.0117,121.8706],[26.3656,62.0161,120.7031],[26.3561,62.0166,113.5191],[26.357,62.021,126.5435],[26.3475,62.0215,122.4936],[26.3493,62.0304,122.143],[26.3398,62.0308,131.5397],[26.340699999999998,62.0353,134.6785],[26.3312,62.0357,130.312],[26.3321,62.0402,138.2556],[26.3226,62.0406,135.2425],[26.3235,62.0451,135.5054],[26.314,62.0455,128.2817],[26.3158,62.0545,146.8602],[26.3063,62.0549,154.2727],[26.3072,62.0594,158.433],[26.2977,62.0598,182.4453],[26.2986,62.0643,189.3625],[26.2891,62.0647,191.501],[26.2909,62.0736,196.3227],[26.2814,62.0741,194.6765],[26.2823,62.0785,201.5855],[26.2727,62.079,190.0593],[26.2737,62.0834,193.3928],[26.2641,62.0839,197.2581],[26.2659,62.0928,214.0663],[26.2564,62.0932,214.0017],[26.2573,62.0977,209.2575],[26.2478,62.0981,197.2968],[26.2487,62.1026,189.8005],[26.2391,62.103,192.2343],[26.24,62.1075,174.008],[26.2305,62.1079,188.0213],[26.2323,62.1169,139.9747],[26.2228,62.1173,191.8953],[26.2246,62.1262,131.9996],[26.2342,62.1258,146.8129],[26.236,62.1348,155.0264],[26.2456,62.1343,145.9375],[26.2474,62.1432,137.581],[26.257,62.1428,157.6944],[26.2597,62.1562,138.062],[26.2693,62.1558,139.9225],[26.2712,62.1647,135.8082],[26.2807,62.1643,132.4311],[26.2826,62.1733,108.3523],[26.2922,62.1728,121.0823],[26.295,62.1862,117.1903],[26.3046,62.1858,126.6326],[26.3064,62.1948,106.7273],[26.316,62.1943,112.7261],[26.3169,62.1988,122.6978],[26.3265,62.1984,124.1037],[26.3256,62.1939,123.7493],[26.3352,62.1935,128.5272],[26.3361,62.1979,135.3419],[26.3457,62.1975,132.05],[26.3466,62.202,145.5693],[26.3562,62.2015,139.608],[26.3571,62.206,144.5009],[26.3859,62.2047,155.6686],[26.3869,62.2092,164.8167],[26.4156,62.2079,111.5],[26.4194,62.2257,125.9847],[26.4386,62.2248,98.5],[26.4376,62.2204,104.8027],[26.4472,62.2199,114.8962],[26.4453,62.211,108.646],[26.4549,62.2106,117.509],[26.4559,62.215,115.8083],[26.4655,62.2146,110.5],[26.4664,62.2191,110.5],[26.476,62.2186,117.7703],[26.477,62.2231,124.2896],[26.4866,62.2226,129.8231],[26.4875,62.2271,142.5414],[26.4971,62.2267,129.8978],[26.499,62.2356,135.4513],[26.4895,62.2361,134.5172],[26.4904,62.2405,139.761],[26.4808,62.241,136.8156],[26.4827,62.2499,134.3681],[26.5019,62.249,132.55],[26.5029,62.2535,131.2455],[26.5125,62.253,137.6655],[26.5135,62.2575,133.0107],[26.5231,62.2571,134.4748],[26.524,62.2615,127.9386],[26.5432,62.2606,123.4529],[26.5442,62.2651,102.8791],[26.5538,62.2647,104.763],[26.5528,62.2602,112.2688],[26.5624,62.2598,121.2693],[26.5605,62.2508,135.3297],[26.5701,62.2504,125.0],[26.5691,62.2459,140.9546],[26.5787,62.2454,149.4841],[26.5777,62.241,144.4967],[26.5873,62.2405,137.0],[26.5864,62.2361,163.661],[26.596,62.2356,149.0188],[26.595,62.2312,152.5346],[26.6046,62.2307,137.2477],[26.6036,62.2262,145.5459],[26.6132,62.2258,131.5],[26.6122,62.2213,131.5],[26.6218,62.2209,139.774],[26.6198,62.2119,160.8903],[26.639,62.211,132.0632],[26.64,62.2155,134.9819],[26.6592,62.2146,128.3473],[26.6631,62.2324,129.5],[26.6535,62.2329,129.5],[26.6545,62.2374,134.0592],[26.6353,62.2383,142.9385],[26.6383,62.2517,146.905],[26.6287,62.2521,153.7865],[26.6355,62.2834,126.724],[26.6259,62.2839,123.9537],[26.6269,62.2883,126.5942],[26.6173,62.2888,123.849],[26.6193,62.2977,125.4349],[26.6385,62.2968,133.9323],[26.6395,62.3013,140.1088],[26.6587,62.3004,155.1646],[26.6597,62.3048,140.3063],[26.6789,62.3039,158.968],[26.6819,62.3173,136.3657],[26.6723,62.3178,144.3182],[26.6733,62.3223,140.0491],[26.6636,62.3227,142.4019],[26.6646,62.3272,135.7638],[26.6743,62.3267,135.9959],[26.6782,62.3446,138.7152],[26.7071,62.3432,152.0049],[26.7081,62.3477,164.643],[26.7274,62.3468,211.356],[26.7284,62.3512,196.8308],[26.7573,62.3498,143.0],[26.7583,62.3543,154.2748],[26.7775,62.3534,123.0],[26.7785,62.3579,133.8359],[26.7689,62.3583,123.0],[26.7699,62.3628,123.0],[26.7603,62.3633,123.0],[26.7613,62.3677,134.0251],[26.7516,62.3682,123.0],[26.7526,62.3727,140.7243],[26.743,62.3731,123.0],[26.744,62.3776,131.3561],[26.7344,62.378,123.0],[26.7354,62.3825,123.0],[26.7161,62.3834,123.0],[26.7171,62.3879,123.0],[26.7075,62.3883,123.0],[26.7085,62.3928,123.0],[26.6892,62.3937,123.0],[26.6902,62.3982,123.0],[26.6805,62.3987,139.6373],[26.6835,62.4121,149.917],[26.6932,62.4116,123.7262],[26.6952,62.4205,124.1332],[26.7048,62.4201,132.7431],[26.7078,62.4335,121.965],[26.6981,62.4339,116.133],[26.7011,62.4473,106.0],[26.7108,62.4469,106.0],[26.7128,62.4558,106.0],[26.7031,62.4563,106.0],[26.7041,62.4607,112.9466],[26.6751,62.4621,106.0],[26.6742,62.4576,117.3108],[26.6548,62.4585,128.8062],[26.6538,62.4541,166.0268],[26.6442,62.4545,154.5982],[26.6432,62.4501,199.1407],[26.6335,62.4505,185.4816],[26.6345,62.455,151.9429],[26.6152,62.4559,105.0],[26.6162,62.4604,112.1582],[26.6065,62.4608,105.0],[26.6075,62.4653,105.0],[26.5978,62.4657,116.1506],[26.5988,62.4702,105.0],[26.5891,62.4706,105.0],[26.5901,62.4751,105.0],[26.5805,62.4756,105.0],[26.5814,62.48,105.0],[26.5718,62.4805,110.1199],[26.5727,62.4849,116.6211],[26.5534,62.4858,144.3473],[26.5544,62.4903,157.809],[26.5447,62.4907,158.9852],[26.5457,62.4952,165.4617],[26.5263,62.4961,181.9271],[26.5273,62.5006,175.8079],[26.5176,62.501,143.1196],[26.5186,62.5055,156.9709],[26.4992,62.5064,122.0],[26.5002,62.5109,143.6448],[26.4808,62.5117,144.3897],[26.4818,62.5162,140.8534],[26.4721,62.5167,147.553],[26.474,62.5256,131.2121],[26.4837,62.5251,132.6137],[26.4857,62.5341,114.5],[26.5148,62.5327,123.794],[26.5157,62.5372,108.355],[26.5254,62.5368,139.0338],[26.5264,62.5412,114.0362],[26.5361,62.5408,165.2382],[26.538,62.5497,155.7511],[26.5478,62.5493,153.3203],[26.5497,62.5582,133.8976],[26.5594,62.5578,141.0059],[26.5633,62.5756,94.0],[26.573,62.5752,94.0],[26.576,62.5886,94.0],[26.5954,62.5877,94.0],[26.5974,62.5966,103.4527],[26.5877,62.5971,94.0],[26.5887,62.6016,94.0],[26.579,62.602,116.4972],[26.58,62.6065,94.0],[26.5897,62.606,94.0],[26.590699999999998,62.6105,94.0],[26.6004,62.6101,94.0],[26.6033,62.6235,94.0],[26.5936,62.6239,94.0],[26.5976,62.6418,94.0],[26.5879,62.6422,94.0],[26.5899,62.6512,108.0817],[26.5801,62.6516,102.5673],[26.5821,62.6605,110.9501],[26.5724,62.661,94.0],[26.5744,62.6699,104.2273],[26.5646,62.6704,94.0],[26.5666,62.6793,94.0],[26.5569,62.6797,94.0],[26.5588,62.6887,94.0],[26.5491,62.6891,94.0],[26.5521,62.7025,94.0],[26.5423,62.703,94.0],[26.5443,62.7119,94.0],[26.5345,62.7124,94.0],[26.5365,62.7213,94.0],[26.5268,62.7218,94.0],[26.5287,62.7307,94.0],[26.519,62.7311,94.0],[26.52,62.7356,94.0],[26.5102,62.7361,94.0],[26.5112,62.7405,94.0],[26.5014,62.741,94.0],[26.5034,62.7499,94.0],[26.4936,62.7504,94.0],[26.4946,62.7548,94.0],[26.4848,62.7553,94.0],[26.4858,62.7597,94.0],[26.4761,62.7602,94.0],[26.478,62.7691,94.0],[26.4683,62.7696,94.0],[26.4692,62.774,94.0],[26.4595,62.7745,94.0],[26.4614,62.7834,94.0],[26.4516,62.7839,94.0],[26.4526,62.7883,94.0],[26.4428,62.7888,94.0],[26.4419,62.7843,94.0],[26.4223,62.7852,94.0],[26.4214,62.7807,94.0],[26.4018,62.7816,94.0],[26.4008,62.7771,94.0],[26.3911,62.7775,116.0643],[26.3901,62.7731,113.0588],[26.3999,62.7726,115.8225],[26.3979,62.7637,98.0],[26.3882,62.7641,98.0],[26.3862,62.7552,98.0],[26.3765,62.7556,98.0],[26.3755,62.7512,98.0],[26.3657,62.7516,98.0],[26.3648,62.7471,98.0],[26.355,62.7476,98.0],[26.356,62.752,98.0],[26.3462,62.7525,98.0],[26.3472,62.7569,98.0],[26.3374,62.7574,98.0],[26.3384,62.7618,98.0],[26.3286,62.7623,98.0],[26.3296,62.7667,98.0],[26.3198,62.7672,98.0],[26.3207,62.7716,98.0],[26.311,62.7721,98.0],[26.3119,62.7765,98.0],[26.3022,62.777,98.0],[26.3031,62.7814,98.0],[26.2933,62.7819,98.0],[26.2943,62.7864,98.0],[26.2845,62.7868,98.0],[26.2855,62.7912,98.0],[26.2757,62.7917,98.0],[26.2776,62.8006,98.0],[26.2678,62.801,98.0],[26.2687,62.8055,98.0],[26.259,62.8059,98.0],[26.2599,62.8104,98.0],[26.2501,62.8108,98.0],[26.2511,62.8153,98.0],[26.2413,62.8157,98.0],[26.2422,62.8202,111.7815],[26.2324,62.8206,110.6128],[26.2334,62.8251,117.5639],[26.2138,62.8259,119.3967],[26.2148,62.8304,128.8069],[26.205,62.8308,130.0918],[26.204,62.8264,126.4593],[26.1845,62.8272,98.0],[26.1854,62.8317,98.0],[26.1756,62.8321,98.0],[26.1765,62.8366,98.0],[26.1667,62.837,98.0],[26.1677,62.8415,105.4123],[26.1579,62.8419,98.0],[26.1597,62.8508,117.2059],[26.1695,62.8504,136.2792],[26.1705,62.8549,124.3354],[26.1803,62.8545,118.3124],[26.1812,62.8589,110.3986],[26.191,62.8585,110.819],[26.192,62.863,98.0],[26.1821,62.8634,98.0],[26.1831,62.8679,98.0],[26.1733,62.8683,98.0],[26.1742,62.8728,98.0],[26.1448,62.874,98.0],[26.1457,62.8785,98.0],[26.1065,62.8802,98.0],[26.1074,62.8847,98.0],[26.078,62.8859,98.0],[26.0789,62.8904,98.0],[26.0691,62.8908,98.0],[26.07,62.8953,98.0],[26.0602,62.8957,98.0],[26.063,62.9091,98.0],[26.0532,62.9095,98.0],[26.0559,62.9229,98.0],[26.0461,62.9233,98.0],[26.0479,62.9323,98.0],[26.0381,62.9327,98.0],[26.039,62.9372,98.0],[26.0685,62.9359,98.0],[26.0694,62.9404,98.0],[26.0989,62.9392,117.3195],[26.0999,62.9436,111.2451],[26.1097,62.9432,127.956],[26.1106,62.9477,121.9601],[26.1204,62.9473,125.4366],[26.1214,62.9517,115.4676],[26.1509,62.9505,137.1918],[26.1518,62.9549,127.7064],[26.2403,62.9511,143.9059],[26.2394,62.9467,130.9272],[26.2492,62.9462,131.5559],[26.2482,62.9418,120.4927],[26.2581,62.9413,127.1052],[26.2571,62.9369,109.625],[26.2669,62.9364,119.7173],[26.266,62.932,107.5],[26.2856,62.9311,123.4715],[26.2876,62.9401,133.7542],[26.2974,62.9396,124.1916],[26.2993,62.9486,133.3154],[26.3091,62.9481,124.6373],[26.3111,62.9571,120.5],[26.3209,62.9566,129.5676],[26.3257,62.979,143.8312],[26.3355,62.9786,173.2337],[26.3365,62.983,185.746],[26.307,62.9843,141.0237],[26.306,62.9799,139.7165],[26.2863,62.9807,146.8937],[26.2883,62.9897,144.4853],[26.2784,62.9901,134.419],[26.2794,62.9946,142.3291],[26.2695,62.995,141.1193],[26.2705,62.9995,149.0239],[26.2606,62.9999,157.9209],[26.2616,63.0043,164.381],[26.2517,63.0048,179.8144],[26.2527,63.0093,145.0878],[26.2428,63.0097,139.9486],[26.2438,63.0141,154.8327],[26.2339,63.0146,141.0428],[26.2359,63.0235,149.4532],[26.226,63.0239,136.0836],[26.2279,63.0329,145.616],[26.2378,63.0325,152.4977],[26.2397,63.0414,151.3229],[26.3284,63.0375,152.405],[26.3303,63.0465,169.1302],[26.3106,63.0473,145.0363],[26.3116,63.0518,152.7767],[26.2919,63.0527,152.8246],[26.2928,63.0571,152.9245],[26.2731,63.058,144.8031],[26.2741,63.0625,144.6247],[26.2543,63.0633,145.0466],[26.2553,63.0678,145.7888],[26.2454,63.0682,149.0653],[26.2464,63.0727,145.046],[26.2365,63.0731,148.3824],[26.2384,63.0821,156.602],[26.2285,63.0825,151.0271],[26.2304,63.0914,158.3766],[26.2205,63.0919,145.1367],[26.2215,63.0963,163.0039],[26.2116,63.0968,147.9245],[26.2145,63.1102,147.9915],[26.2046,63.1106,145.4585],[26.2055,63.1151,145.9832],[26.1957,63.1155,146.6747],[26.1966,63.12,150.9513],[26.1867,63.1204,147.4754],[26.1905,63.1383,134.8131],[26.1806,63.1387,134.8186],[26.1816,63.1432,134.7807],[26.1618,63.144,137.2532],[26.1665,63.1664,149.5513],[26.1566,63.1668,149.4489],[26.1604,63.1847,183.2371],[26.1505,63.1851,189.1553],[26.1562,63.2119,183.2455],[26.1859,63.2107,146.7195],[26.1888,63.2241,170.7359],[26.1789,63.2245,169.1863],[26.1827,63.2424,176.9759],[26.1728,63.2428,179.325],[26.1737,63.2473,180.1243],[26.1638,63.2477,179.4435],[26.1657,63.2566,182.53],[26.1557,63.2571,181.6323],[26.1576,63.266,174.4781],[26.1477,63.2664,170.3381],[26.1496,63.2754,173.8961],[26.1397,63.2758,169.2115],[26.1435,63.2937,166.0229],[26.1335,63.2941,185.1375],[26.1382,63.3165,143.8587],[26.1283,63.3169,147.4541],[26.1311,63.3303,140.9681],[26.1212,63.3307,143.6811],[26.1221,63.3352,141.7991],[26.1122,63.3356,148.0722],[26.1141,63.3445,150.2747],[26.1041,63.345,148.5874],[26.105,63.3494,151.9149],[26.0951,63.3498,155.0176],[26.096,63.3543,156.3404],[26.0761,63.3552,162.2305],[26.078,63.3641,174.9702],[26.0879,63.3637,175.0646],[26.0908,63.3771,141.28],[26.1007,63.3767,139.989],[26.1036,63.3901,145.145],[26.1136,63.3897,145.1112],[26.1174,63.4076,160.2142],[26.1274,63.4072,152.3779],[26.1283,63.4116,145.7078],[26.1383,63.4112,146.5308],[26.1402,63.4202,156.2645],[26.1502,63.4197,159.0226],[26.1511,63.4242,157.6312],[26.1611,63.4238,158.5003],[26.163,63.4327,166.4451],[26.173,63.4323,157.4232],[26.175,63.4412,142.2528],[26.165,63.4417,161.0932],[26.1659,63.4461,156.0451],[26.1559,63.4466,175.0369],[26.1569,63.451,169.0727],[26.1469,63.4515,182.353],[26.1478,63.4559,171.1598],[26.1278,63.4568,178.8726],[26.1269,63.4523,175.2125],[26.1069,63.4531,168.5948],[26.1059,63.4487,166.8713],[26.0859,63.4495,167.9031],[26.085,63.445,164.4256],[26.075,63.4454,170.5691],[26.074,63.441,166.7979],[26.054,63.4418,179.0521],[26.0531,63.4373,179.8771],[26.0331,63.4381,181.3821],[26.0321,63.4337,185.1162],[26.0121,63.4345,179.5761],[26.0112,63.43,179.2979],[25.9312,63.4333,157.4922],[25.9321,63.4378,161.8169],[25.8921,63.4394,154.5268],[25.8931,63.4439,164.9507],[25.8831,63.4443,157.5216],[25.884,63.4487,159.8173],[25.874,63.4491,158.2794],[25.8749,63.4536,161.6678],[25.8649,63.454,161.4632],[25.8667,63.463,180.4739],[25.8567,63.4634,169.7807],[25.8576,63.4678,178.184],[25.8476,63.4682,156.9171],[25.8485,63.4727,169.0382],[25.8385,63.4731,154.899],[25.8394,63.4776,154.2387],[25.8294,63.478,154.7772],[25.8303,63.4825,153.162],[25.8203,63.4829,151.9823],[25.8221,63.4918,146.3023],[25.8121,63.4922,143.0201],[25.813,63.4967,144.5976],[25.7929,63.4975,148.5351],[25.7938,63.5019,154.8024],[25.7738,63.5027,139.2925],[25.7747,63.5072,152.2792],[25.7546,63.508,143.2092],[25.7555,63.5125,152.3907],[25.7355,63.5133,148.709],[25.7363,63.5177,152.5206],[25.5056,63.5266,139.0],[25.5064,63.5311,146.5805],[25.4763,63.5322,147.5267],[25.4772,63.5367,149.8512],[25.4671,63.537,147.2803],[25.468,63.5415,148.3336],[25.4479,63.5423,139.2412],[25.4487,63.5467,140.3366],[25.4387,63.5471,135.2082],[25.4396,63.5516,138.0479],[25.4195,63.5523,132.6902],[25.4203,63.5568,133.7103],[25.4103,63.5572,125.4415],[25.4111,63.5617,134.6591],[25.401,63.562,125.4894],[25.4019,63.5665,139.4845],[25.3818,63.5672,126.1413],[25.3826,63.5717,142.5445],[25.3726,63.5721,122.8475],[25.3734,63.5765,149.6061],[25.3533,63.5773,132.4118],[25.3541,63.5818,124.6079],[25.3441,63.5821,133.119],[25.3449,63.5866,124.2439],[25.3248,63.5873,124.2277],[25.3256,63.5918,127.7331],[25.3055,63.5926,126.7531],[25.3063,63.597,127.7493],[25.2963,63.5974,128.4032],[25.2971,63.6019,135.576],[25.277,63.6026,137.9175],[25.2778,63.6071,138.4322],[25.2577,63.6078,148.5618],[25.2585,63.6123,149.3883],[25.2484,63.6126,143.1632],[25.2476,63.6082,145.9364],[25.2375,63.6085,142.4767],[25.2367,63.604,146.9154],[25.2266,63.6044,144.6075],[25.2258,63.5999,152.0792],[25.2158,63.6003,134.4],[25.2149,63.5958,149.9672],[25.2049,63.5961,142.1767],[25.2041,63.5917,140.3289],[25.194,63.592,143.8624],[25.1932,63.5876,141.0949],[25.1731,63.5883,135.5249],[25.1722,63.5838,141.8162],[25.1622,63.5841,135.4439],[25.1614,63.5797,134.359],[25.1513,63.58,134.8411],[25.1505,63.5755,133.6884],[25.1405,63.5759,144.2006],[25.1332,63.5356,154.5963],[25.1232,63.5359,157.218],[25.116,63.4956,182.7148],[25.106,63.496,182.4016],[25.1036,63.4825,186.7261],[25.0936,63.4829,178.3204],[25.0912,63.4695,172.8167],[25.0812,63.4698,168.2113],[25.0804,63.4653,173.4536],[25.0703,63.4657,173.0425],[25.0695,63.4612,173.5355],[25.0495,63.4619,167.1649],[25.0487,63.4574,168.1351],[25.0287,63.4581,170.8551],[25.0302,63.467,175.1569],[25.0202,63.4674,180.0115],[25.021,63.4719,182.4337],[25.011,63.4722,171.4277],[25.0118,63.4767,174.9408],[25.0017,63.477,170.69],[25.0025,63.4815,172.8692],[24.9925,63.4819,172.859],[24.9933,63.4863,171.4941],[24.9832,63.4867,169.2638],[24.984,63.4912,168.6428],[24.974,63.4915,164.9704],[24.9748,63.496,164.3446],[24.9647,63.4963,162.2395],[24.9655,63.5008,160.912],[24.9555,63.5011,163.6674],[24.9562,63.5056,162.8363],[24.9462,63.506,163.527],[24.947,63.5104,161.7532],[24.9369,63.5108,165.672],[24.9377,63.5153,151.356],[24.9277,63.5156,154.4896],[24.9284,63.5201,152.2171],[24.9184,63.5204,155.2478],[24.9192,63.5249,150.7431],[24.9091,63.5252,164.997],[24.9099,63.5297,144.0426],[24.8998,63.53,147.1134],[24.9014,63.539,143.1816],[24.8913,63.5393,141.5841],[24.8921,63.5438,138.4214],[24.882,63.5442,137.5887],[24.8828,63.5486,134.0106],[24.8727,63.549,136.6462],[24.8743,63.5579,130.3506],[24.8642,63.5583,132.9534],[24.865,63.5627,129.6382],[24.8549,63.5631,132.9092],[24.8557,63.5676,130.8059],[24.8456,63.5679,131.7068],[24.8464,63.5724,128.586],[24.8363,63.5727,135.7297],[24.8378,63.5817,131.9114],[24.8278,63.582,131.2466],[24.8285,63.5865,130.0399],[24.8185,63.5868,130.938],[24.8192,63.5913,128.1653],[24.7991,63.5919,130.8595],[24.7998,63.5964,134.0069],[24.7898,63.5968,137.2704],[24.7905,63.6012,133.7353],[24.7704,63.6019,137.5137],[24.7711,63.6064,144.8935],[24.761,63.6067,138.38],[24.7618,63.6112,144.158],[24.7416,63.6118,150.4607],[24.7424,63.6163,138.1476],[24.7323,63.6166,148.896],[24.733,63.6211,143.8568],[24.7129,63.6217,150.9972],[24.7136,63.6262,150.5684],[24.6935,63.6269,150.2078],[24.6942,63.6314,149.7445],[24.674,63.632,158.6641],[24.6748,63.6365,152.1857],[24.6546,63.6371,143.196],[24.6553,63.6416,143.1841],[24.6452,63.6419,149.7783],[24.646,63.6464,141.2421],[24.6258,63.647,135.2012],[24.6265,63.6515,136.0746],[24.6164,63.6518,135.5564],[24.6172,63.6563,136.2712],[24.6071,63.6567,132.8851],[24.6078,63.6611,132.1586],[24.5977,63.6614,131.6077],[24.5991,63.6704,132.1568],[24.589,63.6707,129.9659],[24.5898,63.6752,137.9465],[24.5797,63.6755,129.4704],[24.5804,63.68,129.3611],[24.5703,63.6803,129.2969],[24.5717,63.6893,129.497],[24.5616,63.6896,131.9363],[24.5623,63.6941,129.0925],[24.5522,63.6944,128.2521],[24.5537,63.7033,127.1461],[24.5435,63.7037,128.5312],[24.545,63.7126,127.4559],[24.5349,63.7129,127.5408],[24.5363,63.7219,127.6815],[24.5262,63.7222,127.073],[24.5276,63.7312,129.9073],[24.5175,63.7315,129.9216],[24.5189,63.7404,126.6193],[24.5088,63.7407,126.7296],[24.5102,63.7497,134.2339],[24.5001,63.75,126.5983],[24.5022,63.7635,122.276],[24.4921,63.7638,124.9343],[24.4935,63.7727,127.365],[24.4833,63.773,117.673],[24.4848,63.782,137.3614],[24.4746,63.7823,119.0284],[24.476,63.7913,133.3532],[24.4659,63.7916,129.5125],[24.4673,63.8005,138.6503],[24.4572,63.8009,130.3477],[24.4586,63.8098,128.2093],[24.4484,63.8101,125.6374],[24.4505,63.8236,118.7733],[24.4404,63.8239,118.6673],[24.4418,63.8328,118.3028],[24.4316,63.8331,111.0589],[24.4323,63.8376,111.7541],[24.4222,63.8379,111.3867],[24.4229,63.8424,113.5526],[24.3924,63.8433,116.6942],[24.3931,63.8478,117.6634],[24.3524,63.849,115.9585],[24.3531,63.8535,116.7914],[24.3226,63.8544,115.0874],[24.3233,63.8589,109.3689],[24.2826,63.86,109.4012],[24.2833,63.8645,99.9655],[24.2731,63.8648,104.4366],[24.2738,63.8693,106.9372],[24.2637,63.8696,104.0076],[24.2643,63.8741,99.1547],[24.244,63.8747,98.5727],[24.2467,63.8926,90.2067],[24.2365,63.8929,95.5307],[24.2385,63.9063,86.5152],[24.2283,63.9066,91.5665],[24.2303,63.9201,78.4171],[24.2201,63.9204,81.3798],[24.2222,63.9338,91.37],[24.1814,63.935,94.1447],[24.182,63.9395,101.9057],[24.1719,63.9398,102.5342],[24.1732,63.9487,87.7453],[24.163,63.949,85.6368],[24.1643,63.958,87.7127],[24.1541,63.9583,88.8314],[24.1548,63.9627,84.8167],[24.1446,63.963,91.8496],[24.1459,63.972,83.376],[24.1357,63.9723,83.6314],[24.137,63.9812,88.9241],[24.1268,63.9815,83.1331],[24.1274,63.986,83.1987],[24.1172,63.9863,85.5736],[24.1185,63.9953,75.9886],[24.1083,63.9955,86.6158],[24.1096,64.0045,71.6733],[24.0994,64.0048,70.1507],[24.1027,64.0272,85.1651],[24.0924,64.0275,69.4263],[24.097,64.0589,69.4439],[24.0868,64.0592,68.6046],[24.0887,64.0726,59.9677],[24.0682,64.0732,73.8673],[24.0689,64.0777,55.6494],[24.0484,64.0782,60.032],[24.049,64.0827,52.4969],[24.0285,64.0833,52.328],[24.0292,64.0878,50.8696],[24.0087,64.0883,52.1233],[24.0093,64.0928,49.5682],[23.958,64.0941,50.1928],[23.9587,64.0986,46.7487],[23.9381,64.0992,45.0534],[23.9388,64.1037,43.4508],[23.9182,64.1042,39.3943],[23.9189,64.1087,41.5289],[23.8984,64.1092,45.6367],[23.899,64.1137,40.1855],[23.8887,64.114,44.7073],[23.8893,64.1185,43.4023],[23.8688,64.119,32.2493],[23.8694,64.1235,37.7387],[23.8489,64.124,36.2125],[23.8495,64.1285,36.442],[23.829,64.129,26.9696],[23.8296,64.1335,30.0288],[23.8193,64.1338,24.927],[23.8199,64.1383,25.8573],[23.7994,64.1388,20.2851],[23.8,64.1433,20.5247],[23.7794,64.1438,16.9518],[23.78,64.1483,21.8678],[23.7698,64.1485,21.4073],[23.7704,64.153,19.5968],[23.7498,64.1535,12.119],[23.7504,64.158,19.3935],[23.7298,64.1585,23.8176],[23.7305,64.163,12.992],[23.7202,64.1633,17.0868],[23.7208,64.1678,14.9813],[23.7002,64.1683,8.4471],[23.7008,64.1728,8.7169],[23.6917,64.173,0.0],[23.6947,64.175,8.2431],[23.6901,64.1724,0.0],[23.6922,64.1693,0.0],[23.6953,64.1682,0.0],[23.6932,64.1651,3.5192],[23.6833,64.1646,0.0],[23.6755,64.162,5.9345],[23.6729,64.1583,0.6927],[23.6745,64.1547,4.7538],[23.6724,64.1526,2.6872],[23.6672,64.1516,0.6247],[23.662,64.1443,2.1498],[23.6568,64.1443,4.9923],[23.6479,64.15,0.0],[23.6422,64.1495,11.6508],[23.6443,64.1464,0.0],[23.6536,64.1412,8.8509],[23.6516,64.138,1.0443],[23.6437,64.1375,8.1646],[23.6391,64.1412,0.0],[23.6276,64.1432,0.0],[23.6297,64.1401,0.0],[23.6411,64.1328,2.7699],[23.6359,64.1255,0.0],[23.6391,64.1245,4.2484],[23.638,64.1214,0.0],[23.6401,64.1193,0.0],[23.6432,64.1182,4.2034],[23.6411,64.1151,4.3288],[23.6271,64.1167,0.3152],[23.6229,64.1188,0.0],[23.6104,64.1208,6.9906],[23.6042,64.125,5.8607],[23.5938,64.125,1.1311],[23.587,64.1193,3.8913],[23.5818,64.1182,0.0],[23.5839,64.1151,0.0],[23.5932,64.1099,11.1434],[23.5922,64.1068,0.0],[23.5974,64.1036,3.7434],[23.5964,64.1005,0.4584],[23.5974,64.0964,9.8258],[23.5901,64.0953,0.0],[23.588,64.0911,5.1244],[23.5901,64.088,3.0832],[23.5958,64.0854,0.0],[23.5995,64.088,0.1312],[23.5964,64.0911,7.1995],[23.6057,64.0911,1.7004],[23.6234,64.0776,0.0],[23.6328,64.0724,1.4425],[23.6276,64.0703,0.9238],[23.6234,64.0661,0.0],[23.6245,64.0609,0.4289],[23.6203,64.0568,18.5664],[23.6151,64.0557,0.0],[23.6161,64.0526,0.2882],[23.6104,64.0458,0.0],[23.6026,64.0463,5.6472],[23.6036,64.0495,0.0],[23.6005,64.0505,0.0],[23.5953,64.0557,0.0],[23.5875,64.0563,0.0],[23.5818,64.0505,0.0],[23.5875,64.05,0.3524],[23.5891,64.0484,-0.0319],[23.5812,64.0458,0.2098],[23.5734,64.0453,0.0],[23.5687,64.0417,0.258],[23.5583,64.0417,5.3535],[23.5396,64.05,0.0],[23.5255,64.0505,0.0],[23.5214,64.0526,0.4445],[23.5224,64.0557,4.6391],[23.5208,64.0563,0.0],[23.5167,64.0563,0.0],[23.5125,64.0542,0.3939],[23.5021,64.0563,0.0],[23.4979,64.0542,-0.0774],[23.4875,64.0542,0.2359],[23.4833,64.0563,0.0],[23.4792,64.0563,0.4548],[23.4661,64.062,1.2892],[23.4589,64.063,5.1674],[23.4599,64.0703,0.0],[23.4542,64.0708,1.5104],[23.4422,64.0755,8.9727],[23.4432,64.0787,0.0],[23.4375,64.0813,3.4601],[23.425,64.0813,2.1546],[23.4125,64.0854,1.1334],[23.4078,64.0818,0.0],[23.4026,64.0807,0.0],[23.4005,64.0787,0.0],[23.4016,64.0734,0.0],[23.3974,64.0693,0.0],[23.3859,64.0661,0.0],[23.3755,64.0557,0.0],[23.3786,64.0537,0.0],[23.3776,64.0505,0.0],[23.3807,64.0484,3.0437],[23.3776,64.0453,0.0],[23.3786,64.0422,0.0],[23.3771,64.0396,0.0],[23.3786,64.0359,0.0],[23.3755,64.0318,0.0],[23.3911,64.0224,0.0],[23.3932,64.0193,1.3573],[23.3896,64.0146,0.0],[23.3911,64.0109,0.0],[23.3849,64.0047,0.0],[23.3755,64.0036,3.032],[23.3734,64.0005,0.0],[23.3911,63.9995,7.1411],[23.3901,63.9964,0.0],[23.3911,63.9943,0.0],[23.387,63.9901,0.0],[23.3818,63.988,6.273],[23.3911,63.9849,3.6159],[23.3953,63.9818,0.6586],[23.3901,63.9766,0.0],[23.3891,63.9734,0.1975],[23.3833,63.9729,0.0],[23.3729,63.9688,4.5555],[23.3688,63.9708,5.758],[23.3672,63.9693,9.8117],[23.3724,63.9661,12.3615],[23.3714,63.963,4.9384],[23.3849,63.9599,0.1107],[23.4016,63.9495,0.0],[23.4036,63.9474,-0.028],[23.4026,63.9443,0.0571],[23.4057,63.9422,-0.2333],[23.4036,63.9401,0.0],[23.3984,63.9391,3.1888],[23.3953,63.9359,9.9434],[23.3875,63.9333,9.8222],[23.3792,63.9333,10.309],[23.3714,63.9307,9.9896],[23.3693,63.9276,4.9347],[23.3766,63.9266,9.05],[23.3828,63.9214,-0.1394],[23.3708,63.9208,6.2811],[23.3651,63.9224,7.4716],[23.363,63.9193,0.0],[23.3682,63.9161,4.5769],[23.3661,63.913,0.0],[23.3547,63.9151,0.0],[23.3453,63.9224,11.4506],[23.3359,63.9255,15.4873],[23.3349,63.9286,4.6085],[23.3297,63.9297,2.7106],[23.3224,63.9349,0.0],[23.3151,63.9359,2.7989],[23.3161,63.9391,0.0],[23.3063,63.9396,0.0],[23.3047,63.9401,7.7409],[23.3057,63.9432,10.7363],[23.3016,63.9453,8.1772],[23.2917,63.9458,7.6297],[23.2875,63.9479,4.4689],[23.2839,63.9453,0.0],[23.287,63.9432,5.6607],[23.2839,63.9391,10.9485],[23.2859,63.9359,0.0],[23.3016,63.9328,3.6515],[23.3005,63.9297,0.0],[23.3026,63.9255,0.0],[23.3161,63.9224,1.518],[23.3203,63.9193,0.0],[23.3104,63.9188,0.0],[23.2964,63.9141,13.1372],[23.2917,63.9104,21.2526],[23.2792,63.9125,-0.0124],[23.2724,63.9161,2.3889],[23.2667,63.9167,7.152],[23.2604,63.9125,0.0],[23.2563,63.9146,0.0],[23.2458,63.9146,0.0],[23.2396,63.9104,7.2406],[23.225,63.9104,3.9638],[23.2141,63.9182,6.2387],[23.2104,63.9188,3.1957],[23.2089,63.9172,2.2367],[23.2182,63.9109,0.0],[23.2026,63.9099,0.0],[23.2057,63.9068,4.0269],[23.2021,63.9042,0.0],[23.1984,63.9047,12.2139],[23.1917,63.9125,2.9483],[23.175,63.9125,13.1343],[23.1708,63.9146,0.0],[23.1589,63.9141,4.3602],[23.1536,63.9068,0.0],[23.15,63.9063,1.0911],[23.1333,63.9167,9.8303],[23.1297,63.9141,0.0],[23.1276,63.9089,0.0],[23.1313,63.9063,0.0],[23.137,63.9057,15.0748],[23.1432,63.9005,15.2189],[23.138,63.8953,0.0],[23.1411,63.8922,0.0],[23.1359,63.8911,-0.0421],[23.1313,63.8875,2.8344],[23.1234,63.888,0.0],[23.1141,63.8953,0.0],[23.1068,63.8964,2.7818],[23.1078,63.8995,0.0],[23.1057,63.9016,0.0],[23.1,63.9042,4.765],[23.0943,63.9047,15.2336],[23.0922,63.9068,18.9086],[23.0932,63.9099,3.4482],[23.087,63.9141,0.0],[23.0693,63.9141,7.9361],[23.0708,63.9125,3.2583],[23.0766,63.912,5.7089],[23.0786,63.9099,0.0],[23.0755,63.9047,0.0],[23.0812,63.9021,2.727],[23.0911,63.9016,3.3301],[23.0984,63.8964,15.5152],[23.0995,63.8943,4.3553],[23.0984,63.8922,0.0],[23.1047,63.888,0.0],[23.1146,63.8875,4.8601],[23.1203,63.8849,17.2562],[23.1193,63.8818,0.0],[23.1245,63.8776,0.0],[23.1172,63.8703,0.0],[23.1203,63.8672,0.0],[23.1172,63.863,0.0],[23.1203,63.8609,5.9403],[23.1167,63.8583,0.0],[23.1026,63.8568,0.0],[23.1005,63.8599,11.4004],[23.1057,63.8682,0.0],[23.0984,63.8693,0.1231],[23.0922,63.8734,0.149],[23.0901,63.8755,3.7237],[23.0911,63.8786,0.0],[23.0896,63.8792,0.0],[23.0812,63.8792,0.0],[23.0771,63.8812,0.0],[23.0625,63.8729,2.5312],[23.0563,63.8729,6.7416],[23.0521,63.875,0.0],[23.0401,63.8745,0.0],[23.0432,63.8724,18.5382],[23.0411,63.8693,12.0],[23.0297,63.8661,4.4277],[23.0318,63.863,2.789],[23.0375,63.8625,3.4818],[23.0391,63.8609,0.0],[23.0255,63.8557,2.1696],[23.0286,63.8526,0.5],[23.0229,63.8521,0.0],[23.0151,63.8484,0.0],[23.0255,63.8422,2.5524],[23.0391,63.8391,-0.5],[23.0432,63.8359,-0.5],[23.0391,63.8318,0.0],[23.0339,63.8307,0.0],[23.0271,63.825,3.1019],[23.0214,63.8255,0.0],[23.0146,63.8292,0.0],[23.0099,63.8255,13.8075],[22.9984,63.8224,8.4204],[23.0,63.8208,0.0],[23.0057,63.8203,0.0],[23.0078,63.8182,2.0998],[23.0068,63.8151,0.0],[23.0125,63.8146,4.5855],[23.0182,63.812,4.6377],[23.0151,63.8078,1.7691],[23.0161,63.8026,5.9534],[23.0068,63.7974,13.4911],[23.0078,63.7943,0.0],[23.0063,63.7917,4.7291],[23.0089,63.788,0.0],[23.012,63.787,0.0],[23.0104,63.7854,0.0],[22.9979,63.7833,3.3212],[22.9922,63.7859,5.0865],[22.988,63.7901,5.2811],[22.988,63.7932,4.8688],[22.9958,63.8021,0.0],[22.9901,63.8109,8.2733],[22.9911,63.8141,0.0],[22.9854,63.8167,5.3595],[22.9771,63.8167,5.4035],[22.9724,63.8203,0.0],[22.9542,63.825,16.0839],[22.9458,63.825,0.6303],[22.9422,63.8276,0.0],[22.9438,63.8292,0.0],[22.9661,63.8297,0.0],[22.9641,63.8328,0.0],[22.9589,63.8359,0.0],[22.9609,63.8411,0.0],[22.9661,63.8422,5.2694],[22.9651,63.8453,8.8518],[22.9661,63.8474,0.0],[22.963,63.8495,2.3826],[22.9729,63.85,0.0],[22.9766,63.8536,0.0],[22.9667,63.8563,0.0],[22.9547,63.8547,5.8335],[22.9502,63.8612,0.0],[22.9464,63.863,14.2119],[22.9484,63.8661,3.3397],[22.9536,63.8661,3.7136],[22.9583,63.8625,0.0],[22.9646,63.8625,10.7969],[22.9661,63.8641,12.3086],[22.963,63.8651,12.491],[22.9578,63.8724,5.5031],[22.95,63.8708,7.0977],[22.9484,63.8714,0.0],[22.9495,63.8745,0.0],[22.9401,63.8776,0.0],[22.938,63.8807,1.9245],[22.9432,63.8828,0.0],[22.9401,63.8839,10.5547],[22.9411,63.887,0.0],[22.9391,63.8891,0.8457],[22.9333,63.8917,0.0],[22.9229,63.8917,3.6445],[22.9188,63.8896,5.4228],[22.9172,63.8901,10.8431],[22.9182,63.8932,3.1903],[22.9141,63.8953,2.8842],[22.9026,63.8964,0.0],[22.9036,63.8995,0.0],[22.9021,63.9,0.0],[22.8875,63.8979,8.4546],[22.8833,63.9,0.0],[22.8771,63.8958,0.0],[22.8708,63.8979,1.2062],[22.8708,63.8958,0.8693],[22.8646,63.8937,9.2287],[22.863,63.8943,8.4314],[22.8641,63.8974,0.0],[22.8589,63.8984,1.1305],[22.8578,63.9016,7.3936],[22.8542,63.9042,8.7064],[22.8505,63.9005,8.4272],[22.8557,63.8964,4.4555],[22.8521,63.8937,0.0],[22.8464,63.8964,9.0252],[22.8474,63.8995,5.9826],[22.8411,63.9036,13.1088],[22.825,63.9042,0.0],[22.8234,63.9036,0.0],[22.8245,63.9005,0.0],[22.8193,63.8984,0.0],[22.8255,63.8943,2.9231],[22.8312,63.8937,0.0],[22.8328,63.8922,8.8156],[22.8229,63.8875,10.8496],[22.8188,63.8875,10.398],[22.8146,63.8896,0.0],[22.8109,63.888,0.0],[22.8188,63.8833,0.0],[22.8266,63.8849,9.1353],[22.8255,63.8818,0.0],[22.8266,63.8776,7.3046],[22.8214,63.8755,0.0],[22.825,63.8729,0.0],[22.8307,63.8724,8.6823],[22.8328,63.8693,0.0],[22.8208,63.8688,5.6114],[22.8167,63.8708,0.0],[22.8089,63.8682,0.0],[22.8109,63.8651,0.0],[22.8333,63.8604,0.0],[22.8438,63.8688,6.5587],[22.8479,63.8667,0.0],[22.8604,63.8667,0.0],[22.8688,63.8625,0.0],[22.8771,63.8625,6.3259],[22.8833,63.8583,0.0],[22.8911,63.8589,1.6756],[22.888,63.862,0.59],[22.8901,63.8641,0.0],[22.8937,63.8646,1.1736],[22.9057,63.8599,2.096],[22.9078,63.8578,8.0568],[22.9068,63.8547,0.0],[22.9099,63.8536,6.1692],[22.9083,63.8521,0.0],[22.9,63.8521,0.0],[22.8958,63.85,6.3633],[22.8917,63.8521,6.7109],[22.8859,63.8474,0.0],[22.9016,63.8359,6.7507],[22.8833,63.8354,17.1402],[22.8818,63.8359,10.4831],[22.8828,63.8391,0.0],[22.8776,63.8401,12.1518],[22.875,63.8438,0.0],[22.8693,63.8432,11.8041],[22.8641,63.838,2.6767],[22.8583,63.8375,2.2188],[22.8484,63.8401,5.7906],[22.8495,63.8432,0.0],[22.8464,63.8453,0.0],[22.8495,63.8495,0.0],[22.8422,63.8505,12.0017],[22.8333,63.8563,0.0],[22.8229,63.8521,0.0],[22.8125,63.8521,3.9323],[22.8021,63.8583,13.583],[22.7958,63.8583,0.0],[22.7958,63.8563,6.1974],[22.7917,63.8563,7.3271],[22.7854,63.8604,0.0],[22.7818,63.8568,0.0],[22.7901,63.8505,8.9874],[22.7974,63.8495,4.6459],[22.8021,63.8458,2.2281],[22.8208,63.8458,0.0],[22.8224,63.8443,0.0],[22.8068,63.8432,0.0],[22.8057,63.8401,6.9539],[22.8021,63.8375,9.9739],[22.7917,63.8375,9.2998],[22.7792,63.8417,0.0],[22.7776,63.8411,6.1496],[22.7792,63.8375,10.8531],[22.7771,63.8354,1.4962],[22.7734,63.8359,4.5612],[22.7745,63.8391,0.0],[22.7724,63.8411,0.0],[22.75,63.8438,0.0],[22.7458,63.8458,2.5538],[22.7292,63.8458,4.4336],[22.7292,63.8438,5.29],[22.725,63.8417,0.0],[22.7167,63.8458,0.0],[22.7125,63.8458,6.9387],[22.7109,63.8453,10.7376],[22.712,63.8422,0.0],[22.7083,63.8396,9.2852],[22.6938,63.8396,0.0],[22.6896,63.8417,9.2762],[22.688,63.8401,8.5242],[22.6901,63.838,2.7089],[22.6958,63.8354,0.8422],[22.7057,63.8349,5.9664],[22.7078,63.8318,0.0],[22.6943,63.8307,11.202],[22.6922,63.8286,4.1997],[22.6932,63.8255,0.0],[22.688,63.8245,8.0928],[22.6911,63.8214,9.1781],[22.687,63.8172,0.0],[22.6792,63.8167,8.741],[22.6714,63.8141,10.6083],[22.6734,63.8109,10.9655],[22.6786,63.8078,3.7463],[22.6729,63.8021,2.43],[22.6693,63.8057,0.0],[22.6745,63.8078,0.0],[22.6646,63.8104,9.5619],[22.6563,63.8104,10.1159],[22.6526,63.813,9.0806],[22.6526,63.8161,9.3315],[22.6557,63.8203,8.7567],[22.6516,63.8266,0.0],[22.6484,63.8276,0.0],[22.6495,63.8307,0.0],[22.6458,63.8333,15.7817],[22.6396,63.8333,5.2214],[22.6318,63.8307,0.0],[22.637,63.8266,4.4991],[22.6359,63.8234,0.0],[22.6432,63.8224,9.9889],[22.6411,63.8193,11.3972],[22.6359,63.8182,0.0],[22.6339,63.8161,0.0],[22.637,63.8141,9.8279],[22.6359,63.8109,1.5057],[22.637,63.8089,0.0],[22.6354,63.8083,0.0],[22.6271,63.8083,6.9036],[22.6172,63.8109,0.0],[22.6063,63.8187,0.0],[22.6026,63.8182,9.0244],[22.5995,63.813,7.1952],[22.5958,63.8104,4.1904],[22.5891,63.8141,4.2092],[22.5859,63.8141,0.0],[22.588,63.8109,4.6338],[22.5911,63.8099,5.5116],[22.5901,63.8068,0.2994],[22.5953,63.8036,3.785],[22.5922,63.7984,1.6883],[22.5953,63.7974,8.3886],[22.5974,63.7943,0.5305],[22.5938,63.7917,0.3657],[22.5859,63.7911,0.0],[22.5839,63.7891,0.0],[22.5932,63.7828,12.5718],[22.5953,63.7797,0.9988],[22.5797,63.7589,0.0],[22.5896,63.7562,0.0],[22.5979,63.7562,2.2949],[22.6083,63.75,0.3937],[22.612,63.7526,1.8535],[22.6089,63.7557,7.6237],[22.6125,63.7583,1.6627],[22.6182,63.7557,4.7823],[22.6146,63.75,6.7165],[22.6172,63.7464,4.5276],[22.6286,63.7443,0.0],[22.6307,63.7474,0.7937],[22.6276,63.7495,8.071],[22.6307,63.7536,0.0],[22.6193,63.762,1.0836],[22.6276,63.7724,0.0],[22.6375,63.7729,8.3027],[22.6375,63.775,9.6052],[22.6391,63.7755,5.7758],[22.638,63.7786,3.4055],[22.6432,63.7797,0.0],[22.6401,63.7828,2.0513],[22.6437,63.7854,0.0],[22.6484,63.7797,0.0],[22.6536,63.7766,2.8824],[22.6526,63.7734,0.0],[22.662,63.7682,1.3569],[22.6589,63.763,5.0205],[22.6724,63.7641,0.0],[22.6745,63.762,0.0],[22.6734,63.7589,5.1126],[22.6849,63.7578,10.0302],[22.688,63.7526,0.0],[22.6938,63.7521,4.1178],[22.6974,63.7495,0.0],[22.6964,63.7443,0.0],[22.7016,63.7432,6.7435],[22.7036,63.738,6.604],[22.6964,63.7339,0.0],[22.7057,63.7307,0.0],[22.7005,63.7276,0.0],[22.7062,63.725,0.0],[22.7146,63.725,0.0],[22.7188,63.7229,0.0],[22.7271,63.7229,2.3976],[22.7313,63.7208,0.0],[22.7396,63.7208,3.4155],[22.7474,63.7182,0.0],[22.7453,63.7151,11.5325],[22.7401,63.7141,0.0],[22.7432,63.7109,0.0],[22.738,63.7089,5.9874],[22.7417,63.7062,0.0],[22.7479,63.7083,5.9491],[22.7521,63.7062,0.0],[22.7563,63.7062,3.1931],[22.7599,63.7026,2.3758],[22.7479,63.7021,16.9643],[22.7438,63.7042,12.2666],[22.7396,63.7042,4.7837],[22.7328,63.7099,0.0],[22.7271,63.7125,0.0],[22.7214,63.713,9.9956],[22.7182,63.7161,0.0],[22.6979,63.7188,1.3154],[22.6901,63.7161,0.0],[22.6932,63.7141,4.5174],[22.6901,63.7089,0.0],[22.6932,63.7068,4.4791],[22.6901,63.7026,0.0],[22.6932,63.7016,4.2611],[22.6922,63.6984,0.0],[22.6932,63.6964,0.0],[22.6911,63.6922,0.0],[22.6854,63.6875,0.0],[22.6776,63.6922,3.5841],[22.6797,63.6953,0.0],[22.6849,63.6964,0.0],[22.6849,63.6995,0.0],[22.6693,63.7047,0.0],[22.6667,63.7083,0.0],[22.6604,63.7042,0.0],[22.6484,63.7036,0.6463],[22.6495,63.7005,0.0],[22.6484,63.6984,0.0],[22.6516,63.6974,5.9097],[22.65,63.6958,1.1345],[22.6422,63.6964,0.0],[22.6432,63.6995,0.0],[22.6396,63.7021,0.0],[22.6333,63.7,0.0],[22.6276,63.7005,5.2873],[22.6318,63.7078,5.2188],[22.6411,63.7068,3.5358],[22.6453,63.7141,2.7285],[22.6318,63.7172,3.0213],[22.6328,63.7203,0.0],[22.6313,63.7208,0.0],[22.6167,63.7229,7.3415],[22.6109,63.7161,0.0],[22.6141,63.7099,2.5244],[22.6125,63.7062,0.0],[22.6141,63.7026,2.5765],[22.6109,63.6984,0.0],[22.6141,63.6964,2.3025],[22.6089,63.6953,0.0],[22.6026,63.6891,0.0],[22.6083,63.6833,0.5208],[22.6063,63.6813,0.4759],[22.6005,63.6807,0.0],[22.5995,63.6776,0.0],[22.5943,63.6724,0.0],[22.5974,63.6703,5.3624],[22.5953,63.6672,8.4179],[22.5854,63.6688,0.0],[22.5807,63.6724,0.0],[22.5708,63.675,0.0],[22.5646,63.675,0.0],[22.5464,63.6703,0.0],[22.5443,63.6672,0.4609],[22.5474,63.6651,0.0],[22.5422,63.6641,0.0],[22.5349,63.6568,1.6364],[22.5234,63.6536,7.1271],[22.5203,63.6505,6.5895],[22.5151,63.6495,0.0],[22.5182,63.6474,10.1545],[22.5172,63.6443,7.2247],[22.5187,63.6417,8.036],[22.513,63.6339,3.4442],[22.5161,63.6328,8.6093],[22.5151,63.6297,3.1125],[22.5224,63.6245,0.0],[22.5203,63.6214,0.4307],[22.5026,63.6203,2.1096],[22.5005,63.6172,6.1967],[22.5063,63.6167,7.2524],[22.5078,63.6151,9.0665],[22.4979,63.6146,0.0],[22.4901,63.612,0.0],[22.4854,63.6063,0.0],[22.4729,63.6063,0.0],[22.4688,63.6042,0.0314],[22.45,63.6042,0.741],[22.4417,63.6083,0.9093],[22.4276,63.6036,0.0],[22.4349,63.5964,0.0],[22.4297,63.5953,0.0],[22.4276,63.5901,0.0],[22.4396,63.5896,0.0],[22.4562,63.5958,0.0],[22.4604,63.5958,0.0],[22.462,63.5953,0.7717],[22.4609,63.5922,0.0],[22.4661,63.5891,-0.1431],[22.4651,63.5839,0.0],[22.4688,63.5812,1.1339],[22.487,63.5839,0.0],[22.4984,63.5974,0.0],[22.5063,63.6,0.0],[22.5146,63.6,0.0],[22.5167,63.5979,0.0],[22.5057,63.5839,0.0],[22.5005,63.5828,0.0],[22.4964,63.5786,0.0],[22.4974,63.5734,0.0],[22.4896,63.5729,0.6516],[22.4854,63.575,0.0],[22.4771,63.575,0.0],[22.4755,63.5745,0.3955],[22.4766,63.5714,0.0],[22.4755,63.5693,0.0],[22.4786,63.5672,0.0666],[22.4766,63.5651,0.0],[22.4708,63.5667,0.0],[22.463,63.5661,0.0],[22.463,63.563,0.0],[22.4682,63.5557,1.2732],[22.4672,63.5526,0.0],[22.4771,63.5521,2.1044],[22.4828,63.5495,3.5914],[22.4797,63.5443,0.0],[22.4828,63.5432,0.0],[22.4818,63.5401,0.0],[22.4828,63.538,0.8231],[22.4776,63.537,0.0],[22.4724,63.5297,0.9316],[22.4672,63.5286,0.0],[22.4682,63.5234,2.0182],[22.463,63.5224,0.0],[22.4589,63.5182,0.0],[22.4599,63.513,0.0],[22.4547,63.512,0.9103],[22.4505,63.5078,0.0],[22.4521,63.5042,0.0],[22.4505,63.5005,0.0],[22.4521,63.4979,0.0],[22.4474,63.4922,0.752],[22.4396,63.4917,0.0],[22.4318,63.4891,0.0],[22.4286,63.4859,9.0436],[22.4234,63.4849,0.0],[22.4214,63.4818,0.0],[22.4245,63.4797,3.6484],[22.4151,63.4797,0.0],[22.4182,63.4849,0.0],[22.4109,63.4859,13.9139],[22.412,63.4891,0.0],[22.4068,63.4922,0.5206],[22.412,63.4943,0.0],[22.4141,63.4964,0.0],[22.4141,63.4995,0.0],[22.4005,63.5026,8.9989],[22.4016,63.5057,0.0],[22.3984,63.5068,3.8503],[22.3995,63.5099,0.0],[22.3974,63.5141,11.6292],[22.3917,63.5125,1.7036],[22.3859,63.513,0.8727],[22.387,63.5182,3.1881],[22.3818,63.5214,7.7221],[22.3828,63.5349,0.0],[22.3755,63.5359,9.3634],[22.3792,63.5396,13.5945],[22.3917,63.5354,8.9478],[22.3953,63.5391,0.0],[22.3875,63.5438,0.0],[22.3776,63.5443,5.4595],[22.3672,63.5505,0.0],[22.3734,63.5578,0.0],[22.3786,63.5589,0.0],[22.3807,63.5609,0.0],[22.3776,63.5641,8.376],[22.3813,63.5687,0.0],[22.3807,63.5703,0.0],[22.3755,63.5714,5.6941],[22.3766,63.5766,0.0],[22.3667,63.575,0.0],[22.3625,63.5771,0.0],[22.3417,63.5792,0.0],[22.3328,63.5849,0.0],[22.325,63.5854,0.0],[22.3234,63.5839,0.0],[22.3266,63.5828,0.0],[22.3255,63.5797,9.3525],[22.3276,63.5776,0.0],[22.3349,63.5766,0.0],[22.3411,63.5724,7.0877],[22.3255,63.5641,0.3401],[22.3286,63.562,0.0],[22.3276,63.5589,8.6445],[22.3307,63.5578,6.1048],[22.3328,63.5547,0.0],[22.3234,63.5536,1.2595],[22.3182,63.5484,0.0],[22.313,63.5474,0.0],[22.3089,63.5411,0.2608],[22.3099,63.538,2.9922],[22.3078,63.5339,2.3935],[22.3026,63.5328,0.0],[22.2953,63.5255,3.1056],[22.2901,63.5245,0.0],[22.2896,63.5229,2.9966],[22.2943,63.5172,0.0],[22.3016,63.5161,8.2711],[22.2995,63.5109,12.9877],[22.2943,63.5099,2.0885],[22.2984,63.5026,0.0],[22.3047,63.4984,0.0],[22.3099,63.4974,8.9183],[22.313,63.4922,4.5288],[22.3203,63.4911,4.5976],[22.3224,63.4891,0.7498],[22.3214,63.4859,0.0],[22.3245,63.4849,0.0],[22.3234,63.4818,0.0],[22.3307,63.4807,5.2922],[22.3339,63.4776,0.0],[22.3432,63.4745,12.212],[22.3443,63.4714,0.0],[22.3599,63.4661,2.934],[22.3641,63.463,0.4109],[22.3563,63.4625,1.9412],[22.35,63.4583,0.0],[22.3417,63.4625,0.0],[22.3359,63.463,0.0],[22.3339,63.4651,0.3235],[22.3349,63.4682,0.0],[22.3318,63.4693,0.0],[22.3328,63.4724,0.0],[22.3307,63.4745,1.8828],[22.325,63.4771,0.0],[22.3151,63.4776,16.5726],[22.313,63.4797,11.5897],[22.3141,63.4828,0.0],[22.3,63.4875,0.0],[22.2958,63.4854,4.4409],[22.2792,63.4854,0.0],[22.275,63.4833,3.8295],[22.2687,63.4833,0.0],[22.2583,63.4792,11.5364],[22.2479,63.4792,10.6767],[22.2438,63.4813,1.8449],[22.2125,63.4813,0.0],[22.2089,63.4786,0.0],[22.2099,63.4755,5.8499],[22.2047,63.4745,3.3755],[22.2078,63.4724,10.3355],[22.2068,63.4693,3.294],[22.212,63.4651,7.3529],[22.2068,63.4599,7.5048],[22.2047,63.4547,0.0],[22.213,63.4484,0.0],[22.2203,63.4474,1.3131],[22.2234,63.4422,0.0],[22.2328,63.4391,3.0373],[22.2297,63.4339,0.0],[22.2359,63.4297,0.0],[22.2578,63.4224,0.0],[22.2568,63.4193,0.0],[22.262,63.4172,13.6285],[22.2464,63.4182,13.6526],[22.2484,63.4151,0.0],[22.2557,63.4141,13.362],[22.2578,63.412,18.3582],[22.2568,63.4089,0.0],[22.2687,63.4042,8.9753],[22.2724,63.4047,1.9843],[22.2672,63.4089,12.3234],[22.2682,63.412,0.0],[22.2651,63.4141,0.0],[22.2729,63.4146,0.0],[22.2875,63.4083,0.0],[22.3016,63.4078,10.3032],[22.2984,63.4036,0.0],[22.2995,63.3984,6.6987],[22.2964,63.3953,0.0],[22.2964,63.3922,0.0],[22.3083,63.3875,4.1544],[22.3141,63.387,1.6457],[22.3208,63.3812,0.0],[22.3354,63.3812,1.115],[22.3474,63.3766,5.963],[22.3464,63.3734,0.0],[22.3536,63.3724,1.7274],[22.3526,63.3693,0.0],[22.3547,63.3672,0.0],[22.3641,63.3641,0.862],[22.363,63.3589,0.0],[22.3651,63.3568,0.0],[22.3724,63.3557,3.2301],[22.3755,63.3505,0.2911],[22.3807,63.3495,0.0],[22.3859,63.3401,3.4988],[22.3911,63.337,0.0],[22.3901,63.3339,0.0],[22.3911,63.3297,0.2762],[22.3708,63.3271,0.0],[22.3625,63.3208,3.1494],[22.3563,63.325,0.0],[22.3484,63.3224,0.0],[22.3536,63.3203,6.6898],[22.3526,63.3172,0.0],[22.3599,63.3161,0.0],[22.3589,63.313,8.7533],[22.362,63.312,15.6891],[22.3609,63.3089,11.594],[22.3661,63.3057,3.3376],[22.3651,63.3026,0.0],[22.3682,63.3016,0.0],[22.3672,63.2984,1.3627],[22.3703,63.2922,2.3834],[22.3542,63.2917,0.0],[22.35,63.2938,0.0],[22.3375,63.2938,0.0],[22.3224,63.3036,11.2957],[22.3151,63.3047,5.381],[22.3057,63.312,8.8664],[22.3,63.3104,31.9583],[22.2958,63.3125,0.0],[22.2854,63.3125,0.0],[22.2818,63.3089,1.2188],[22.2849,63.3078,5.7506],[22.287,63.3047,11.7357],[22.2818,63.3036,0.0],[22.2771,63.3,0.0],[22.2667,63.3,0.7817],[22.2589,63.2974,3.032],[22.2568,63.2953,9.8216],[22.2599,63.2932,3.7457],[22.2578,63.2901,9.1962],[22.2453,63.2859,0.0],[22.2354,63.2875,14.0112],[22.2339,63.2891,0.0],[22.237,63.2943,4.1827],[22.2359,63.2974,0.0],[22.238,63.3016,5.6751],[22.2432,63.3068,0.0],[22.2443,63.3099,0.0],[22.2495,63.3109,6.3145],[22.2536,63.3151,0.0],[22.2505,63.3182,7.7311],[22.2536,63.3224,10.3873],[22.2516,63.3245,0.0],[22.2479,63.325,7.6282],[22.2443,63.3203,13.529],[22.2453,63.3172,0.0],[22.238,63.3172,0.0],[22.2391,63.3203,0.0],[22.2359,63.3224,5.3954],[22.2391,63.3266,0.0],[22.2359,63.3286,0.0],[22.2391,63.3328,0.0],[22.2359,63.3339,13.7332],[22.237,63.337,0.0],[22.2333,63.3396,8.3982],[22.2271,63.3375,0.0],[22.2224,63.3411,7.2826],[22.2188,63.3417,0.0],[22.2089,63.3286,2.9578],[22.212,63.3214,6.9348],[22.2099,63.3193,2.6171],[22.2047,63.3182,0.0],[22.2,63.3125,15.9766],[22.188,63.313,0.0],[22.1911,63.3172,8.2569],[22.1911,63.3203,0.0],[22.1688,63.3229,6.2854],[22.1646,63.325,2.6411],[22.1609,63.3224,5.2205],[22.162,63.3172,10.265],[22.1604,63.3167,7.7166],[22.1396,63.3208,4.1351],[22.138,63.3224,7.3677],[22.1401,63.3245,0.0],[22.1453,63.3255,10.559],[22.1432,63.3286,6.2757],[22.1292,63.3292,0.7637],[22.1266,63.3328,3.5049],[22.1167,63.3333,0.0],[22.1125,63.3354,0.0],[22.1083,63.3354,9.4524],[22.0917,63.3292,10.7919],[22.0854,63.3292,0.0],[22.0839,63.3286,0.0],[22.0849,63.3255,6.6494],[22.0771,63.325,3.3946],[22.0729,63.3229,10.8096],[22.0661,63.3266,13.9259],[22.063,63.3266,12.0086],[22.0609,63.3234,12.7215],[22.0641,63.3224,17.4341],[22.063,63.3193,0.0],[22.0651,63.3172,0.0],[22.0714,63.313,0.0],[22.0786,63.312,0.0],[22.0776,63.3089,3.8621],[22.0807,63.3078,13.7862],[22.0797,63.3047,0.0],[22.0818,63.3026,0.0],[22.0875,63.3,0.0],[22.0932,63.2995,15.287],[22.087,63.2922,9.3803],[22.075,63.2917,0.0],[22.0708,63.2896,0.0],[22.0609,63.2922,0.0],[22.0661,63.2943,0.0],[22.0682,63.2974,0.0],[22.063,63.3006,0.0],[22.0641,63.3036,0.0],[22.0599,63.3057,14.3347],[22.0557,63.312,0.0],[22.0307,63.3286,12.014099999999999],[22.0234,63.3276,0.0],[22.0266,63.3349,0.0],[22.0208,63.3354,2.1656],[22.0146,63.3312,8.1373],[21.9979,63.3312,11.6646],[21.9964,63.3297,8.0751],[21.9995,63.3286,5.1765],[21.9984,63.3255,7.3505],[22.0005,63.3234,0.0],[22.012,63.3224,8.5591],[22.0193,63.3172,0.0],[22.0266,63.3161,3.1243],[22.0286,63.313,7.2015],[22.0208,63.3104,8.855],[22.0161,63.3141,2.3524],[22.0104,63.3146,0.0],[21.9932,63.3224,6.1759],[21.9901,63.3224,15.8281],[21.9807,63.3089,0.0],[21.9734,63.3016,0.0],[21.9745,63.2964,6.9961],[21.9672,63.2859,0.0],[21.9703,63.2849,12.8053],[21.9693,63.2818,0.0],[21.975,63.2792,0.0],[22.0016,63.2786,0.1215],[21.9922,63.2755,16.5547],[21.9974,63.2724,13.3617],[21.9964,63.2693,11.1583],[22.0021,63.2667,0.0],[22.0062,63.2667,0.0],[22.0167,63.2708,0.0],[22.0245,63.2714,0.0144],[22.0224,63.2745,0.0],[22.0193,63.2755,10.7856],[22.0214,63.2786,0.0],[22.0292,63.2813,0.0],[22.0438,63.2792,0.0],[22.0521,63.2854,0.0],[22.0646,63.2813,0.0],[22.0724,63.2807,13.4306],[22.0734,63.2776,0.0],[22.0786,63.2766,6.5929],[22.0792,63.275,0.0],[22.0786,63.2734,3.5813],[22.0708,63.2708,6.8798],[22.0568,63.2703,0.0],[22.0547,63.2682,2.2412],[22.0563,63.2667,0.0],[22.0667,63.2667,0.0],[22.0708,63.2687,4.1819],[22.0792,63.2646,0.0],[22.0917,63.2646,12.9052],[22.0958,63.2625,0.0],[22.1042,63.2625,16.231],[22.1146,63.2562,0.0],[22.1333,63.2583,5.5454],[22.1396,63.2542,0.0],[22.1542,63.2562,0.0],[22.1583,63.2542,0.0],[22.1661,63.2609,0.0],[22.163,63.2641,0.0],[22.1661,63.2682,0.0],[22.163,63.2703,4.8562],[22.1745,63.2714,0.0],[22.1729,63.2729,8.9378],[22.1672,63.2734,0.0],[22.1599,63.2786,0.4569],[22.1526,63.2797,17.786],[22.1505,63.2818,6.7477],[22.1526,63.287,0.3026],[22.1604,63.2875,5.4479],[22.162,63.287,7.1921],[22.1609,63.2839,0.0],[22.163,63.2818,0.0],[22.1729,63.2792,0.0],[22.1813,63.2792,0.0],[22.1875,63.275,0.0],[22.2083,63.2729,2.3955],[22.212,63.2682,1.3147],[22.2109,63.2651,0.0],[22.2151,63.263,4.5437],[22.2229,63.2604,0.0],[22.2354,63.2604,0.0],[22.2375,63.2583,0.0],[22.2354,63.2562,-0.2861],[22.2208,63.2562,1.2057],[22.2089,63.263,0.0],[22.2036,63.2682,0.0],[22.1938,63.2687,0.0],[22.1875,63.2708,1.4737],[22.1859,63.2703,1.7394],[22.1859,63.2672,11.3129],[22.1995,63.2641,0.0532],[22.2016,63.2609,12.6345],[22.1839,63.2557,2.7857],[22.1818,63.2516,0.9389],[22.1833,63.2479,0.0],[22.1818,63.2453,0.0],[22.1833,63.2417,0.0],[22.1818,63.2391,0.0],[22.1828,63.2359,0.0],[22.1797,63.2359,0.0],[22.1776,63.238,0.0],[22.1786,63.2432,0.0],[22.1771,63.2438,0.0],[22.15,63.2458,3.5044],[22.1474,63.2422,0.0],[22.1437,63.2417,0.0],[22.1375,63.2458,0.0],[22.1297,63.2432,5.6108],[22.1307,63.2401,0.4783],[22.1068,63.2328,0.0],[22.1021,63.2292,0.0],[22.0922,63.2297,0.0],[22.0943,63.2349,1.432],[22.0995,63.2411,0.0],[22.0964,63.2422,0.0],[22.0974,63.2453,0.0],[22.0943,63.2464,10.8498],[22.0953,63.2495,0.0],[22.0932,63.2536,0.0],[22.0896,63.2562,2.1544],[22.0839,63.2557,11.368],[22.0792,63.2521,0.0],[22.0583,63.2521,0.0],[22.0542,63.25,23.5605],[22.0354,63.25,9.9159],[22.0271,63.2542,2.0477],[22.0234,63.2505,0.0],[22.0297,63.2464,0.0],[22.0354,63.2458,9.0838],[22.037,63.2443,3.6534],[22.0276,63.2432,0.0],[22.0286,63.2401,0.0],[22.0193,63.2391,0.0],[22.0172,63.2359,0.0],[22.0297,63.2276,0.0],[22.037,63.2266,2.7576],[22.0391,63.2234,0.0],[22.037,63.2193,0.0],[22.0292,63.2188,0.0],[22.025,63.2167,-0.3467],[22.0214,63.2172,-0.2762],[22.0224,63.2203,0.0574],[22.0203,63.2245,1.2904],[22.0151,63.2255,12.5206],[22.0099,63.2328,1.5129],[22.0026,63.2339,-0.4649],[22.0047,63.237,0.0],[22.0099,63.238,0.0],[22.0109,63.2411,0.0],[22.0161,63.2422,1.4779],[22.0203,63.2464,0.0],[22.0172,63.2484,0.0],[22.0182,63.2516,0.0],[22.0161,63.2536,1.3447],[22.0,63.2542,0.0],[21.9943,63.2526,10.7817],[21.9901,63.2547,1.8362],[21.9932,63.2599,0.3488],[21.9901,63.2609,3.3869],[21.9911,63.2641,0.0],[21.9891,63.2661,0.0],[21.9771,63.2667,0.0],[21.9693,63.2641,0.0],[21.9651,63.2599,0.0],[21.9682,63.2568,7.1579],[21.9604,63.2542,0.0],[21.9526,63.2547,4.0554],[21.9536,63.2578,13.9822],[21.95,63.2625,0.2746],[21.9464,63.2599,0.0],[21.9432,63.2547,15.67],[21.9354,63.2542,4.2329],[21.9307,63.2505,0.0],[21.925,63.25,0.0],[21.9234,63.2505,0.0],[21.9214,63.2557,0.0],[21.9234,63.2578,0.0],[21.9286,63.2589,0.0],[21.9328,63.2651,0.0],[21.9297,63.2672,10.2434],[21.9307,63.2703,0.0],[21.9224,63.2766,0.0],[21.9125,63.2771,11.8544],[21.9083,63.2792,0.0],[21.8859,63.2703,16.3497],[21.8839,63.2672,0.0],[21.887,63.2651,16.4529],[21.8813,63.2604,9.6279],[21.8625,63.2604,13.1264],[21.8521,63.2667,11.4019],[21.8443,63.2641,5.8492],[21.8391,63.2589,0.0],[21.8312,63.2562,10.466],[21.8271,63.2583,1.5799],[21.8229,63.2583,1.1112],[21.8167,63.2562,4.9795],[21.813,63.2589,5.1782],[21.8141,63.262,0.0],[21.8047,63.2651,0.0],[21.8036,63.2682,6.0985],[21.7875,63.2687,0.0],[21.7859,63.2672,16.7659],[21.7891,63.2661,0.0],[21.788,63.263,0.0],[21.7911,63.2609,12.826599999999999],[21.7797,63.2599,0.0],[21.7797,63.2568,0.0],[21.7953,63.2557,7.745],[21.7932,63.2526,15.8656],[21.7854,63.25,0.0],[21.7771,63.2542,0.0],[21.7724,63.2505,0.0],[21.7672,63.2495,0.0],[21.7646,63.2458,13.1593],[21.7583,63.2479,13.0186],[21.7526,63.2474,8.9388],[21.7495,63.2422,22.3736],[21.7443,63.2411,13.8687],[21.7422,63.2391,15.8987],[21.7438,63.2354,13.9092],[21.7401,63.2297,0.0],[21.7453,63.2266,1.1713],[21.7443,63.2234,0.0],[21.7516,63.2224,0.0],[21.7495,63.2193,0.0],[21.7464,63.2193,0.0],[21.7391,63.2245,1.4102],[21.7318,63.2255,9.0868],[21.7286,63.2286,15.9223],[21.7214,63.2297,16.6312],[21.7224,63.2328,8.1585],[21.7167,63.2333,13.2821],[21.7062,63.2375,0.0],[21.7,63.2375,0.0],[21.6964,63.2349,12.0998],[21.6995,63.2318,4.3921],[21.6943,63.2307,17.5834],[21.6839,63.2182,8.5018],[21.6828,63.2151,6.8317],[21.6792,63.2125,0.0],[21.6688,63.2125,0.0],[21.6641,63.2161,8.3986],[21.6568,63.2172,0.0],[21.6505,63.2214,0.6044],[21.6516,63.2245,3.6799],[21.65,63.225,0.0],[21.6458,63.2229,3.0718],[21.625,63.2229,1.2286],[21.6234,63.2245,18.5103],[21.6266,63.2286,0.0],[21.625,63.2292,0.0],[21.6146,63.2271,11.0168],[21.6083,63.2313,15.1784],[21.6042,63.2292,12.8038],[21.6005,63.2297,17.6207],[21.6036,63.2349,5.0289],[21.5984,63.238,3.3276],[21.5995,63.2411,0.0],[21.5938,63.2438,1.5512],[21.5854,63.2438,14.2827],[21.5818,63.2464,2.8109],[21.5839,63.2495,12.9562],[21.5891,63.2516,0.0],[21.5797,63.2568,0.0],[21.5828,63.262,0.0],[21.5797,63.2641,12.0305],[21.5828,63.2682,0.0],[21.5734,63.2734,1.2906],[21.5786,63.2766,5.7471],[21.5688,63.2771,0.0],[21.5646,63.275,11.9086],[21.5563,63.275,0.3138],[21.5484,63.2724,0.0],[21.5516,63.2693,3.6756],[21.5464,63.2682,4.5602],[21.5443,63.2661,6.601],[21.5474,63.2641,0.0],[21.5464,63.2609,5.0371],[21.5479,63.2583,-0.39],[21.5464,63.2547,0.0],[21.5484,63.2526,1.8261],[21.5557,63.2516,15.4353],[21.5547,63.2484,0.0],[21.5578,63.2464,0.2258],[21.5542,63.2438,0.0],[21.5464,63.2432,3.4807],[21.5474,63.2401,8.1212],[21.5396,63.2375,0.0],[21.5292,63.2375,2.1181],[21.5255,63.2349,0.0],[21.5286,63.2318,8.7518],[21.5193,63.2203,11.3422],[21.5224,63.2172,4.824],[21.5172,63.2161,0.0],[21.5182,63.213,2.5606],[21.5172,63.2109,0.0],[21.5203,63.2089,16.8367],[21.5167,63.2042,0.0],[21.5193,63.2005,0.0],[21.525,63.1979,4.0389],[21.5375,63.1979,1.1614],[21.5438,63.1937,0.0],[21.5521,63.1937,4.2914],[21.562,63.1901,1.7454],[21.5521,63.1854,0.0],[21.5479,63.1875,2.6786],[21.5313,63.1875,5.0297],[21.525,63.1896,0.0],[21.5234,63.188,0.0],[21.5266,63.1859,0.0],[21.5245,63.1839,0.0],[21.5193,63.1828,2.0668],[21.5224,63.1797,0.0],[21.5193,63.1755,1.9887],[21.5224,63.1734,0.0],[21.5187,63.1729,3.4105],[21.5083,63.1771,0.0],[21.5047,63.1766,18.7249],[21.5026,63.1714,8.4117],[21.5125,63.1708,0.0],[21.5141,63.1703,0.0],[21.513,63.1672,0.0],[21.5203,63.1661,0.0],[21.5167,63.1604,0.0],[21.5193,63.1568,0.0],[21.5271,63.1521,0.0],[21.5375,63.1542,6.6051],[21.5411,63.1516,0.0],[21.5391,63.1464,0.0],[21.5276,63.1453,7.365],[21.5307,63.1432,2.3866],[21.5286,63.1401,7.9756],[21.5208,63.1396,16.1527],[21.5193,63.138,14.0521],[21.5208,63.1375,0.0],[21.5208,63.1354,9.9544],[21.5271,63.1333,0.0],[21.5417,63.1333,16.873],[21.5432,63.1349,14.4229],[21.5401,63.1359,1.7595],[21.538,63.1391,0.0],[21.5401,63.1432,0.8398],[21.5438,63.1437,0.0],[21.5516,63.1411,4.3472],[21.5505,63.138,0.0],[21.5599,63.1328,0.0],[21.5568,63.1276,0.0],[21.5661,63.1224,10.4415],[21.5651,63.1193,0.0],[21.5771,63.1188,0.0],[21.5875,63.1229,0.0],[21.6016,63.1203,1.8111],[21.5995,63.1172,8.4445],[21.5901,63.1161,0.0],[21.5859,63.112,2.5025],[21.5839,63.1068,0.0],[21.5875,63.1042,0.0],[21.6078,63.1036,0.5957],[21.6057,63.1005,10.441],[21.6005,63.0995,0.0],[21.6021,63.0958,8.1355],[21.6005,63.0922,0.0],[21.6026,63.0901,0.0],[21.613,63.0839,5.9526],[21.6208,63.0812,0.0],[21.6354,63.0812,11.7375],[21.637,63.0807,14.0929],[21.6359,63.0776,0.0],[21.638,63.0755,4.5402],[21.6479,63.075,0.0],[21.6536,63.0724,5.8491],[21.6526,63.0693,0.0],[21.6542,63.0667,0.0],[21.6526,63.063,-0.1926],[21.6646,63.0625,-0.0358],[21.6703,63.0641,-0.0856],[21.6724,63.062,-1.0],[21.6714,63.0589,-0.2078],[21.6745,63.0568,-0.1718],[21.6437,63.0583,-0.0275],[21.6417,63.0563,-0.1869],[21.6437,63.0542,-0.1183],[21.6521,63.0542,-0.0749],[21.6625,63.05,-0.0357],[21.6708,63.05,0.0149],[21.6724,63.0484,-0.152],[21.6641,63.0443,-1.5],[21.6583,63.0438,-1.5],[21.6536,63.0474,-1.5],[21.6464,63.0484,0.2157],[21.6318,63.0547,-0.0809],[21.6286,63.0578,2.9018],[21.6188,63.0604,13.5083],[21.6109,63.0578,0.0],[21.6063,63.0542,0.0],[21.6021,63.0563,0.0],[21.5979,63.0563,0.0],[21.5964,63.0568,0.0],[21.5974,63.0599,0.0],[21.5953,63.062,0.0],[21.588,63.063,5.3491],[21.5797,63.0693,0.0],[21.5807,63.0745,0.0],[21.575,63.075,9.1243],[21.5708,63.0729,14.7547],[21.5646,63.0729,8.8994],[21.563,63.0734,8.954],[21.5641,63.0766,0.0836],[21.562,63.0786,2.5911],[21.5521,63.0812,0.0],[21.5443,63.0807,0.0],[21.5432,63.0776,14.7202],[21.5396,63.075,15.5904],[21.5339,63.0755,18.8462],[21.537,63.0776,12.3947],[21.5354,63.0792,6.7776],[21.5125,63.0792,2.0029],[21.5109,63.0776,1.9753],[21.5208,63.0771,0.0],[21.5266,63.0745,6.8006],[21.5245,63.0714,16.4923],[21.5193,63.0703,0.0],[21.5172,63.0672,6.1192],[21.5203,63.0661,2.9416],[21.5193,63.063,0.0],[21.5214,63.0609,0.0],[21.5286,63.0599,13.5018],[21.5266,63.0568,8.9231],[21.5167,63.0563,0.0],[21.5141,63.0599,0.0],[21.5083,63.0604,4.8208],[21.5036,63.0568,3.0226],[21.4979,63.0563,0.0],[21.4922,63.0589,0.0],[21.4932,63.062,4.0842],[21.4859,63.063,7.9012],[21.4839,63.0651,5.5343],[21.4849,63.0682,1.6455],[21.4786,63.0724,14.2384],[21.475,63.0729,7.1863],[21.4766,63.0693,0.0],[21.4714,63.0609,0.0],[21.4771,63.0604,0.0],[21.4786,63.0589,1.9036],[21.4672,63.0557,3.4014],[21.4651,63.0526,0.0],[21.4682,63.0516,9.8816],[21.4672,63.0484,7.9249],[21.4693,63.0464,5.9794],[21.4786,63.0401,17.0894],[21.4693,63.0391,0.0],[21.463,63.0328,0.0],[21.4682,63.0286,1.4734],[21.4682,63.0255,2.5808],[21.4661,63.0234,9.7073],[21.4458,63.0229,0.0],[21.4443,63.0245,0.0],[21.4495,63.0276,0.0],[21.4516,63.0307,0.0],[21.4313,63.0292,13.5145],[21.4297,63.0307,0.0],[21.4318,63.0328,0.0],[21.437,63.0339,0.0],[21.4401,63.0391,4.7177],[21.4479,63.0396,11.95],[21.4516,63.0422,6.089],[21.45,63.0438,0.0],[21.4458,63.0438,0.0],[21.4458,63.0458,0.6481],[21.4422,63.0464,4.2664],[21.4453,63.0516,0.0],[21.438,63.0526,16.6789],[21.4401,63.0578,0.0],[21.4453,63.0589,7.5306],[21.4536,63.0693,0.0],[21.4484,63.0734,16.1631],[21.4495,63.0766,0.0],[21.4401,63.0797,0.0],[21.4375,63.0833,3.782],[21.4208,63.0833,3.1496],[21.4167,63.0854,0.0],[21.4063,63.0854,0.0],[21.4021,63.0833,7.4829],[21.3958,63.0875,0.0],[21.3917,63.0854,9.6078],[21.3818,63.0849,0.0],[21.3828,63.0797,0.0],[21.3755,63.0755,10.6578],[21.3854,63.075,1.6861],[21.3917,63.0729,0.0],[21.3943,63.0766,13.8169],[21.4021,63.0771,4.0889],[21.4036,63.0755,0.0],[21.4005,63.0714,0.0],[21.4063,63.0687,1.9028],[21.4146,63.0687,3.6793],[21.4182,63.0661,-1.5],[21.4167,63.0646,-1.5],[21.4125,63.0667,-1.5],[21.3922,63.0661,0.0],[21.3937,63.0646,2.0862],[21.4036,63.0641,0.0],[21.4057,63.0609,11.7043],[21.3984,63.0568,5.5401],[21.4042,63.0542,2.0324],[21.4141,63.0536,0.2695],[21.412,63.0505,10.6576],[21.4005,63.0474,0.0],[21.3984,63.0453,0.0],[21.4016,63.0432,7.7721],[21.4,63.0417,0.0],[21.3771,63.0417,5.8433],[21.3703,63.0453,12.0009],[21.3646,63.0458,0.2051],[21.3542,63.0417,3.7703],[21.3438,63.0417,0.0],[21.3396,63.0396,0.0],[21.3312,63.0396,0.0],[21.3297,63.038,0.0],[21.337,63.037,10.1603],[21.3604,63.0271,0.0],[21.3646,63.0271,11.043],[21.3688,63.025,0.0],[21.3813,63.025,12.1484],[21.3828,63.0245,0.0],[21.3818,63.0214,0.0],[21.3833,63.0208,0.0],[21.4146,63.0187,0.0],[21.4161,63.0172,7.3995],[21.4047,63.0161,0.0],[21.4078,63.0141,2.5716],[21.4063,63.0125,4.1688],[21.3958,63.0125,10.2551],[21.3896,63.0167,0.0],[21.3755,63.0182,0.0],[21.3734,63.0151,0.5031],[21.3807,63.0141,0.2628],[21.3786,63.0109,0.224],[21.3667,63.0125,5.7805],[21.3646,63.0104,0.7357],[21.3651,63.0089,0.0],[21.3703,63.0078,0.0],[21.3766,63.0036,0.0],[21.3729,63.0,13.2157],[21.3682,63.0036,0.0],[21.3563,63.0083,0.0],[21.3479,63.0083,0.8454],[21.3354,63.0125,9.1515],[21.3255,63.012,0.0],[21.3193,63.0047,0.0],[21.325,63.0021,13.6127],[21.325,63.0,0.0],[21.3391,63.0016,0.0],[21.3359,62.9974,0.0],[21.3375,62.9958,0.0],[21.3479,62.9958,0.0],[21.3521,62.9979,0.0],[21.3625,62.9917,0.0],[21.3917,62.9917,0.0],[21.3958,62.9938,7.1155],[21.4021,62.9896,4.3831],[21.4125,62.9896,10.2479],[21.4167,62.9917,0.0],[21.4182,62.9911,3.6019],[21.4172,62.988,0.0],[21.4188,62.9875,0.0],[21.4313,62.9875,0.0],[21.4375,62.9854,0.0],[21.4391,62.987,0.0],[21.4333,62.9896,3.0342],[21.4276,62.9901,18.4074],[21.4224,62.9953,0.0],[21.4151,62.9964,2.8131],[21.4203,62.9995,0.0],[21.4141,63.0036,3.0596],[21.4042,63.0042,0.8437],[21.4026,63.0057,0.0],[21.4161,63.0068,0.0],[21.4182,63.0099,0.0],[21.4125,63.0104,6.8645],[21.4109,63.012,3.4296],[21.4188,63.0125,0.0],[21.4229,63.0104,0.0],[21.4328,63.0099,0.4895],[21.4349,63.0078,0.0],[21.4339,63.0026,0.8559],[21.4354,63.0021,1.4448],[21.4417,63.0062,0.5223],[21.4536,63.0068,0.0],[21.4557,63.0099,0.0],[21.45,63.0125,0.0],[21.4458,63.0125,0.0],[21.4417,63.0104,2.5212],[21.4375,63.0125,2.9529],[21.4292,63.0125,0.0],[21.4271,63.0146,0.7984],[21.4297,63.0182,1.2767],[21.4417,63.0187,0.0],[21.4458,63.0167,0.0],[21.4542,63.0167,0.0],[21.4604,63.0125,9.1794],[21.4703,63.012,0.229],[21.4688,63.0083,3.0033],[21.4708,63.0062,0.0],[21.4833,63.0062,0.0],[21.4875,63.0042,0.0],[21.4974,63.0036,13.4446],[21.4953,63.0005,4.4026],[21.4839,62.9974,12.6633],[21.4792,62.9938,5.3871],[21.4708,62.9938,3.9317],[21.4641,62.9974,0.4243],[21.4542,63.0,0.584],[21.4443,62.9995,9.4789],[21.4401,62.9953,0.0],[21.4458,62.9917,0.0],[21.4557,62.9911,0.2906],[21.4604,62.9875,0.0],[21.4745,62.987,0.2698],[21.4734,62.9818,0.0],[21.4849,62.9745,0.0],[21.487,62.9714,0.0],[21.4625,62.9646,8.4483],[21.4521,62.9646,0.0],[21.4443,62.962,0.0],[21.4411,62.9589,6.9209],[21.4359,62.9578,0.0],[21.4339,62.9557,0.0],[21.4271,62.9458,0.0],[21.4286,62.9432,15.4426],[21.4276,62.9401,0.0],[21.4328,62.937,10.2012],[21.4328,62.9339,6.5574],[21.4276,62.9286,0.0],[21.4224,62.9193,8.3796],[21.4172,62.9182,0.0],[21.4224,62.913,8.6799],[21.4172,62.912,2.4689],[21.412,62.9068,5.0761],[21.4068,62.9057,0.0],[21.4078,62.9005,2.123],[21.4026,62.8922,0.0],[21.4057,62.8911,0.0],[21.4078,62.888,0.2079],[21.4036,62.8818,0.0],[21.3901,62.8818,0.0],[21.3859,62.888,0.0],[21.3891,62.8953,3.8296],[21.3839,62.8984,6.8429],[21.3849,62.9016,14.7964],[21.3813,62.9042,4.1908],[21.3693,62.9036,9.5989],[21.3703,62.8984,0.0],[21.363,62.8891,0.0],[21.3693,62.8839,0.0],[21.3766,62.8828,3.7251],[21.3786,62.8797,7.7225],[21.3703,62.8755,0.0],[21.3625,62.875,0.0],[21.3583,62.8729,10.4713],[21.3521,62.8771,0.0],[21.3297,62.8797,0.0],[21.3146,62.8896,0.124],[21.3104,62.8875,0.0],[21.2896,62.8937,0.0],[21.2854,62.8917,7.3274],[21.2813,62.8917,9.5075],[21.2771,62.8937,0.0],[21.2708,62.8937,3.2122],[21.2625,62.8854,5.7439],[21.2583,62.8875,0.0],[21.2521,62.8875,10.0863],[21.2521,62.8854,0.0],[21.2547,62.8839,0.0],[21.2604,62.8833,0.3542],[21.2641,62.8807,6.8798],[21.2641,62.8776,6.9484],[21.2589,62.8724,0.0],[21.262,62.8703,1.6041],[21.2599,62.8672,0.0],[21.2401,62.8641,0.0],[21.2417,62.8625,0.0],[21.2474,62.862,3.5595],[21.2464,62.8589,0.6069],[21.2474,62.8568,12.2927],[21.2417,62.8563,0.0],[21.2417,62.8542,0.0],[21.2453,62.8536,0.0],[21.2479,62.85,6.5384],[21.2422,62.8432,0.0],[21.2453,62.8411,1.1465],[21.2443,62.838,0.0],[21.2474,62.8359,0.0],[21.2422,62.8349,2.2618],[21.237,62.8297,7.3859],[21.2318,62.8286,0.0],[21.2266,62.8214,0.0],[21.2193,62.8224,4.1507],[21.2161,62.8193,0.0],[21.2109,62.8182,0.0],[21.2141,62.8151,2.1088],[21.2047,62.8141,0.0],[21.2057,62.8109,0.0],[21.2047,62.8089,0.0],[21.2078,62.8078,0.0],[21.2057,62.8047,0.0],[21.1938,62.8042,0.545],[21.1859,62.8068,0.0],[21.1755,62.813,5.0956],[21.1766,62.8161,2.0149],[21.175,62.8167,1.5774],[21.1708,62.8146,1.5383],[21.1542,62.8146,0.0],[21.15,62.8125,0.3713],[21.1422,62.812,0.7138],[21.1411,62.8089,12.4935],[21.1359,62.8078,0.0],[21.1375,62.8042,0.0],[21.1359,62.8016,0.2415],[21.137,62.7984,0.0],[21.1271,62.8,2.5715],[21.1193,62.7974,0.0],[21.1286,62.7932,1.5518],[21.125,62.7875,0.6201],[21.1271,62.7833,2.5084],[21.1255,62.7797,0.0],[21.1286,62.7745,4.9428],[21.1276,62.7714,0.0],[21.137,62.7661,0.0],[21.1339,62.7609,0.0],[21.137,62.7599,0.0],[21.1443,62.7505,0.0],[21.15,62.7479,0.0],[21.1646,62.7479,0.0],[21.1688,62.75,0.0],[21.1771,62.75,0.0],[21.1786,62.7495,0.0],[21.1776,62.7464,0.0],[21.1807,62.7443,0.0],[21.1786,62.7422,6.5238],[21.1734,62.7411,9.7219],[21.1745,62.7359,0.0],[21.1734,62.7339,0.0],[21.1766,62.7328,3.8261],[21.1745,62.7297,0.0],[21.1693,62.7286,0.0],[21.1641,62.7214,0.242],[21.1563,62.7208,1.9782],[21.1516,62.7172,0.0],[21.1464,62.7161,0.0],[21.1443,62.7109,0.0],[21.1474,62.7047,0.0],[21.1396,62.7021,0.0],[21.138,62.7026,0.0],[21.1391,62.7057,0.0],[21.1375,62.7062,1.8392],[21.1328,62.7026,8.2967],[21.1276,62.7016,2.6612],[21.1245,62.6984,0.0],[21.1104,62.6937,3.8947],[21.1047,62.6943,0.0],[21.0938,62.7021,0.0],[21.0859,62.6953,0.0],[21.0812,62.6875,4.5364],[21.0839,62.6839,7.923],[21.1021,62.6833,2.8791],[21.1036,62.6828,3.8601],[21.1036,62.6797,4.084],[21.1016,62.6776,4.9401],[21.0964,62.6766,0.0],[21.0911,62.6693,7.6042],[21.088,62.6693,0.0],[21.0812,62.6729,2.0693],[21.0771,62.6729,0.0],[21.0693,62.6703,0.0],[21.0646,62.6646,0.0],[21.0651,62.663,0.0],[21.0703,62.662,6.7904],[21.0729,62.6583,2.2522],[21.0771,62.6583,2.0294],[21.0812,62.6604,0.0],[21.087,62.6578,4.3607],[21.0839,62.6526,0.0],[21.087,62.6516,10.2808],[21.0859,62.6484,0.0],[21.087,62.6464,1.6669],[21.0839,62.6453,0.0],[21.0818,62.6422,0.0],[21.087,62.638,9.7168],[21.0818,62.6297,0.0],[21.0854,62.6271,4.4805],[21.0932,62.6286,0.6385],[21.0995,62.6234,9.1624],[21.0833,62.6229,6.8092],[21.0792,62.625,5.8904],[21.075,62.625,2.1119],[21.0688,62.6229,0.0],[21.0625,62.6271,0.0],[21.0589,62.6245,0.0],[21.062,62.6224,1.8972],[21.0609,62.6193,1.0689],[21.0646,62.6167,3.02],[21.0729,62.6167,0.0],[21.0771,62.6146,0.0],[21.0812,62.6146,0.0],[21.0828,62.6141,3.4189],[21.0818,62.6109,0.0],[21.1,62.6063,0.0],[21.1021,62.6083,0.0],[21.0984,62.6161,8.4068],[21.1078,62.6172,0.0],[21.1099,62.6203,0.0],[21.1068,62.6224,1.1384],[21.1109,62.6266,8.007],[21.1224,62.6297,0.0],[21.1208,62.6354,7.1159],[21.1255,62.6411,0.0],[21.1333,62.6417,0.0],[21.1375,62.6437,1.2179],[21.1391,62.6432,3.7117],[21.138,62.6401,0.0],[21.1411,62.6391,2.2548],[21.138,62.6349,0.0],[21.138,62.6318,0.0],[21.1453,62.6266,0.0],[21.1422,62.6203,0.0],[21.1443,62.6172,0.0],[21.1479,62.6167,2.781],[21.1521,62.6188,2.3109],[21.1667,62.6188,0.0],[21.1771,62.6229,0.0],[21.1917,62.6229,0.0],[21.1932,62.6214,0.0],[21.1875,62.6167,2.6655],[21.1688,62.6167,0.0],[21.1672,62.6151,3.3568],[21.1771,62.6083,1.1398],[21.1786,62.6089,0.5028],[21.1776,62.612,0.0],[21.1896,62.6146,0.6716],[21.1938,62.6125,1.0334],[21.2036,62.612,3.6411],[21.2083,62.6083,0.0],[21.2208,62.6083,0.0],[21.2224,62.6068,0.0],[21.2005,62.6016,0.7543],[21.1984,62.5974,0.0],[21.1995,62.5943,0.0],[21.1901,62.5911,4.7089],[21.1786,62.5839,6.9876],[21.1693,62.5828,5.6749],[21.1724,62.5797,3.0786],[21.1682,62.5755,0.0],[21.1583,62.5771,6.7601],[21.1526,62.5724,2.5674],[21.1557,62.5703,2.5753],[21.1547,62.5672,0.0],[21.1578,62.5651,10.7776],[21.1526,62.5589,2.6299],[21.1583,62.5563,0.0],[21.1641,62.5557,0.0],[21.1661,62.5536,0.0],[21.1651,62.5505,0.0],[21.1693,62.5484,0.7343],[21.1813,62.5438,0.0],[21.1911,62.5432,0.0],[21.1891,62.5401,6.4095],[21.1813,62.5375,0.0],[21.1708,62.5438,2.3176],[21.1609,62.5443,3.1146],[21.162,62.5474,0.0],[21.1542,62.5521,5.7159],[21.1505,62.5484,2.439],[21.1536,62.5474,4.2905],[21.1526,62.5443,3.6435],[21.1547,62.5401,0.0],[21.1599,62.538,0.0],[21.1521,62.5354,5.0693],[21.1484,62.538,6.2198],[21.1453,62.5432,0.0],[21.138,62.5443,10.4596],[21.1391,62.5474,0.0],[21.137,62.5495,0.0],[21.1271,62.55,7.3288],[21.1229,62.5521,0.0],[21.1167,62.55,10.2074],[21.1125,62.5521,0.0],[21.1083,62.5521,0.2171],[21.1047,62.5495,0.0],[21.1078,62.5464,3.0699],[21.1036,62.5422,0.0],[21.1,62.5417,9.7609],[21.1,62.5396,11.1823],[21.0938,62.5354,0.0],[21.0818,62.5411,8.3348],[21.087,62.5422,0.0],[21.0839,62.5453,9.3559],[21.088,62.5516,5.553],[21.0932,62.5526,0.0],[21.0922,62.5557,4.4128],[21.0943,62.5599,0.0],[21.1036,62.5589,3.171],[21.1005,62.5609,9.7548],[21.1016,62.5641,0.0],[21.0922,62.5693,8.0824],[21.087,62.5745,0.0],[21.0797,62.5755,4.0888],[21.0729,62.5792,1.7632],[21.0646,62.5792,0.0],[21.0589,62.5745,2.2424],[21.062,62.5724,0.0],[21.0609,62.5693,5.3057],[21.0641,62.5672,2.3434],[21.0589,62.5661,2.375],[21.0568,62.563,2.781],[21.0688,62.5667,0.0],[21.0708,62.5646,9.6756],[21.0703,62.563,9.3793],[21.0651,62.562,0.0],[21.062,62.5589,11.6324],[21.0568,62.5578,2.3199],[21.0547,62.5557,0.0],[21.0557,62.5505,2.0645],[21.0542,62.5479,0.0],[21.0563,62.5438,0.0],[21.0547,62.5401,6.7181],[21.0646,62.5396,4.3418],[21.0661,62.5401,4.3418],[21.0651,62.5432,2.2111],[21.0708,62.5438,3.1461],[21.0766,62.5401,3.5364],[21.0651,62.5359,0.0],[21.0714,62.5318,6.9391],[21.0938,62.5313,0.0],[21.0979,62.5292,0.0],[21.1026,62.5328,9.6146],[21.1083,62.5333,2.5887],[21.112,62.5286,2.6599],[21.1109,62.5255,0.0],[21.1125,62.525,0.0],[21.1271,62.525,0.0],[21.1333,62.5292,0.0],[21.1437,62.5292,0.3898],[21.1479,62.5313,5.4983],[21.1536,62.5286,0.9445],[21.1464,62.5182,0.0],[21.1495,62.5151,9.1169],[21.1453,62.5109,1.9088],[21.1401,62.5099,7.1599],[21.1411,62.5047,6.4632],[21.1391,62.5026,1.8813],[21.1339,62.5016,0.0],[21.1339,62.4984,3.0192],[21.1391,62.4953,8.2113],[21.1349,62.4901,2.0281],[21.1292,62.4896,0.0],[21.1208,62.4938,1.3187],[21.1167,62.4938,0.0],[21.113,62.4901,0.8707],[21.1224,62.4849,6.7896],[21.1214,62.4818,0.0],[21.1328,62.4807,2.3295],[21.1276,62.4776,2.8268],[21.1349,62.4766,8.699],[21.1396,62.4729,0.191],[21.1479,62.4729,1.3481],[21.1521,62.4708,0.0],[21.1563,62.4708,0.0],[21.1609,62.4745,0.0],[21.1667,62.475,2.8616],[21.1724,62.4724,0.9982],[21.1682,62.4672,0.0],[21.1625,62.4688,2.8621],[21.1568,62.4641,0.0],[21.1599,62.462,4.4197],[21.1589,62.4589,0.0],[21.1604,62.4583,0.0],[21.1682,62.4609,0.0],[21.1729,62.4646,2.2018],[21.1932,62.4661,8.6384],[21.1932,62.463,13.1934],[21.1911,62.4609,7.2201],[21.1859,62.4599,0.0],[21.1839,62.4578,0.0],[21.1818,62.4526,0.0],[21.1849,62.4505,9.771],[21.1797,62.4495,0.0],[21.1849,62.4443,11.6046],[21.1797,62.4432,2.9634],[21.1755,62.4391,4.8273],[21.1672,62.4255,3.8569],[21.1771,62.425,3.9418],[21.1813,62.4271,15.8451],[21.1938,62.4271,0.0],[21.1964,62.4307,13.5257],[21.2224,62.4401,0.0],[21.2234,62.4432,9.6595],[21.2354,62.4458,0.0],[21.2375,62.4437,0.0],[21.2359,62.4401,0.0],[21.2417,62.4396,4.7346],[21.2432,62.438,0.4587],[21.2328,62.4234,5.2555],[21.2307,62.4214,4.7849],[21.2255,62.4203,0.0],[21.2286,62.4172,14.0856],[21.2234,62.4161,0.0],[21.2245,62.413,0.0],[21.2234,62.4109,12.5132],[21.2266,62.4099,0.0],[21.2255,62.4068,0.0],[21.2349,62.4036,0.0],[21.2339,62.3984,5.9224],[21.2359,62.3964,2.9195],[21.2432,62.3953,15.8558],[21.2505,62.3901,10.6748],[21.2667,62.3854,0.0],[21.2703,62.3891,0.0],[21.2646,62.3896,0.0],[21.263,62.3911,3.8713],[21.275,62.3917,6.5563],[21.2818,62.3974,0.0],[21.2896,62.4,0.0],[21.2953,62.3995,6.1843],[21.2911,62.3922,2.0521],[21.2859,62.3911,0.0],[21.2833,62.3875,0.0],[21.2859,62.3839,0.0],[21.2932,62.3828,0.0],[21.2953,62.3807,6.8993],[21.2943,62.3776,14.023],[21.3036,62.3786,0.0],[21.3026,62.3755,0.0],[21.3036,62.3714,0.0],[21.3016,62.3693,0.0],[21.2964,62.3682,0.0],[21.2943,62.3651,0.0],[21.3,62.3646,0.0],[21.3057,62.362,6.1471],[21.3047,62.3589,0.0],[21.3099,62.3557,16.8849],[21.3068,62.3505,4.6094],[21.3104,62.35,10.3747],[21.3104,62.3521,14.5187],[21.3151,62.3557,15.7067],[21.3245,62.3568,0.0],[21.3214,62.3599,14.8316],[21.3266,62.3651,0.0],[21.3276,62.3682,5.9266],[21.3479,62.375,3.0792],[21.362,62.3724,0.4207],[21.3641,62.3693,0.0],[21.3589,62.3682,0.0],[21.362,62.3651,17.7301],[21.3568,62.3578,0.0],[21.3583,62.3542,0.0],[21.3542,62.3479,0.0],[21.3557,62.3453,2.7543],[21.3547,62.3422,0.0],[21.3578,62.3401,7.0839],[21.3547,62.337,5.4656],[21.3557,62.3318,2.2154],[21.3536,62.3297,6.4538],[21.3484,62.3286,0.0],[21.3458,62.325,0.0],[21.3417,62.3271,0.0],[21.338,62.3266,3.6691],[21.3328,62.3193,0.0],[21.3271,62.3187,0.0],[21.3234,62.3214,0.0],[21.3214,62.3255,0.0],[21.3224,62.3286,3.1543],[21.3167,62.3312,13.466],[21.3125,62.3312,4.2297],[21.3068,62.3266,0.0],[21.3026,62.3203,0.0],[21.3057,62.3182,11.3441],[21.3047,62.3151,0.0],[21.3099,62.312,2.6348],[21.3089,62.3089,0.0],[21.3167,62.3042,2.68],[21.3266,62.3036,8.0792],[21.3255,62.3005,5.7278],[21.3333,62.2958,0.0],[21.3391,62.2964,0.0],[21.338,62.2995,0.0],[21.3391,62.3016,0.0],[21.3359,62.3026,4.8597],[21.338,62.3057,4.4919],[21.3458,62.3083,0.0],[21.3536,62.3036,0.0],[21.3526,62.3005,0.0],[21.3557,62.2943,12.8547],[21.3505,62.2932,0.0],[21.3396,62.2771,0.0],[21.3453,62.2714,21.2156],[21.3401,62.2703,15.02],[21.338,62.2682,0.0],[21.3391,62.263,0.0],[21.3312,62.2625,14.8025],[21.3234,62.2599,2.5104],[21.3286,62.2568,6.3932],[21.3234,62.2536,11.8509],[21.325,62.25,10.1674],[21.3234,62.2464,6.4992],[21.3375,62.2479,0.0],[21.3417,62.2458,0.0],[21.3521,62.2458,0.0],[21.3536,62.2474,0.0],[21.3505,62.2495,12.733],[21.3547,62.2536,6.427],[21.362,62.2536,4.6107],[21.3609,62.2505,9.5592],[21.3646,62.25,0.0],[21.3703,62.2568,0.0],[21.3688,62.2583,0.0],[21.363,62.2589,2.3023],[21.3609,62.2609,0.0],[21.3609,62.2641,6.6768],[21.3828,62.2641,4.0488],[21.3797,62.2568,0.0],[21.3849,62.2464,0.0],[21.3797,62.2391,1.8761],[21.3828,62.2359,0.8912],[21.3807,62.2339,0.0],[21.3755,62.2328,0.0],[21.3771,62.2292,0.0],[21.3833,62.2292,0.3662],[21.388,62.2255,0.0],[21.3953,62.2245,4.5322],[21.3922,62.2182,0.0],[21.3937,62.2167,3.5377],[21.3995,62.2172,0.0],[21.4068,62.2266,9.0176],[21.4141,62.2245,3.2511],[21.413,62.2214,6.1787],[21.4141,62.2193,3.1637],[21.4089,62.2182,3.3804],[21.412,62.2151,7.6107],[21.4078,62.2109,6.0857],[21.3984,62.2099,0.0],[21.3964,62.2047,0.0],[21.4005,62.2026,0.8695],[21.4104,62.2021,0.8483],[21.4141,62.2047,0.2326],[21.4151,62.2078,0.0],[21.4203,62.2078,8.1],[21.4125,62.2,3.4935],[21.3896,62.2,5.8701],[21.3854,62.1979,15.1372],[21.3776,62.1974,1.7926],[21.3734,62.1932,0.0],[21.3766,62.1901,7.727],[21.3724,62.1839,0.0],[21.3688,62.1813,6.0549],[21.3609,62.1807,9.5848],[21.3589,62.1786,9.5734],[21.362,62.1755,4.0527],[21.3583,62.1708,0.0],[21.3599,62.1682,5.0901],[21.3589,62.1651,0.0],[21.362,62.163,6.4268],[21.3589,62.1589,4.5846],[21.362,62.1568,3.6649],[21.3568,62.1547,0.0],[21.3641,62.1495,5.0412],[21.363,62.1443,3.6366],[21.3646,62.1417,0.0],[21.363,62.138,0.0],[21.3641,62.1359,0.0],[21.3583,62.1375,3.8289],[21.3458,62.1375,3.1208],[21.3297,62.1422,13.1623],[21.337,62.1526,0.0],[21.3339,62.1547,0.3354],[21.3349,62.1578,2.923],[21.3312,62.1604,6.5055],[21.3234,62.1599,4.3287],[21.3245,62.1547,8.4263],[21.3208,62.1521,0.0],[21.313,62.1516,5.2771],[21.3089,62.1453,2.0784],[21.3104,62.1437,0.0],[21.3161,62.1432,11.0154],[21.3182,62.1411,4.5412],[21.3151,62.1339,0.0],[21.3182,62.1318,11.6256],[21.313,62.1255,0.0],[21.3161,62.1245,4.4335],[21.3151,62.1214,0.0],[21.3182,62.1203,1.222],[21.3229,62.1146,6.911],[21.3214,62.1109,4.4193],[21.3245,62.1057,8.5538],[21.3229,62.1021,0.0],[21.325,62.0979,8.3562],[21.3214,62.0922,0.0],[21.3245,62.0911,10.0215],[21.3234,62.088,10.0528],[21.325,62.0854,9.8745],[21.3193,62.0786,0.0],[21.3224,62.0766,4.72],[21.3193,62.0703,0.0],[21.3203,62.0672,0.0],[21.3109,62.0703,6.6772],[21.312,62.0672,4.8506],[21.3109,62.063,0.0],[21.3161,62.0547,3.145],[21.3089,62.0432,0.0],[21.3099,62.038,11.0984],[21.3005,62.037,0.0],[21.3016,62.0339,12.4987],[21.2958,62.025,0.0],[21.3016,62.0193,13.361],[21.2974,62.0151,12.9804],[21.2922,62.0141,0.5675],[21.2953,62.0109,9.507],[21.2922,62.0068,0.0],[21.2953,62.0047,4.7553],[21.287,61.9943,5.3063],[21.2818,61.9922,7.1733],[21.2896,61.9875,0.0],[21.3,61.9917,5.0181],[21.3063,61.9917,0.2971],[21.3188,61.9958,0.5589],[21.325,62.0,0.0],[21.337,61.9974,0.0],[21.3271,61.9896,0.0],[21.3188,61.9896,12.8605],[21.3146,61.9917,0.0],[21.3109,61.9891,3.6582],[21.3146,61.9854,0.0],[21.3245,61.9849,1.6497],[21.3214,61.9776,0.0],[21.3266,61.9745,9.7972],[21.3214,61.9724,2.9955],[21.3182,61.9672,3.7064],[21.313,61.9651,0.0],[21.3224,61.9641,0.0],[21.3214,61.9589,2.8624],[21.3234,61.9568,0.0],[21.3307,61.9557,0.0],[21.3297,61.9526,0.0],[21.337,61.9516,0.0],[21.3521,61.9417,0.9789],[21.3688,61.9396,1.5833],[21.3729,61.9437,2.5522],[21.3953,61.9464,0.0],[21.4005,61.9516,0.0],[21.4063,61.9542,1.9399],[21.4161,61.9516,0.0],[21.4109,61.9495,0.0],[21.4078,61.9443,0.4174],[21.4026,61.9432,0.0],[21.4005,61.9401,1.9462],[21.4068,61.9359,0.0],[21.4141,61.9349,6.6312],[21.413,61.9318,0.0],[21.4229,61.9313,5.8987],[21.4349,61.9266,2.2765],[21.4339,61.9234,0.0],[21.437,61.9172,0.0],[21.4307,61.913,0.7891],[21.4255,61.912,2.2189],[21.4214,61.9078,0.0],[21.4229,61.9063,0.0],[21.4286,61.9057,6.7535],[21.4234,61.9026,0.0],[21.4411,61.9036,9.6044],[21.4391,61.9005,5.0413],[21.4313,61.9,3.6614],[21.4297,61.8984,0.0],[21.437,61.8974,6.826],[21.4417,61.8937,5.4546],[21.4458,61.8958,0.0],[21.45,61.8937,0.0],[21.4542,61.8937,10.8378],[21.462,61.8891,5.264],[21.4641,61.887,10.9342],[21.463,61.8839,0.0],[21.4661,61.8828,14.0829],[21.4651,61.8797,1.567],[21.4703,61.8766,12.19],[21.4693,61.8734,0.0],[21.4724,61.8724,7.2777],[21.4682,61.8651,11.3472],[21.463,61.8599,1.2361],[21.463,61.8568,0.0],[21.4682,61.8536,12.7869],[21.4672,61.8505,3.1528],[21.4708,61.8479,0.0],[21.4724,61.8484,0.0],[21.4714,61.8516,10.5021],[21.4734,61.8536,3.0046],[21.4807,61.8536,6.187],[21.4797,61.8505,0.0],[21.4849,61.8474,2.323],[21.4839,61.8443,5.7103],[21.4932,61.8401,9.0447],[21.4854,61.8375,1.6374],[21.4771,61.8438,0.0],[21.4646,61.8438,0.0],[21.4604,61.8458,15.3186],[21.4562,61.8438,0.0],[21.4417,61.85,6.4522],[21.438,61.8495,5.025],[21.4339,61.8464,4.0618],[21.4359,61.8443,0.0],[21.4432,61.8432,12.1641],[21.4422,61.8401,0.0],[21.4438,61.8396,0.0],[21.4521,61.8396,1.2295],[21.4562,61.8417,0.0],[21.4604,61.8396,7.0144],[21.4703,61.8391,0.0],[21.4839,61.8297,0.0],[21.4932,61.8266,4.2261],[21.4964,61.8234,0.0],[21.5036,61.8224,0.357],[21.5057,61.8203,0.0],[21.5047,61.8172,0.0],[21.5141,61.8141,0.0],[21.5063,61.8104,0.0],[21.5021,61.8104,2.8094],[21.5005,61.8109,0.903],[21.5016,61.8141,0.0],[21.4984,61.8151,0.0],[21.4995,61.8182,0.0],[21.4938,61.8187,4.6501],[21.4901,61.8161,7.8491],[21.4953,61.812,4.9596],[21.4932,61.8089,0.0],[21.4813,61.8083,0.0],[21.4771,61.8042,8.7866],[21.4672,61.8068,9.9176],[21.4625,61.8104,0.0],[21.4562,61.8104,3.6539],[21.4521,61.8063,0.0],[21.4458,61.8063,8.8522],[21.4417,61.8083,3.7125],[21.425,61.8083,0.8655],[21.4234,61.8068,3.507],[21.4255,61.8026,4.8897],[21.4313,61.8042,0.3734],[21.4411,61.8036,12.0169],[21.4495,61.7974,10.4478],[21.4516,61.7932,12.9561],[21.4505,61.788,0.0],[21.4547,61.7839,0.0],[21.4661,61.7828,4.7727],[21.4651,61.7797,0.0],[21.4724,61.7786,0.0],[21.4714,61.7755,0.0],[21.4745,61.7745,7.5263],[21.4734,61.7714,3.5515],[21.475,61.7708,0.0],[21.4833,61.7708,0.0],[21.4938,61.7667,0.0],[21.5,61.7667,3.8011],[21.5,61.7687,1.0578],[21.4984,61.7693,0.0],[21.4995,61.7724,0.0],[21.4922,61.7734,4.8633],[21.4901,61.7766,-0.5],[21.4958,61.7792,-0.5],[21.5021,61.7771,0.0],[21.5078,61.7786,3.0789],[21.5047,61.7734,0.0],[21.512,61.7724,3.4638],[21.5276,61.7609,0.0],[21.5349,61.7599,9.0356],[21.538,61.7568,9.7025],[21.5536,61.7516,3.9517],[21.5568,61.7464,0.0],[21.5661,61.7432,16.4911],[21.5724,61.7391,11.0746],[21.5714,61.7359,9.6541],[21.5766,61.7328,0.0],[21.5755,61.7297,0.0],[21.5854,61.7292,0.0],[21.5943,61.7234,0.0],[21.5995,61.7224,10.1811],[21.5917,61.7188,2.3858],[21.5661,61.7307,0.0],[21.5547,61.7318,5.3968],[21.55,61.7354,3.8661],[21.5401,61.7307,0.0],[21.5417,61.7292,15.9009],[21.5474,61.7286,6.4861],[21.55,61.725,0.0],[21.5453,61.7172,0.0],[21.5391,61.7109,1.2788],[21.5359,61.7109,14.183],[21.5245,61.7203,4.5421],[21.5146,61.7229,18.203],[21.5104,61.7229,0.1103],[21.5089,61.7214,3.8377],[21.5182,61.7182,19.8431],[21.5172,61.7151,0.0],[21.5245,61.7141,4.8057],[21.5266,61.712,0.0],[21.5255,61.7089,0.0],[21.5286,61.7078,3.4785],[21.5318,61.7026,0.0],[21.537,61.7016,8.7145],[21.5359,61.6964,13.7914],[21.5411,61.6943,0.0],[21.5318,61.6932,4.064],[21.5318,61.6901,0.0],[21.5411,61.687,10.7805],[21.538,61.6818,0.0],[21.5438,61.6813,14.3731],[21.5484,61.6776,0.0],[21.5557,61.6766,1.1827],[21.5526,61.6724,8.9966],[21.5557,61.6693,4.07],[21.5526,61.6651,0.0],[21.5604,61.6604,0.2071],[21.5688,61.6604,0.0],[21.575,61.6563,0.0],[21.5849,61.6557,3.5655],[21.5839,61.6526,0.0],[21.5932,61.6495,0.0],[21.5901,61.6453,3.5329],[21.5901,61.6422,0.6171],[21.5984,61.6359,0.0],[21.6026,61.6297,0.0],[21.6141,61.6286,11.0631],[21.613,61.6255,0.0],[21.6151,61.6234,0.0],[21.6328,61.6182,0.0],[21.6313,61.6167,0.0],[21.6229,61.6167,18.5547],[21.6161,61.6203,0.0],[21.613,61.6203,0.0],[21.6109,61.6172,0.0],[21.6141,61.6151,0.0],[21.6109,61.6109,0.0],[21.6167,61.6104,1.3402],[21.6286,61.6057,0.0],[21.6193,61.6026,8.8147],[21.6229,61.6,0.0],[21.6328,61.5995,2.6461],[21.6453,61.5911,0.0],[21.6401,61.5891,18.5136],[21.638,61.5859,0.0],[21.6479,61.5854,0.4977],[21.6557,61.5828,0.0],[21.6536,61.5776,0.2345],[21.65,61.575,0.0],[21.6458,61.575,0.0],[21.6417,61.5771,0.0],[21.6313,61.5771,0.3058],[21.6313,61.575,0.0],[21.6453,61.5724,0.0],[21.6495,61.5682,0.0],[21.6479,61.5667,0.0],[21.6437,61.5667,0.0],[21.6396,61.5687,0.0],[21.6339,61.5682,0.0],[21.6359,61.5651,0.0],[21.6495,61.562,0.0],[21.6495,61.5589,0.0],[21.6479,61.5583,0.1178],[21.6437,61.5604,0.0],[21.6354,61.5604,0.2002],[21.6292,61.5646,0.0],[21.6193,61.5651,4.3622],[21.6161,61.5703,0.0],[21.6125,61.5729,2.8895],[21.6,61.5729,0.0],[21.5938,61.5771,0.0],[21.5875,61.5729,0.0],[21.5833,61.575,3.0324],[21.575,61.575,0.0],[21.5646,61.5792,0.7349],[21.5443,61.5839,0.8124],[21.538,61.588,0.0],[21.5391,61.5911,0.0],[21.5339,61.5943,0.0],[21.5349,61.5974,0.0],[21.5271,61.6021,0.0],[21.5208,61.6021,0.29],[21.5146,61.6042,0.0],[21.5104,61.6021,0.0],[21.5,61.6021,0.0],[21.4984,61.6005,1.3679],[21.5016,61.5995,2.0413],[21.5036,61.5964,2.5851],[21.4958,61.5938,4.6812],[21.4917,61.5958,0.0],[21.4875,61.5958,0.0],[21.4833,61.5938,7.4179],[21.4786,61.5974,2.6334],[21.4755,61.5974,2.869],[21.4766,61.5943,3.0832],[21.4734,61.588,0.0],[21.4896,61.5917,6.4608],[21.4974,61.587,0.0],[21.4953,61.5839,0.0],[21.4901,61.5828,5.1889],[21.4911,61.5776,3.9967],[21.488,61.5714,3.866],[21.4901,61.5672,0.0],[21.4995,61.5693,0.0],[21.5021,61.5729,4.3224],[21.5063,61.5708,0.0],[21.5161,61.5703,5.9212],[21.5151,61.5672,0.0],[21.5182,61.5661,0.0],[21.5229,61.5604,0.0],[21.5214,61.5568,0.0],[21.5245,61.5516,0.0],[21.5234,61.5464,0.0],[21.5286,61.5432,2.0988],[21.5276,61.5401,0.0],[21.5349,61.5349,0.0],[21.5339,61.5318,0.0],[21.5396,61.5292,0.0],[21.5521,61.5292,0.0],[21.5563,61.5271,0.0],[21.5604,61.5292,0.0],[21.5792,61.5292,0.0],[21.5854,61.5333,0.0],[21.587,61.5328,0.0],[21.5859,61.5297,0.1642],[21.5943,61.5234,0.0],[21.6016,61.5224,0.0],[21.6208,61.5146,0.0],[21.6292,61.5146,0.0],[21.6307,61.513,0.0],[21.6245,61.5047,0.1876],[21.6188,61.5062,0.7852],[21.6083,61.5062,5.1479],[21.6042,61.5021,0.2343],[21.6,61.5042,0.0],[21.5896,61.5,1.3099],[21.5818,61.4995,0.0],[21.5828,61.4964,0.1937],[21.5812,61.4958,0.0],[21.5729,61.4958,0.0],[21.5625,61.5,0.4022],[21.5458,61.5,7.8009],[21.5313,61.5062,0.0],[21.5187,61.5062,9.8585],[21.5042,61.5104,0.0],[21.4979,61.5104,2.3253],[21.4938,61.5083,10.7282],[21.4813,61.5083,9.912],[21.4771,61.5104,3.5726],[21.4526,61.5099,0.0],[21.4583,61.5062,0.0],[21.4745,61.5036,8.4452],[21.4828,61.4974,0.4188],[21.4818,61.4943,0.0],[21.4833,61.4938,0.3165],[21.5057,61.4932,8.1036],[21.5057,61.4901,0.0],[21.5005,61.488,0.8568],[21.5026,61.4859,0.9221],[21.5099,61.4849,4.3139],[21.5172,61.4797,7.9842],[21.5229,61.4813,2.1757],[21.5354,61.4813,1.056],[21.537,61.4807,0.6944],[21.5359,61.4776,0.0],[21.5432,61.4766,0.0],[21.5464,61.4734,0.0],[21.5578,61.4724,13.1983],[21.5661,61.4661,0.0],[21.5651,61.463,0.0],[21.5682,61.462,0.0],[21.5672,61.4589,0.0],[21.5682,61.4568,0.0],[21.5651,61.4557,0.0],[21.5672,61.4526,0.0],[21.5812,61.4521,4.8607],[21.5875,61.4479,0.0],[21.5974,61.4474,8.9325],[21.5964,61.4443,0.0],[21.5974,61.4422,3.3822],[21.5911,61.438,2.6437],[21.5859,61.437,0.0],[21.5891,61.4339,0.0],[21.5849,61.4297,0.0],[21.5729,61.4292,2.3399],[21.5625,61.425,0.0],[21.5583,61.425,0.0],[21.5542,61.4271,0.0],[21.5333,61.4271,10.673],[21.5271,61.4313,3.8249],[21.5187,61.4313,7.535],[21.5042,61.4354,0.0],[21.4958,61.4354,2.5566],[21.4917,61.4375,0.0],[21.4792,61.4354,7.1377],[21.475,61.4375,0.0],[21.4646,61.4375,0.0],[21.4646,61.4354,0.0],[21.4729,61.4354,0.0],[21.4828,61.4328,5.5138],[21.4792,61.4292,1.365],[21.475,61.4292,6.5496],[21.4625,61.4333,0.0],[21.4542,61.4333,0.6369],[21.4505,61.4297,0.0],[21.4583,61.425,0.0],[21.4745,61.4224,8.6192],[21.4771,61.4188,0.0],[21.4875,61.4188,8.5155],[21.5063,61.4125,0.0],[21.5146,61.4125,0.0],[21.5234,61.4068,0.0],[21.5286,61.4057,1.037],[21.5313,61.4021,0.0],[21.5297,61.3984,3.9784],[21.537,61.3932,0.0],[21.5318,61.3911,14.5038],[21.5328,61.3859,0.0],[21.5255,61.3859,3.239],[21.5266,61.3891,0.0],[21.5167,61.3958,0.0],[21.5089,61.3953,1.8869],[21.5089,61.3922,1.6136],[21.5193,61.3839,5.253],[21.5375,61.3833,7.6799],[21.5411,61.3797,0.0],[21.5354,61.3771,0.0],[21.5208,61.3771,3.722],[21.5146,61.3812,0.0],[21.5068,61.3786,0.0],[21.5047,61.3755,5.2197],[21.5161,61.3745,3.0845],[21.5182,61.3714,0.3097],[21.5146,61.3708,6.1459],[21.5146,61.3688,3.0337],[21.525,61.3646,0.0],[21.5307,61.3641,6.8786],[21.5328,61.3609,0.0],[21.5234,61.3599,0.9474],[21.5297,61.3547,2.8976],[21.5396,61.3542,5.4724],[21.55,61.35,0.0],[21.5583,61.35,4.6764],[21.5661,61.3474,3.8099],[21.5651,61.3422,2.5414],[21.5703,61.3391,0.0],[21.5688,61.3375,0.0],[21.5568,61.337,2.8952],[21.5516,61.3318,0.0],[21.5422,61.3286,2.6446],[21.5474,61.3234,9.4721],[21.5438,61.3208,0.0],[21.5359,61.3203,1.0321],[21.5391,61.3172,1.5984],[21.5271,61.3167,0.0],[21.5224,61.313,0.0],[21.5172,61.312,3.6624],[21.5141,61.3089,0.0],[21.5042,61.3083,0.0],[21.4943,61.3036,0.7105],[21.4958,61.3021,0.0],[21.5078,61.2995,0.4201],[21.5141,61.2953,0.4801],[21.5109,61.2901,0.0],[21.5151,61.288,2.7247],[21.5391,61.287,2.9444],[21.5339,61.2849,0.0],[21.5349,61.2818,0.0],[21.525,61.2813,0.9032],[21.5208,61.2833,9.2584],[21.5104,61.2792,4.2267],[21.4896,61.2813,6.2584],[21.4797,61.2755,0.0],[21.487,61.2745,0.5711],[21.4859,61.2714,0.0],[21.4932,61.2703,6.5793],[21.4922,61.2672,4.7573],[21.4943,61.263,8.3218],[21.5167,61.2562,0.0],[21.5266,61.2557,7.5652],[21.5234,61.2505,0.0],[21.5417,61.25,4.4269],[21.5479,61.2458,0.0],[21.5682,61.2411,1.7157],[21.5729,61.2375,0.0],[21.5771,61.2375,3.1523],[21.5938,61.2313,0.0],[21.5995,61.2307,0.3969],[21.5974,61.2276,0.0],[21.5922,61.2266,5.4785],[21.588,61.2234,10.6686],[21.5995,61.2172,0.0],[21.5958,61.2146,0.0],[21.5917,61.2146,0.7502],[21.5828,61.2203,0.0],[21.5734,61.2214,9.416],[21.5724,61.2245,0.0],[21.5672,61.2255,8.4362],[21.5641,61.2286,7.0544],[21.55,61.2292,15.0912],[21.5458,61.2313,0.0],[21.5417,61.2313,6.4389],[21.5417,61.2333,0.0],[21.5333,61.2333,0.0],[21.5292,61.2313,7.577],[21.525,61.2313,0.0],[21.5234,61.2328,0.0],[21.5286,61.2339,0.0],[21.5266,61.237,0.0],[21.5208,61.2375,8.0169],[21.5104,61.2417,0.0],[21.5021,61.2417,0.2152],[21.5005,61.2422,4.6258],[21.5016,61.2453,0.0],[21.4917,61.2479,2.5015],[21.4792,61.2479,0.0],[21.475,61.2458,1.8455],[21.4708,61.2479,2.0068],[21.4667,61.2458,3.7048],[21.4625,61.2458,10.1184],[21.4542,61.25,11.0109],[21.45,61.2479,4.3427],[21.4458,61.25,0.0],[21.4417,61.25,0.0],[21.4276,61.2453,11.7223],[21.4234,61.2422,6.4072],[21.4328,61.2391,0.855],[21.4276,61.237,7.1644],[21.4297,61.2339,0.0],[21.4438,61.2333,1.2635],[21.4479,61.2354,2.5631],[21.4583,61.2354,0.0],[21.4661,61.2307,0.9827],[21.4651,61.2276,0.0],[21.475,61.2292,17.4546],[21.4911,61.2245,0.0],[21.4901,61.2214,0.0],[21.4932,61.2203,7.8654],[21.4922,61.2172,0.0],[21.5078,61.2161,3.2098],[21.5068,61.213,4.7823],[21.512,61.2099,8.9155],[21.5099,61.2068,6.9286],[21.5042,61.2062,1.5726],[21.5026,61.2068,0.0],[21.5036,61.212,0.0],[21.5021,61.2125,7.3655],[21.4875,61.2146,3.3586],[21.4833,61.2125,0.0],[21.4771,61.2125,0.0],[21.4693,61.2151,3.8157],[21.4646,61.2188,0.0],[21.4547,61.2193,9.6891],[21.4557,61.2224,0.0],[21.4542,61.2229,13.0336],[21.4458,61.2229,11.251],[21.4417,61.225,3.6649],[21.4375,61.225,12.7981],[21.4359,61.2234,0.0],[21.438,61.2214,6.8433],[21.4438,61.2208,2.9187],[21.4453,61.2193,0.0],[21.4375,61.2167,11.4775],[21.4318,61.2182,8.4927],[21.4297,61.2151,3.5514],[21.4328,61.2141,17.7995],[21.4318,61.2109,0.0],[21.4417,61.2104,12.6079],[21.4557,61.2057,5.6833],[21.4578,61.2005,0.0],[21.4547,61.2005,3.4336],[21.4458,61.2062,10.5274],[21.4354,61.2062,15.589],[21.4083,61.2146,0.0],[21.4026,61.2078,1.8191],[21.4042,61.2062,2.833],[21.4099,61.2078,1.687],[21.4109,61.2047,0.0],[21.4203,61.2016,16.5394],[21.4255,61.1964,0.0],[21.4391,61.1932,2.4239],[21.4422,61.188,0.0],[21.4474,61.1849,3.917],[21.4464,61.1818,0.0],[21.4484,61.1776,8.1073],[21.4557,61.1724,5.5403],[21.4536,61.1693,1.7502],[21.4422,61.163,5.4178],[21.4495,61.162,11.5193],[21.4526,61.1589,4.375],[21.462,61.1557,2.8911],[21.4568,61.1536,6.1282],[21.4589,61.1505,3.319],[21.462,61.1495,3.5341],[21.4609,61.1464,0.0],[21.4786,61.1411,7.9996],[21.4688,61.1354,0.0],[21.4646,61.1375,0.0],[21.4604,61.1375,8.1478],[21.4562,61.1354,15.8908],[21.4333,61.1354,11.754],[21.4271,61.1292,3.1974],[21.4292,61.1271,3.59],[21.4396,61.1271,10.3963],[21.4438,61.125,0.0],[21.4479,61.1271,6.1033],[21.4557,61.1266,0.0],[21.4547,61.1234,12.6003],[21.4599,61.1203,13.4455],[21.462,61.1172,6.6064],[21.4526,61.1161,0.0],[21.4484,61.1089,6.4209],[21.4516,61.1078,8.7293],[21.4505,61.1047,0.0],[21.4557,61.1026,5.5652],[21.45,61.1021,11.3243],[21.4484,61.1005,13.1159],[21.4568,61.0943,0.0],[21.4703,61.0911,0.0],[21.4724,61.088,9.1689],[21.4672,61.0849,5.8327],[21.4682,61.0818,7.346],[21.4604,61.0792,10.4785],[21.4557,61.0828,1.8631],[21.4484,61.0839,9.5485],[21.4438,61.0875,0.0],[21.4313,61.0875,0.0],[21.4208,61.0833,12.5993],[21.4167,61.0833,8.8577],[21.4078,61.0891,0.0],[21.3979,61.0896,3.5935],[21.3937,61.0917,0.0],[21.3771,61.0917,0.0],[21.3734,61.0891,10.8842],[21.3693,61.0828,7.2707],[21.3693,61.0797,0.0],[21.3833,61.0792,1.7616],[21.3875,61.0812,0.499],[21.4,61.0771,0.0],[21.4146,61.0771,1.5928],[21.4266,61.0724,5.4864],[21.4214,61.0703,8.6927],[21.4208,61.0687,5.1996],[21.4229,61.0667,2.4177],[21.4307,61.0661,3.1627],[21.4255,61.0578,0.0],[21.4286,61.0547,12.2143],[21.4245,61.0484,0.3033],[21.4208,61.0458,9.8959],[21.4151,61.0464,18.0379],[21.412,61.0516,5.8332],[21.4026,61.0547,0.0],[21.3974,61.0599,0.0],[21.3875,61.0604,15.2835],[21.3813,61.0646,0.0],[21.3771,61.0646,12.6298],[21.3583,61.0708,0.0],[21.3422,61.0734,9.0065],[21.337,61.0786,6.7335],[21.3297,61.0797,13.5083],[21.3271,61.0833,0.0],[21.3286,61.087,0.0],[21.325,61.0896,0.0],[21.3208,61.0875,3.034],[21.3063,61.0875,0.0],[21.3,61.0812,13.8936],[21.3016,61.0786,3.0],[21.3005,61.0734,0.0],[21.3078,61.0682,0.0],[21.3068,61.0651,0.0],[21.3099,61.0641,15.1449],[21.3068,61.0589,5.556],[21.3146,61.0542,0.0],[21.3188,61.0542,15.8757],[21.3229,61.0521,0.0],[21.3375,61.0521,15.3146],[21.3391,61.0516,0.0],[21.338,61.0484,0.0],[21.3453,61.0474,10.0473],[21.3417,61.0438,13.1032],[21.3359,61.0453,5.5332],[21.3286,61.0401,7.331],[21.3234,61.0391,14.3938],[21.3214,61.0359,0.0],[21.3286,61.0349,5.6575],[21.3375,61.0292,0.0],[21.3438,61.0292,14.0264],[21.3479,61.0271,0.0],[21.3583,61.0313,7.9232],[21.3661,61.0266,0.0],[21.362,61.0214,17.6765],[21.3563,61.0208,0.0],[21.3521,61.0229,8.1282],[21.3479,61.0229,7.9843],[21.3401,61.0203,0.0],[21.3401,61.0172,9.0632],[21.3479,61.0146,0.0],[21.3578,61.0141,0.0],[21.362,61.0099,10.2547],[21.3609,61.0047,0.0],[21.3641,61.0036,6.5816],[21.363,61.0005,0.0],[21.3651,60.9984,0.0],[21.3839,60.9859,3.2777],[21.3932,60.9849,1.2662],[21.388,60.9818,9.1962],[21.3937,60.9813,0.0],[21.4057,60.9766,5.7641],[21.4047,60.9734,0.0],[21.4057,60.9714,0.0],[21.4005,60.9682,0.0],[21.4026,60.9651,0.0],[21.4286,60.9599,5.5154],[21.4276,60.9568,2.6248],[21.4297,60.9547,0.0],[21.4349,60.9516,0.0],[21.4359,60.9484,0.0],[21.4411,60.9474,6.4055],[21.437,60.9401,11.4598],[21.4318,60.9391,0.0],[21.4328,60.9339,6.204],[21.4318,60.9318,0.0],[21.4432,60.9245,2.9086],[21.4453,60.9224,0.0],[21.4453,60.9193,3.3377],[21.4359,60.9182,0.0],[21.437,60.9151,0.0],[21.4354,60.9146,0.0],[21.4161,60.9286,0.0],[21.4089,60.9297,16.4192],[21.4099,60.9328,0.0],[21.3984,60.9339,0.0],[21.4016,60.9391,1.1225],[21.3984,60.9401,12.8333],[21.3995,60.9432,0.0],[21.3901,60.9505,0.0],[21.3891,60.9536,4.1183],[21.3833,60.9542,6.5164],[21.3714,60.9505,17.2454],[21.3724,60.9536,3.1857],[21.3641,60.9599,7.535],[21.3505,60.963,0.0],[21.3516,60.9661,0.0],[21.3484,60.9672,0.0],[21.3458,60.9708,0.0],[21.3474,60.9745,6.846],[21.3422,60.9755,0.0],[21.3328,60.9828,0.0],[21.3193,60.988,0.0],[21.3224,60.9932,0.0],[21.3021,61.0042,0.0],[21.2901,61.0026,4.9092],[21.2932,61.0078,5.2479],[21.2875,61.0083,6.5005],[21.2859,61.0078,6.5746],[21.287,61.0047,4.6655],[21.2818,61.0036,0.0],[21.2849,61.0005,3.6085],[21.2807,60.9943,10.7433],[21.2729,60.9938,2.0352],[21.2687,60.9917,3.7838],[21.263,60.9932,0.0],[21.2599,60.9901,9.018],[21.2547,60.9891,0.0],[21.2557,60.9839,5.8392],[21.2505,60.9828,0.0],[21.2464,60.9797,4.0322],[21.2516,60.9786,0.0],[21.2547,60.9755,0.0],[21.2646,60.9729,0.0],[21.2771,60.9729,12.451599999999999],[21.2813,60.9708,5.1062],[21.2875,60.9708,11.0282],[21.2995,60.9661,0.0],[21.2984,60.963,0.0],[21.3042,60.9646,10.3655],[21.3068,60.9609,0.0],[21.3146,60.9604,6.0839],[21.3203,60.9578,7.5053],[21.3172,60.9536,9.2229],[21.3203,60.9516,26.1631],[21.3182,60.9484,10.3027],[21.3104,60.9479,0.0],[21.3026,60.9453,3.2846],[21.3182,60.9297,3.1252],[21.3146,60.9271,0.0],[21.2938,60.9292,0.0],[21.2833,60.9188,0.0],[21.2714,60.9214,7.9258],[21.2724,60.9245,0.0],[21.2708,60.925,0.0],[21.2479,60.925,0.0],[21.2359,60.9203,0.0],[21.2307,60.9151,6.948],[21.2229,60.9146,10.5868],[21.2229,60.9125,5.9442],[21.2203,60.9109,8.2298],[21.2109,60.9099,0.0],[21.2172,60.9047,6.8553],[21.2224,60.9036,0.0],[21.2214,60.8984,14.2481],[21.2276,60.8943,0.0],[21.2333,60.8937,0.0],[21.2375,60.8958,18.4842],[21.2417,60.8937,0.0],[21.25,60.8937,7.9115],[21.2536,60.8911,2.3994],[21.2521,60.8896,5.4347],[21.2401,60.8891,4.2486],[21.2411,60.8859,13.8468],[21.2396,60.8854,0.0],[21.2339,60.8859,10.5402],[21.2349,60.8891,0.0],[21.2333,60.8896,8.9401],[21.225,60.8896,10.4383],[21.2234,60.888,6.9469],[21.2286,60.8859,0.0],[21.2229,60.8833,19.2084],[21.2167,60.8833,4.912],[21.2151,60.8849,10.9534],[21.2182,60.8891,0.0],[21.2125,60.8917,6.6609],[21.1979,60.8937,0.0],[21.1797,60.8891,0.0],[21.1896,60.8854,0.0],[21.1974,60.8849,0.0],[21.1974,60.8818,8.4124],[21.1854,60.8812,4.5439],[21.1813,60.8833,14.0667],[21.1755,60.8828,7.1082],[21.1807,60.8786,0.0],[21.1755,60.8766,0.0],[21.1786,60.8745,9.3087],[21.1755,60.8703,8.321],[21.1771,60.8688,3.8067],[21.1917,60.8688,5.6741],[21.1943,60.8724,14.9818],[21.2021,60.875,12.5223],[21.2062,60.8729,0.0],[21.2161,60.8724,12.6275],[21.2125,60.8688,-1.0],[21.2083,60.8708,0.0],[21.2042,60.8708,11.205],[21.2026,60.8703,18.3967],[21.2036,60.8672,2.8008],[21.2021,60.8667,13.0869],[21.1901,60.8661,12.2256],[21.1932,60.863,2.5339],[21.1839,60.862,16.5831],[21.1818,60.8589,9.6621],[21.1891,60.8599,0.0],[21.188,60.8547,0.0],[21.2016,60.8516,6.8162],[21.2005,60.8484,0.0],[21.2036,60.8474,0.0],[21.2026,60.8443,11.927],[21.2062,60.8417,2.6686],[21.2104,60.8438,0.0],[21.225,60.8438,3.4518],[21.2411,60.8391,5.0777],[21.2432,60.8359,11.0873],[21.2375,60.8354,7.9018],[21.2333,60.8375,5.8494],[21.2297,60.8349,10.3716],[21.2318,60.8318,0.0],[21.2411,60.8255,0.0],[21.2339,60.8203,0.0],[21.2297,60.8151,0.0],[21.2354,60.8125,0.0],[21.2474,60.8172,10.192],[21.2521,60.8208,0.4779],[21.2604,60.8208,15.0847],[21.262,60.8193,9.4799],[21.2568,60.8182,0.0],[21.2536,60.813,12.569],[21.2484,60.812,12.7693],[21.2443,60.8047,4.2721],[21.25,60.8063,9.2871],[21.2625,60.8063,13.9269],[21.2708,60.8021,0.0],[21.2786,60.8047,0.0],[21.2797,60.8078,0.0],[21.2875,60.8083,0.0],[21.2917,60.8104,0.0],[21.3042,60.8083,0.0],[21.3057,60.8089,0.0],[21.3047,60.812,0.0],[21.3063,60.8125,17.7119],[21.3104,60.8104,0.0],[21.3146,60.8104,0.0],[21.3161,60.8109,0.0],[21.3151,60.8141,0.0],[21.3167,60.8146,5.6164],[21.3208,60.8125,0.0],[21.3328,60.812,0.0],[21.3339,60.8089,13.6829],[21.3375,60.8063,11.6582],[21.3411,60.8099,0.0],[21.338,60.8109,17.7563],[21.3359,60.8141,0.0],[21.3453,60.8151,0.0],[21.3474,60.8203,0.0],[21.3411,60.8245,-1.5],[21.3354,60.825,25.0086],[21.3354,60.8271,5.2795],[21.3292,60.8292,-1.5],[21.3245,60.8234,13.8059],[21.3167,60.8208,6.1764],[21.3109,60.8214,-1.5],[21.3161,60.8297,-1.5],[21.313,60.8328,8.1818],[21.3172,60.837,-1.5],[21.325,60.8375,19.9932],[21.3266,60.8391,-1.5],[21.3208,60.8417,-1.5],[21.3167,60.8396,7.9618],[21.2979,60.8396,11.4266],[21.2964,60.838,-1.5],[21.2995,60.8359,5.7314],[21.2974,60.8339,-1.5],[21.2917,60.8333,5.8552],[21.2896,60.8354,-1.5],[21.2932,60.8411,-1.5],[21.2859,60.8422,9.4013],[21.2813,60.8458,2.3109],[21.2672,60.8464,8.2468],[21.2682,60.8495,2.2205],[21.2651,60.8547,16.5226],[21.2661,60.8578,-1.5],[21.2646,60.8583,-1.5],[21.2589,60.8578,3.8589],[21.2568,60.8557,-1.5],[21.262,60.8505,10.4506],[21.2479,60.8458,-1.5],[21.2375,60.85,-1.5],[21.2318,60.8495,4.5725],[21.2271,60.8458,10.8011],[21.2214,60.8464,-1.5],[21.2297,60.8536,-1.5],[21.2391,60.8547,-1.5],[21.2375,60.8563,7.2095],[21.2318,60.8568,-1.5],[21.2255,60.862,11.1923],[21.2333,60.8625,-1.5],[21.2391,60.8609,5.1009],[21.2401,60.8641,4.2778],[21.2453,60.8651,10.0987],[21.2432,60.8682,-1.5],[21.2401,60.8693,-1.5],[21.2422,60.8724,-1.5],[21.25,60.8729,-1.5],[21.2542,60.875,7.7158],[21.2625,60.875,-1.5],[21.2641,60.8734,13.0065],[21.2589,60.8724,-1.5],[21.2568,60.8693,4.5724],[21.2625,60.8667,-1.5],[21.2667,60.8667,6.5705],[21.2667,60.8646,-1.5],[21.2708,60.8646,-1.5],[21.2708,60.8667,-1.5],[21.2745,60.8703,-1.5],[21.2672,60.8714,12.6483],[21.2703,60.8766,-1.5],[21.2609,60.8797,10.9038],[21.2604,60.8812,12.0787],[21.263,60.8849,10.0853],[21.2745,60.888,6.3089],[21.2786,60.8911,-1.5],[21.2729,60.8917,-1.5],[21.2687,60.8896,9.5541],[21.2651,60.8932,8.6465],[21.2833,60.8937,-1.5],[21.2849,60.8932,-1.5],[21.2839,60.8901,5.0078],[21.2979,60.8875,9.856],[21.3099,60.8922,5.6736],[21.312,60.8953,-1.5],[21.3068,60.8964,-1.5],[21.3083,60.8979,0.0995],[21.3333,60.8979,0.2759],[21.3349,60.8974,0.4305],[21.3339,60.8943,13.7048],[21.3354,60.8937,-1.5],[21.3396,60.8958,10.2745],[21.3542,60.8958,-1.5],[21.3583,60.8979,2.2315],[21.3688,60.8979,-1.5],[21.3729,60.9,-1.5],[21.3771,60.9,-1.5],[21.3813,60.8979,-1.5],[21.3979,60.8979,4.5505],[21.4021,60.8958,-1.5],[21.4146,60.8958,-1.5],[21.4188,60.8979,-1.5],[21.4229,60.8958,-1.5],[21.4271,60.8958,-1.5],[21.4328,60.8974,5.5344],[21.437,60.8901,17.903],[21.4271,60.8896,-1.5],[21.4214,60.8911,-1.5],[21.4182,60.8859,-1.5],[21.4125,60.8812,1.3025],[21.4083,60.8812,11.5909],[21.3896,60.8875,-1.5],[21.3771,60.8875,-1.5],[21.3755,60.8859,17.8651],[21.3828,60.8849,20.8038],[21.3807,60.8818,20.6514],[21.3667,60.8812,14.4904],[21.3604,60.8875,2.2876],[21.3396,60.8875,-1.5],[21.3359,60.8839,6.2909],[21.3411,60.8797,7.0673],[21.3188,60.8729,12.7563],[21.3083,60.8729,12.0068],[21.3047,60.8703,8.2406],[21.3083,60.8667,-1.5],[21.325,60.8667,5.4473],[21.3292,60.8646,9.5151],[21.3417,60.8646,8.5969],[21.3458,60.8625,-1.5],[21.362,60.8599,3.4359],[21.3604,60.8583,7.8727],[21.3542,60.8583,-1.5],[21.3464,60.8557,-1.5],[21.3411,60.8484,16.6149],[21.3359,60.8474,-1.5],[21.3359,60.8443,9.1452],[21.3438,60.8417,-1.5],[21.3578,60.8411,25.9878],[21.3505,60.8307,6.6294],[21.3536,60.8276,1.7624],[21.3505,60.8234,13.3521],[21.3547,60.8214,9.7605],[21.3646,60.8208,6.2892],[21.375,60.8271,0.0],[21.3792,60.825,0.0],[21.3891,60.8245,0.0],[21.3911,60.8224,0.0],[21.3901,60.8172,0.0],[21.3953,60.8141,1.1486],[21.3974,60.8109,0.0],[21.3839,60.8099,0.0],[21.3807,60.8047,2.8012],[21.3755,60.8036,2.1755],[21.3771,60.8,1.8541],[21.3755,60.7964,1.2133],[21.3937,60.7958,0.0],[21.3974,60.7932,0.0],[21.3958,60.7917,14.8976],[21.3797,60.7911,0.0],[21.3828,60.7891,0.0],[21.3818,60.7859,0.0],[21.3937,60.7854,0.0],[21.3979,60.7833,0.0],[21.4042,60.7854,0.0],[21.4057,60.7839,0.0],[21.4021,60.7813,19.412],[21.3958,60.7813,0.0],[21.388,60.7786,20.0999],[21.3854,60.775,0.0],[21.3792,60.775,0.0],[21.3714,60.7724,0.0],[21.3693,60.7672,13.6733],[21.3792,60.7687,0.0],[21.3828,60.7661,0.0],[21.3813,60.7646,0.0],[21.3714,60.7641,0.0],[21.3786,60.7599,11.9967],[21.3776,60.7547,0.0],[21.3833,60.7521,0.0],[21.3891,60.7536,0.0],[21.3849,60.7484,14.8662],[21.3818,60.7474,8.7258],[21.387,60.7453,2.8579],[21.3849,60.7422,0.0],[21.375,60.7417,7.4596],[21.3734,60.7401,6.1352],[21.3771,60.7375,0.0],[21.3875,60.7375,0.0],[21.3891,60.7359,0.0],[21.3651,60.7286,3.4244],[21.3682,60.7234,16.8601],[21.3651,60.7224,0.0],[21.3599,60.7172,0.0],[21.3464,60.7161,14.8847],[21.3479,60.7146,13.3933],[21.3536,60.7141,3.4591],[21.3557,60.712,0.0],[21.3557,60.7089,0.0],[21.35,60.7104,3.7532],[21.3401,60.7047,0.0],[21.3458,60.7021,6.3571],[21.3536,60.7016,0.0],[21.3583,60.6979,0.0],[21.3641,60.6974,0.0],[21.3589,60.6953,12.0548],[21.3599,60.6922,0.0],[21.3542,60.6917,11.7535],[21.3464,60.6943,0.0],[21.3401,60.6984,0.0],[21.3411,60.7016,0.0],[21.3354,60.7042,12.2598],[21.3208,60.7042,1.6611],[21.3167,60.7062,0.0],[21.3125,60.7042,13.7282],[21.3047,60.7036,7.204],[21.3026,60.7005,6.5485],[21.3104,60.7,0.0],[21.3146,60.7021,12.8103],[21.3188,60.7021,0.0],[21.3229,60.7,0.0],[21.3307,60.6995,0.0],[21.3354,60.6958,0.0],[21.3411,60.6953,0.0],[21.3401,60.6922,13.7361],[21.3458,60.6917,4.8841],[21.3474,60.6901,7.6622],[21.3401,60.6859,5.5217],[21.3432,60.6849,5.8304],[21.3484,60.6797,0.0],[21.3557,60.6786,13.747],[21.3583,60.6771,7.7429],[21.3583,60.675,0.0],[21.3661,60.6745,0.0],[21.3693,60.6714,0.0],[21.3745,60.6703,9.7434],[21.3807,60.6661,0.0],[21.3755,60.6641,6.8933],[21.3786,60.662,14.7073],[21.3776,60.6589,18.4953],[21.3807,60.6578,0.0],[21.3776,60.6526,11.6731],[21.3833,60.6521,8.0132],[21.3911,60.6547,0.0],[21.3859,60.6568,13.9916],[21.3859,60.6599,0.0],[21.3875,60.6604,0.0],[21.3917,60.6583,0.0],[21.4,60.6583,0.0],[21.4245,60.6495,0.0],[21.4214,60.6474,7.813],[21.4234,60.6443,0.0],[21.4333,60.6417,0.1127],[21.4391,60.6422,0.0],[21.4359,60.6453,0.8003],[21.4438,60.6479,0.0],[21.4495,60.6474,0.0],[21.4484,60.6443,0.0],[21.4516,60.6422,8.9078],[21.4422,60.6411,8.1434],[21.4401,60.638,0.0],[21.4516,60.637,0.0],[21.4557,60.6318,0.0],[21.4458,60.6292,7.1835],[21.4417,60.6292,5.1182],[21.4359,60.6318,2.0623],[21.4229,60.6417,3.7501],[21.4188,60.6396,0.0],[21.4146,60.6396,0.0],[21.4104,60.6417,10.0545],[21.4063,60.6417,13.3256],[21.4047,60.6401,0.0],[21.4099,60.638,0.0],[21.4042,60.6375,0.0],[21.4,60.6396,14.7163],[21.3984,60.6391,7.9451],[21.3995,60.6359,8.761],[21.3964,60.6349,13.7087],[21.4005,60.6297,1.4109],[21.412,60.6224,6.6287],[21.4109,60.6193,0.0],[21.4224,60.6182,18.5363],[21.4208,60.6167,15.6186],[21.4104,60.6167,15.0267],[21.4047,60.6182,0.0],[21.4005,60.6151,0.0],[21.4047,60.6109,0.0],[21.4167,60.6125,15.5753],[21.4182,60.612,18.0479],[21.4172,60.6089,3.8783],[21.4271,60.6083,8.6695],[21.4286,60.6089,0.0],[21.4276,60.6141,0.0],[21.4333,60.6146,4.2537]],
[[23.6906,60.4522,110.8305],[23.6997,60.452,120.7413],[23.6992,60.4475,102.3025],[23.6901,60.4477,111.2128],[23.6906,60.4522,110.8305]]],
[[[21.4021,60.6479,12.5861],[21.4036,60.6484,13.115],[21.4026,60.6505,0.0],[21.3984,60.6516,8.5776],[21.3995,60.6495,0.0],[21.4021,60.6479,12.5861]]],
[[[21.4047,61.0641,5.7797],[21.4063,61.0625,3.0681],[21.4161,61.063,0.0],[21.4083,61.0667,0.0],[21.4047,61.0641,5.7797]]],
[[[21.3625,60.8146,12.8172],[21.3583,60.8146,0.0],[21.3568,60.813,0.0],[21.363,60.8089,0.0],[21.3688,60.8083,0.0],[21.3724,60.8109,7.7385],[21.3745,60.8161,8.4169],[21.3688,60.8146,0.0],[21.3625,60.8146,12.8172]]],
[[[21.3891,60.9724,17.5747],[21.3875,60.9729,17.5747],[21.3859,60.9714,17.6197],[21.3891,60.9714,14.686],[21.3891,60.9724,17.5747]]],
[[[21.3813,60.975,2.6392],[21.3854,60.975,16.641],[21.387,60.9766,0.0],[21.3797,60.9766,13.6099],[21.3813,60.975,2.6392]]],
[[[21.3974,61.0682,13.7794],[21.3958,61.0687,13.7794],[21.3943,61.0672,0.0],[21.3974,61.0672,2.9319],[21.3974,61.0682,13.7794]]],
[[[21.1667,60.525,0.0],[21.1609,60.5245,0.0],[21.1568,60.5172,0.0],[21.1599,60.5172,1.1215],[21.163,60.5203,1.2601],[21.1682,60.5214,0.0],[21.1682,60.5245,0.0],[21.1667,60.525,0.0]]],
[[[21.1714,60.5703,5.9108],[21.1771,60.5708,4.8353],[21.1786,60.5724,10.5481],[21.175,60.575,1.8414],[21.1693,60.5755,13.197],[21.1703,60.5786,7.3945],[21.1688,60.5792,4.9296],[21.1609,60.5766,0.8197],[21.1641,60.5734,2.889],[21.1589,60.5651,0.0],[21.1703,60.563,0.0],[21.1766,60.5672,0.0],[21.1714,60.5703,5.9108]]],
[[[21.1099,60.6224,0.0],[21.1068,60.6224,5.3738],[21.1068,60.6214,4.0901],[21.1083,60.6208,2.5976],[21.1099,60.6224,0.0]]],
[[[21.0745,60.6661,0.7841],[21.0714,60.6661,0.6071],[21.0714,60.6651,0.9175],[21.0745,60.6651,0.3937],[21.0745,60.6661,0.7841]]],
[[[21.2021,60.5771,14.0507],[21.2036,60.5786,13.6034],[21.2016,60.5807,5.087],[21.1984,60.5807,12.1809],[21.1984,60.5797,8.4442],[21.2021,60.5771,14.0507]]],
[[[21.2125,60.6083,8.7532],[21.2089,60.6089,4.2875],[21.2099,60.612,3.937],[21.1979,60.6167,10.1574],[21.1922,60.6161,0.0],[21.1875,60.6125,12.0548],[21.1792,60.6125,4.2914],[21.1776,60.613,4.2476],[21.1786,60.6161,3.7487],[21.1771,60.6167,0.0],[21.1729,60.6146,8.1723],[21.1651,60.6141,13.3525],[21.163,60.612,14.7948],[21.1646,60.6104,0.0],[21.1703,60.6099,0.0],[21.175,60.6063,9.4718],[21.1813,60.6104,0.0],[21.1875,60.6063,0.0],[21.1974,60.6057,2.104],[21.2026,60.6005,0.0],[21.2099,60.5995,5.4544],[21.2068,60.5932,0.0],[21.2089,60.588,5.8342],[21.2167,60.5875,2.3145],[21.2229,60.5833,9.8697],[21.2307,60.5839,0.0],[21.2276,60.5859,16.9218],[21.2286,60.5891,0.0],[21.2255,60.5911,2.5711],[21.2276,60.5932,7.1565],[21.2328,60.5943,11.4413],[21.2328,60.5974,14.8825],[21.2286,60.6016,8.6549],[21.2214,60.6026,9.3503],[21.2224,60.6057,7.7746],[21.2203,60.6078,0.0],[21.2125,60.6083,8.7532]]],
[[[21.2396,60.6021,16.4154],[21.2411,60.6026,13.8677],[21.2401,60.6047,0.0],[21.2359,60.6057,0.0],[21.238,60.6026,7.0462],[21.2396,60.6021,16.4154]]],
[[[21.2089,60.6349,12.0615],[21.2167,60.6312,0.0],[21.2208,60.6312,0.0],[21.2266,60.637,7.7818],[21.2208,60.6354,8.8393],[21.2089,60.6349,12.0615]]],
[[[21.2167,60.6375,6.9532],[21.2208,60.6375,13.5822],[21.2224,60.6391,7.0439],[21.2151,60.6391,13.2466],[21.2167,60.6375,6.9532]]],
[[[21.2224,60.6891,5.981],[21.2208,60.6896,0.0],[21.2193,60.688,16.8735],[21.2224,60.688,13.5652],[21.2224,60.6891,5.981]]],
[[[21.1854,60.7771,8.2219],[21.1896,60.7771,12.304],[21.1911,60.7786,8.8912],[21.1839,60.7786,12.673],[21.1854,60.7771,8.2219]]],
[[[21.2016,60.8266,0.0],[21.1984,60.8266,1.9069],[21.1984,60.8255,5.1688],[21.2016,60.8255,7.4573],[21.2016,60.8266,0.0]]],
[[[21.1391,60.6911,5.2757],[21.1375,60.6917,1.4599],[21.1359,60.6901,0.0],[21.1391,60.6901,5.0193],[21.1391,60.6911,5.2757]]],
[[[21.0208,60.7167,4.5648],[21.0245,60.7172,0.0],[21.0266,60.7224,3.5738],[21.0187,60.7229,0.072],[21.0172,60.7245,0.7902],[21.0229,60.725,0.6357],[21.0276,60.7286,0.0],[21.0328,60.7297,1.9915],[21.0328,60.7328,1.6495],[21.0271,60.7333,3.4248],[21.0203,60.7297,5.6371],[21.0026,60.7245,0.0],[21.0057,60.7224,0.7046],[21.0047,60.7193,1.9018],[21.0089,60.7172,9.2333],[21.0167,60.7146,0.4319],[21.0208,60.7167,4.5648]]],
[[[21.1609,60.7943,0.0],[21.1417,60.8021,7.9387],[21.1297,60.7995,0.0],[21.1349,60.7974,11.8577],[21.1401,60.788,1.4967],[21.1437,60.7854,0.0],[21.1521,60.7854,0.0],[21.1625,60.7813,0.0],[21.175,60.7813,9.2797],[21.1786,60.7839,14.2731],[21.1766,60.787,15.5156],[21.1672,60.7901,6.4976],[21.1609,60.7943,0.0]]],
[[[21.1443,60.8026,12.1314],[21.1474,60.8026,0.0],[21.1474,60.8036,9.0802],[21.1443,60.8036,9.723],[21.1443,60.8026,12.1314]]],
[[[21.2599,60.6578,20.8975],[21.2583,60.6583,7.7298],[21.2568,60.6568,11.6865],[21.2599,60.6568,16.6708],[21.2599,60.6578,20.8975]]],
[[[21.2708,60.7292,11.5],[21.2667,60.7292,5.8277],[21.2651,60.7276,9.3009],[21.2729,60.7229,0.0],[21.2807,60.7255,0.0],[21.2786,60.7286,13.0842],[21.2708,60.7292,11.5]]],
[[[21.25,60.7333,11.4094],[21.2542,60.7333,7.7595],[21.2557,60.7349,0.0],[21.2484,60.7349,2.373],[21.25,60.7333,11.4094]]],
[[[21.3067,60.771,13.5205],[21.3,60.7708,3.5047],[21.2854,60.775,0.0],[21.2771,60.775,0.0],[21.2672,60.7703,8.3507],[21.2703,60.7682,12.3017],[21.2682,60.7651,10.8498],[21.2583,60.7667,12.3271],[21.2505,60.763,0.0],[21.2536,60.762,11.8817],[21.2526,60.7589,7.4664],[21.2547,60.7568,0.0],[21.2646,60.7542,4.5153],[21.2708,60.7604,4.3692],[21.275,60.7583,0.0],[21.2833,60.7583,0.0],[21.2849,60.7589,1.2753],[21.2839,60.762,0.0],[21.2854,60.7625,0.0],[21.2896,60.7604,0.0],[21.2938,60.7604,0.0],[21.3016,60.763,0.0],[21.3089,60.7682,14.8466],[21.3141,60.7693,6.0196],[21.3161,60.7724,0.0],[21.3104,60.7729,16.7836],[21.3067,60.771,13.5205]]],
[[[21.3141,60.7245,5.067],[21.3125,60.725,10.2999],[21.3109,60.7234,15.2591],[21.3141,60.7234,9.7674],[21.3141,60.7245,5.067]]],
[[[21.35,60.7271,0.0],[21.3536,60.7286,7.6504],[21.3396,60.7333,5.1528],[21.3318,60.7307,13.6891],[21.3276,60.7234,11.5791],[21.3297,60.7214,0.0],[21.3354,60.7208,7.5796],[21.35,60.7271,0.0]]],
[[[21.3339,60.7411,0.8811],[21.3349,60.7432,0.0],[21.3276,60.7432,13.1516],[21.3297,60.7401,1.0362],[21.3339,60.7411,0.8811]]],
[[[21.3151,60.8026,0.0],[21.3063,60.8063,0.0],[21.2979,60.8063,0.0],[21.2938,60.8083,5.063],[21.2901,60.8036,0.0],[21.2917,60.8021,0.0],[21.3016,60.8016,0.0],[21.2964,60.7995,0.0],[21.2984,60.7943,4.2221],[21.3104,60.7938,0.0],[21.3146,60.7917,0.0],[21.3229,60.7917,0.0],[21.3307,60.7943,0.0],[21.3354,60.7979,0.0],[21.3411,60.7974,0.0],[21.337,60.7922,0.0],[21.3339,60.7911,0.0],[21.3375,60.7875,0.0],[21.3599,60.788,0.0],[21.362,60.7911,0.0],[21.3568,60.7953,0.0],[21.3589,60.7974,0.9683],[21.3641,60.7984,0.0],[21.3625,60.8,6.1096],[21.3583,60.8,4.2394],[21.3542,60.7979,1.2869],[21.3479,60.7979,0.0],[21.3464,60.7984,0.0],[21.3474,60.8016,8.6957],[21.3453,60.8036,0.0],[21.3396,60.8042,0.0],[21.3229,60.7979,0.0],[21.3214,60.7984,0.0],[21.3224,60.8016,0.0],[21.3151,60.8026,0.0]]],
[[[21.2495,60.7745,0.0],[21.2375,60.775,0.0],[21.2354,60.7729,17.6986],[21.2375,60.7708,4.9457],[21.2458,60.7708,12.849],[21.2495,60.7745,0.0]]],
[[[21.2578,60.7828,12.5121],[21.2563,60.7833,14.9711],[21.2547,60.7818,0.0],[21.2578,60.7818,4.3788],[21.2578,60.7828,12.5121]]],
[[[21.2849,60.7839,0.0],[21.2891,60.7891,0.0],[21.2771,60.7938,0.0],[21.2687,60.7938,0.0],[21.2609,60.7911,0.0],[21.2729,60.7854,0.0],[21.2849,60.7839,0.0]]],
[[[21.2453,60.8016,0.0],[21.2438,60.8021,16.0049],[21.2422,60.8005,0.0],[21.2438,60.8,0.0],[21.2453,60.8016,0.0]]],
[[[21.3396,60.8271,6.3574],[21.3438,60.8271,6.9662],[21.3453,60.8286,7.023],[21.3354,60.8292,-1.5],[21.3354,60.8271,5.2795],[21.3396,60.8271,6.3574]]],
[[[21.325,60.8312,-1.5],[21.3292,60.8312,3.5495],[21.3307,60.8328,14.9793],[21.3234,60.8328,-1.5],[21.325,60.8312,-1.5]]],
[[[21.3391,60.8599,21.5689],[21.3375,60.8604,15.0382],[21.3359,60.8589,-1.5],[21.3375,60.8583,-1.5],[21.3391,60.8599,21.5689]]],
[[[21.312,60.8609,1.1082],[21.312,60.8641,14.1763],[21.3047,60.8641,-1.5],[21.3068,60.8609,3.8899],[21.312,60.8609,1.1082]]],
[[[21.1646,60.8042,0.0],[21.1688,60.8042,16.6703],[21.1703,60.8057,14.5626],[21.163,60.8057,0.0],[21.1646,60.8042,0.0]]],
[[[21.1672,60.811,6.1243],[21.1703,60.8161,0.0],[21.1604,60.8167,5.144],[21.1542,60.8208,10.761],[21.1443,60.8161,0.0],[21.1474,60.8141,15.7364],[21.1464,60.8109,13.8233],[21.1479,60.8104,8.533],[21.1703,60.8089,6.7445],[21.1672,60.811,6.1243]]],
[[[21.0349,60.8391,0.0],[21.0328,60.8432,3.4881],[21.0167,60.8479,2.9281],[21.0083,60.8479,4.7905],[21.0063,60.8458,1.4575],[21.0083,60.8438,1.1704],[21.0161,60.8432,3.4423],[21.025,60.8375,0.0],[21.037,60.8359,2.786],[21.0349,60.8391,0.0]]],
[[[21.0953,60.8516,7.9007],[21.0938,60.8521,4.4577],[21.0922,60.8505,2.0842],[21.0938,60.85,3.9284],[21.0953,60.8516,7.9007]]],
[[[21.1536,60.8547,7.5189],[21.1443,60.8536,0.0],[21.1422,60.8516,0.0],[21.1422,60.8484,0.0],[21.1521,60.8479,6.9186],[21.1599,60.8526,0.0],[21.1563,60.8563,0.0],[21.1536,60.8547,7.5189]]],
[[[21.1646,60.8542,2.8856],[21.1688,60.8542,5.5868],[21.1703,60.8557,2.977],[21.163,60.8557,7.8821],[21.1646,60.8542,2.8856]]],
[[[21.1349,60.862,12.3833],[21.1318,60.862,0.0],[21.1318,60.8609,0.0],[21.1349,60.8609,8.7509],[21.1349,60.862,12.3833]]],
[[[21.1547,60.8703,13.1743],[21.1505,60.863,0.0],[21.1563,60.8604,7.9549],[21.162,60.8609,0.0],[21.1589,60.8641,3.8611],[21.1641,60.8651,0.0],[21.1661,60.8682,0.0],[21.1604,60.8708,4.2914],[21.1547,60.8703,13.1743]]],
[[[21.2161,60.8276,0.0],[21.2146,60.8292,0.0],[21.2047,60.8286,12.0371],[21.2062,60.8271,13.5449],[21.2161,60.8276,0.0]]],
[[[21.1745,60.837,4.4932],[21.1729,60.8375,0.0],[21.1714,60.8359,6.6993],[21.1729,60.8354,3.4831],[21.1745,60.837,4.4932]]],
[[[21.2208,60.9146,9.9774],[21.2229,60.9146,10.5868],[21.2229,60.9167,0.0],[21.2151,60.9161,5.6655],[21.2167,60.9146,0.0],[21.2208,60.9146,9.9774]]],
[[[21.2057,60.9224,0.0],[21.2042,60.9229,0.0],[21.2026,60.9214,2.4944],[21.2042,60.9208,1.9542],[21.2057,60.9224,0.0]]],
[[[21.2083,60.9375,0.0],[21.2203,60.938,0.0],[21.2193,60.9411,1.0668],[21.2203,60.9432,0.0],[21.2146,60.9458,0.0],[21.2068,60.9432,2.2502],[21.2083,60.9417,0.0],[21.2141,60.9411,0.0],[21.2125,60.9396,0.0],[21.2047,60.9391,1.3979],[21.2083,60.9375,0.0]]],
[[[21.2036,60.9453,2.8886],[21.2021,60.9458,0.0],[21.2005,60.9443,0.0],[21.2021,60.9437,0.0],[21.2036,60.9453,2.8886]]],
[[[21.2307,60.9849,0.0],[21.225,60.9875,0.0],[21.2193,60.9839,0.0],[21.2292,60.9833,0.0],[21.2307,60.9849,0.0]]],
[[[21.2125,60.9854,0.0],[21.2161,60.9891,0.0],[21.213,60.9891,0.0],[21.2109,60.987,0.0],[21.2125,60.9854,0.0]]],
[[[21.2505,60.8651,-1.5],[21.2542,60.8625,9.4037],[21.2667,60.8625,-1.5],[21.2667,60.8646,-1.5],[21.2604,60.8646,7.0041],[21.2563,60.8667,-1.5],[21.2521,60.8667,-1.5],[21.2505,60.8651,-1.5]]],
[[[21.288,60.8703,-1.5],[21.2854,60.8688,-1.5],[21.2776,60.8682,-1.5],[21.2745,60.8651,-1.5],[21.2708,60.8646,-1.5],[21.2693,60.8609,-1.5],[21.2792,60.8604,7.4746],[21.2839,60.8641,-1.5],[21.2917,60.8646,-1.5],[21.2974,60.8672,-1.5],[21.288,60.8703,-1.5]]],
[[[21.2536,60.937,0.0],[21.2505,60.937,6.8772],[21.2505,60.9359,0.0],[21.2521,60.9354,0.0],[21.2536,60.937,0.0]]],
[[[21.2708,60.9375,0.3337],[21.2724,60.9391,0.0],[21.2609,60.9391,0.0],[21.2625,60.9375,0.0],[21.2708,60.9375,0.3337]]],
[[[21.3203,60.8953,15.8024],[21.3188,60.8958,13.2565],[21.3172,60.8943,8.753],[21.3188,60.8937,0.6913],[21.3203,60.8953,15.8024]]],
[[[21.3016,60.9578,5.8749],[21.3,60.9583,5.7654],[21.2984,60.9568,3.3189],[21.3,60.9562,0.0],[21.3016,60.9578,5.8749]]],
[[[21.3161,61.0089,14.1943],[21.3151,61.0068,10.8284],[21.3203,61.0036,8.2311],[21.3193,61.0005,6.7878],[21.3266,61.0005,0.0],[21.3203,61.0099,4.7344],[21.3161,61.0089,14.1943]]],
[[[21.3297,61.1453,0.0],[21.3307,61.1474,0.5931],[21.3292,61.1479,0.9866],[21.3214,61.1443,0.0],[21.3271,61.1437,0.0],[21.3297,61.1453,0.0]]],
[[[21.2661,60.9995,4.11],[21.263,60.9995,5.9256],[21.263,60.9984,4.332],[21.2646,60.9979,0.0],[21.2661,60.9995,4.11]]],
[[[21.2974,61.9786,1.2066],[21.2943,61.9786,11.9211],[21.2943,61.9776,7.1762],[21.2974,61.9776,0.7426],[21.2974,61.9786,1.2066]]],
[[[21.2625,62.0375,5.9765],[21.2661,62.0411,0.0],[21.263,62.0411,3.8355],[21.2609,62.0391,0.0],[21.2625,62.0375,5.9765]]],
[[[21.2859,62.0807,0.0],[21.2911,62.0766,2.3528],[21.2901,62.0734,0.8102],[21.2995,62.0734,0.0],[21.2964,62.0755,1.5953],[21.2973,62.0787,0.0],[21.2943,62.0797,2.4166],[21.2953,62.0828,0.6765],[21.2938,62.0854,10.3976],[21.2953,62.0891,3.675],[21.2922,62.0891,5.4654],[21.2859,62.0807,0.0]]],
[[[21.3276,61.8495,0.0],[21.3307,61.8474,0.0],[21.3276,61.8432,4.3674],[21.3292,61.8417,0.0],[21.337,61.8422,0.0],[21.3359,61.8474,3.441],[21.3411,61.8484,3.1795],[21.3354,61.8521,3.2498],[21.3276,61.8495,0.0]]],
[[[21.2958,61.9729,0.0778],[21.2943,61.9714,0.1072],[21.3042,61.9688,1.1459],[21.3078,61.9714,6.3773],[21.3063,61.9729,1.0673],[21.2958,61.9729,0.0778]]],
[[[21.3005,62.1203,11.7072],[21.3016,62.1224,0.0],[21.2984,62.1234,5.8389],[21.2995,62.1266,0.0],[21.2943,62.1297,3.7205],[21.2953,62.1328,7.2405],[21.288,62.1328,0.0],[21.2891,62.1297,5.0736],[21.288,62.1276,0.0],[21.2953,62.1266,3.4744],[21.2922,62.1214,0.0],[21.2974,62.1182,10.4546],[21.2964,62.113,0.0],[21.3,62.1104,0.0],[21.312,62.1078,11.0605],[21.312,62.1047,10.6933],[21.3068,62.0964,0.0],[21.3141,62.0964,0.0],[21.3182,62.1005,0.0],[21.3151,62.1036,11.1886],[21.3182,62.1078,0.0],[21.3141,62.1099,7.5663],[21.312,62.1141,9.8338],[21.3026,62.1172,1.8173],[21.3005,62.1203,11.7072]]],
[[[21.3099,62.1286,0.0],[21.3083,62.1292,3.2642],[21.3068,62.1276,0.7871],[21.3099,62.1276,0.0],[21.3099,62.1286,0.0]]],
[[[22.4992,59.7221,1.1494],[22.5008,59.7235,0.0],[22.4936,59.7235,0.0],[22.4975,59.7224,1.1494],[22.4958,59.721,0.0],[22.4992,59.7221,1.1494]]],
[[[22.4781,59.7349,0.0],[22.4814,59.7343,0.0],[22.4831,59.7371,0.0],[22.4803,59.7368,0.2702],[22.4781,59.7349,0.0]]],
[[[22.5097,59.7412,0.0],[22.5092,59.7396,0.0],[22.5125,59.7396,0.0],[22.5136,59.7421,0.0],[22.5103,59.7426,0.0],[22.5097,59.7412,0.0]]],
[[[22.5058,59.7432,0.0],[22.5075,59.7435,0.0],[22.5069,59.7463,0.0],[22.5031,59.7465,0.0],[22.5031,59.7438,0.0],[22.5058,59.7432,0.0]]],
[[[22.4464,59.7379,0.0],[22.4436,59.7379,0.0],[22.4442,59.7357,0.0],[22.447,59.736,0.0],[22.4464,59.7379,0.0]]],
[[[22.4625,59.7368,0.0],[22.4631,59.7376,0.0],[22.4581,59.7376,0.0],[22.4592,59.7365,0.0],[22.4625,59.7368,0.0]]],
[[[22.4708,59.7438,0.0],[22.4736,59.7438,0.0],[22.4742,59.746,0.0],[22.4719,59.7457,0.0],[22.4708,59.7438,0.0]]],
[[[22.4236,59.7446,0.0],[22.4275,59.744,0.0],[22.4253,59.7463,0.0],[22.4236,59.7463,0.0],[22.4236,59.7446,0.0]]],
[[[22.4019,59.7487,0.0],[22.4014,59.7482,0.0],[22.4058,59.7477,0.0],[22.4053,59.749,0.0],[22.4019,59.7487,0.0]]],
[[[22.4319,59.7496,0.0],[22.4319,59.7479,0.0],[22.4358,59.7482,0.0],[22.4358,59.7496,0.0],[22.4319,59.7496,0.0]]],
[[[22.4253,59.754,0.0],[22.4297,59.7538,0.0],[22.4308,59.7562,0.0],[22.4264,59.7557,0.0],[22.4253,59.754,0.0]]],
[[[22.4547,59.7687,0.0],[22.4536,59.7676,0.0],[22.4597,59.7679,0.0],[22.4597,59.769,0.0],[22.4547,59.7687,0.0]]],
[[[22.4853,59.7499,0.0],[22.4903,59.7499,0.0],[22.4908,59.751,0.0],[22.4853,59.7513,0.0],[22.4853,59.7499,0.0]]],
[[[22.4892,59.7604,0.0],[22.4875,59.7593,0.0],[22.4919,59.7588,0.0],[22.4919,59.7599,0.0],[22.4892,59.7604,0.0]]],
[[[22.5142,59.7829,0.0],[22.518,59.7835,0.0],[22.5186,59.7846,0.3607],[22.5125,59.7843,0.0],[22.5142,59.7829,0.0]]],
[[[22.5419,59.7843,0.7925],[22.5458,59.784,1.2071],[22.5481,59.7851,0.0],[22.5386,59.7849,0.0],[22.5419,59.7843,0.7925]]],
[[[22.3914,59.7379,0.4887],[22.3958,59.7374,0.0],[22.3964,59.7385,0.0],[22.3919,59.739,0.0],[22.3914,59.7379,0.4887]]],
[[[22.3497,59.7788,0.0],[22.3542,59.7782,0.0],[22.3558,59.7801,0.0],[22.3525,59.7807,0.0],[22.3497,59.7788,0.0]]],
[[[22.3792,59.7826,0.4927],[22.3714,59.7843,0.0],[22.3692,59.7813,0.4746],[22.3725,59.781,0.4746],[22.3731,59.7796,0.0],[22.3703,59.7762,0.6384],[22.3758,59.7757,0.7158],[22.3858,59.7779,0.6315],[22.3847,59.7796,1.8581],[22.3803,59.7796,1.6477],[22.3808,59.7813,0.39],[22.3792,59.7826,0.4927]]],
[[[22.3786,59.7865,0.8656],[22.3803,59.7876,0.0],[22.3764,59.7885,0.0],[22.3764,59.786,0.0],[22.3786,59.7865,0.8656]]],
[[[22.3336,59.7785,0.0],[22.3331,59.7771,0.0],[22.3353,59.7768,0.0],[22.3364,59.7793,0.4049],[22.3342,59.7799,0.4049],[22.3336,59.7785,0.0]]],
[[[22.3253,59.7929,1.5445],[22.3247,59.7918,0.0],[22.3281,59.7915,0.0],[22.3292,59.7943,0.0],[22.3275,59.7946,0.0],[22.3253,59.7929,1.5445]]],
[[[22.3119,59.7957,0.8912],[22.3153,59.8001,0.0],[22.3125,59.7999,0.8838],[22.3092,59.7968,1.5325],[22.3103,59.7951,0.0],[22.3119,59.7957,0.8912]]],
[[[22.3247,59.7985,0.0],[22.3297,59.7985,0.0],[22.3297,59.7993,0.0],[22.3231,59.8001,0.0],[22.3247,59.7985,0.0]]],
[[[22.3386,59.7882,0.0],[22.3419,59.7904,0.0],[22.3392,59.7904,0.0],[22.3375,59.789,0.0],[22.3386,59.7882,0.0]]],
[[[22.3597,59.7929,0.0],[22.3603,59.7946,0.0],[22.3569,59.7954,0.5227],[22.3542,59.794,0.0],[22.3542,59.7929,0.0],[22.3597,59.7929,0.0]]],
[[[22.3792,59.7988,0.0],[22.3736,59.801,0.0],[22.3669,59.7993,1.6291],[22.3681,59.7938,0.8109],[22.3708,59.7913,0.4133],[22.3686,59.7893,0.0],[22.3731,59.7876,0.6752],[22.3764,59.7915,2.0747],[22.3814,59.7926,0.0],[22.3814,59.794,0.0],[22.3764,59.7935,2.817],[22.3753,59.7957,1.6449],[22.3725,59.7951,0.0],[22.3731,59.7932,1.6854],[22.3697,59.7938,0.0],[22.3719,59.7954,0.0],[22.3708,59.7974,0.6782],[22.3825,59.7957,0.0],[22.3792,59.7988,0.0]]],
[[[22.3892,59.799,0.0],[22.3853,59.8007,0.0],[22.3831,59.7999,0.0],[22.3853,59.7976,0.4549],[22.3892,59.799,0.0]]],
[[[22.3569,59.8015,0.0],[22.3547,59.8046,0.0],[22.3531,59.8046,0.453],[22.3508,59.7999,0.0],[22.3564,59.8004,0.0],[22.3569,59.8015,0.0]]],
[[[22.3486,59.8032,0.1455],[22.3503,59.8049,0.0],[22.3442,59.8057,0.0],[22.3425,59.8012,0.7506],[22.3453,59.7993,0.0],[22.3447,59.8029,0.0],[22.3486,59.8032,0.1455]]],
[[[22.3725,59.8015,0.0],[22.3747,59.8018,0.0],[22.3758,59.8057,0.0],[22.3697,59.8051,0.8796],[22.3669,59.8032,0.0],[22.3681,59.8018,0.0],[22.3725,59.8015,0.0]]],
[[[22.3603,59.8154,0.0],[22.3619,59.8163,0.0],[22.3581,59.8179,0.0],[22.3536,59.8168,0.0],[22.3575,59.8132,0.0],[22.3592,59.8137,0.0],[22.3581,59.8154,0.0],[22.3603,59.8154,0.0]]],
[[[22.4431,59.7815,0.9609],[22.4403,59.7799,1.0145],[22.4442,59.7796,0.2593],[22.4453,59.781,0.0],[22.4431,59.7815,0.9609]]],
[[[22.4497,59.7899,0.0],[22.4453,59.7913,0.0],[22.4381,59.7915,0.0],[22.4481,59.7888,0.0],[22.4497,59.7899,0.0]]],
[[[22.4392,59.7938,0.259],[22.4414,59.7929,0.0],[22.4453,59.7929,0.0],[22.4436,59.7951,0.0854],[22.4392,59.7938,0.259]]],
[[[22.4508,59.794,0.3434],[22.4536,59.7951,0.8568],[22.4475,59.7965,0.0],[22.4481,59.7949,0.0],[22.4508,59.794,0.3434]]],
[[[22.5053,59.7846,0.0],[22.5053,59.7865,0.0],[22.4986,59.7868,0.0],[22.5036,59.784,0.275],[22.5053,59.7846,0.0]]],
[[[22.4936,59.7968,1.5491],[22.4914,59.7965,0.0],[22.4914,59.7951,0.0],[22.4969,59.7949,0.0],[22.4969,59.7965,0.0],[22.4936,59.7968,1.5491]]],
[[[22.5108,59.8004,0.0],[22.5108,59.799,0.0],[22.5153,59.7988,0.0],[22.5147,59.8004,0.0],[22.5108,59.8004,0.0]]],
[[[22.4992,59.8121,0.0],[22.5025,59.8118,0.0],[22.5031,59.8129,0.0],[22.4997,59.8138,0.0],[22.4992,59.8121,0.0]]],
[[[22.4369,59.7957,0.4669],[22.4392,59.796,0.0],[22.4386,59.7985,0.0],[22.4408,59.7999,0.0],[22.4336,59.799,0.0],[22.4369,59.7957,0.4669]]],
[[[22.4164,59.799,0.0],[22.4147,59.7996,0.0],[22.4158,59.8007,0.0],[22.4114,59.8012,0.0],[22.4103,59.7982,0.0],[22.4158,59.7985,0.0],[22.4208,59.796,1.0507],[22.4253,59.7974,0.0],[22.4236,59.7988,0.0],[22.4164,59.799,0.0]]],
[[[22.4058,59.8029,0.5261],[22.4047,59.8021,0.5261],[22.4103,59.8024,0.0],[22.4092,59.8035,0.8696],[22.4058,59.8029,0.5261]]],
[[[22.4542,59.8032,0.0],[22.4597,59.8026,0.0],[22.4564,59.8043,0.0],[22.4536,59.8043,0.0],[22.4542,59.8032,0.0]]],
[[[22.4319,59.8032,0.0],[22.4325,59.8065,0.0],[22.4342,59.8068,0.0],[22.4336,59.8088,0.0],[22.4275,59.8082,0.0],[22.4297,59.8068,1.1896],[22.4247,59.804,0.4641],[22.4253,59.801,0.5386],[22.4319,59.8032,0.0]]],
[[[22.4619,59.8063,0.287],[22.4653,59.806,0.0],[22.4658,59.8071,0.0],[22.4592,59.8079,0.0],[22.4619,59.8063,0.287]]],
[[[22.4225,59.8071,0.0],[22.4269,59.809,0.0],[22.4208,59.8096,0.2391],[22.4197,59.8085,0.0],[22.4203,59.8068,0.0],[22.4225,59.8071,0.0]]],
[[[22.4497,59.811,1.9329],[22.4531,59.8112,0.0],[22.4536,59.8129,0.0],[22.4492,59.8143,0.5196],[22.4447,59.8129,0.0],[22.4464,59.811,0.7131],[22.4497,59.811,1.9329]]],
[[[22.2475,59.806,0.2738],[22.2497,59.8057,0.0],[22.2503,59.8074,0.0],[22.2464,59.8079,0.0],[22.2475,59.806,0.2738]]],
[[[22.2281,59.8096,1.2412],[22.2308,59.8118,0.0],[22.2269,59.8112,2.2161],[22.2242,59.8088,0.0],[22.2269,59.8082,0.0],[22.2281,59.8096,1.2412]]],
[[[22.3225,59.8262,1.315],[22.3192,59.8288,0.0],[22.3169,59.8276,0.0],[22.3203,59.8254,3.4487],[22.3192,59.8221,0.0],[22.3203,59.819,3.3374],[22.3175,59.8157,2.2185],[22.3175,59.8118,11.4065],[22.3136,59.8099,0.369],[22.3136,59.8068,4.8146],[22.3086,59.8051,0.0],[22.3081,59.8004,0.0],[22.3114,59.7999,0.8838],[22.3153,59.8024,4.2078],[22.3242,59.8032,0.0],[22.3203,59.8065,1.7813],[22.3219,59.8082,1.028],[22.3258,59.8071,5.4246],[22.3281,59.8043,0.951],[22.3369,59.8035,0.0],[22.3425,59.8071,0.0],[22.3397,59.8107,0.4951],[22.3369,59.8112,0.7822],[22.3386,59.814,0.0],[22.3286,59.8146,1.3259],[22.3297,59.8165,0.0],[22.3281,59.819,0.0],[22.3225,59.8207,0.0],[22.3258,59.8229,0.0],[22.3247,59.8232,0.0],[22.3253,59.8251,0.0],[22.3225,59.8262,1.315]]],
[[[22.2247,59.8132,0.3788],[22.2286,59.8149,0.2703],[22.2286,59.8157,0.0],[22.2258,59.816,0.0],[22.2247,59.8132,0.3788]]],
[[[22.3819,59.8301,0.0],[22.3792,59.8304,8.2182],[22.3775,59.8335,1.9222],[22.3742,59.8335,0.6256],[22.3736,59.829,0.0],[22.3703,59.8263,1.1579],[22.3725,59.8215,0.0],[22.3792,59.819,0.7091],[22.3786,59.8168,5.428],[22.3708,59.8143,0.0],[22.3714,59.811,0.0],[22.3769,59.8074,0.6116],[22.3769,59.806,0.0],[22.3808,59.8082,0.0],[22.3792,59.8093,0.0],[22.3803,59.8107,3.4163],[22.3825,59.8107,4.2094],[22.3831,59.8079,0.433],[22.3875,59.8076,2.8629],[22.393,59.8101,0.0],[22.3947,59.8096,0.7555],[22.3947,59.8071,5.6629],[22.3842,59.8051,0.0],[22.3892,59.804,2.6577],[22.3908,59.8012,0.4068],[22.3986,59.801,0.0],[22.4036,59.8029,0.0],[22.4036,59.8043,1.244],[22.3997,59.8046,1.8405],[22.397,59.8026,1.4726],[22.3969,59.8046,3.5269],[22.4042,59.8051,0.0],[22.4008,59.8085,2.0092],[22.4081,59.8135,0.0],[22.4169,59.8132,1.0216],[22.4186,59.8101,0.0],[22.4269,59.8112,0.0],[22.4236,59.8143,0.0],[22.4158,59.8138,0.0],[22.4075,59.8154,3.1476],[22.4097,59.8168,0.9973],[22.4164,59.8157,0.0],[22.4175,59.8168,0.0],[22.4125,59.8187,6.0359],[22.4125,59.8218,0.0],[22.4108,59.8229,0.0],[22.4042,59.8224,1.5216],[22.4042,59.8246,0.0],[22.4008,59.824,0.0],[22.4014,59.8224,0.0],[22.4042,59.8218,8.3419],[22.4036,59.8196,0.9103],[22.3986,59.8207,0.0],[22.3975,59.824,0.6637],[22.3947,59.8263,0.0],[22.3931,59.826,0.0],[22.3936,59.824,0.6637],[22.3869,59.8254,0.0],[22.3881,59.8235,3.7171],[22.3814,59.821,2.8957],[22.3808,59.8235,0.3749],[22.3831,59.8246,0.0],[22.3831,59.8263,0.9003],[22.3742,59.8279,0.7882],[22.3825,59.8279,0.0],[22.3819,59.8301,0.0]]],
[[[22.3414,59.824,0.0],[22.3336,59.8254,0.0],[22.3386,59.8238,0.8709],[22.3369,59.8213,0.0],[22.3386,59.8204,0.5084],[22.3386,59.8185,0.0],[22.3403,59.8182,0.0],[22.3397,59.8199,0.5084],[22.3414,59.8204,0.0],[22.3497,59.821,4.4415],[22.3475,59.8243,0.0],[22.3414,59.824,0.0]]],
[[[22.348,59.8263,0.3419],[22.3503,59.8274,0.0],[22.3469,59.8276,2.2832],[22.3447,59.8257,2.2998],[22.3469,59.8251,0.0],[22.348,59.8263,0.3419]]],
[[[22.3886,59.829,0.0],[22.3858,59.8279,0.0],[22.3903,59.8276,0.0],[22.3903,59.8293,0.0],[22.3886,59.829,0.0]]],
[[[22.3508,59.8318,0.7188],[22.3503,59.8296,0.0],[22.3531,59.8301,0.0],[22.3531,59.8318,0.0],[22.3508,59.8318,0.7188]]],
[[[22.3519,59.8343,1.9476],[22.3458,59.836,0.0],[22.3469,59.8338,2.6731],[22.3425,59.8324,0.0],[22.3381,59.8346,1.2586],[22.3375,59.8326,0.0],[22.3408,59.8315,0.5003],[22.3414,59.8299,1.7233],[22.3369,59.8288,0.0],[22.3392,59.8274,0.0],[22.3442,59.8282,0.6183],[22.3442,59.8304,0.0],[22.348,59.8299,0.2823],[22.3475,59.8324,2.4308],[22.3519,59.8332,0.3832],[22.3519,59.8343,1.9476]]],
[[[22.3869,59.8338,0.0],[22.3897,59.8343,0.0],[22.3886,59.8371,0.0],[22.3858,59.8374,0.0],[22.3836,59.8349,0.819],[22.3869,59.8338,0.0]]],
[[[22.3531,59.8351,0.0],[22.3553,59.8349,0.0],[22.3558,59.8354,0.0],[22.3514,59.8363,0.0],[22.3531,59.8351,0.0]]],
[[[22.3236,59.8307,0.0],[22.3236,59.8321,0.2785],[22.3203,59.8332,0.6323],[22.3181,59.8312,0.0],[22.3192,59.8304,0.0],[22.3236,59.8307,0.0]]],
[[[22.3331,59.8343,2.1235],[22.3336,59.8354,2.1235],[22.3286,59.8368,4.098],[22.3253,59.8368,0.8645],[22.3247,59.8351,1.883],[22.3253,59.8335,0.2785],[22.3297,59.8343,3.54],[22.3303,59.8329,0.8973],[22.3331,59.8343,2.1235]]],
[[[22.2314,59.8357,2.4193],[22.2358,59.8368,0.0],[22.2364,59.8401,0.4139],[22.2342,59.8401,0.0],[22.2336,59.8376,0.616],[22.2292,59.8371,0.0],[22.2236,59.8332,0.2016],[22.2269,59.8329,0.0],[22.2314,59.8357,2.4193]]],
[[[22.3286,59.8385,0.2641],[22.3303,59.8396,0.0],[22.3286,59.8407,1.077],[22.3231,59.8399,0.0],[22.3247,59.8382,0.0],[22.3286,59.8385,0.2641]]],
[[[22.4747,59.8135,0.0],[22.4719,59.8151,0.0],[22.4664,59.8146,0.0],[22.4669,59.8132,0.0],[22.4747,59.8135,0.0]]],
[[[22.4403,59.8129,0.0],[22.4453,59.8146,0.462],[22.4408,59.8154,1.6685],[22.4392,59.8146,1.6685],[22.4403,59.8129,0.0]]],
[[[22.4297,59.8171,0.0],[22.4286,59.8163,0.8017],[22.4325,59.8154,0.0],[22.4325,59.8168,0.3084],[22.4297,59.8171,0.0]]],
[[[22.4442,59.8179,0.0],[22.4419,59.8163,0.0],[22.4475,59.8168,0.0],[22.447,59.8182,0.0],[22.4442,59.8179,0.0]]],
[[[22.5425,59.8174,0.0],[22.5397,59.8174,0.0],[22.5397,59.8163,0.0],[22.5442,59.8154,0.0],[22.5425,59.8174,0.0]]],
[[[22.5214,59.8226,0.101],[22.5236,59.8215,0.0],[22.5264,59.8215,0.0],[22.5258,59.8238,0.0],[22.5214,59.8226,0.101]]],
[[[22.5347,59.824,0.0],[22.5336,59.8235,0.0],[22.5386,59.8229,0.0],[22.5375,59.8243,0.0],[22.5347,59.824,0.0]]],
[[[22.4831,59.8235,0.0],[22.4853,59.824,0.0],[22.4797,59.8243,0.0],[22.4803,59.8238,0.0],[22.4831,59.8235,0.0]]],
[[[22.4381,59.8196,0.7084],[22.4397,59.8221,0.0],[22.4375,59.8229,0.9844],[22.4308,59.8213,0.0],[22.4358,59.8196,0.0],[22.4358,59.8179,0.0],[22.4381,59.8196,0.7084]]],
[[[22.4258,59.8246,0.0],[22.4297,59.8254,0.0],[22.4275,59.8268,0.2111],[22.4208,59.8257,0.0],[22.4219,59.8232,1.5637],[22.4175,59.8224,0.73],[22.4203,59.8196,0.0],[22.4175,59.8201,1.7218],[22.4164,59.8185,2.0175],[22.4203,59.8174,1.1156],[22.4242,59.8193,3.25],[22.4275,59.8224,0.0],[22.4231,59.8243,0.6745],[22.4258,59.8246,0.0]]],
[[[22.4625,59.8226,0.0],[22.4553,59.8243,0.0],[22.4564,59.8213,0.0],[22.4614,59.821,0.0],[22.463,59.8215,0.0],[22.4625,59.8226,0.0]]],
[[[22.4658,59.8274,0.0],[22.4581,59.829,0.0],[22.4636,59.8257,1.1202],[22.4664,59.8262,1.1202],[22.4658,59.8274,0.0]]],
[[[22.5408,59.826,0.2041],[22.5436,59.8271,0.0],[22.5381,59.8285,0.7098],[22.5347,59.8268,0.0],[22.5364,59.8263,0.0],[22.5397,59.8268,0.2041],[22.5408,59.826,0.2041]]],
[[[22.5025,59.8274,0.0],[22.5064,59.829,0.0],[22.5014,59.8293,0.0],[22.4986,59.8271,0.0],[22.5031,59.8254,0.0],[22.5008,59.8265,0.0],[22.5025,59.8274,0.0]]],
[[[22.5197,59.8287,0.0],[22.5192,59.8274,0.0],[22.5219,59.8271,0.0],[22.5219,59.829,0.0],[22.5197,59.8287,0.0]]],
[[[22.4997,59.8343,0.0],[22.5008,59.8354,0.0],[22.4981,59.8371,0.0],[22.4947,59.8368,0.8672],[22.4936,59.834,0.0],[22.4903,59.834,0.4097],[22.4919,59.836,0.6612],[22.4864,59.8354,2.2542],[22.4892,59.8326,0.0],[22.4997,59.8343,0.0]]],
[[[22.4175,59.8271,1.1394],[22.4197,59.8276,1.1394],[22.4153,59.829,0.0],[22.4097,59.8276,0.0],[22.4119,59.826,0.0],[22.4175,59.8271,1.1394]]],
[[[22.4486,59.8307,0.6682],[22.4531,59.8299,0.0],[22.4519,59.8318,0.8444],[22.4481,59.8318,0.6682],[22.4486,59.8307,0.6682]]],
[[[22.4201,59.8407,0.0],[22.4119,59.8421,0.0],[22.4075,59.8401,0.0],[22.4075,59.8387,0.0],[22.4136,59.836,1.1166],[22.4131,59.834,0.5612],[22.4158,59.8318,0.0],[22.4219,59.8296,0.0],[22.4286,59.8299,0.0],[22.4264,59.8346,0.4097],[22.4292,59.8346,3.1541],[22.4292,59.8326,0.0],[22.4331,59.8343,0.5526],[22.4347,59.8293,0.7346],[22.4414,59.8296,0.0],[22.4425,59.8246,0.0],[22.447,59.8257,0.0],[22.4458,59.8276,0.0],[22.4481,59.8282,0.0],[22.4464,59.831,0.8676],[22.4408,59.8312,4.2806],[22.4408,59.8329,0.0],[22.4325,59.8376,0.0],[22.4201,59.8407,0.0]]],
[[[22.4747,59.8326,1.1706],[22.4825,59.8338,0.0],[22.4825,59.8351,0.0],[22.4725,59.8351,0.0],[22.4747,59.8326,1.1706]]],
[[[22.4586,59.8365,1.6964],[22.4475,59.8382,0.0],[22.4497,59.8332,0.6685],[22.4553,59.8315,0.0],[22.4569,59.8321,0.0],[22.4547,59.8346,5.5865],[22.4592,59.8346,1.7529],[22.4586,59.8365,1.6964]]],
[[[22.4664,59.8338,0.6754],[22.4697,59.8338,0.0],[22.4703,59.8351,0.0],[22.4647,59.836,2.281],[22.4664,59.8338,0.6754]]],
[[[22.4581,59.8393,0.0],[22.4553,59.8393,0.0],[22.4553,59.8382,0.0],[22.4597,59.8379,0.0],[22.4581,59.8393,0.0]]],
[[[22.4647,59.8382,0.0],[22.4658,59.8376,0.0],[22.4725,59.8376,0.0],[22.4719,59.8393,0.0],[22.4647,59.8382,0.0]]],
[[[22.4781,59.8418,0.0],[22.4769,59.8413,0.0],[22.4814,59.8407,0.0],[22.4803,59.8421,0.0],[22.4781,59.8418,0.0]]],
[[[22.4992,59.8429,0.0866],[22.4992,59.841,0.0],[22.5025,59.8421,0.0],[22.5025,59.8435,0.0],[22.4992,59.8429,0.0866]]],
[[[22.5042,59.8471,1.4446],[22.5047,59.8479,0.0],[22.4981,59.8493,0.0],[22.4847,59.8476,2.8692],[22.4853,59.8457,1.1824],[22.4908,59.8449,0.0],[22.5042,59.8471,1.4446]]],
[[[22.5336,59.8568,1.2748],[22.5369,59.8576,0.7185],[22.5219,59.8576,1.6284],[22.5225,59.8554,0.0],[22.5281,59.8535,0.0],[22.5336,59.8568,1.2748]]],
[[[22.4431,59.8379,1.4152],[22.4436,59.8393,0.0],[22.4403,59.8407,0.0],[22.4381,59.8399,0.9705],[22.4397,59.8379,0.0],[22.4431,59.8379,1.4152]]],
[[[22.4564,59.8404,0.0],[22.4631,59.8399,0.0],[22.4631,59.841,0.0],[22.4569,59.8418,0.0],[22.4564,59.8404,0.0]]],
[[[22.428,59.8443,0.0],[22.4308,59.8435,0.0],[22.4319,59.8451,0.0],[22.4286,59.8457,0.0],[22.428,59.8443,0.0]]],
[[[22.4175,59.8715,0.0],[22.4103,59.8732,2.2599],[22.4092,59.871,0.0],[22.4053,59.8693,0.8529],[22.4058,59.8676,0.6726],[22.403,59.8665,0.0],[22.4042,59.8657,0.5465],[22.4031,59.8635,0.0],[22.4108,59.8638,4.0982],[22.4119,59.8654,4.0982],[22.4075,59.8668,0.5465],[22.4142,59.8668,0.0],[22.4181,59.8701,0.0],[22.4175,59.8715,0.0]]],
[[[22.3414,59.8363,0.0],[22.3431,59.8357,0.2706],[22.3425,59.8387,0.0],[22.3397,59.8387,0.0],[22.3392,59.8374,0.0],[22.3414,59.8363,0.0]]],
[[[22.3475,59.8374,0.7757],[22.3519,59.8371,0.0],[22.3531,59.8401,0.0],[22.3475,59.8404,0.3489],[22.3475,59.8374,0.7757]]],
[[[22.3358,59.8413,1.5145],[22.3353,59.8393,0.5246],[22.3403,59.8401,0.0],[22.3386,59.8415,2.6766],[22.3358,59.8413,1.5145]]],
[[[22.3531,59.8465,0.0],[22.3553,59.8471,0.0],[22.3553,59.8488,0.0],[22.3497,59.8488,0.0],[22.3503,59.8457,0.0],[22.3531,59.8465,0.0]]],
[[[22.2214,59.841,0.1986],[22.2253,59.8426,0.0],[22.2214,59.8426,0.0],[22.2203,59.8407,0.1986],[22.2214,59.841,0.1986]]],
[[[22.2264,59.8407,0.0],[22.2292,59.8407,0.0],[22.2303,59.8424,0.0],[22.2269,59.8438,0.0],[22.2264,59.8407,0.0]]],
[[[22.2475,59.8421,0.1868],[22.2514,59.8413,0.0],[22.2519,59.8429,0.0],[22.2469,59.8432,0.0],[22.2475,59.8421,0.1868]]],
[[[22.3119,59.8443,0.0],[22.3147,59.8443,0.0],[22.3158,59.8454,0.0],[22.3103,59.846,0.0],[22.3119,59.8443,0.0]]],
[[[22.3131,59.8485,1.0887],[22.3097,59.8476,0.3814],[22.3131,59.8474,1.0887],[22.3153,59.849,0.0],[22.3131,59.8485,1.0887]]],
[[[22.2314,59.8507,0.0],[22.2358,59.8524,0.0],[22.2308,59.8526,0.0],[22.232,59.8515,0.0],[22.2242,59.8501,0.0],[22.223,59.8485,0.1083],[22.2314,59.8493,0.0],[22.2314,59.8507,0.0]]],
[[[22.2458,59.8513,0.0],[22.2475,59.851,0.0],[22.2481,59.8529,0.0],[22.2442,59.8538,0.0],[22.2442,59.8524,0.0],[22.2458,59.8513,0.0]]],
[[[22.2614,59.8529,0.0],[22.2642,59.8526,0.0],[22.2642,59.8535,0.0],[22.2603,59.8546,0.0],[22.2614,59.8529,0.0]]],
[[[22.2258,59.8529,0.0],[22.2269,59.8546,0.0],[22.2242,59.8557,0.0],[22.2236,59.8537,0.0],[22.2203,59.8524,0.7253],[22.2236,59.8532,0.0],[22.2258,59.8529,0.0]]],
[[[22.2769,59.8538,1.292],[22.2786,59.8529,0.0],[22.2814,59.8529,0.0],[22.2803,59.8554,0.0],[22.2769,59.8538,1.292]]],
[[[22.3208,59.864,0.0],[22.3147,59.866,0.0],[22.3097,59.8635,5.7169],[22.3058,59.8635,0.5482],[22.3047,59.8618,0.0],[22.3103,59.8618,3.2883],[22.3086,59.861,0.0],[22.3097,59.8593,0.5732],[22.3075,59.8585,1.7662],[22.3092,59.8563,0.0],[22.3119,59.8568,0.0],[22.3114,59.8593,2.9026],[22.3131,59.8593,2.9026],[22.3225,59.856,1.5376],[22.3364,59.8557,3.1203],[22.3331,59.8535,2.4623],[22.3208,59.8557,1.1712],[22.3131,59.8549,0.7453],[22.3175,59.8543,1.9538],[22.3164,59.8524,0.0],[22.3203,59.851,4.7159],[22.3181,59.8493,0.0],[22.3197,59.8485,0.0],[22.3219,59.8485,0.6598],[22.3219,59.8499,1.809],[22.3275,59.8488,5.9517],[22.3286,59.8504,0.0],[22.3353,59.8524,1.5853],[22.3353,59.851,6.3534],[22.3297,59.8485,10.9798],[22.322,59.8479,0.6598],[22.3253,59.8457,2.9831],[22.3386,59.8451,0.0],[22.3392,59.8465,0.7491],[22.3375,59.8474,7.2403],[22.3392,59.8476,1.3162],[22.3408,59.8515,0.0],[22.348,59.8535,0.0],[22.3469,59.8551,0.0],[22.3403,59.8557,1.3922],[22.3414,59.8571,0.0],[22.3392,59.8596,1.4338],[22.3319,59.8615,4.2064],[22.3314,59.8629,1.4005],[22.3208,59.864,0.0]]],
[[[22.2264,59.8579,0.0],[22.2297,59.8596,0.0],[22.2253,59.8607,0.0],[22.2253,59.8587,0.0],[22.2203,59.8604,0.4413],[22.2175,59.8593,0.5393],[22.2214,59.8585,0.0],[22.2181,59.8574,0.0],[22.2192,59.8557,2.1536],[22.223,59.8557,0.0],[22.2225,59.8574,0.0],[22.2264,59.8579,0.0]]],
[[[22.3697,59.8518,0.0],[22.3708,59.8543,1.5501],[22.3697,59.8549,1.5501],[22.3619,59.8526,0.0],[22.3653,59.8476,2.9245],[22.3681,59.8479,0.0],[22.3681,59.851,1.6299],[22.3697,59.8518,0.0]]],
[[[22.3575,59.8546,0.1366],[22.3625,59.854,1.4014],[22.3631,59.856,0.0],[22.3569,59.856,0.1208],[22.3575,59.8546,0.1366]]],
[[[22.3447,59.8599,0.0],[22.3447,59.8615,0.0],[22.3408,59.8615,0.0],[22.3408,59.8601,0.0],[22.3447,59.8599,0.0]]],
[[[22.3692,59.8632,0.0],[22.3692,59.8643,0.0],[22.3642,59.8654,8.78],[22.3592,59.8651,1.5749],[22.3603,59.8646,1.5749],[22.3592,59.8613,2.0179],[22.3614,59.8599,0.0],[22.3642,59.8615,1.9451],[22.3725,59.8607,0.6518],[22.3681,59.8615,0.6938],[22.3692,59.8632,0.0]]],
[[[22.2336,59.859,0.3875],[22.2369,59.859,1.8999],[22.2375,59.8613,0.0],[22.2325,59.8618,0.0],[22.2336,59.859,0.3875]]],
[[[22.2592,59.8607,1.5347],[22.2608,59.861,0.3347],[22.2603,59.8626,0.0],[22.2553,59.8632,1.5553],[22.2553,59.8621,1.5553],[22.2592,59.8607,1.5347]]],
[[[22.3325,59.8693,2.045],[22.3342,59.8707,0.0],[22.3253,59.8718,8.6605],[22.3153,59.8685,0.0],[22.3219,59.8682,3.1836],[22.3247,59.8665,0.0],[22.3325,59.8693,2.045]]],
[[[22.2525,59.8715,0.0],[22.2486,59.8726,0.0],[22.2497,59.8704,0.0],[22.2525,59.8704,0.0],[22.2525,59.8715,0.0]]],
[[[22.3575,59.8668,0.0],[22.3536,59.8668,0.0],[22.3531,59.8654,0.0],[22.3575,59.8651,0.0],[22.3575,59.8668,0.0]]],
[[[22.3836,59.8665,1.4969],[22.3836,59.8679,1.6594],[22.3808,59.869,0.0],[22.3758,59.8671,0.0],[22.3803,59.8654,0.0],[22.3836,59.8665,1.4969]]],
[[[22.3953,59.8665,0.0],[22.3981,59.8674,0.0],[22.3975,59.869,0.0],[22.3853,59.8685,0.0],[22.3875,59.8662,0.0],[22.3953,59.8665,0.0]]],
[[[22.3986,59.869,0.0],[22.4014,59.8685,0.0],[22.4036,59.8699,0.0],[22.3992,59.8701,0.0],[22.3986,59.869,0.0]]],
[[[22.3586,59.8696,3.8794],[22.3625,59.8688,3.8794],[22.3642,59.8707,0.0],[22.3581,59.8707,0.0],[22.3586,59.8696,3.8794]]],
[[[22.3369,59.8696,0.0],[22.3419,59.8696,0.0],[22.3425,59.871,0.0],[22.338,59.871,0.0],[22.3369,59.8696,0.0]]],
[[[22.3442,59.8718,0.0],[22.3475,59.8704,0.0],[22.348,59.8726,0.0],[22.3458,59.8729,0.0],[22.3442,59.8718,0.0]]],
[[[22.3531,59.8715,0.7203],[22.3564,59.8729,0.0],[22.3531,59.8735,8.4143],[22.3492,59.8718,0.0],[22.3497,59.871,0.0],[22.3531,59.8715,0.7203]]],
[[[22.7064,59.761,0.0],[22.7019,59.7618,2.9922],[22.7008,59.764,0.0],[22.6947,59.7624,0.0],[22.7008,59.7576,0.0],[22.7053,59.7579,0.0],[22.7069,59.759,0.0],[22.7064,59.761,0.0]]],
[[[22.7069,59.774,0.1121],[22.7069,59.7732,0.0],[22.7114,59.7735,0.0],[22.7086,59.7749,0.1121],[22.7069,59.774,0.1121]]],
[[[22.6197,59.8329,0.2722],[22.6158,59.8326,0.0],[22.6158,59.8321,0.0],[22.6219,59.8321,0.0],[22.6197,59.8329,0.2722]]],
[[[22.6375,59.8415,0.0],[22.6336,59.8415,0.2499],[22.6297,59.8399,0.0],[22.6375,59.8404,0.0],[22.6375,59.8415,0.0]]],
[[[22.7475,59.8079,0.0],[22.7519,59.8082,0.0],[22.7536,59.8096,0.0],[22.7475,59.8099,0.5185],[22.7475,59.8079,0.0]]],
[[[22.7575,59.8124,0.0],[22.7603,59.8115,0.0],[22.7619,59.8135,0.0],[22.7586,59.8138,0.0],[22.7575,59.8124,0.0]]],
[[[22.7697,59.8151,0.0],[22.7731,59.8146,0.0],[22.7742,59.8168,0.0],[22.7714,59.8171,0.0],[22.7697,59.8151,0.0]]],
[[[22.7436,59.8154,0.0],[22.7419,59.8163,0.0],[22.7447,59.8168,0.0],[22.7442,59.8179,0.0],[22.7386,59.8168,0.0],[22.7408,59.8157,0.0],[22.7408,59.814,0.0],[22.7442,59.814,0.0],[22.7436,59.8154,0.0]]],
[[[22.7981,59.8229,0.0],[22.7903,59.8243,0.2623],[22.7947,59.8213,0.0],[22.7986,59.8221,0.0],[22.7981,59.8229,0.0]]],
[[[22.7869,59.8335,0.0],[22.7908,59.8335,0.0],[22.7914,59.8349,0.0],[22.7869,59.8354,0.2348],[22.7869,59.8335,0.0]]],
[[[22.7592,59.8385,0.0],[22.7581,59.8376,0.0],[22.7631,59.8374,0.0],[22.7631,59.839,0.0],[22.7592,59.8385,0.0]]],
[[[22.7764,59.8462,0.0],[22.7769,59.8482,0.0],[22.7719,59.849,0.0],[22.7708,59.8479,0.0],[22.7714,59.846,0.0],[22.7764,59.8462,0.0]]],
[[[22.6469,59.8418,0.0],[22.6514,59.8426,0.0],[22.6481,59.8438,0.0],[22.6408,59.8429,0.0],[22.6447,59.8415,0.0],[22.6469,59.8418,0.0]]],
[[[22.6264,59.8415,0.0],[22.6303,59.8415,0.0],[22.6319,59.8432,2.8958],[22.6258,59.8432,0.8331],[22.6264,59.8415,0.0]]],
[[[22.6603,59.8438,0.0],[22.6653,59.8432,0.0],[22.6647,59.8449,0.0],[22.6603,59.8449,0.0],[22.6603,59.8438,0.0]]],
[[[22.5936,59.8443,0.0],[22.5947,59.8435,0.0],[22.5986,59.8438,0.0],[22.5969,59.8451,0.148],[22.5936,59.8443,0.0]]],
[[[22.6186,59.8551,0.5979],[22.6169,59.8549,0.0],[22.6181,59.8532,0.0],[22.6214,59.8543,0.4403],[22.6214,59.8554,0.4403],[22.6186,59.8551,0.5979]]],
[[[22.6175,59.8604,0.0],[22.617,59.8599,0.0],[22.6242,59.8601,0.0],[22.6203,59.8613,0.0],[22.6175,59.8604,0.0]]],
[[[22.5869,59.8618,0.1719],[22.5875,59.8607,0.1719],[22.5908,59.8613,0.0],[22.5903,59.8624,0.0],[22.5869,59.8618,0.1719]]],
[[[22.6297,59.8601,0.0],[22.6325,59.8599,0.0],[22.6319,59.8632,0.0],[22.6292,59.8635,0.0],[22.6297,59.8618,0.0],[22.6286,59.8618,0.0],[22.6225,59.8635,0.0],[22.6247,59.861,0.1267],[22.6297,59.8601,0.0]]],
[[[22.6131,59.8599,0.4533],[22.6136,59.8621,0.0],[22.6114,59.864,0.0],[22.6058,59.8626,1.3879],[22.6064,59.8613,0.3215],[22.6114,59.8621,3.2344],[22.6092,59.8599,0.0],[22.6131,59.8599,0.4533]]],
[[[22.6186,59.8638,0.0],[22.6147,59.8643,0.0],[22.6142,59.8632,0.0],[22.6175,59.8618,0.0],[22.6208,59.8626,0.0],[22.6186,59.8638,0.0]]],
[[[22.6014,59.8643,0.922],[22.6042,59.8643,0.922],[22.6058,59.866,0.0],[22.5997,59.866,0.0],[22.6014,59.8643,0.922]]],
[[[22.6114,59.8662,0.0],[22.6142,59.866,0.0],[22.6153,59.8671,0.0],[22.6097,59.8676,0.5631],[22.6114,59.8662,0.0]]],
[[[22.7136,59.8599,0.0],[22.7136,59.8587,0.0],[22.7181,59.859,0.0],[22.7175,59.8601,0.0],[22.7136,59.8599,0.0]]],
[[[22.7247,59.8604,0.0],[22.7236,59.8613,0.2521],[22.7253,59.8624,0.0],[22.7208,59.8621,0.0],[22.7214,59.8601,0.0],[22.7247,59.8593,0.0],[22.7247,59.8604,0.0]]],
[[[22.768,59.8629,1.3014],[22.7703,59.8638,0.0],[22.7636,59.8638,0.0],[22.7642,59.8626,1.7098],[22.768,59.8629,1.3014]]],
[[[22.7297,59.8776,0.0],[22.7275,59.8779,0.0],[22.7275,59.8763,0.4689],[22.7314,59.8763,0.0],[22.7297,59.8776,0.0]]],
[[[22.5908,59.8743,0.0],[22.5886,59.8771,0.0],[22.5797,59.8749,0.0],[22.5831,59.8737,0.0],[22.5864,59.8751,0.4534],[22.5892,59.8729,0.0],[22.5908,59.8743,0.0]]],
[[[22.6519,59.8754,0.0],[22.6514,59.8763,0.0],[22.6469,59.8765,0.5924],[22.6469,59.8749,0.0],[22.6519,59.8754,0.0]]],
[[[22.6697,59.8751,0.0],[22.6747,59.8768,0.0],[22.6697,59.8771,0.0],[22.6686,59.8765,0.0],[22.6697,59.8751,0.0]]],
[[[22.6092,59.8829,0.8422],[22.6114,59.8843,0.0],[22.6075,59.8846,0.6127],[22.6019,59.8818,1.353],[22.6086,59.8801,0.0],[22.6092,59.8829,0.8422]]],
[[[22.6397,59.8863,0.0],[22.6425,59.8857,0.0],[22.643,59.8874,0.0],[22.6386,59.8879,0.0],[22.6397,59.8863,0.0]]],
[[[22.6608,59.8893,0.0],[22.6569,59.889,0.0],[22.6564,59.8879,0.0],[22.6603,59.8874,0.0],[22.6608,59.8893,0.0]]],
[[[22.6414,59.889,0.5005],[22.6453,59.8893,0.0],[22.6419,59.8907,0.0],[22.6342,59.8901,0.0],[22.6408,59.8896,0.5005],[22.6414,59.889,0.5005]]],
[[[22.6564,59.8907,0.0],[22.6597,59.8907,0.0],[22.6608,59.8918,0.0],[22.6569,59.8924,0.0],[22.6564,59.8907,0.0]]],
[[[22.6181,59.8932,1.0533],[22.617,59.8918,0.0],[22.6225,59.8926,0.0],[22.6225,59.8932,0.0],[22.6181,59.8932,1.0533]]],
[[[22.6225,59.8943,0.0],[22.6242,59.8926,0.0],[22.6269,59.8929,0.0],[22.6269,59.8946,0.0],[22.6225,59.8943,0.0]]],
[[[22.6164,59.8957,0.3132],[22.6175,59.8982,1.147],[22.6142,59.8988,0.0],[22.598,59.8946,0.4727],[22.6053,59.8937,0.0],[22.6075,59.8921,0.5827],[22.6142,59.8921,0.0],[22.6164,59.8937,0.0],[22.6164,59.8957,0.3132]]],
[[[22.6453,59.8963,1.3393],[22.6475,59.8988,0.0],[22.6442,59.8993,0.0],[22.6403,59.8943,0.0],[22.6458,59.8915,0.0],[22.6447,59.8937,0.5985],[22.6481,59.8951,0.0],[22.6453,59.8963,1.3393]]],
[[[22.7303,59.8796,0.0],[22.7342,59.879,0.0],[22.7347,59.8799,0.0],[22.7308,59.881,0.0],[22.7303,59.8796,0.0]]],
[[[22.7308,59.8826,0.0],[22.7364,59.8821,1.6312],[22.7369,59.8832,1.6312],[22.7314,59.884,0.0],[22.7308,59.8826,0.0]]],
[[[22.7569,59.8832,0.0],[22.7603,59.8832,0.0],[22.7625,59.8846,0.0],[22.7575,59.8854,0.0],[22.7569,59.8832,0.0]]],
[[[22.7347,59.9143,1.5103],[22.7314,59.9163,0.0],[22.7269,59.9151,0.309],[22.7286,59.9135,0.0],[22.7353,59.9135,0.0],[22.7347,59.9143,1.5103]]],
[[[22.6219,59.8963,0.6184],[22.6275,59.8968,0.0],[22.6281,59.8982,0.0],[22.6203,59.8976,0.0],[22.6219,59.8963,0.6184]]],
[[[22.5825,59.8965,0.0],[22.5842,59.8968,0.0],[22.5831,59.8996,0.0],[22.5803,59.8999,0.4123],[22.5797,59.8965,0.0],[22.5825,59.8965,0.0]]],
[[[22.5942,59.9085,8.5144],[22.5825,59.9101,0.0],[22.5786,59.9082,4.9117],[22.5786,59.9068,5.9463],[22.5819,59.9038,0.0],[22.5903,59.9029,4.1693],[22.5903,59.8963,0.8328],[22.5953,59.8943,0.0],[22.5975,59.8971,0.0],[22.5942,59.899,1.1241],[22.5958,59.9007,3.0634],[22.6108,59.8999,0.0],[22.6203,59.901,0.0],[22.6203,59.9026,0.0],[22.6181,59.9035,5.6968],[22.6014,59.9054,3.5471],[22.6203,59.9057,0.0],[22.6203,59.9071,0.0],[22.5942,59.9085,8.5144]]],
[[[22.6008,59.9096,0.0],[22.6036,59.9099,0.0],[22.6042,59.9115,1.097],[22.5997,59.9124,0.0],[22.598,59.9113,0.0],[22.6008,59.9096,0.0]]],
[[[22.5908,59.9115,0.0],[22.5942,59.9104,0.0],[22.5936,59.9124,0.0],[22.5908,59.9126,0.0],[22.5908,59.9115,0.0]]],
[[[22.6847,59.9137,0.0],[22.6869,59.9129,0.0],[22.6892,59.9129,0.0],[22.6881,59.9143,0.0],[22.6847,59.9137,0.0]]],
[[[22.7053,59.9179,0.3274],[22.7058,59.9165,0.0],[22.7092,59.9165,0.0],[22.7081,59.919,0.0],[22.7053,59.9179,0.3274]]],
[[[22.6764,59.919,0.0],[22.6786,59.9188,1.6933],[22.6797,59.9204,0.0],[22.6764,59.9212,0.0],[22.6764,59.919,0.0]]],
[[[22.6558,59.9193,1.4049],[22.6603,59.9196,0.0],[22.6608,59.9212,0.0],[22.6547,59.9224,0.0],[22.6536,59.9201,0.0],[22.6558,59.9193,1.4049]]],
[[[22.7081,59.9224,0.0],[22.7114,59.9229,0.0],[22.7086,59.9249,0.2477],[22.7058,59.9243,0.0],[22.7081,59.9224,0.0]]],
[[[22.7031,59.9257,0.0],[22.7036,59.9254,0.0],[22.7058,59.9254,0.0],[22.7025,59.9274,0.0],[22.7031,59.9257,0.0]]],
[[[22.6531,59.9279,0.0],[22.6508,59.9299,0.0],[22.6447,59.9301,3.2853],[22.6442,59.9287,3.358],[22.6469,59.9274,3.9912],[22.6397,59.9285,1.7843],[22.6358,59.9274,0.0],[22.6358,59.9257,0.0],[22.6314,59.9263,0.0],[22.6314,59.9249,0.0],[22.6425,59.9229,0.0],[22.6547,59.9249,0.0],[22.6553,59.9263,0.0],[22.6531,59.9279,0.0]]],
[[[22.7292,59.9251,0.0],[22.7331,59.9249,0.0],[22.7336,59.9265,0.0],[22.7292,59.9265,0.2436],[22.7292,59.9251,0.0]]],
[[[22.7253,59.9293,2.2674],[22.7253,59.9276,0.0],[22.7303,59.9282,0.0],[22.7297,59.9301,0.0],[22.7253,59.9293,2.2674]]],
[[[22.7458,59.9304,0.0],[22.7431,59.9324,0.0],[22.7353,59.9313,0.0],[22.7469,59.9274,1.6234],[22.7442,59.929,1.0377],[22.7458,59.9304,0.0]]],
[[[22.7619,59.931,0.0],[22.7558,59.9338,0.0],[22.7486,59.9313,0.0],[22.7486,59.9293,0.0],[22.7525,59.9276,3.6717],[22.7686,59.9276,0.9787],[22.7619,59.931,0.0]]],
[[[22.7236,59.9313,2.5335],[22.7169,59.9324,0.0],[22.7169,59.9349,0.0],[22.7142,59.9351,0.0],[22.7147,59.9301,0.0],[22.7186,59.9274,0.0],[22.723,59.9282,0.0],[22.7236,59.9313,2.5335]]],
[[[22.7342,59.9326,2.4708],[22.7292,59.9343,0.0],[22.7258,59.9321,0.0],[22.7336,59.931,0.0],[22.7342,59.9326,2.4708]]],
[[[22.7358,59.9335,0.0],[22.7381,59.9335,0.0],[22.7392,59.9357,0.0],[22.7358,59.9368,0.0],[22.7347,59.9349,0.0],[22.7358,59.9335,0.0]]],
[[[22.7514,59.9343,5.2892],[22.7542,59.936,0.0],[22.7486,59.9374,1.2872],[22.7447,59.9354,0.0],[22.7469,59.9338,2.1527],[22.7514,59.9343,5.2892]]],
[[[22.5136,59.8613,0.7136],[22.5058,59.8624,0.0],[22.5069,59.8601,0.0],[22.5192,59.8593,0.0],[22.5186,59.8615,1.1675],[22.5136,59.8613,0.7136]]],
[[[22.5492,59.8601,0.6805],[22.5525,59.8621,0.0],[22.5419,59.8615,0.0],[22.5464,59.8593,1.1658],[22.5492,59.8601,0.6805]]],
[[[22.5236,59.8638,0.7572],[22.5264,59.8648,0.0],[22.5258,59.8676,0.0],[22.5186,59.8646,0.0],[22.5142,59.8662,0.0],[22.5119,59.8649,0.0],[22.5125,59.8621,0.0],[22.5236,59.8638,0.7572]]],
[[[22.5769,59.8654,0.0],[22.5681,59.8654,0.0],[22.5681,59.8648,0.0],[22.5769,59.8643,0.0],[22.5769,59.8654,0.0]]],
[[[22.5458,59.8671,0.0],[22.5297,59.8676,0.0],[22.5342,59.8643,0.0],[22.5425,59.8657,6.3832],[22.5414,59.8632,0.0],[22.5425,59.8629,0.0],[22.5486,59.8649,0.0],[22.5592,59.8635,0.0],[22.5597,59.8654,0.183],[22.5642,59.8646,0.0],[22.5669,59.866,0.0],[22.5475,59.8662,6.3783],[22.5458,59.8671,0.0]]],
[[[22.5781,59.8648,0.0],[22.5825,59.8638,0.1801],[22.5808,59.8671,0.0],[22.5775,59.8657,0.0],[22.5781,59.8648,0.0]]],
[[[22.5564,59.8688,0.0],[22.5525,59.871,0.0],[22.5475,59.8699,0.0],[22.5486,59.8682,0.0],[22.5564,59.8688,0.0]]],
[[[22.5086,59.8701,0.0],[22.5114,59.8696,0.0],[22.5136,59.8721,2.5107],[22.5086,59.8715,0.0],[22.5086,59.8701,0.0]]],
[[[22.4186,59.8685,0.0],[22.4208,59.8679,0.0],[22.4225,59.8701,0.0],[22.4203,59.8704,3.7927],[22.4186,59.8685,0.0]]],
[[[22.5319,59.8996,0.0],[22.5297,59.9001,1.3901],[22.5308,59.9024,0.0],[22.5236,59.9026,0.0],[22.5231,59.8999,4.381],[22.5175,59.8982,0.0],[22.5169,59.9001,0.0],[22.5142,59.9004,0.0],[22.5081,59.8976,1.0549],[22.5008,59.8974,0.0],[22.4936,59.8949,0.0],[22.4892,59.8915,0.0],[22.4903,59.8882,5.9512],[22.4881,59.8882,0.0],[22.4875,59.8907,0.0],[22.4769,59.8901,0.0],[22.473,59.886,0.0],[22.4786,59.884,0.4673],[22.4719,59.884,0.0],[22.4747,59.8796,5.3505],[22.4708,59.8771,0.0],[22.4819,59.874,2.9626],[22.4808,59.8721,0.0],[22.4692,59.8746,0.0],[22.4714,59.8713,1.303],[22.4675,59.8696,0.0],[22.4542,59.8737,8.2379],[22.4481,59.8737,0.6662],[22.4469,59.8718,10.3796],[22.4414,59.8701,0.0],[22.4419,59.8685,0.0],[22.4458,59.8671,0.0],[22.4408,59.866,0.0],[22.4392,59.8632,9.5393],[22.4308,59.8632,4.3866],[22.4364,59.8651,0.0],[22.4342,59.8668,4.2397],[22.4297,59.8668,0.0],[22.4297,59.8654,0.0],[22.4275,59.8648,0.6245],[22.4292,59.8668,0.0],[22.4247,59.8674,0.0],[22.4186,59.8649,0.0],[22.4186,59.8635,0.0],[22.4219,59.8618,5.0854],[22.4169,59.8585,8.9313],[22.4158,59.8596,2.163],[22.418,59.8613,0.0],[22.4175,59.8643,0.0],[22.4136,59.8649,2.1417],[22.4103,59.8626,0.0],[22.4092,59.8596,0.0],[22.4158,59.8549,0.4266],[22.4114,59.8535,0.4635],[22.4081,59.8546,0.8636],[22.4086,59.8563,1.1554],[22.4036,59.8568,2.4795],[22.4003,59.8529,2.417],[22.3953,59.8524,0.0],[22.3992,59.8538,0.0],[22.3964,59.8563,5.4321],[22.4003,59.8568,0.0],[22.4036,59.8596,0.0],[22.3997,59.8615,1.1826],[22.3997,59.8635,0.0],[22.3969,59.8635,0.0],[22.3969,59.861,0.0],[22.3919,59.8604,13.2473],[22.3903,59.8604,14.513],[22.3897,59.864,0.0],[22.3775,59.8632,0.0],[22.3814,59.8601,0.0],[22.3864,59.8599,0.0],[22.3842,59.8587,7.7834],[22.3775,59.8607,0.0],[22.3797,59.8585,3.1881],[22.3769,59.8565,0.0],[22.3847,59.8535,5.6598],[22.3753,59.8521,0.0],[22.3719,59.8474,0.0],[22.3736,59.846,0.8837],[22.3858,59.8451,0.0],[22.3864,59.8429,0.0],[22.3958,59.8435,0.0],[22.3958,59.8421,0.0],[22.3992,59.8421,4.6921],[22.3997,59.8382,0.0],[22.4014,59.8376,0.0],[22.4014,59.8404,0.5287],[22.4031,59.841,0.0],[22.3986,59.8457,4.9013],[22.4047,59.8474,0.0],[22.4047,59.8501,0.0],[22.4086,59.8488,0.0],[22.4069,59.8513,3.501],[22.4086,59.8524,2.7859],[22.4103,59.8521,0.4635],[22.4114,59.8476,0.0],[22.4175,59.8468,0.0],[22.4264,59.849,0.0],[22.4264,59.8513,1.0313],[22.4419,59.8504,0.0],[22.4597,59.8549,1.078],[22.4636,59.8518,5.5782],[22.4569,59.8515,0.0],[22.4586,59.8499,0.0],[22.4453,59.8501,1.5354],[22.4447,59.8479,0.0],[22.4558,59.8468,0.0],[22.4586,59.8485,0.0],[22.4586,59.8457,0.0],[22.4603,59.8449,1.1955],[22.4775,59.8446,0.0],[22.4769,59.8465,2.8799],[22.4725,59.8454,0.0],[22.4692,59.8468,0.309],[22.4742,59.8479,0.0],[22.4731,59.8499,0.0],[22.4769,59.851,3.9699],[22.4764,59.8532,2.8948],[22.4697,59.8565,0.0],[22.4631,59.8563,0.0],[22.4664,59.8582,0.0],[22.4642,59.8604,1.6965],[22.4664,59.8621,12.0734],[22.4808,59.861,4.0485],[22.4831,59.8596,0.3614],[22.4919,59.8613,3.5696],[22.4908,59.859,0.0],[22.4869,59.859,0.0],[22.4853,59.8571,0.0],[22.4814,59.8565,0.0],[22.4853,59.854,2.1909],[22.4947,59.8532,2.9435],[22.4836,59.8524,0.0],[22.4842,59.8501,0.0],[22.4964,59.8513,0.0],[22.4975,59.8546,0.0],[22.4964,59.8568,2.7035],[22.4992,59.8551,0.0],[22.5197,59.8549,0.0],[22.5208,59.8568,0.4399],[22.5103,59.8576,0.359],[22.5086,59.8593,0.0],[22.4997,59.8613,2.7598],[22.5008,59.8629,0.0],[22.4953,59.8626,0.0],[22.5092,59.866,0.0],[22.5103,59.8679,0.0],[22.5064,59.8685,4.8422],[22.5069,59.8721,9.2809],[22.5164,59.8735,0.0],[22.5169,59.8751,0.0],[22.5119,59.876,9.6156],[22.5169,59.876,0.0],[22.5169,59.8785,0.0],[22.5014,59.8771,0.0],[22.5014,59.8785,0.0],[22.4986,59.8796,0.0],[22.4903,59.8785,3.7405],[22.4953,59.8796,0.0],[22.4969,59.8832,0.0],[22.5025,59.886,3.8254],[22.5153,59.8832,0.0],[22.5175,59.8849,0.0],[22.527,59.886,1.2316],[22.5275,59.8882,0.0],[22.5203,59.8888,2.9191],[22.5331,59.8904,0.0],[22.5325,59.8929,0.0],[22.5281,59.8926,0.0],[22.5286,59.8946,0.0],[22.5336,59.8954,0.0],[22.5314,59.8974,0.0],[22.5319,59.8996,0.0]]],
[[[22.4386,59.8749,0.0],[22.4375,59.8757,0.8817],[22.4392,59.8768,0.0],[22.4353,59.8771,0.0],[22.4342,59.8737,0.0],[22.4375,59.8735,0.0],[22.4386,59.8749,0.0]]],
[[[22.4431,59.8785,0.0],[22.4458,59.8779,0.0],[22.4497,59.8796,0.0],[22.4431,59.8796,0.0],[22.4431,59.8785,0.0]]],
[[[22.5353,59.871,3.9783],[22.5308,59.8726,0.0],[22.5258,59.8721,0.0],[22.5264,59.8704,0.0],[22.5297,59.8693,0.0],[22.5353,59.8696,0.0],[22.5353,59.871,3.9783]]],
[[[22.5714,59.8713,0.0],[22.5764,59.8724,0.0],[22.5708,59.8732,0.3876],[22.5697,59.8718,0.0],[22.5714,59.8713,0.0]]],
[[[22.5636,59.8737,0.4903],[22.5619,59.8737,0.0],[22.5636,59.8746,0.0],[22.5625,59.8754,0.0],[22.5575,59.8754,0.592],[22.5631,59.8718,0.0],[22.5669,59.8724,0.0],[22.5636,59.8737,0.4903]]],
[[[22.5536,59.8757,0.0],[22.5525,59.8763,0.0],[22.5575,59.8776,0.0],[22.5386,59.8774,0.0],[22.5419,59.8746,1.3032],[22.5458,59.874,5.5843],[22.5536,59.8737,0.0],[22.5536,59.8757,0.0]]],
[[[22.3242,59.8729,1.0187],[22.3264,59.8724,1.0187],[22.3314,59.8724,0.0],[22.3297,59.874,0.0],[22.3242,59.8729,1.0187]]],
[[[22.2686,59.8735,0.0],[22.2503,59.8749,0.8327],[22.2503,59.8737,0.0],[22.2569,59.8726,0.0],[22.2742,59.8724,0.0],[22.2686,59.8735,0.0]]],
[[[22.2469,59.874,0.7243],[22.2469,59.8751,0.7243],[22.2353,59.8754,0.8396],[22.2364,59.8737,0.0],[22.2469,59.874,0.7243]]],
[[[22.3281,59.8804,0.0],[22.3308,59.8818,0.0],[22.3275,59.8826,0.0],[22.3208,59.8801,0.0],[22.3275,59.8799,0.0],[22.3281,59.8804,0.0]]],
[[[22.3397,59.8729,0.0],[22.3392,59.8718,0.0],[22.3436,59.8724,0.0],[22.3436,59.8729,0.0],[22.3397,59.8729,0.0]]],
[[[22.3842,59.8726,0.0],[22.3886,59.8726,0.0],[22.3886,59.8737,0.0],[22.3842,59.8737,0.0],[22.3842,59.8726,0.0]]],
[[[22.3469,59.8746,3.008],[22.3514,59.8757,3.1762],[22.3503,59.8768,3.1762],[22.3419,59.876,0.0],[22.3431,59.8749,0.0],[22.3469,59.8746,3.008]]],
[[[22.3853,59.8815,0.0],[22.3864,59.8829,0.6455],[22.3831,59.8843,0.0],[22.3692,59.8821,0.0],[22.3714,59.8801,0.0],[22.3753,59.8801,0.0],[22.3731,59.8768,0.0],[22.3747,59.8757,0.0],[22.3886,59.8746,0.0],[22.3881,59.8771,4.5861],[22.3897,59.8779,0.6098],[22.3936,59.8765,0.0],[22.393,59.8804,0.0],[22.3947,59.8812,0.0],[22.3897,59.8821,0.0],[22.3897,59.8807,1.9365],[22.3853,59.8799,8.4662],[22.3842,59.881,3.0786],[22.3853,59.8815,0.0]]],
[[[22.3475,59.8796,0.0],[22.3531,59.881,0.0],[22.348,59.8812,1.3085],[22.3425,59.879,0.9592],[22.3475,59.8796,0.0]]],
[[[22.397,59.8871,0.0],[22.3981,59.8865,0.0],[22.4025,59.8865,0.0],[22.3986,59.8882,1.013],[22.397,59.8871,0.0]]],
[[[22.3864,59.8865,0.0],[22.3897,59.8865,0.0],[22.3914,59.8876,0.0],[22.3875,59.8885,0.7993],[22.3864,59.8865,0.0]]],
[[[22.3747,59.889,0.0],[22.3769,59.8888,0.9451],[22.3786,59.8907,0.0],[22.3753,59.8913,0.0],[22.3736,59.8904,0.0],[22.3747,59.889,0.0]]],
[[[22.3903,59.8901,0.0],[22.3853,59.8926,0.63],[22.3797,59.8893,2.2144],[22.3847,59.8904,1.5982],[22.3903,59.8901,0.0]]],
[[[22.3369,59.8935,0.0],[22.3392,59.8926,0.1743],[22.3414,59.8949,0.5201],[22.3375,59.894,0.0],[22.3369,59.8935,0.0]]],
[[[22.3658,59.8971,0.0],[22.3603,59.8985,0.6989],[22.3631,59.8974,0.0],[22.3625,59.8946,0.0],[22.3658,59.8951,0.0],[22.3658,59.8971,0.0]]],
[[[22.3764,59.9029,0.0],[22.3736,59.9035,0.0],[22.3742,59.9057,0.0],[22.3681,59.9043,0.0],[22.3703,59.901,3.9964],[22.3681,59.8999,3.7866],[22.3669,59.8965,1.9725],[22.3714,59.8957,5.6032],[22.3681,59.8949,1.5924],[22.3686,59.8907,0.0],[22.3714,59.8901,0.0],[22.3742,59.8926,5.4052],[22.3842,59.8932,0.0],[22.3858,59.8946,0.0],[22.3947,59.894,0.583],[22.3992,59.8982,1.9423],[22.4008,59.8979,1.915],[22.4014,59.8957,0.7575],[22.4047,59.8963,0.0],[22.4047,59.8979,0.0],[22.4019,59.8985,3.6658],[22.4031,59.8999,0.0],[22.3981,59.9018,4.4881],[22.3919,59.8999,14.4351],[22.3836,59.9018,3.4706],[22.3814,59.8999,11.2113],[22.3736,59.8999,3.0521],[22.3764,59.9029,0.0]]],
[[[22.5297,59.8757,0.0],[22.5258,59.8782,0.6134],[22.5186,59.8779,0.0],[22.5186,59.8765,0.0],[22.5214,59.876,3.1818],[22.5186,59.8751,0.0],[22.5197,59.8737,0.0],[22.5286,59.8743,2.1942],[22.5297,59.8757,0.0]]],
[[[22.5675,59.8776,0.8558],[22.5703,59.8785,0.8558],[22.5619,59.8785,0.0],[22.5642,59.8768,0.0],[22.5675,59.8776,0.8558]]],
[[[22.5631,59.884,0.4774],[22.5675,59.884,0.9199],[22.5686,59.8857,0.0],[22.5642,59.8865,1.1268],[22.5631,59.884,0.4774]]],
[[[22.5581,59.8899,1.6331],[22.5558,59.8899,0.0],[22.5575,59.891,0.8655],[22.5558,59.8921,0.0],[22.5519,59.891,0.0],[22.5519,59.8893,1.4812],[22.5358,59.8868,0.8115],[22.5319,59.8849,1.8848],[22.5386,59.8832,4.3331],[22.5292,59.8818,0.0],[22.5331,59.8801,0.0],[22.5519,59.8807,0.0],[22.5542,59.8821,0.0],[22.5469,59.884,5.8183],[22.5492,59.8857,0.1009],[22.5536,59.8843,0.0],[22.5547,59.8863,0.0],[22.5608,59.8868,0.0],[22.5592,59.8876,2.2525],[22.5597,59.8888,1.6331],[22.5642,59.8879,6.1803],[22.5636,59.8868,0.0],[22.5714,59.8882,0.0],[22.5708,59.8857,1.9946],[22.5725,59.8849,0.0],[22.5803,59.8854,0.0],[22.5836,59.8874,0.8001],[22.5836,59.8888,0.0],[22.5781,59.8904,4.0204],[22.5719,59.8887,0.0],[22.5731,59.8907,0.0],[22.5719,59.8913,0.0],[22.5625,59.8901,5.8049],[22.5597,59.8915,0.8655],[22.5581,59.8899,1.6331]]],
[[[22.4453,59.8815,1.235],[22.4442,59.8804,0.0],[22.4492,59.8818,0.0],[22.4464,59.8821,0.0],[22.4453,59.8815,1.235]]],
[[[22.4197,59.8849,4.809],[22.4208,59.8857,0.0],[22.4169,59.8868,9.9757],[22.4108,59.8851,0.0],[22.4119,59.884,0.0],[22.4197,59.8849,4.809]]],
[[[22.4297,59.8965,4.2228],[22.4114,59.8963,1.4339],[22.4081,59.894,0.0],[22.4136,59.8929,0.0],[22.4131,59.8921,0.0],[22.3958,59.8929,1.1864],[22.3919,59.8907,3.1157],[22.3992,59.889,2.4646],[22.4097,59.8907,2.108],[22.4197,59.8901,0.0],[22.4231,59.8926,0.0],[22.4231,59.8943,1.5493],[22.428,59.8921,3.3919],[22.4375,59.8937,0.0],[22.4364,59.8954,2.0432],[22.4297,59.8965,4.2228]]],
[[[22.4053,59.9024,2.1179],[22.4147,59.9032,0.0],[22.4158,59.904,0.0],[22.4036,59.9038,0.0],[22.4053,59.9024,2.1179]]],
[[[22.5769,59.8915,0.2566],[22.5825,59.8907,0.4666],[22.5825,59.8929,1.2256],[22.5781,59.8935,0.8855],[22.5764,59.8926,0.0],[22.5769,59.8915,0.2566]]],
[[[22.4792,59.8915,0.0],[22.4814,59.8929,0.0],[22.4764,59.8929,0.0],[22.4764,59.891,0.0],[22.4792,59.8915,0.0]]],
[[[22.5703,59.8924,0.7035],[22.5725,59.894,0.0],[22.5658,59.8949,0.0],[22.5692,59.8932,0.7035],[22.5664,59.8918,0.0],[22.5703,59.8924,0.7035]]],
[[[22.5619,59.8957,3.4999],[22.5614,59.8979,3.8091],[22.5547,59.8988,0.0],[22.5564,59.8968,14.4488],[22.5536,59.8951,0.0],[22.5497,59.8957,0.0],[22.5481,59.8929,0.0],[22.5503,59.8913,0.0],[22.5542,59.8929,0.0],[22.5614,59.8921,0.0],[22.5619,59.8957,3.4999]]],
[[[22.5686,59.8982,0.0],[22.5742,59.8976,0.0],[22.5742,59.9001,3.6096],[22.5703,59.9001,0.0],[22.5675,59.8988,0.0],[22.5686,59.8982,0.0]]],
[[[22.5714,59.9035,2.3327],[22.5675,59.9054,1.2759],[22.5631,59.8999,0.0],[22.5664,59.8999,0.0],[22.5681,59.9024,4.6656],[22.5714,59.9035,2.3327]]],
[[[22.4858,59.9035,0.0],[22.4864,59.9063,3.5071],[22.4803,59.9068,1.0627],[22.4797,59.9046,1.5387],[22.4714,59.9032,0.0],[22.4703,59.8993,1.3136],[22.4775,59.9001,0.0],[22.4775,59.9021,2.9273],[22.4842,59.9018,0.0],[22.4858,59.9035,0.0]]],
[[[22.5158,59.9015,1.5047],[22.5192,59.9029,0.0],[22.5197,59.9049,0.0],[22.5103,59.9029,2.1789],[22.5108,59.901,0.3865],[22.5158,59.9015,1.5047]]],
[[[22.5614,59.9065,2.0801],[22.5614,59.9085,3.5742],[22.5586,59.9093,0.0],[22.5581,59.9113,0.0],[22.5553,59.9101,0.0],[22.5569,59.9085,6.5683],[22.5547,59.9079,1.3748],[22.5514,59.9107,0.0],[22.5458,59.9113,0.0],[22.5453,59.9099,0.0],[22.5475,59.909,0.0],[22.5464,59.9068,4.6697],[22.5447,59.9079,0.0],[22.5369,59.9074,0.0],[22.5353,59.9051,0.4798],[22.5319,59.9049,0.4798],[22.5314,59.9026,0.0],[22.5364,59.9012,0.0],[22.5375,59.9024,0.0],[22.5364,59.9038,0.0],[22.5397,59.9032,10.3351],[22.5403,59.9001,5.2968],[22.5331,59.8979,0.0],[22.5369,59.8965,0.0],[22.5381,59.8968,0.0],[22.5375,59.8988,0.0],[22.5397,59.899,5.2968],[22.5397,59.8963,2.1061],[22.5436,59.8949,0.0],[22.5586,59.9024,2.1034],[22.5603,59.906,2.0801],[22.5614,59.9035,0.0],[22.5658,59.9051,0.0],[22.5647,59.9068,0.0],[22.5614,59.9065,2.0801]]],
[[[22.5269,59.9038,2.2976],[22.5275,59.9046,0.0],[22.5225,59.9046,0.8041],[22.5242,59.9035,0.0],[22.5269,59.9038,2.2976]]],
[[[22.4981,59.9087,0.0],[22.4997,59.9101,4.5927],[22.4947,59.911,0.968],[22.4892,59.9087,1.3381],[22.4853,59.909,0.3012],[22.4847,59.9074,4.4541],[22.4931,59.9049,0.0],[22.4981,59.9087,0.0]]],
[[[22.5681,59.9099,0.0],[22.5631,59.9101,0.0],[22.5631,59.9082,0.0],[22.5681,59.9079,0.0],[22.5681,59.9099,0.0]]],
[[[22.4225,59.904,0.944],[22.4208,59.9038,0.0],[22.4258,59.9029,0.0],[22.4253,59.9043,0.0],[22.4225,59.904,0.944]]],
[[[22.4581,59.9032,0.0],[22.4625,59.9051,0.0],[22.4597,59.9057,0.0],[22.4553,59.9026,0.7389],[22.4581,59.9032,0.0]]],
[[[22.4408,59.9051,0.7733],[22.4475,59.9076,0.0],[22.4436,59.9079,1.4042],[22.4381,59.906,1.3662],[22.4375,59.9043,0.0],[22.4336,59.9046,2.0962],[22.4325,59.9018,0.0],[22.4392,59.9015,0.0],[22.4408,59.9026,2.6979],[22.4408,59.9051,0.7733]]],
[[[22.4319,59.9049,0.0],[22.4331,59.906,0.0],[22.4308,59.9071,0.0],[22.4269,59.9065,3.4185],[22.4269,59.9038,3.7923],[22.4319,59.9049,0.0]]],
[[[22.4258,59.9085,0.0],[22.4303,59.9099,0.0],[22.4258,59.9107,0.0],[22.4169,59.909,2.1966],[22.4186,59.9074,3.128],[22.4258,59.9085,0.0]]],
[[[22.4464,59.9087,1.0043],[22.4514,59.9079,0.0],[22.4519,59.9096,0.0],[22.4475,59.9101,1.7294],[22.4464,59.9087,1.0043]]],
[[[22.4558,59.9082,0.0],[22.4597,59.9085,0.0],[22.4597,59.9101,0.0],[22.4531,59.9115,1.052],[22.4525,59.9104,0.0],[22.4553,59.9099,1.8444],[22.4558,59.9082,0.0]]],
[[[22.4469,59.9132,0.0],[22.4508,59.9137,0.0],[22.4497,59.9165,0.0],[22.4475,59.9168,0.0],[22.4481,59.9146,2.8967],[22.4347,59.9146,4.1615],[22.4347,59.9126,1.9349],[22.4381,59.9118,1.6619],[22.4358,59.9099,2.0646],[22.4375,59.9074,6.2894],[22.4408,59.9082,0.0],[22.4419,59.9121,7.2976],[22.4469,59.9132,0.0]]],
[[[22.4869,59.914,0.0],[22.4858,59.9149,0.9772],[22.4892,59.9165,0.0],[22.4819,59.916,1.333],[22.4775,59.9124,0.0],[22.4781,59.9107,0.0],[22.4853,59.9099,0.3012],[22.4936,59.9113,0.0],[22.4869,59.914,0.0]]],
[[[22.5242,59.9176,8.2003],[22.5258,59.9188,0.0],[22.5253,59.9201,0.0],[22.5186,59.9207,0.0],[22.5158,59.9188,0.0],[22.5164,59.9165,0.7794],[22.5136,59.9165,0.0],[22.5108,59.9137,0.0],[22.5136,59.9132,0.0],[22.5181,59.916,1.3876],[22.5219,59.9151,0.0],[22.5242,59.9176,8.2003]]],
[[[22.5364,59.9171,2.6794],[22.5403,59.9196,0.0],[22.5297,59.9188,0.0],[22.5308,59.9149,0.0],[22.5364,59.9171,2.6794]]],
[[[22.5442,59.9212,0.0],[22.5408,59.9218,1.1756],[22.5397,59.9201,0.0],[22.5431,59.9196,0.0],[22.5442,59.9212,0.0]]],
[[[22.2375,59.8985,0.0],[22.2397,59.9001,0.0],[22.2347,59.9004,0.3345],[22.2314,59.899,0.0],[22.2303,59.8968,0.5632],[22.2325,59.8963,0.5632],[22.2375,59.8985,0.0]]],
[[[22.2419,59.8993,0.0],[22.2481,59.9001,0.0],[22.2486,59.9015,0.5947],[22.2419,59.9004,0.0],[22.2419,59.8993,0.0]]],
[[[22.3364,59.8999,0.0],[22.3381,59.901,0.0],[22.3297,59.901,0.8372],[22.3336,59.8996,0.0],[22.3364,59.8999,0.0]]],
[[[22.2331,59.9024,0.0],[22.2369,59.9021,3.7875],[22.2386,59.9038,0.0],[22.2325,59.904,0.0],[22.2331,59.9024,0.0]]],
[[[22.3586,59.9001,0.0],[22.3553,59.9021,0.0],[22.3525,59.9012,2.8092],[22.3525,59.8999,1.3458],[22.3553,59.8988,9.9458],[22.3586,59.8988,0.0],[22.3586,59.9001,0.0]]],
[[[22.3614,59.8993,0.0],[22.3675,59.9001,3.7866],[22.3675,59.9015,0.0],[22.3619,59.9015,0.0],[22.3603,59.9001,0.0],[22.3614,59.8993,0.0]]],
[[[22.3814,59.9029,0.0],[22.3847,59.9051,0.0],[22.3775,59.9038,0.0],[22.3786,59.9024,0.8485],[22.3814,59.9029,0.0]]],
[[[22.3875,59.9049,0.6662],[22.3914,59.9043,0.0],[22.3925,59.9054,0.0],[22.3886,59.9057,0.0],[22.3875,59.9049,0.6662]]],
[[[22.3347,59.9032,0.0],[22.3364,59.904,1.423],[22.3325,59.9051,5.35],[22.3297,59.9038,0.0],[22.3308,59.9026,1.9465],[22.3347,59.9032,0.0]]],
[[[22.2308,59.9068,0.6634],[22.2314,59.9057,0.6634],[22.2353,59.9057,0.0],[22.2353,59.9068,0.0],[22.2308,59.9068,0.6634]]],
[[[22.3203,59.9063,0.0],[22.3231,59.9057,0.0],[22.3253,59.9074,0.0],[22.3192,59.9071,0.0],[22.3203,59.9063,0.0]]],
[[[22.2747,59.9168,0.0],[22.2786,59.9165,0.0],[22.2792,59.9188,0.0],[22.2714,59.9182,0.0],[22.2747,59.9168,0.0]]],
[[[22.3786,59.9054,0.0],[22.3814,59.9063,0.0],[22.3753,59.9071,0.0],[22.3758,59.9063,0.0],[22.3786,59.9054,0.0]]],
[[[22.3858,59.9235,1.5322],[22.3742,59.9251,1.0711],[22.3708,59.9218,9.2854],[22.3631,59.9185,0.0],[22.3631,59.9165,8.1377],[22.3542,59.9129,0.0],[22.3547,59.9104,9.6668],[22.3497,59.9079,0.0],[22.3492,59.9063,0.0],[22.3564,59.9035,0.0],[22.3647,59.904,1.1977],[22.3664,59.9049,1.1977],[22.3664,59.9074,7.962],[22.3731,59.9079,0.0],[22.3786,59.9129,0.0],[22.3775,59.9093,1.4472],[22.3797,59.9076,1.5465],[22.3997,59.9051,0.0],[22.4008,59.9099,0.0],[22.4047,59.911,0.0],[22.4036,59.9146,0.0],[22.3958,59.9154,4.9094],[22.3892,59.9135,2.0268],[22.3897,59.9146,0.0],[22.3864,59.9157,0.0],[22.382,59.9151,1.6041],[22.3825,59.9171,4.884],[22.3853,59.9182,0.0],[22.3842,59.9215,1.7782],[22.3869,59.9224,1.5322],[22.3858,59.9235,1.5322]]],
[[[22.3903,59.9171,0.0],[22.3942,59.9165,0.0],[22.3958,59.9185,0.0],[22.3869,59.9179,0.0],[22.3903,59.9171,0.0]]],
[[[22.3453,59.9196,1.2556],[22.3475,59.9196,0.0],[22.3497,59.9218,3.5659],[22.3442,59.9212,2.774],[22.3453,59.9196,1.2556]]],
[[[22.4675,59.9124,0.0],[22.4692,59.9124,0.0],[22.4686,59.914,1.3066],[22.4703,59.9151,0.0],[22.4658,59.9151,0.0],[22.4669,59.9137,0.0],[22.4636,59.911,1.5724],[22.4664,59.911,1.5724],[22.4675,59.9124,0.0]]],
[[[22.4092,59.914,0.0],[22.4114,59.9143,0.0],[22.4119,59.9151,0.0],[22.4075,59.9157,0.0],[22.4092,59.914,0.0]]],
[[[22.4175,59.9146,0.0],[22.4203,59.9154,0.0],[22.4208,59.9163,0.8711],[22.4158,59.9151,0.0],[22.4175,59.9146,0.0]]],
[[[22.4214,59.9182,0.0],[22.4275,59.9204,0.0],[22.4275,59.9218,0.0],[22.4181,59.9215,2.8954],[22.4131,59.9182,1.4563],[22.4131,59.9168,0.677],[22.4175,59.9165,2.2738],[22.4214,59.9182,0.0]]],
[[[22.4875,59.9212,0.0],[22.4908,59.921,0.0],[22.4908,59.9226,0.0],[22.4869,59.9226,0.0],[22.4875,59.9212,0.0]]],
[[[22.5353,59.9224,0.0],[22.5364,59.9235,0.0],[22.5325,59.9246,0.0],[22.5269,59.9235,0.0],[22.5292,59.9215,0.0],[22.5353,59.9224,0.0]]],
[[[22.5203,59.9229,0.0],[22.5236,59.924,1.5486],[22.5231,59.9263,0.0],[22.5197,59.926,0.0],[22.5203,59.9229,0.0]]],
[[[22.4981,59.9315,0.0],[22.4947,59.9349,0.0],[22.4908,59.934,0.0],[22.4908,59.929,0.0],[22.4936,59.9271,2.6646],[22.4975,59.9282,0.0],[22.4981,59.9315,0.0]]],
[[[22.4414,59.9263,0.0],[22.4453,59.9263,0.0],[22.4458,59.9274,0.0],[22.4431,59.9279,0.0],[22.4414,59.9263,0.0]]],
[[[22.4314,59.9263,0.0],[22.4308,59.9249,0.0],[22.4336,59.9257,0.3105],[22.4336,59.9293,0.0],[22.4308,59.9287,0.0],[22.4314,59.9263,0.0]]],
[[[22.4397,59.9324,5.3422],[22.4436,59.9324,1.583],[22.4436,59.934,0.0],[22.4408,59.9351,2.5603],[22.4392,59.9338,2.5603],[22.4397,59.9324,5.3422]]],
[[[22.4331,59.9343,0.0],[22.4381,59.9332,0.0],[22.4369,59.936,0.0],[22.4336,59.936,0.0],[22.4331,59.9343,0.0]]],
[[[22.5031,59.9538,0.0],[22.4986,59.9554,3.4578],[22.4958,59.9538,0.0],[22.4964,59.9512,15.1317],[22.4936,59.9493,0.0],[22.4919,59.9451,0.0],[22.4903,59.9365,0.0],[22.4969,59.936,3.9767],[22.4969,59.934,2.2006],[22.5008,59.9299,0.0],[22.4981,59.9265,5.7197],[22.4897,59.9249,0.0],[22.4953,59.9221,0.6989],[22.4875,59.919,1.2584],[22.4886,59.9174,2.9194],[22.4953,59.9188,2.6236],[22.5036,59.9229,0.6419],[22.5053,59.9229,0.0],[22.5075,59.919,3.4874],[22.5119,59.9179,0.0],[22.5114,59.919,7.5373],[22.5158,59.9235,0.0],[22.5119,59.9243,0.0],[22.5092,59.9229,2.2673],[22.5092,59.924,0.0],[22.5175,59.9279,0.0],[22.5164,59.9301,4.9047],[22.5181,59.9329,0.0],[22.5153,59.9346,0.0],[22.5219,59.9365,0.0],[22.5192,59.9415,0.0],[22.5147,59.9429,11.8139],[22.5158,59.9451,0.0],[22.5031,59.9515,2.5114],[22.5058,59.9538,0.0],[22.5031,59.9538,0.0]]],
[[[22.5758,59.9368,0.0],[22.5769,59.9385,0.0],[22.5714,59.9399,1.3953],[22.5669,59.9385,0.9111],[22.5703,59.9374,0.9111],[22.5714,59.9351,0.0],[22.5758,59.9351,0.0],[22.5758,59.9368,0.0]]],
[[[22.4764,59.9435,0.0],[22.4814,59.9432,0.0],[22.4819,59.9443,0.0],[22.4781,59.9457,0.0],[22.4764,59.9435,0.0]]],
[[[22.5414,59.9435,0.0],[22.5419,59.9446,0.0],[22.5369,59.946,0.0],[22.5331,59.9451,0.0],[22.5397,59.9429,0.0],[22.5414,59.9435,0.0]]],
[[[22.4636,59.9601,0.0],[22.4586,59.9629,0.0],[22.4569,59.9621,0.0],[22.4569,59.9574,0.0],[22.4497,59.9549,7.8226],[22.4475,59.9521,1.792],[22.4492,59.949,7.3631],[22.4547,59.9493,0.0],[22.4547,59.9476,0.456],[22.4508,59.9476,0.0],[22.4497,59.9463,3.6378],[22.4542,59.9415,0.0],[22.4542,59.9393,0.0],[22.4581,59.9371,1.5621],[22.4642,59.9379,5.3618],[22.4592,59.9332,0.0],[22.4597,59.9304,10.3125],[22.4564,59.9285,0.0],[22.4581,59.924,1.2825],[22.4642,59.9249,12.7021],[22.4658,59.9232,0.0],[22.4614,59.924,0.0],[22.4569,59.9226,7.9532],[22.4542,59.9265,1.3143],[22.4458,59.9229,0.0],[22.4453,59.9188,1.9566],[22.4464,59.9182,0.0],[22.4553,59.9207,4.2039],[22.4553,59.919,2.7549],[22.4525,59.9179,6.2706],[22.4525,59.9149,2.6318],[22.4581,59.9126,0.0],[22.4592,59.9163,1.7523],[22.4669,59.919,10.7716],[22.4692,59.9215,0.9195],[22.473,59.921,1.1231],[22.4714,59.9174,0.0],[22.4758,59.9185,0.0],[22.4781,59.9163,0.776],[22.4803,59.9165,0.0],[22.4808,59.9188,0.0],[22.4847,59.9193,0.0],[22.4825,59.9212,0.0],[22.4864,59.9238,0.0],[22.4864,59.9254,0.0],[22.4825,59.9268,2.9852],[22.4786,59.9243,0.0],[22.4775,59.926,7.7733],[22.4814,59.9265,0.0],[22.4831,59.9285,0.0],[22.4892,59.9282,2.4248],[22.4875,59.9318,1.1849],[22.4853,59.9326,0.0],[22.4869,59.9357,0.0],[22.4819,59.9346,0.7122],[22.4825,59.9379,0.0],[22.4808,59.9407,4.0483],[22.4831,59.9407,1.8614],[22.4819,59.9424,0.0],[22.4792,59.941,0.0],[22.4714,59.9418,2.4588],[22.4697,59.939,1.5861],[22.4653,59.9435,1.3651],[22.4614,59.9404,4.6285],[22.4608,59.9426,5.0667],[22.463,59.9451,0.0],[22.4608,59.9488,0.0],[22.4642,59.9501,0.0],[22.4625,59.9515,0.7397],[22.463,59.9535,0.0],[22.4597,59.9549,0.0],[22.4647,59.9571,0.0],[22.4653,59.9588,0.0],[22.4636,59.9601,0.0]]],
[[[22.4392,59.9413,4.1454],[22.4442,59.9401,0.0],[22.4442,59.9432,2.2293],[22.4397,59.9426,0.0],[22.4392,59.9413,4.1454]]],
[[[22.4675,59.9432,0.0],[22.4714,59.9426,0.0],[22.4736,59.944,0.0],[22.4697,59.9451,0.0],[22.4675,59.9432,0.0]]],
[[[22.4442,59.9451,0.0],[22.4408,59.9482,0.0],[22.4386,59.9482,0.0],[22.4386,59.9465,0.0],[22.4414,59.9463,0.0],[22.4414,59.9449,0.0],[22.4442,59.9451,0.0]]],
[[[22.4881,59.9465,0.0],[22.4847,59.9465,0.0],[22.4836,59.9454,0.0],[22.4869,59.9454,0.0],[22.4881,59.9465,0.0]]],
[[[22.5864,59.9538,1.7175],[22.588,59.9557,0.0],[22.5864,59.9568,2.3702],[22.5831,59.9565,0.0],[22.5831,59.9546,2.6411],[22.5686,59.9562,0.0],[22.5675,59.9551,2.6938],[22.5692,59.9546,2.6938],[22.5647,59.954,0.0],[22.5658,59.9526,0.0],[22.5592,59.9521,2.1494],[22.5614,59.9507,0.0],[22.5558,59.9501,0.9834],[22.5542,59.9474,1.2759],[22.5503,59.9471,0.0],[22.5492,59.9451,0.0],[22.5547,59.9457,2.6504],[22.5558,59.944,0.7218],[22.5619,59.944,0.9798],[22.5708,59.9451,0.0],[22.5875,59.9499,0.0],[22.5825,59.9521,5.9659],[22.5864,59.9538,1.7175]]],
[[[22.4797,59.9543,7.1239],[22.4792,59.9571,0.0],[22.4753,59.9579,2.7671],[22.4725,59.9568,4.8807],[22.4719,59.9535,1.9469],[22.4781,59.9496,1.3447],[22.4847,59.949,0.0],[22.4847,59.9515,0.0],[22.4797,59.9524,5.9935],[22.4797,59.9543,7.1239]]],
[[[22.4925,59.9574,5.5482],[22.4969,59.9562,0.0],[22.4953,59.9588,0.0],[22.4925,59.9588,0.0],[22.4925,59.9574,5.5482]]],
[[[22.4364,59.9476,3.5672],[22.4386,59.9513,1.7733],[22.4319,59.9513,0.0],[22.4336,59.949,0.5572],[22.4314,59.9479,0.0],[22.4314,59.9443,0.0],[22.4342,59.9424,0.0],[22.4381,59.9426,0.0],[22.4358,59.9457,0.9679],[22.4364,59.9476,3.5672]]],
[[[22.4697,59.949,2.0097],[22.4708,59.9476,1.2054],[22.473,59.9476,0.0],[22.4714,59.9507,0.0],[22.4697,59.949,2.0097]]],
[[[22.4508,59.9851,0.0],[22.4481,59.9876,0.0],[22.4408,59.9879,0.0],[22.4369,59.9846,3.7213],[22.4347,59.9771,0.0],[22.4364,59.9693,0.0],[22.4336,59.9715,8.5833],[22.4319,59.9774,0.0],[22.4269,59.9785,5.9825],[22.428,59.9804,0.0],[22.4319,59.981,3.192],[22.4308,59.9826,1.6941],[22.4247,59.9813,4.8648],[22.4208,59.976,1.2579],[22.4169,59.9746,5.8641],[22.4125,59.9685,1.0063],[22.4164,59.966,12.6885],[22.4114,59.9671,0.0],[22.4097,59.9649,0.0],[22.4153,59.9637,1.1701],[22.4136,59.9618,1.2181],[22.4169,59.9607,3.9895],[22.4114,59.9613,0.0],[22.4042,59.9588,2.4991],[22.4025,59.9574,2.8739],[22.4036,59.9535,1.894],[22.4019,59.9518,19.089],[22.3953,59.9513,1.2911],[22.3925,59.9479,0.5542],[22.3975,59.939,0.0],[22.3947,59.9371,0.0],[22.3964,59.9335,1.496],[22.3919,59.9313,2.5558],[22.3925,59.9296,1.2821],[22.3953,59.9293,0.0],[22.3992,59.9324,0.9916],[22.3992,59.9296,0.0],[22.4019,59.9274,10.5291],[22.4008,59.9246,0.0],[22.4042,59.9235,10.0869],[22.4053,59.919,0.0],[22.4136,59.9204,0.0],[22.4153,59.924,0.0],[22.4258,59.9238,0.0],[22.4264,59.9246,0.0],[22.4236,59.9254,0.0],[22.4264,59.9276,0.0],[22.4286,59.9332,0.0],[22.4264,59.946,0.0],[22.4297,59.9463,0.0],[22.4292,59.9482,0.0],[22.4303,59.9485,0.0],[22.4269,59.9496,0.0],[22.4264,59.9518,0.0],[22.4364,59.9526,0.0],[22.4375,59.954,0.0],[22.4375,59.9557,0.0],[22.4319,59.9557,10.9959],[22.4331,59.9588,1.9835],[22.4369,59.9576,0.0],[22.4397,59.9596,0.0],[22.4453,59.9601,1.1753],[22.4575,59.969,5.1531],[22.4603,59.9688,6.9733],[22.4603,59.966,1.313],[22.4631,59.9643,1.9313],[22.463,59.9626,1.9051],[22.4697,59.9624,0.0],[22.4686,59.9668,5.8306],[22.4708,59.9688,0.0],[22.4681,59.9768,0.0],[22.4625,59.979,0.0],[22.4592,59.9835,0.0],[22.4564,59.9793,0.0],[22.4614,59.9776,6.2242],[22.4614,59.9754,11.1161],[22.4581,59.9771,0.0],[22.4547,59.9768,0.9182],[22.4531,59.9746,3.5906],[22.4503,59.9751,6.3785],[22.4508,59.9785,3.2336],[22.4542,59.9813,0.0],[22.4542,59.9837,0.0],[22.4508,59.9851,0.0]]],
[[[22.4458,59.9593,1.1753],[22.4442,59.9576,0.0],[22.4486,59.9576,0.0],[22.4486,59.959,0.0],[22.4458,59.9593,1.1753]]],
[[[22.4925,59.9604,0.0],[22.4936,59.9596,0.0],[22.4964,59.9596,0.0],[22.4947,59.9618,0.0],[22.4925,59.9604,0.0]]],
[[[22.4836,59.9657,0.0],[22.4836,59.9676,0.9476],[22.4814,59.9693,0.0],[22.4747,59.9668,2.5983],[22.4769,59.961,0.0],[22.4803,59.9593,2.9324],[22.4825,59.9596,0.0],[22.4819,59.9626,0.0],[22.4836,59.9657,0.0]]],
[[[22.4881,59.9654,0.0],[22.4919,59.966,3.1956],[22.4919,59.9693,0.0],[22.4897,59.9696,0.0],[22.4869,59.9668,3.0076],[22.4881,59.9654,0.0]]],
[[[22.5358,59.9885,1.2193],[22.5381,59.9901,0.0],[22.5308,59.9901,8.5016],[22.5303,59.9921,0.0],[22.5269,59.991,0.0],[22.5281,59.9874,0.0],[22.5175,59.9885,10.5223],[22.5086,59.9865,0.0],[22.5175,59.989,0.0],[22.5175,59.9904,0.0],[22.5131,59.9915,5.6902],[22.5064,59.9912,0.0],[22.5003,59.9888,0.0],[22.5019,59.9868,0.0],[22.5058,59.9876,0.5296],[22.5036,59.9868,0.0],[22.5047,59.9849,4.9516],[22.4997,59.9829,0.0],[22.5008,59.9815,2.1909],[22.4997,59.9799,0.0],[22.5025,59.9793,8.1125],[22.5014,59.9771,0.0],[22.5058,59.9763,1.186],[22.4992,59.971,0.0],[22.5019,59.9701,0.0],[22.5019,59.9685,0.0],[22.4997,59.9679,0.0],[22.5019,59.9671,0.0],[22.5008,59.9629,0.0],[22.5025,59.9615,1.8113],[22.5014,59.9604,0.0],[22.5058,59.9601,0.0],[22.5086,59.9579,0.0],[22.5136,59.9579,0.0],[22.5208,59.9593,0.0],[22.5203,59.9607,1.0868],[22.5219,59.9618,0.0],[22.5269,59.9613,0.0],[22.5219,59.9607,0.0],[22.5231,59.9585,8.5197],[22.5153,59.9582,1.0524],[22.5131,59.9549,0.0],[22.5225,59.9529,0.7763],[22.5219,59.9515,1.4695],[22.5269,59.9499,0.0],[22.5264,59.9465,0.0],[22.5297,59.946,0.0],[22.5397,59.9471,0.0],[22.5419,59.9543,2.469],[22.5503,59.9538,0.0],[22.5481,59.9524,0.0],[22.5497,59.9515,0.0],[22.5619,59.9532,0.0],[22.5575,59.9549,0.0],[22.5692,59.9571,4.5827],[22.5708,59.9579,0.0],[22.5686,59.9593,1.3152],[22.5697,59.9601,1.3152],[22.5769,59.9607,0.0],[22.5764,59.9632,1.588],[22.5725,59.9637,1.0744],[22.5892,59.9665,0.0],[22.5797,59.9693,0.0],[22.5725,59.969,0.0],[22.5725,59.9674,0.0],[22.5686,59.969,0.0],[22.5558,59.9671,0.0],[22.5547,59.9682,0.0],[22.5558,59.9699,0.0],[22.5603,59.971,0.0],[22.5603,59.9735,0.0],[22.5569,59.9749,0.2021],[22.5603,59.9774,2.0076],[22.5664,59.9774,5.5196],[22.5614,59.9735,0.0],[22.5703,59.9718,0.0],[22.5819,59.9729,0.8046],[22.5875,59.9774,0.0],[22.5864,59.979,0.0],[22.5747,59.9793,0.0],[22.5775,59.9776,4.6764],[22.5753,59.9762,7.7573],[22.5703,59.9793,0.0],[22.5742,59.981,0.0],[22.5725,59.9837,0.0],[22.5614,59.9801,5.1043],[22.5603,59.9824,1.7311],[22.5542,59.9843,3.1524],[22.5608,59.9843,6.86],[22.5597,59.9832,1.5503],[22.5631,59.9826,0.0],[22.5653,59.984,0.0],[22.5653,59.9871,0.0],[22.5569,59.9912,0.0],[22.5486,59.9912,0.0],[22.5369,59.9879,1.2193],[22.5469,59.9846,7.2649],[22.5314,59.9871,5.3276],[22.5358,59.9885,1.2193]]],
[[[22.2664,59.9212,0.4123],[22.2753,59.921,0.0],[22.2764,59.9226,0.0],[22.2575,59.9218,0.0],[22.2619,59.9204,0.0],[22.2664,59.9212,0.4123]]],
[[[22.2669,59.9249,0.0],[22.2692,59.9243,0.0],[22.2725,59.9246,0.0],[22.2714,59.926,0.0],[22.2669,59.9249,0.0]]],
[[[22.2642,59.9307,0.5909],[22.2669,59.9332,3.103],[22.2575,59.9315,0.0],[22.2536,59.9282,3.8614],[22.2575,59.9265,0.5528],[22.2642,59.9307,0.5909]]],
[[[22.2914,59.931,3.8636],[22.2942,59.9332,3.3499],[22.2869,59.9321,0.9445],[22.2875,59.9304,0.0],[22.2914,59.931,3.8636]]],
[[[22.2808,59.936,2.1098],[22.2747,59.9379,0.0],[22.2714,59.9371,0.0],[22.2725,59.9332,0.0],[22.2781,59.9335,0.0],[22.2808,59.936,2.1098]]],
[[[22.2558,59.9351,0.0],[22.2592,59.9346,1.0068],[22.2608,59.9371,0.0],[22.2575,59.9368,0.0],[22.2558,59.9351,0.0]]],
[[[22.2342,59.9379,0.0],[22.2347,59.9393,0.0],[22.2319,59.9393,0.0],[22.2314,59.9371,0.0],[22.2342,59.9374,0.0],[22.2342,59.9379,0.0]]],
[[[22.2664,59.9385,0.0],[22.2703,59.9385,0.0],[22.2703,59.9393,0.0],[22.2664,59.9401,0.0],[22.2664,59.9385,0.0]]],
[[[22.2669,59.9535,0.0],[22.2653,59.9524,0.0],[22.2703,59.9529,0.0],[22.2686,59.9538,0.0],[22.2669,59.9535,0.0]]],
[[[22.2919,59.9618,4.0208],[22.2925,59.9637,10.7406],[22.2903,59.9646,0.0],[22.2869,59.9632,8.9485],[22.2864,59.9615,1.0225],[22.2892,59.9601,11.1017],[22.2847,59.9599,3.6584],[22.2819,59.9557,0.0],[22.2731,59.954,0.0],[22.2731,59.9518,0.0],[22.2769,59.9524,9.6052],[22.2764,59.9513,1.0166],[22.2792,59.9504,0.0],[22.2858,59.9521,9.1158],[22.2831,59.9488,3.0489],[22.2886,59.9485,0.0],[22.2897,59.9526,1.5437],[22.2947,59.9543,2.6184],[22.3075,59.9543,0.0],[22.3064,59.9554,2.1141],[22.3075,59.9568,0.0],[22.3003,59.956,0.0],[22.2981,59.9585,3.5462],[22.2875,59.9554,12.0188],[22.2919,59.959,11.1017],[22.2986,59.961,0.0],[22.2992,59.9626,0.0],[22.2936,59.9612,0.0],[22.2919,59.9618,4.0208]]],
[[[22.2664,59.9582,1.2746],[22.2714,59.9615,1.9811],[22.2619,59.9601,9.222],[22.2642,59.9576,1.2746],[22.2664,59.9582,1.2746]]],
[[[22.3097,59.9596,0.0],[22.3136,59.959,0.0],[22.3147,59.9621,0.0],[22.3131,59.9629,0.0],[22.3092,59.9613,0.0],[22.3097,59.9596,0.0]]],
[[[22.3414,59.9238,0.0],[22.3458,59.9229,0.0],[22.3464,59.9246,1.1505],[22.3431,59.9263,0.0],[22.3414,59.9238,0.0]]],
[[[22.3808,59.9449,0.0],[22.3758,59.9468,2.3539],[22.3747,59.9437,0.0],[22.3758,59.9424,0.0],[22.3736,59.9418,0.0],[22.3747,59.941,0.0],[22.3736,59.9376,0.0],[22.3658,59.9388,0.0],[22.3619,59.9365,2.7774],[22.3625,59.9382,2.2599],[22.3575,59.9379,1.0565],[22.3547,59.9362,1.9703],[22.3575,59.9338,1.3401],[22.3442,59.9276,7.0161],[22.3469,59.9249,1.1505],[22.3514,59.9243,0.0],[22.3497,59.9226,0.0],[22.3608,59.919,1.8257],[22.3664,59.9229,0.0],[22.3625,59.9257,5.6199],[22.3703,59.9251,0.0],[22.3731,59.9304,0.0],[22.3775,59.9324,0.0],[22.3775,59.9351,0.0],[22.3825,59.936,0.0],[22.3825,59.941,0.0],[22.3769,59.9413,0.0],[22.3808,59.9449,0.0]]],
[[[22.3753,59.9965,0.0],[22.3731,59.9987,4.1743],[22.3636,59.999,0.0],[22.3575,59.9982,0.7757],[22.3536,59.9954,0.0],[22.3603,59.9946,3.7892],[22.3597,59.9921,0.8403],[22.3442,59.9932,1.8331],[22.3442,59.9921,1.8331],[22.3475,59.9918,2.3732],[22.3486,59.9896,0.0],[22.3464,59.9874,4.581],[22.3503,59.9818,3.6677],[22.3497,59.9779,4.0114],[22.3453,59.9804,8.3216],[22.3425,59.979,1.7396],[22.3414,59.9746,0.0],[22.3425,59.9735,5.1025],[22.3369,59.9699,0.0],[22.3369,59.9665,0.0],[22.3475,59.966,3.1482],[22.3497,59.9643,0.0],[22.3447,59.9637,2.0265],[22.3458,59.9615,2.1335],[22.3442,59.961,2.1335],[22.3347,59.9621,1.2429],[22.3336,59.9538,0.0],[22.3314,59.9521,0.0],[22.3319,59.9501,16.6596],[22.3297,59.9493,3.8638],[22.3325,59.9443,5.6196],[22.3325,59.941,2.5878],[22.3375,59.9382,0.0],[22.3369,59.9365,0.0],[22.3408,59.9326,0.4242],[22.348,59.9329,0.0],[22.348,59.9346,0.0],[22.3525,59.9385,0.0],[22.3614,59.9415,0.0],[22.3736,59.949,2.0196],[22.3731,59.9524,0.0],[22.3686,59.9532,0.0],[22.3708,59.9543,0.0],[22.3703,59.9618,0.0],[22.3725,59.9649,7.1191],[22.3669,59.966,0.0],[22.3647,59.9646,5.8649],[22.3664,59.9615,6.4047],[22.3547,59.961,1.0756],[22.3525,59.9649,0.0],[22.3592,59.9635,0.0],[22.3636,59.9657,0.0],[22.3619,59.9663,8.6094],[22.3619,59.9685,9.1975],[22.3569,59.9696,0.0],[22.3586,59.9715,0.3566],[22.3547,59.9732,0.2382],[22.3558,59.9749,0.0],[22.3542,59.9754,2.9503],[22.3558,59.9774,8.5553],[22.3586,59.9774,22.287],[22.3625,59.9746,0.0],[22.3664,59.9746,0.0],[22.3669,59.9813,0.0],[22.3647,59.9829,0.0],[22.3653,59.9863,0.0],[22.3636,59.9882,10.2661],[22.3714,59.9888,6.2274],[22.3753,59.9912,0.0],[22.3753,59.9934,0.0],[22.3908,59.9954,0.0],[22.3886,59.9979,1.7753],[22.3853,59.9963,6.5843],[22.3753,59.9965,0.0]]],
[[[22.4036,59.9649,1.2131],[22.4053,59.9676,0.0],[22.4042,59.9693,0.0],[22.4014,59.9696,1.1252],[22.3986,59.9674,0.0],[22.3986,59.9643,0.0],[22.4025,59.9635,0.0],[22.4036,59.9649,1.2131]]],
[[[22.6858,59.9285,0.0],[22.6886,59.9285,0.0],[22.6903,59.929,0.0],[22.6836,59.9301,0.0],[22.6858,59.9285,0.0]]],
[[[22.6064,59.9296,0.0],[22.6058,59.9285,0.0],[22.6158,59.929,0.0],[22.6131,59.9307,0.0],[22.6064,59.9296,0.0]]],
[[[22.6736,59.939,0.0],[22.6725,59.9379,0.0],[22.6775,59.9374,0.0],[22.6775,59.9388,0.0],[22.6736,59.939,0.0]]],
[[[22.7008,59.9393,0.0],[22.6981,59.941,0.0],[22.6953,59.941,0.0],[22.6975,59.9385,0.0],[22.7008,59.9393,0.0]]],
[[[22.7242,59.9393,8.3684],[22.7275,59.9401,0.0],[22.7214,59.9413,0.0],[22.7153,59.9379,1.6751],[22.7247,59.9346,0.0],[22.7275,59.9351,0.0],[22.7275,59.9371,0.0],[22.723,59.9385,8.1945],[22.7242,59.9393,8.3684]]],
[[[22.7875,59.9374,3.239],[22.7903,59.9385,0.0],[22.7908,59.9404,0.0],[22.7825,59.9382,3.1853],[22.7842,59.9371,3.1853],[22.7875,59.9374,3.239]]],
[[[22.7414,59.9393,0.0],[22.7436,59.9415,0.0],[22.7414,59.9421,0.0],[22.7369,59.9399,0.0],[22.7403,59.9382,0.0],[22.7414,59.9393,0.0]]],
[[[22.7342,59.9415,0.0],[22.7381,59.9413,0.0],[22.7392,59.9424,0.0],[22.7364,59.9429,0.0],[22.7342,59.9415,0.0]]],
[[[22.7236,59.9454,0.0],[22.7247,59.9468,0.0],[22.7186,59.9482,1.692],[22.7097,59.9463,0.0],[22.7064,59.9429,13.9991],[22.7025,59.9421,0.0],[22.7025,59.9404,0.0],[22.7075,59.9401,2.4475],[22.7075,59.939,2.4475],[22.7025,59.9388,0.0],[22.7019,59.9343,0.0],[22.7069,59.9332,0.0],[22.7081,59.9349,0.0],[22.7064,59.9368,0.0],[22.7136,59.9382,0.0],[22.7147,59.9401,0.0],[22.7136,59.9415,0.6081],[22.7197,59.9415,0.0],[22.7236,59.9454,0.0]]],
[[[22.6058,59.9479,2.2909],[22.5953,59.9496,0.0],[22.5908,59.9482,0.0],[22.5903,59.9451,0.0],[22.5981,59.9437,0.0],[22.6036,59.9407,1.6969],[22.6036,59.939,0.0],[22.6114,59.9376,0.9733],[22.6131,59.936,0.0],[22.6208,59.9371,10.2015],[22.6214,59.936,0.0],[22.617,59.9354,0.0],[22.6164,59.9338,0.0],[22.6208,59.9321,6.4662],[22.6281,59.9321,0.0],[22.6286,59.934,5.3266],[22.6319,59.9349,0.0],[22.6314,59.9368,2.3411],[22.6175,59.9415,7.7662],[22.6058,59.9479,2.2909]]],
[[[22.5831,59.9443,0.0],[22.5836,59.9432,0.0],[22.5897,59.9435,0.0],[22.5875,59.9451,1.3389],[22.5831,59.9443,0.0]]],
[[[22.6975,59.9515,0.0],[22.7014,59.9524,5.2645],[22.7008,59.9562,0.0],[22.6981,59.9565,0.0],[22.6947,59.954,1.2908],[22.6975,59.9515,0.0]]],
[[[22.7564,59.9424,3.6743],[22.7542,59.9429,3.6743],[22.7525,59.946,1.8534],[22.7469,59.9435,0.0],[22.7497,59.9401,0.0],[22.7536,59.9401,0.0],[22.7564,59.9424,3.6743]]],
[[[22.7458,59.9451,0.0],[22.7481,59.9479,0.0],[22.7442,59.9482,0.0],[22.7397,59.9457,2.0374],[22.7397,59.9443,5.0853],[22.7431,59.9435,0.0],[22.7458,59.9451,0.0]]],
[[[22.7136,59.9493,2.0479],[22.7164,59.9493,2.1389],[22.7169,59.9501,0.0],[22.7114,59.9515,0.0],[22.7136,59.9493,2.0479]]],
[[[22.7253,59.9554,5.0398],[22.7136,59.9576,0.7069],[22.7119,59.9565,0.0],[22.7119,59.954,0.0],[22.7186,59.9504,0.0],[22.7208,59.9501,0.0],[22.7219,59.9518,1.8624],[22.7286,59.9488,1.0648],[22.7314,59.949,0.0],[22.7303,59.9524,0.0],[22.7253,59.9554,5.0398]]],
[[[22.768,59.954,7.4039],[22.7719,59.9546,0.0],[22.7703,59.9571,0.0],[22.7669,59.9571,1.4417],[22.7647,59.9549,3.4458],[22.768,59.954,7.4039]]],
[[[22.7253,59.9579,0.0],[22.7197,59.9613,0.0],[22.7125,59.961,0.0],[22.7125,59.9596,2.4085],[22.7158,59.9582,0.0],[22.7219,59.9571,2.2331],[22.7253,59.9579,0.0]]],
[[[22.7703,59.9582,0.0],[22.7714,59.959,0.0],[22.7692,59.9618,0.0],[22.7669,59.9618,0.0],[22.7653,59.9599,2.3265],[22.7653,59.9582,1.4417],[22.7703,59.9582,0.0]]],
[[[22.7603,59.9607,1.7196],[22.7625,59.9607,0.0],[22.7614,59.9635,0.6696],[22.7564,59.9635,4.2621],[22.7547,59.9649,0.0],[22.7547,59.9621,4.2621],[22.7603,59.9607,1.7196]]],
[[[22.6403,59.9557,0.0],[22.6442,59.9554,2.9215],[22.6458,59.9571,0.0],[22.6447,59.9582,0.0],[22.6414,59.9571,0.0],[22.6325,59.9579,0.0],[22.6325,59.9571,0.0],[22.6403,59.9557,0.0]]],
[[[22.6475,59.956,0.3855],[22.6503,59.9557,0.0],[22.6531,59.9585,0.0],[22.6486,59.9588,0.0],[22.6469,59.9579,0.0],[22.6475,59.956,0.3855]]],
[[[22.5803,59.9574,0.0],[22.5853,59.9576,0.0],[22.5853,59.9588,0.0],[22.5797,59.9596,0.0],[22.5803,59.9574,0.0]]],
[[[22.6153,59.9954,4.1316],[22.6075,59.9968,1.7696],[22.6053,59.996,0.0],[22.6058,59.994,0.0],[22.6025,59.9951,0.0],[22.6025,59.9965,0.0],[22.5986,59.9951,0.0],[22.5992,59.9932,1.0229],[22.5975,59.9921,0.0],[22.6019,59.9904,4.7858],[22.6003,59.9879,0.0],[22.6019,59.9863,0.0],[22.6092,59.9863,0.0],[22.607,59.9829,1.8431],[22.6003,59.9821,0.0],[22.5992,59.9804,2.7437],[22.6003,59.979,2.7437],[22.5986,59.9788,0.0],[22.5997,59.9765,0.8425],[22.6025,59.9757,8.1477],[22.6003,59.974,0.0],[22.6003,59.9712,0.0],[22.6036,59.9693,0.0],[22.6092,59.9699,0.0],[22.6069,59.9682,0.0],[22.6092,59.9651,5.0621],[22.6036,59.9657,0.0],[22.5958,59.9637,0.0],[22.5947,59.9615,4.6988],[22.5864,59.9607,0.0],[22.5869,59.9571,1.6407],[22.5886,59.9562,0.0],[22.5903,59.9579,1.6796],[22.5914,59.9565,10.1847],[22.5897,59.9554,0.0],[22.5953,59.9521,1.5045],[22.6031,59.9515,0.0],[22.6047,59.9488,0.0],[22.6347,59.9362,0.0],[22.6447,59.9379,2.8728],[22.6536,59.9374,1.2623],[22.6519,59.9404,5.4071],[22.6603,59.9407,0.0],[22.6608,59.939,0.0],[22.6642,59.939,1.3427],[22.6719,59.9407,0.0],[22.6575,59.9471,0.0],[22.6447,59.9463,2.3072],[22.6408,59.9437,10.7128],[22.6247,59.949,4.2188],[22.6264,59.9496,6.2802],[22.6414,59.9474,4.8375],[22.6569,59.9479,0.0],[22.6569,59.9493,0.0],[22.6536,59.9504,1.0338],[22.6575,59.9521,0.0],[22.6486,59.9546,0.0],[22.6219,59.9549,5.4528],[22.6303,59.9571,0.0],[22.6303,59.959,0.0],[22.6264,59.9613,2.3559],[22.6336,59.9613,0.0],[22.6308,59.9593,0.0],[22.6347,59.9588,0.0],[22.6486,59.9618,0.0],[22.6492,59.9635,0.0],[22.6447,59.9665,0.0],[22.6442,59.9693,0.0],[22.6408,59.9699,0.0],[22.6408,59.9715,0.4581],[22.6436,59.9724,0.0],[22.6403,59.9763,3.8249],[22.633,59.9788,0.0],[22.6325,59.9807,0.0],[22.6247,59.9843,0.0],[22.6281,59.9863,0.0],[22.6286,59.9888,0.0],[22.633,59.9896,0.0],[22.6319,59.9921,0.0],[22.6231,59.9926,0.0],[22.6231,59.9943,0.7253],[22.6258,59.9951,0.0],[22.6247,59.9963,0.0],[22.6175,59.9943,4.1316],[22.6153,59.9954,4.1316]]],
[[[22.6542,59.9679,0.0],[22.6553,59.969,0.0],[22.6525,59.9704,2.1492],[22.6492,59.969,2.1492],[22.6525,59.9674,0.0],[22.6542,59.9679,0.0]]],
[[[22.7164,59.9701,0.0],[22.7081,59.9718,4.0552],[22.7047,59.9693,0.561],[22.7142,59.9676,3.2717],[22.7164,59.9701,0.0]]],
[[[22.6847,59.9707,2.9991],[22.6769,59.9724,0.0],[22.6747,59.9712,0.0],[22.6786,59.9685,0.0],[22.6875,59.9699,3.0689],[22.6847,59.9707,2.9991]]],
[[[22.7136,59.9724,1.9852],[22.7169,59.9732,0.0],[22.7025,59.9735,1.3998],[22.7042,59.9721,7.0686],[22.7136,59.9724,1.9852]]],
[[[22.7386,59.964,4.4654],[22.7414,59.966,0.0],[22.7347,59.9651,0.0],[22.7358,59.9632,0.0],[22.7386,59.964,4.4654]]],
[[[22.7397,59.9699,0.0],[22.7419,59.971,0.0],[22.7392,59.9724,0.0],[22.7358,59.9718,0.9103],[22.7358,59.971,0.9103],[22.7397,59.9699,0.0]]],
[[[22.7297,59.9721,0.0],[22.723,59.974,0.0],[22.7242,59.9715,0.0],[22.7286,59.9704,0.0],[22.7342,59.9715,0.0],[22.7325,59.9729,0.0],[22.7297,59.9721,0.0]]],
[[[22.7392,59.979,0.0],[22.7353,59.9807,0.0],[22.7181,59.9801,0.7539],[22.7181,59.9787,0.0],[22.7225,59.9779,0.0],[22.7236,59.976,1.7556],[22.7342,59.9768,0.0],[22.7358,59.9757,2.3526],[22.7347,59.9732,0.0],[22.7453,59.974,0.0],[22.7453,59.9771,0.0],[22.7392,59.979,0.0]]],
[[[22.692,59.974,0.0],[22.6842,59.9757,0.0],[22.6764,59.9751,0.0],[22.6769,59.9735,0.0],[22.6853,59.9712,2.9991],[22.6908,59.9715,0.0],[22.692,59.974,0.0]]],
[[[22.7147,59.9815,0.0],[22.7108,59.9821,0.7384],[22.7092,59.9843,0.0],[22.7019,59.9829,0.0],[22.6986,59.9799,0.0],[22.7058,59.9779,2.5465],[22.6992,59.9776,0.0],[22.6986,59.9749,0.0],[22.7064,59.9746,0.0],[22.7081,59.9754,0.0],[22.7069,59.9765,0.0],[22.7092,59.9768,0.0],[22.7114,59.976,0.6501],[22.7092,59.9749,0.0],[22.7131,59.9746,1.15],[22.7147,59.9815,0.0]]],
[[[22.6508,59.9793,0.0],[22.6486,59.9813,0.0],[22.6436,59.9807,0.0],[22.6486,59.9785,0.0],[22.6508,59.9793,0.0]]],
[[[22.6858,59.9796,0.8854],[22.6881,59.9807,0.0],[22.6797,59.9804,1.176],[22.6808,59.9793,1.176],[22.6858,59.9796,0.8854]]],
[[[22.7264,59.9818,0.0],[22.7281,59.981,2.6681],[22.7319,59.9813,0.0],[22.7308,59.9824,0.0],[22.7264,59.9818,0.0]]],
[[[22.7514,59.9826,1.858],[22.7531,59.984,0.0],[22.7447,59.9849,0.0],[22.7425,59.9837,1.2165],[22.7453,59.9821,9.8847],[22.7514,59.9826,1.858]]],
[[[22.7403,59.9921,0.0],[22.7353,59.9924,0.0],[22.7353,59.9915,0.0],[22.7403,59.9912,0.0],[22.7403,59.9921,0.0]]],
[[[22.7525,59.9929,0.0],[22.7586,59.9932,0.0],[22.7586,59.996,0.0],[22.7564,59.9987,2.9742],[22.7508,59.9987,7.5839],[22.7403,59.9957,0.0],[22.7397,59.9943,1.5403],[22.7425,59.9915,0.0],[22.7475,59.9915,0.0],[22.7453,59.994,2.5936],[22.7464,59.9946,2.5936],[22.7525,59.9929,0.0]]],
[[[22.6597,59.991,0.0],[22.6581,59.9912,0.4848],[22.6592,59.9932,0.0],[22.6581,59.994,0.0],[22.6531,59.9926,1.2039],[22.6581,59.9899,0.0],[22.6603,59.9899,0.0],[22.6597,59.991,0.0]]],
[[[22.6981,59.9957,2.6267],[22.6997,59.9974,2.1075],[22.6969,59.999,1.0925],[22.6936,59.9988,0.0],[22.6953,59.9954,0.0],[22.6981,59.9957,2.6267]]],
[[[22.7064,59.9974,10.2726],[22.7136,59.996,0.0],[22.7153,60.0,0.0],[22.7081,59.9999,5.7042],[22.7064,59.9974,10.2726]]],
[[[22.6564,60.0,0.0],[22.6514,60.0,0.0],[22.6514,59.9999,0.0],[22.6553,59.9993,0.0],[22.6564,60.0,0.0]]],
[[[22.7062,60.0,5.7042],[22.7078,60.0,5.7042],[22.7078,60.0016,9.6681],[22.7047,60.0016,10.5577],[22.7047,60.0,0.0],[22.7062,60.0,5.7042]]],
[[[22.6057,60.0214,7.9427],[22.6057,60.0224,6.5542],[22.6026,60.0224,0.0],[22.6026,60.0214,0.0],[22.6057,60.0214,7.9427]]],
[[[22.7454,60.0007,4.9492],[22.7432,60.0009,0.7114],[22.7453,60.0016,7.4866],[22.737,60.0078,25.9173],[22.7292,60.0104,14.7837],[22.7208,60.0104,16.6704],[22.7172,60.0068,0.0],[22.7203,60.0057,17.9945],[22.7193,60.0026,3.7922],[22.7242,59.9985,12.4274],[22.7175,59.999,0.0],[22.7164,59.9968,0.0],[22.7247,59.9912,0.0],[22.7336,59.9921,0.9836],[22.7381,59.9946,0.0],[22.7308,59.9971,0.0],[22.7425,59.9968,2.0299],[22.7445,59.999,4.7556],[22.7486,59.9999,0.0],[22.7454,60.0007,4.9492]]],
[[[22.8271,60.0438,0.0],[22.8234,60.0401,0.0],[22.8266,60.0391,13.5298],[22.8255,60.0359,0.0],[22.8271,60.0354,0.0],[22.8328,60.0359,3.1851],[22.837,60.0422,24.6958],[22.8354,60.0438,18.0161],[22.8271,60.0438,0.0]]],
[[[22.8193,60.0411,10.0044],[22.8203,60.0432,0.0],[22.8161,60.0495,0.0],[22.8083,60.05,4.7871],[22.8042,60.0521,0.0],[22.8005,60.0495,0.0],[22.8036,60.0474,2.7783],[22.8026,60.0443,0.0],[22.8063,60.0396,21.5312],[22.8047,60.0359,0.0],[22.8109,60.0318,0.0],[22.8141,60.0318,20.1313],[22.8193,60.0411,10.0044]]],
[[[22.8125,60.0625,9.885],[22.8203,60.0651,14.2325],[22.8224,60.0703,8.0972],[22.8104,60.0729,3.1314],[22.7964,60.0682,10.5298],[22.7958,60.0667,14.5414],[22.7979,60.0646,7.8125],[22.8036,60.0661,28.8291],[22.8026,60.063,0.0],[22.8042,60.0625,0.0],[22.8125,60.0625,9.885]]],
[[[22.8672,60.0786,1.187],[22.8589,60.0714,0.0],[22.8771,60.0708,0.0],[22.8813,60.075,0.0],[22.8771,60.0792,1.2731],[22.8672,60.0786,1.187]]],
[[[22.8359,60.0755,11.1752],[22.8417,60.075,20.1095],[22.8432,60.0766,0.0],[22.8375,60.0771,25.873],[22.8359,60.0755,11.1752]]],
[[[22.8599,60.0755,9.7204],[22.8599,60.0766,0.0],[22.8568,60.0766,9.1458],[22.8568,60.0755,14.6587],[22.8599,60.0755,9.7204]]],
[[[22.8703,60.1266,0.1662],[22.8693,60.1234,0.0],[22.8708,60.1229,0.0],[22.8745,60.1255,28.6185],[22.8724,60.1286,0.0],[22.8688,60.1292,0.0],[22.8688,60.1271,1.1179],[22.8703,60.1266,0.1662]]],
[[[22.8911,60.1318,11.8007],[22.8896,60.1333,9.9716],[22.8813,60.1333,0.0],[22.8776,60.1297,0.0],[22.8833,60.1292,0.0],[22.8911,60.1318,11.8007]]],
[[[22.7563,60.2479,0.0],[22.7547,60.2464,16.3154],[22.7568,60.2443,0.0],[22.7641,60.2443,8.231],[22.7641,60.2453,15.9667],[22.7563,60.2479,0.0]]],
[[[22.838,60.2526,2.2713],[22.8458,60.25,0.0],[22.8495,60.2536,26.1873],[22.8375,60.2583,3.5754],[22.8318,60.2578,22.4256],[22.838,60.2526,2.2713]]],
[[[22.8167,60.2604,14.8538],[22.813,60.2589,0.0],[22.8214,60.2526,0.0],[22.8307,60.2547,0.0],[22.8255,60.2589,18.1165],[22.8266,60.262,0.0],[22.8167,60.2604,14.8538]]],
[[[22.3047,59.9668,0.0],[22.3081,59.9668,0.0],[22.3086,59.9676,0.0],[22.303,59.9685,0.0],[22.3047,59.9668,0.0]]],
[[[22.2836,59.9679,0.0],[22.2825,59.9674,0.0],[22.2886,59.9671,0.0],[22.2875,59.9688,0.0],[22.2836,59.9679,0.0]]],
[[[22.2686,59.969,0.0],[22.2703,59.9674,0.3619],[22.2725,59.9674,0.0],[22.2708,59.9701,0.0],[22.2686,59.969,0.0]]],
[[[22.3186,59.9696,0.0],[22.3175,59.969,0.0],[22.3236,59.9688,0.0],[22.3225,59.971,0.0],[22.3186,59.9696,0.0]]],
[[[22.2331,59.9746,1.8733],[22.2242,59.9754,0.0],[22.2242,59.9724,0.0],[22.2269,59.9712,2.5383],[22.2186,59.969,0.0],[22.2186,59.9671,2.5503],[22.2308,59.9671,3.6755],[22.2342,59.9696,0.0],[22.2275,59.9707,2.5383],[22.2342,59.9724,3.1945],[22.2331,59.9746,1.8733]]],
[[[22.3025,59.9718,0.9879],[22.2997,59.971,0.9879],[22.3058,59.9707,0.0],[22.3058,59.9718,0.0],[22.3025,59.9718,0.9879]]],
[[[22.3219,59.9718,0.0],[22.3275,59.9715,0.0],[22.3286,59.9729,0.0],[22.3242,59.9729,2.349],[22.3219,59.9718,0.0]]],
[[[22.3258,59.9751,2.5203],[22.3181,59.9768,4.3793],[22.3147,59.9754,0.0],[22.3131,59.9726,1.1594],[22.3158,59.9715,0.0],[22.3203,59.9746,0.0],[22.3275,59.974,2.5203],[22.3258,59.9751,2.5203]]],
[[[22.3792,59.9715,0.0],[22.3786,59.9704,0.0],[22.3814,59.971,0.0],[22.3808,59.9715,0.0],[22.3792,59.9715,0.0]]],
[[[22.3708,59.9701,2.8351],[22.3703,59.9735,0.0],[22.3675,59.9738,0.0],[22.3686,59.9688,0.6075],[22.3719,59.9685,0.0],[22.3708,59.9701,2.8351]]],
[[[22.3897,59.9832,0.0],[22.3853,59.9843,1.1723],[22.3831,59.9826,1.6418],[22.382,59.9779,4.9389],[22.3858,59.9749,0.1636],[22.3847,59.9724,0.0],[22.3908,59.9685,1.6648],[22.4019,59.9718,0.0],[22.3992,59.9771,0.0],[22.3903,59.9754,5.6631],[22.3897,59.9832,0.0]]],
[[[22.4003,59.9871,0.0],[22.4003,59.9893,0.0],[22.393,59.9904,3.1623],[22.3908,59.9851,1.0694],[22.3992,59.9846,1.5442],[22.4003,59.9871,0.0]]],
[[[22.3031,59.9757,0.7647],[22.3058,59.9765,0.0],[22.2997,59.9765,0.6722],[22.3008,59.9754,0.0],[22.3031,59.9757,0.7647]]],
[[[22.3281,59.9774,6.439],[22.3308,59.9782,0.0],[22.3303,59.9804,0.0],[22.3225,59.9779,1.9556],[22.3247,59.9765,0.0],[22.3281,59.9774,6.439]]],
[[[22.2669,59.9818,6.6749],[22.2631,59.9843,0.0],[22.2586,59.9837,1.2155],[22.2597,59.9793,8.3874],[22.2575,59.9782,0.0],[22.2636,59.9779,1.3786],[22.2669,59.9818,6.6749]]],
[[[22.3147,59.981,0.5738],[22.3103,59.9835,0.9211],[22.3075,59.9826,0.0],[22.3114,59.9818,0.5738],[22.3114,59.9796,0.0],[22.3153,59.9793,0.0],[22.3147,59.981,0.5738]]],
[[[22.3986,59.9918,0.0],[22.4019,59.9918,0.0],[22.4008,59.9946,1.005],[22.3969,59.9938,0.0],[22.3986,59.9918,0.0]]],
[[[22.3831,59.9979,1.0312],[22.3858,59.9979,0.0],[22.3864,60.0,3.7697],[22.3808,60.0,1.2902],[22.3831,59.9979,1.0312]]],
[[[22.393,59.999,0.9368],[22.4008,59.9985,0.0],[22.4025,60.0,0.0],[22.3925,60.0,0.9368],[22.393,59.999,0.9368]]],
[[[22.3536,60.0141,15.473],[22.3506,60.0141,15.6583],[22.3505,60.013,23.6999],[22.3536,60.013,19.3366],[22.3536,60.0141,15.473]]],
[[[22.2714,59.9854,0.0],[22.2703,59.984,0.0],[22.2753,59.9846,0.0],[22.2742,59.9857,0.0],[22.2714,59.9854,0.0]]],
[[[22.2686,59.9921,0.0],[22.2686,59.9896,0.0],[22.2731,59.9896,0.0],[22.2731,59.9918,0.0],[22.2686,59.9921,0.0]]],
[[[22.3158,59.9987,0.0],[22.3192,59.9982,0.0],[22.3181,59.9999,0.0],[22.3147,60.0,0.0],[22.3158,59.9987,0.0]]],
[[[22.2849,60.0276,6.7508],[22.2813,60.0313,12.4842],[22.2755,60.0307,6.7044],[22.2734,60.0286,10.9245],[22.275,60.0271,15.5267],[22.2849,60.0276,6.7508]]],
[[[22.3633,60.0204,0.0],[22.363,60.0193,11.2867],[22.3661,60.0193,12.2358],[22.3661,60.0203,11.1548],[22.3633,60.0204,0.0]]],
[[[22.3536,60.0172,12.8506],[22.3568,60.0224,11.7917],[22.362,60.0245,10.5791],[22.3505,60.0266,15.7618],[22.3484,60.0214,3.0912],[22.3505,60.0172,13.4275],[22.3536,60.0172,12.8506]]],
[[[22.3786,60.1109,12.326],[22.3786,60.112,17.8702],[22.3755,60.112,20.0761],[22.3755,60.1109,14.7864],[22.3786,60.1109,12.326]]],
[[[22.3964,60.1172,0.0],[22.4016,60.1203,16.5802],[22.3922,60.1214,18.0115],[22.3896,60.125,11.0373],[22.3839,60.1245,0.0],[22.3776,60.1203,20.9977],[22.3828,60.1182,4.1159],[22.3839,60.1151,0.0],[22.3875,60.1125,14.4348],[22.3995,60.1151,15.2681],[22.3964,60.1172,0.0]]],
[[[22.3307,60.0339,15.5466],[22.3271,60.0375,0.0],[22.3214,60.0318,18.6905],[22.3229,60.0313,18.6905],[22.3307,60.0339,15.5466]]],
[[[22.3125,60.1042,15.6198],[22.3161,60.1057,0.0],[22.3125,60.1083,0.0],[22.3089,60.1047,0.0],[22.3125,60.1042,15.6198]]],
[[[22.2578,60.1234,0.0],[22.2599,60.1266,0.0],[22.2542,60.1271,4.0552],[22.2505,60.1245,6.2921],[22.2521,60.1229,19.2549],[22.2578,60.1234,0.0]]],
[[[22.3172,60.1286,17.0242],[22.3172,60.1276,0.0],[22.3203,60.1276,8.6252],[22.3188,60.1292,23.68],[22.3172,60.1286,17.0242]]],
[[[22.4003,59.9793,3.5753],[22.4036,59.9793,1.4969],[22.4042,59.9815,0.0],[22.4014,59.9821,0.0],[22.4003,59.9793,3.5753]]],
[[[22.4675,59.9799,0.0],[22.4692,59.9799,0.0],[22.4681,59.9835,0.0],[22.4608,59.9837,0.0],[22.4636,59.9807,12.9546],[22.4675,59.9799,0.0]]],
[[[22.4358,59.9854,0.0],[22.4375,59.9863,0.0],[22.4358,59.9874,0.0],[22.4325,59.9865,2.2019],[22.4331,59.9849,0.0],[22.4358,59.9854,0.0]]],
[[[22.4347,59.9952,9.9455],[22.433,59.997,0.0],[22.4253,59.997,7.0679],[22.4242,59.9999,4.6054],[22.4158,60.0,0.6258],[22.4125,59.9929,4.4997],[22.4142,59.9904,13.3072],[22.4108,59.9893,0.0],[22.4103,59.9876,0.8162],[22.4114,59.9851,2.0636],[22.4097,59.9843,0.0],[22.4103,59.9807,5.1479],[22.4069,59.9788,0.0],[22.4086,59.9729,0.0],[22.4158,59.9738,0.0],[22.4142,59.9774,0.0],[22.4231,59.9807,1.1241],[22.4292,59.9846,0.0],[22.4331,59.9893,0.0],[22.4408,59.9915,0.0],[22.4403,59.9949,0.0],[22.4347,59.9952,9.9455]]],
[[[22.4681,59.9879,2.1867],[22.4653,59.9896,1.8246],[22.4597,59.9896,0.0],[22.4631,59.9888,1.0083],[22.4631,59.9876,0.0],[22.4597,59.9876,0.0],[22.4603,59.9863,0.0],[22.4692,59.9857,2.4352],[22.4697,59.9835,0.0],[22.4736,59.9854,0.0],[22.4681,59.9879,2.1867]]],
[[[22.4614,59.9951,5.7559],[22.4619,59.9974,5.5089],[22.4669,59.9982,0.0],[22.4669,59.9997,9.0094],[22.45,60.0,16.3008],[22.4486,60.0,4.8952],[22.4492,59.9982,2.4812],[22.4528,59.9971,2.2322],[22.4447,59.9946,0.0],[22.4431,59.9896,0.0],[22.4486,59.9896,0.0],[22.4553,59.9843,1.076],[22.4586,59.9863,0.0285],[22.4569,59.9868,7.5222],[22.4564,59.9918,5.5054],[22.4542,59.9932,2.6099],[22.4608,59.9936,1.6145],[22.4614,59.9951,5.7559]]],
[[[22.4658,59.9912,0.0],[22.4686,59.9915,0.0],[22.4686,59.9949,0.0],[22.4636,59.9957,0.0],[22.4614,59.9938,5.7559],[22.4619,59.9915,0.0],[22.4658,59.9912,0.0]]],
[[[22.4053,59.9938,6.6062],[22.4086,59.9943,1.4173],[22.4075,59.9979,0.8044],[22.4025,59.9979,0.0],[22.403,59.9954,0.0],[22.4053,59.9938,6.6062]]],
[[[22.5647,59.9888,8.5695],[22.5719,59.9885,0.0],[22.5725,59.991,0.0],[22.5653,59.9921,0.0],[22.5631,59.991,0.0],[22.5647,59.9888,8.5695]]],
[[[22.4869,59.9912,1.1826],[22.4903,59.9901,0.0],[22.4908,59.9924,0.0],[22.4864,59.9924,0.0],[22.4869,59.9912,1.1826]]],
[[[22.5308,59.9924,0.0],[22.5342,59.9924,1.1904],[22.5353,59.9938,0.0],[22.5319,59.9938,0.0],[22.5308,59.9924,0.0]]],
[[[22.5019,59.996,0.0],[22.5042,59.9954,0.0],[22.5058,59.9963,0.0],[22.5025,59.9979,0.0],[22.5019,59.996,0.0]]],
[[[22.5381,59.9985,5.6864],[22.5225,60.0,2.3424],[22.5231,59.9985,0.0],[22.518,59.9974,0.0],[22.5175,59.996,2.1503],[22.5214,59.994,6.8244],[22.5281,59.9954,0.0],[22.5442,59.994,1.7578],[22.553,59.9951,0.0],[22.5519,59.9971,0.0],[22.5381,59.9985,5.6864]]],
[[[22.5359,60.0026,12.353],[22.5391,60.0036,25.4004],[22.537,60.0057,11.9704],[22.5339,60.0057,0.0],[22.5339,60.0047,13.0174],[22.5359,60.0026,12.353]]],
[[[22.487,60.0068,15.2005],[22.4854,60.0083,18.6093],[22.4839,60.0078,17.6094],[22.4854,60.0062,13.4813],[22.487,60.0068,15.2005]]],
[[[22.3893,60.1312,23.8115],[22.388,60.1297,19.4174],[22.3911,60.1297,12.2888],[22.3911,60.1307,23.8115],[22.3893,60.1312,23.8115]]],
[[[22.3661,60.1297,8.2084],[22.3646,60.1312,7.1728],[22.363,60.1307,10.3068],[22.363,60.1297,10.77],[22.3661,60.1297,8.2084]]],
[[[22.4043,60.1375,22.8317],[22.3964,60.1349,18.9632],[22.3943,60.1318,22.7585],[22.4078,60.1359,0.0],[22.4043,60.1375,22.8317]]],
[[[22.3828,60.1422,0.0],[22.3849,60.1453,15.4257],[22.3776,60.1453,4.3892],[22.3797,60.1422,7.2164],[22.3828,60.1422,0.0]]],
[[[22.288,60.1297,1.4355],[22.2911,60.1297,7.2295],[22.2932,60.1328,7.0874],[22.2901,60.1328,0.0],[22.288,60.1297,1.4355]]],
[[[22.2807,60.1443,9.599],[22.2833,60.1479,0.0],[22.2818,60.1505,6.8738],[22.2833,60.1542,16.5329],[22.2818,60.1568,17.275],[22.2828,60.1599,0.0],[22.2771,60.1625,15.4299],[22.2687,60.1583,5.0803],[22.2604,60.1625,12.9405],[22.2583,60.1604,0.0],[22.2599,60.1568,9.9317],[22.2547,60.1557,13.6986],[22.2484,60.1474,0.0],[22.2516,60.1443,4.6659],[22.2474,60.1401,4.7344],[22.2375,60.1417,7.1004],[22.2333,60.1396,10.5366],[22.2208,60.1396,0.0],[22.213,60.1359,15.6599],[22.2208,60.1312,0.0],[22.2234,60.1349,6.8702],[22.2313,60.1375,17.6975],[22.237,60.137,0.0],[22.2359,60.1339,15.3212],[22.2375,60.1333,0.0],[22.2422,60.137,10.2425],[22.2479,60.1375,0.0],[22.2583,60.1333,12.3684],[22.2667,60.1333,0.0],[22.2745,60.1359,0.0],[22.2807,60.1443,9.599]]],
[[[22.2432,60.1464,7.736],[22.2432,60.1474,0.0],[22.2401,60.1474,3.2296],[22.2401,60.1464,12.9052],[22.2432,60.1464,7.736]]],
[[[22.2391,60.1505,0.0],[22.2391,60.1516,0.0],[22.2359,60.1516,12.5081],[22.2375,60.15,0.0],[22.2391,60.1505,0.0]]],
[[[22.3547,60.1547,17.5343],[22.3578,60.1547,17.5299],[22.3599,60.1578,19.0457],[22.3568,60.1578,20.0778],[22.3547,60.1547,17.5343]]],
[[[22.387,60.2026,9.0618],[22.3891,60.2047,10.4898],[22.3891,60.2078,12.7371],[22.3854,60.2104,0.0],[22.3797,60.2089,0.0],[22.3849,60.2141,25.0805],[22.3792,60.2146,17.0367],[22.3734,60.212,11.1932],[22.3745,60.2089,0.0],[22.3708,60.2062,22.5385],[22.3625,60.2062,9.781],[22.3479,60.2021,0.0],[22.3375,60.2021,5.8874],[22.3328,60.1964,17.2022],[22.3188,60.1917,0.0],[22.3146,60.1937,18.4869],[22.3089,60.1911,0.0],[22.3036,60.1839,23.4122],[22.2984,60.1828,15.1749],[22.2964,60.1807,6.3836],[22.2995,60.1786,19.8767],[22.2984,60.1755,16.6934],[22.2995,60.1714,0.9715],[22.2943,60.1703,11.5188],[22.2917,60.1667,4.4868],[22.2958,60.1604,0.0],[22.2922,60.1547,0.0],[22.3062,60.1542,2.8681],[22.3078,60.1526,20.6355],[22.2896,60.15,14.8664],[22.2875,60.1479,8.5447],[22.2896,60.1458,0.0],[22.2979,60.1458,0.0],[22.3021,60.1479,0.0],[22.3062,60.1479,0.0],[22.3141,60.1443,3.3339],[22.3005,60.1411,5.9183],[22.2922,60.1359,7.6406],[22.2995,60.1349,0.0],[22.3042,60.1312,0.0],[22.3161,60.1297,31.4963],[22.313,60.1349,27.153],[22.3266,60.138,3.1632],[22.3328,60.1422,6.3515],[22.3349,60.1443,16.3823],[22.3339,60.1474,9.1795],[22.337,60.1484,21.0626],[22.3359,60.1516,14.887],[22.338,60.1557,8.4637],[22.3453,60.1599,11.5465],[22.338,60.1609,10.9097],[22.3391,60.1641,13.0095],[22.3375,60.1646,0.0],[22.3271,60.1604,0.0],[22.3104,60.1604,0.0],[22.3062,60.1583,7.3041],[22.3047,60.1589,3.4904],[22.3047,60.162,17.8198],[22.3125,60.1625,0.0],[22.3167,60.1646,16.5024],[22.3312,60.1646,0.0],[22.3396,60.1688,21.2923],[22.3458,60.1688,0.0],[22.35,60.1708,0.0],[22.3661,60.1714,14.4462],[22.3714,60.1786,0.0],[22.3766,60.1797,0.0],[22.3813,60.1875,0.0],[22.3797,60.1911,0.0],[22.387,60.2026,9.0618]]],
[[[22.3724,60.2266,36.3708],[22.3688,60.2292,0.0],[22.3646,60.2271,-0.0374],[22.3542,60.2313,0.0],[22.3458,60.2313,0.0],[22.3354,60.2271,2.3846],[22.3312,60.2292,0.0],[22.3234,60.2266,0.0],[22.3203,60.2214,2.5457],[22.3109,60.2182,0.0],[22.3068,60.2141,14.9989],[22.3078,60.2089,11.3633],[22.3068,60.2068,0.0],[22.3104,60.2042,5.9046],[22.3333,60.2062,0.0],[22.338,60.2099,11.3931],[22.3432,60.2109,5.2474],[22.3464,60.2161,16.2297],[22.3599,60.2172,0.0],[22.3672,60.2224,0.0],[22.3724,60.2234,0.0],[22.3724,60.2266,36.3708]]],
[[[22.3875,60.2292,21.1149],[22.3839,60.2286,0.0],[22.3807,60.2234,9.7841],[22.3755,60.2214,27.8249],[22.3813,60.2208,0.0],[22.3854,60.2229,0.0],[22.3917,60.2229,0.0],[22.3953,60.2255,0.0],[22.3911,60.2286,11.4662],[22.3875,60.2292,21.1149]]],
[[[22.2771,60.1708,0.0],[22.2734,60.1703,11.3708],[22.2672,60.1651,0.0],[22.2693,60.163,17.8766],[22.2724,60.163,10.4979],[22.2755,60.1682,7.6313],[22.2807,60.1693,7.9525],[22.2771,60.1708,0.0]]],
[[[22.2495,60.1839,17.0332],[22.2495,60.1849,19.7225],[22.2464,60.1849,18.0509],[22.2479,60.1833,0.0],[22.2495,60.1839,17.0332]]],
[[[22.2453,60.1859,7.4816],[22.2479,60.1875,0.0],[22.2583,60.1875,0.0],[22.2599,60.1891,0.0],[22.2521,60.1917,6.798],[22.238,60.187,13.2734],[22.2396,60.1854,12.8479],[22.2453,60.1859,7.4816]]],
[[[22.3172,60.1995,0.0],[22.3182,60.2016,0.0],[22.3167,60.2021,0.0],[22.3089,60.1995,15.477],[22.3083,60.1979,11.6753],[22.3104,60.1958,0.0],[22.3172,60.1995,0.0]]],
[[[22.9745,60.037,0.0],[22.9734,60.0391,0.0],[22.9745,60.0411,0.0],[22.9688,60.0438,0.0],[22.9609,60.0443,15.9547],[22.9578,60.0495,7.1848],[22.9479,60.05,14.1734],[22.9391,60.0443,16.6627],[22.9255,60.0411,0.0],[22.9234,60.0391,0.0],[22.9245,60.0359,32.2572],[22.9234,60.0339,18.0277],[22.9266,60.0318,30.1165],[22.9229,60.0271,28.0646],[22.9234,60.0255,21.9964],[22.9286,60.0245,28.7787],[22.9266,60.0214,16.0814],[22.9188,60.0167,-0.0073],[22.9146,60.0167,26.3417],[22.9104,60.0187,21.9206],[22.9068,60.0151,13.7376],[22.9099,60.0141,18.6379],[22.9089,60.0109,8.764],[22.9109,60.0089,0.0],[22.9167,60.0104,0.0],[22.9245,60.0078,18.9248],[22.9271,60.0042,0.0],[22.9349,60.013,0.0],[22.9359,60.0161,11.759],[22.9411,60.0172,0.0],[22.9458,60.0208,11.8213],[22.95,60.0187,0.0],[22.9557,60.0193,10.7228],[22.9589,60.0245,7.0396],[22.9641,60.0255,0.0],[22.963,60.0307,15.1303],[22.9651,60.0328,0.0],[22.9724,60.0339,22.9151],[22.9745,60.037,0.0]]],
[[[22.9313,60.0646,0.2134],[22.9328,60.0661,4.8081],[22.9292,60.0687,21.995],[22.9167,60.0687,15.4211],[22.9125,60.0708,17.0878],[22.9068,60.0703,6.8992],[22.9042,60.0667,3.6339],[22.9,60.0667,0.0],[22.8958,60.0687,0.0656],[22.8813,60.0687,0.0],[22.8526,60.0578,27.283],[22.8505,60.0557,30.0886],[22.8505,60.0526,18.8376],[22.8667,60.0521,33.4611],[22.8708,60.05,4.3594],[22.8786,60.0495,4.4277],[22.8813,60.0458,0.0],[22.8854,60.0479,0.0],[22.8891,60.0453,16.2058],[22.8849,60.0401,0.0],[22.8792,60.0375,0.0],[22.8583,60.0458,0.0],[22.8526,60.0411,17.391],[22.8526,60.038,8.6218],[22.8599,60.0328,0.0],[22.8563,60.0271,0.0],[22.8604,60.0208,23.4235],[22.8547,60.0141,18.2004],[22.8563,60.0125,0.0],[22.862,60.012,16.2956],[22.8589,60.0068,14.7138],[22.8646,60.0042,0.0],[22.8688,60.0062,5.4776],[22.8745,60.0047,14.4513],[22.8828,60.0109,20.4509],[22.8776,60.0151,12.0346],[22.8818,60.0203,0.0],[22.8974,60.0214,22.6994],[22.8964,60.0245,0.0],[22.8974,60.0266,3.0792],[22.8859,60.0328,0.0],[22.8979,60.0375,3.2235],[22.9161,60.0401,0.0],[22.9151,60.0453,0.0],[22.9203,60.0536,0.0],[22.9172,60.0547,0.2495],[22.9151,60.0578,0.0],[22.9203,60.0599,0.0],[22.9146,60.0604,9.9014],[22.913,60.062,-0.2949],[22.925,60.0625,0.0],[22.9313,60.0646,0.2134]]],
[[[22.9557,60.1224,0.0],[22.9333,60.1229,0.4098],[22.9292,60.125,1.4662],[22.925,60.125,0.0],[22.9208,60.1229,16.7517],[22.9083,60.1229,22.2321],[22.9042,60.1208,19.4328],[22.8922,60.1203,0.0],[22.8786,60.1089,0.9348],[22.8724,60.1047,10.5664],[22.8672,60.1036,17.1887],[22.8646,60.0938,0.0],[22.8661,60.0911,0.0],[22.8651,60.088,0.0],[22.8682,60.0859,0.4969],[22.8583,60.0854,10.9748],[22.8542,60.0875,0.0],[22.85,60.0875,0.0],[22.8458,60.0854,14.7902],[22.838,60.0849,0.0],[22.8359,60.0818,0.0],[22.8479,60.0771,0.0],[22.8708,60.0833,0.3129],[22.8792,60.0833,0.0],[22.8818,60.0797,0.0],[22.8896,60.0792,8.4809],[22.8937,60.0771,0.0],[22.9042,60.0812,0.3542],[22.9083,60.0812,9.386],[22.9125,60.0792,0.0],[22.9182,60.0818,0.0],[22.9255,60.0911,3.2612],[22.9333,60.0917,6.9438],[22.9375,60.0938,4.678],[22.9458,60.0938,1.0255],[22.9474,60.0922,19.8694],[22.9396,60.0896,20.0826],[22.9318,60.0891,9.1348],[22.9318,60.0859,17.2028],[22.9578,60.0839,0.0],[22.9682,60.0922,4.0314],[22.9667,60.0958,12.6767],[22.9682,60.0995,4.5263],[22.9651,60.1047,44.165],[22.9661,60.1078,2.547],[22.9568,60.1109,0.5636],[22.9578,60.1141,0.0],[22.9568,60.1161,13.384],[22.9599,60.1172,21.8756],[22.962,60.1203,3.7458],[22.9557,60.1224,0.0]]],
[[[23.0016,60.1089,0.0],[22.9964,60.1078,17.4108],[22.9922,60.1036,25.3993],[22.9922,60.1005,0.6343],[23.0057,60.1047,10.3169],[23.0099,60.1099,8.9534],[23.0042,60.1104,1.8044],[23.0016,60.1089,0.0]]],
[[[22.9229,60.2458,42.1655],[22.9151,60.2432,23.2691],[22.9109,60.238,0.0],[22.9182,60.238,27.3176],[22.9297,60.2453,0.0],[22.9354,60.2458,0.9786],[22.937,60.2474,0.0],[22.9271,60.2479,14.8797],[22.9229,60.2458,42.1655]]],
[[[22.9901,60.3089,25.0811],[22.9932,60.3089,1.4212],[22.9953,60.312,15.6045],[22.9922,60.312,7.9214],[22.9901,60.3089,25.0811]]],
[[[22.8339,60.2661,0.0],[22.8318,60.263,1.1791],[22.8417,60.2604,0.0],[22.8495,60.2651,0.0],[22.8438,60.2708,0.0],[22.838,60.2703,12.6343],[22.8339,60.2661,0.0]]],
[[[22.862,60.2724,0.0],[22.8547,60.2724,8.5936],[22.8578,60.2703,10.4277],[22.8568,60.2672,1.3186],[22.8599,60.2672,4.4091],[22.862,60.2693,7.3375],[22.862,60.2724,0.0]]],
[[[22.8891,60.2839,0.0],[22.8875,60.2854,0.0],[22.8776,60.2849,6.9408],[22.8813,60.2813,0.0],[22.8891,60.2839,0.0]]],
[[[22.7042,60.2417,6.8969],[22.6875,60.2417,0.0],[22.6859,60.2401,3.3685],[22.7099,60.2401,20.3703],[22.7083,60.2417,0.0],[22.7042,60.2417,6.8969]]],
[[[22.0568,60.0714,10.5363],[22.05,60.0729,1.6567],[22.0422,60.0693,7.8052],[22.0563,60.0687,3.9873],[22.0578,60.0693,3.4202],[22.0568,60.0714,10.5363]]],
[[[22.013,60.0828,21.3757],[22.013,60.0797,2.5299],[22.0161,60.0797,0.0],[22.0161,60.0828,19.3694],[22.013,60.0828,21.3757]]],
[[[21.9786,60.088,10.4076],[21.9786,60.0891,2.8424],[21.9755,60.0891,7.3691],[21.9771,60.0875,10.6478],[21.9786,60.088,10.4076]]],
[[[22.0474,60.0964,6.3925],[22.0458,60.0979,12.9613],[22.0443,60.0974,8.4669],[22.0443,60.0964,2.8935],[22.0474,60.0964,6.3925]]],
[[[22.0443,60.1151,25.0213],[22.05,60.1146,16.7242],[22.0516,60.1161,22.627],[22.0458,60.1167,16.2959],[22.0443,60.1151,25.0213]]],
[[[22.0062,60.1333,6.8367],[22.0099,60.1339,13.8321],[22.0146,60.1375,23.142],[22.0203,60.1359,0.0],[22.0276,60.1411,6.7911],[22.0328,60.1422,0.0],[22.0328,60.1453,19.7272],[22.0021,60.1458,0.0],[21.9979,60.1437,23.2494],[21.9896,60.1437,13.6908],[21.9792,60.1396,0.0],[21.9646,60.1396,0.0],[21.9604,60.1354,20.5967],[21.9458,60.1354,0.0],[21.9292,60.1292,20.6071],[21.9234,60.1286,10.4501],[21.9214,60.1266,11.1931],[21.9224,60.1234,10.8967],[21.9208,60.1229,1.5506],[21.9109,60.1245,0.0],[21.9068,60.1172,12.8721],[21.925,60.1146,11.2804],[21.9266,60.1161,9.1643],[21.9234,60.1182,17.77],[21.9255,60.1203,5.875],[21.9276,60.1224,6.2195],[21.9333,60.1229,3.8996],[21.9411,60.1203,9.9543],[21.9396,60.1167,0.0],[21.9417,60.1146,15.2364],[21.9479,60.1146,12.755],[21.9521,60.1125,0.0],[21.9646,60.1125,4.8554],[21.9688,60.1104,0.0],[21.9771,60.1104,0.0],[21.9813,60.1125,16.0508],[21.9854,60.1104,0.0],[22.012,60.1172,23.7333],[22.0161,60.1193,20.3942],[22.0182,60.1224,0.0],[22.0146,60.125,0.0],[21.9958,60.1271,6.4134],[21.9854,60.1312,2.1387],[21.9813,60.1292,11.0905],[21.9771,60.1292,10.238],[21.9714,60.1328,8.1006],[21.975,60.1354,0.0],[22.0062,60.1333,6.8367]]],
[[[22.0438,60.1375,14.2458],[22.0396,60.1396,0.0],[22.0354,60.1396,0.0],[22.0339,60.1391,0.0],[22.0318,60.1339,0.0],[22.0375,60.1333,0.0],[22.0453,60.1359,6.2718],[22.0438,60.1375,14.2458]]],
[[[21.9854,60.1458,0.0],[21.9891,60.1474,0.0],[21.9854,60.15,3.172],[21.9818,60.1464,0.0],[21.9854,60.1458,0.0]]],
[[[21.9333,60.1396,0.0],[21.9396,60.1375,0.0],[21.95,60.1417,0.0],[21.9604,60.1417,0.0],[21.962,60.1432,15.3931],[21.9589,60.1443,13.0643],[21.9542,60.15,0.0],[21.938,60.1453,0.0],[21.9333,60.1417,13.3788],[21.9234,60.1422,2.347],[21.9245,60.1453,25.1422],[21.9229,60.1458,26.2337],[21.9188,60.1417,0.0],[21.9229,60.1375,0.0],[21.9333,60.1396,0.0]]],
[[[21.9391,60.1589,0.0],[21.9375,60.1604,0.0],[21.9359,60.1599,17.9341],[21.9359,60.1589,11.472],[21.9391,60.1589,0.0]]],
[[[21.9078,60.163,15.472],[21.9063,60.1646,0.0],[21.9047,60.1641,6.823],[21.9063,60.1625,13.3696],[21.9078,60.163,15.472]]],
[[[21.9443,60.1911,8.242],[21.9443,60.1901,0.0],[21.9474,60.1901,0.0],[21.9458,60.1917,17.9321],[21.9443,60.1911,8.242]]],
[[[22.1036,60.212,0.0],[22.0979,60.2125,18.7894],[22.0932,60.2089,18.161],[22.0875,60.2083,0.0],[22.0859,60.2099,2.6504],[22.0932,60.2203,32.786],[22.0771,60.2208,37.8332],[22.0688,60.2167,31.905],[22.0484,60.2161,6.2205],[22.0453,60.2109,26.6237],[22.0401,60.2099,0.0],[22.0328,60.2047,9.2707],[22.0276,60.2036,5.9101],[22.0229,60.1979,10.7059],[22.0187,60.1979,5.3307],[22.0146,60.2,19.9663],[21.9938,60.2,0.0],[21.9896,60.1979,31.8422],[21.9708,60.1979,14.7125],[21.9646,60.1937,7.8818],[21.9568,60.1932,13.1418],[21.9599,60.1911,0.0],[21.9562,60.1854,28.596],[21.9604,60.1792,0.0],[21.9578,60.1755,0.0],[21.9479,60.175,9.2847],[21.9464,60.1755,0.0],[21.9474,60.1786,0.0],[21.9375,60.1813,0.0],[21.9151,60.1724,7.827],[21.9109,60.1682,30.205],[21.9141,60.1651,14.4119],[21.9109,60.1609,0.0],[21.9266,60.1609,6.9936],[21.9297,60.1641,0.0],[21.9349,60.1651,0.0],[21.9359,60.1682,25.8653],[21.9417,60.1729,0.0],[21.9432,60.1714,12.2062],[21.9401,60.1672,25.7092],[21.9464,60.163,0.0],[21.9542,60.1625,9.288],[21.9599,60.1599,0.0],[21.962,60.1578,4.4682],[21.9609,60.1547,1.3738],[21.9641,60.1536,1.8867],[21.9625,60.15,0.0],[21.9646,60.1479,0.0],[21.9766,60.1526,0.0],[21.9755,60.1557,10.3962],[21.9771,60.1563,12.6688],[21.9807,60.1537,3.6526],[21.9797,60.1505,0.0],[21.9813,60.15,9.7864],[21.9891,60.1526,0.0],[21.987,60.1557,2.9925],[21.9839,60.1568,9.2069],[21.9849,60.1599,0.0],[21.9797,60.163,0.3475],[21.9813,60.1646,0.0],[21.9995,60.1641,4.7148],[21.9995,60.1609,2.3298],[21.9943,60.1599,18.2852],[21.9922,60.1568,4.1505],[21.9953,60.1557,10.9548],[21.9943,60.1526,14.2508],[21.9964,60.1505,0.0],[22.0021,60.1479,0.0],[22.0063,60.1479,0.0],[22.0104,60.15,23.2235],[22.0146,60.1479,0.0],[22.0187,60.15,7.4916],[22.0271,60.15,22.6317],[22.0375,60.1542,0.0],[22.0438,60.1542,0.0],[22.0516,60.1589,13.9873],[22.0495,60.162,0.0],[22.0464,60.163,0.0],[22.0484,60.1661,3.053],[22.0542,60.1646,0.0],[22.0667,60.1646,10.3394],[22.0682,60.1661,10.251],[22.063,60.1693,6.5131],[22.0667,60.175,13.9425],[22.0641,60.1786,26.3654],[22.0521,60.1833,4.772],[22.0443,60.1839,35.6254],[22.0422,60.1859,10.8008],[22.0422,60.1891,3.5766],[22.0479,60.1875,0.0],[22.0604,60.1875,6.3038],[22.0646,60.1854,0.0],[22.0807,60.1901,0.0],[22.0896,60.1958,4.6502],[22.0958,60.1958,0.0],[22.1036,60.1984,10.1889],[22.1057,60.2016,19.0535],[22.1026,60.2036,23.7337],[22.1078,60.2057,0.0],[22.1026,60.2089,10.7394],[22.1036,60.212,0.0]]],
[[[22.0286,60.2109,0.0],[22.0271,60.2125,28.2196],[22.0255,60.212,29.0432],[22.0271,60.2104,0.0],[22.0286,60.2109,0.0]]],
[[[22.0208,60.2125,2.212],[22.0245,60.2141,28.3862],[22.0208,60.2167,0.0],[22.0172,60.213,0.0],[22.0208,60.2125,2.212]]],
[[[22.0453,60.2193,0.0],[22.0438,60.2208,37.2003],[22.0422,60.2203,24.3028],[22.0422,60.2193,0.0],[22.0453,60.2193,0.0]]],
[[[21.9958,60.2083,23.8967],[22.0016,60.2089,5.9198],[22.0036,60.212,19.7753],[21.9938,60.2125,7.8546],[21.9896,60.2146,0.0],[21.9771,60.2146,0.0],[21.9729,60.2125,7.9646],[21.9688,60.2125,24.8861],[21.9646,60.2146,13.1278],[21.9604,60.2146,0.0],[21.9562,60.2125,13.2581],[21.9375,60.2125,0.0],[21.9292,60.2083,20.5451],[21.9146,60.2083,23.4358],[21.913,60.2068,13.8471],[21.9167,60.2021,0.0],[21.9354,60.2,16.4335],[21.937,60.2016,0.9843],[21.9318,60.2036,21.3474],[21.9557,60.2026,0.0],[21.9557,60.2057,3.8561],[21.9526,60.2089,1.7416],[21.9542,60.2104,0.0],[21.9599,60.2099,0.0],[21.9589,60.2068,0.0],[21.9625,60.2042,0.0],[21.9771,60.2042,0.0],[21.9813,60.2062,21.6521],[21.9896,60.2062,0.0],[21.9958,60.2083,23.8967]]],
[[[21.9328,60.213,11.1477],[21.9328,60.2141,32.8885],[21.9297,60.2141,29.3737],[21.9313,60.2125,0.0],[21.9328,60.213,11.1477]]],
[[[21.9214,60.2203,17.3582],[21.9109,60.2151,29.6079],[21.9146,60.2125,0.0],[21.9245,60.213,0.0],[21.9286,60.2203,0.0],[21.9214,60.2203,17.3582]]],
[[[21.9792,60.2188,20.285],[21.987,60.2193,2.9056],[21.9891,60.2224,13.426],[21.9813,60.2229,14.3344],[21.9771,60.225,0.0],[21.9667,60.225,15.1627],[21.9625,60.2229,12.2957],[21.9417,60.2229,30.2712],[21.9339,60.2203,0.0],[21.9354,60.2188,4.6973],[21.9479,60.2188,0.0],[21.9521,60.2208,18.4673],[21.9688,60.2208,28.2376],[21.9729,60.2188,9.3202],[21.9792,60.2188,20.285]]],
[[[22.0047,60.2234,27.1979],[22.0104,60.2229,23.5487],[22.012,60.2245,0.0],[22.0062,60.225,16.7875],[22.0047,60.2234,27.1979]]],
[[[21.9995,60.2234,1.8159],[21.9979,60.225,0.0],[21.9964,60.2245,12.2143],[21.9964,60.2234,15.4573],[21.9995,60.2234,1.8159]]],
[[[22.0536,60.2255,20.3599],[22.0516,60.2286,33.5388],[22.0443,60.2286,6.7879],[22.0479,60.225,22.6695],[22.0536,60.2255,20.3599]]],
[[[22.0286,60.2359,0.0],[22.0328,60.2391,34.4112],[22.0255,60.2391,10.065],[22.0255,60.2359,0.0],[22.0286,60.2359,0.0]]],
[[[21.9292,60.2292,7.4762],[21.9307,60.2307,14.0148],[21.9229,60.2333,22.1728],[21.9167,60.2333,26.6927],[21.9083,60.2375,19.5603],[21.9026,60.237,14.0631],[21.9208,60.2271,12.7259],[21.925,60.2271,0.0],[21.9292,60.2292,7.4762]]],
[[[21.9214,60.238,10.3867],[21.9271,60.2375,14.5681],[21.9286,60.2391,0.0],[21.9229,60.2396,0.0],[21.9214,60.238,10.3867]]],
[[[21.9672,60.2391,0.0],[21.9682,60.2411,0.0],[21.9641,60.2432,0.0],[21.9505,60.2453,28.9993],[21.9521,60.2417,0.0],[21.9505,60.238,6.0212],[21.9557,60.237,10.709],[21.9568,60.2338,0.0],[21.9688,60.2333,1.806],[21.9729,60.2313,0.0],[21.9807,60.2339,2.138],[21.9766,60.237,26.2747],[21.9688,60.2375,17.3579],[21.9672,60.2391,0.0]]],
[[[21.9432,60.2401,0.0],[21.9432,60.2411,9.7672],[21.9401,60.2411,0.7278],[21.9401,60.2401,5.9429],[21.9432,60.2401,0.0]]],
[[[21.9953,60.2422,8.3523],[21.9938,60.2438,29.3735],[21.9922,60.2432,30.0954],[21.9938,60.2417,0.0],[21.9953,60.2422,8.3523]]],
[[[21.9911,60.2443,42.2129],[21.9911,60.2453,40.0106],[21.988,60.2453,5.4598],[21.9896,60.2438,26.0837],[21.9911,60.2443,42.2129]]],
[[[22.0172,60.2443,26.4821],[22.0203,60.2453,13.6878],[22.0182,60.2474,17.8807],[22.0151,60.2474,23.8833],[22.0151,60.2464,16.0215],[22.0172,60.2443,26.4821]]],
[[[21.987,60.3005,0.0],[21.9854,60.3021,5.6061],[21.9839,60.3016,0.0],[21.9854,60.3,0.0],[21.987,60.3005,0.0]]],
[[[22.1526,60.1443,14.55],[22.1557,60.1443,8.6442],[22.1557,60.1474,27.1395],[22.1526,60.1474,23.8622],[22.1526,60.1443,14.55]]],
[[[22.1953,60.1484,0.0],[22.1937,60.15,13.2302],[22.1922,60.1495,9.8139],[22.1937,60.1479,0.0],[22.1953,60.1484,0.0]]],
[[[22.1708,60.1542,0.0],[22.1651,60.1516,16.9995],[22.1609,60.1464,7.421],[22.1729,60.15,12.862],[22.1833,60.15,0.0],[22.1891,60.1526,0.0],[22.1854,60.1563,0.0],[22.1708,60.1542,0.0]]],
[[[22.2161,60.1557,14.886],[22.2104,60.1563,0.0],[22.2026,60.1536,19.9784],[22.2021,60.1521,16.5014],[22.2042,60.15,0.0],[22.2161,60.1557,14.886]]],
[[[22.1464,60.1547,3.8517],[22.1521,60.1542,0.0],[22.1536,60.1557,19.5183],[22.1479,60.1563,12.9582],[22.1464,60.1547,3.8517]]],
[[[22.1516,60.1589,5.0319],[22.1536,60.162,0.0],[22.1464,60.162,0.0],[22.1484,60.1589,4.2978],[22.1516,60.1589,5.0319]]],
[[[22.162,60.1609,0.0],[22.1604,60.1625,12.6126],[22.1589,60.162,5.2819],[22.1589,60.1609,0.0],[22.162,60.1609,0.0]]],
[[[22.25,60.1688,0.0],[22.2542,60.1708,0.0],[22.262,60.1714,0.0],[22.262,60.1745,10.5256],[22.2563,60.1792,4.4561],[22.2521,60.1771,0.0],[22.2375,60.175,13.3563],[22.2313,60.1792,0.0],[22.2167,60.1792,0.0],[22.2125,60.1771,24.1177],[22.2026,60.1766,20.1953],[22.2036,60.1734,0.0],[22.1958,60.1708,16.8566],[22.1917,60.1708,6.201],[22.1875,60.1688,10.003],[22.1771,60.1688,0.0],[22.1729,60.1646,0.0],[22.175,60.1625,12.9066],[22.1792,60.1625,13.2412],[22.1833,60.1646,3.2347],[22.1958,60.1667,10.4649],[22.1974,60.1651,0.0],[22.1943,60.163,20.2987],[22.1979,60.1604,0.0],[22.2125,60.1646,0.0],[22.225,60.1625,0.0],[22.2292,60.1646,24.9789],[22.2375,60.1646,0.0],[22.25,60.1688,0.0]]],
[[[22.0734,60.1526,6.2558],[22.0792,60.1542,20.6809],[22.0833,60.1521,0.0],[22.0875,60.1542,19.6736],[22.0938,60.1542,1.7645],[22.0953,60.1557,0.0],[22.0771,60.1563,0.0],[22.0734,60.1526,6.2558]]],
[[[22.0875,60.1604,5.3377],[22.0911,60.1609,0.0],[22.0911,60.1641,4.5984],[22.0839,60.1641,0.0],[22.0839,60.1609,0.0],[22.0875,60.1604,5.3377]]],
[[[22.1479,60.1896,7.3634],[22.1484,60.1911,14.1922],[22.1536,60.1932,12.2671],[22.1375,60.1958,0.0],[22.1297,60.1932,0.0],[22.1234,60.188,4.4386],[22.1313,60.1875,0.1835],[22.1328,60.1859,15.0337],[22.1193,60.1849,0.0],[22.1203,60.1797,0.0],[22.1188,60.1792,17.0306],[22.113,60.1797,17.9861],[22.1083,60.1833,25.5231],[22.0979,60.1792,19.6503],[22.0938,60.1813,21.9638],[22.0854,60.1813,22.4146],[22.0812,60.1833,0.0],[22.0688,60.1833,32.2046],[22.0672,60.1818,0.0],[22.0724,60.1786,20.7997],[22.0714,60.1755,0.0],[22.0771,60.1729,27.6618],[22.0896,60.1729,0.0],[22.0953,60.1745,12.0262],[22.0922,60.1703,0.0],[22.0922,60.1672,0.0],[22.1021,60.1667,0.0],[22.1099,60.1693,0.0],[22.1068,60.1714,16.8047],[22.1083,60.1729,10.5705],[22.1146,60.1729,0.0],[22.1188,60.175,15.9681],[22.1349,60.1755,7.476],[22.1349,60.1786,19.0097],[22.1318,60.1828,15.7538],[22.1375,60.1854,15.1185],[22.1453,60.1859,0.0],[22.1479,60.1896,7.3634]]],
[[[22.0839,60.188,20.0516],[22.0896,60.1875,19.5845],[22.0911,60.1891,35.4927],[22.0854,60.1896,0.0],[22.0839,60.188,20.0516]]],
[[[22.1375,60.2042,13.8117],[22.1411,60.2057,0.0],[22.1375,60.2083,5.7355],[22.1339,60.2047,16.9636],[22.1375,60.2042,13.8117]]],
[[[22.0729,60.2313,0.0],[22.0714,60.2328,16.3392],[22.0734,60.2349,17.8061],[22.0849,60.238,0.0],[22.087,60.2422,9.0955],[22.0854,60.2458,9.4238],[22.087,60.2495,0.0],[22.0646,60.25,27.5254],[22.0604,60.2479,25.3431],[22.0484,60.2474,11.9117],[22.0495,60.2443,22.6188],[22.0464,60.2422,16.2204],[22.0484,60.2401,23.6669],[22.0536,60.2391,13.1636],[22.0526,60.2339,17.6428],[22.0547,60.2318,10.3293],[22.0646,60.2292,23.2311],[22.0745,60.2297,0.0],[22.0729,60.2313,0.0]]],
[[[22.1526,60.3328,0.0],[22.1536,60.3349,0.0],[22.1521,60.3354,6.3668],[22.1354,60.3354,15.772],[22.1313,60.3375,0.0],[22.1151,60.3318,16.2141],[22.1292,60.3312,0.0],[22.1333,60.3333,2.0645],[22.1458,60.3333,12.5604],[22.15,60.3312,0.0],[22.1526,60.3328,0.0]]],
[[[22.0766,60.3714,11.0441],[22.0786,60.3745,0.0],[22.0714,60.3745,3.4196],[22.0734,60.3714,1.8588],[22.0766,60.3714,11.0441]]],
[[[21.9167,60.2438,14.2716],[21.9203,60.2453,0.0],[21.9167,60.2479,7.3304],[21.913,60.2443,11.8337],[21.9167,60.2438,14.2716]]],
[[[21.9599,60.2464,18.5361],[21.9599,60.2474,23.1621],[21.9568,60.2474,25.5497],[21.9583,60.2458,0.0],[21.9599,60.2464,18.5361]]],
[[[21.9667,60.3104,5.596],[21.9625,60.3125,8.0623],[21.9479,60.3125,0.0],[21.9438,60.3146,0.0],[21.9188,60.3146,0.0],[21.9083,60.3083,34.7286],[21.8813,60.3083,23.3661],[21.8771,60.3104,11.6525],[21.8714,60.3068,16.6617],[21.887,60.3016,9.4022],[21.8859,60.2984,17.3307],[21.887,60.2943,2.509],[21.8797,60.2901,5.2908],[21.8896,60.2875,0.0],[21.8937,60.2896,14.751],[21.8995,60.2891,0.0],[21.8953,60.2839,1.0341],[21.888,60.2849,16.8049],[21.888,60.2818,30.8852],[21.8917,60.2792,9.4003],[21.8958,60.2813,0.0],[21.9083,60.2813,0.0],[21.9208,60.2771,9.3933],[21.9292,60.2771,16.333],[21.9333,60.2792,37.4252],[21.9375,60.2792,11.8553],[21.9417,60.2771,20.978],[21.95,60.2771,29.1245],[21.9599,60.2797,0.0],[21.9547,60.2828,0.0],[21.9625,60.2875,0.0],[21.9682,60.287,3.8257],[21.9708,60.2833,3.391],[21.9917,60.2833,0.0],[21.9995,60.2859,0.0],[22.0005,60.2891,33.3197],[22.0057,60.2901,0.0],[22.0099,60.2964,28.235],[22.0083,60.2979,24.7021],[22.0,60.2979,52.568],[21.9958,60.2958,29.4925],[21.9896,60.2958,0.0],[21.9828,60.2859,47.1946],[21.975,60.2854,11.0893],[21.9714,60.288,7.7576],[21.9729,60.2917,0.0],[21.9714,60.2953,22.3874],[21.9755,60.3016,0.0],[21.9807,60.3026,0.0],[21.9828,60.3047,0.0],[21.9828,60.3078,33.4831],[21.9792,60.3104,7.0383],[21.9667,60.3104,5.596]]],
[[[21.9625,60.3375,17.4951],[21.9729,60.3375,12.6964],[21.9745,60.3391,41.416],[21.9667,60.3396,22.8236],[21.9625,60.3417,0.0],[21.9583,60.3417,0.0],[21.9542,60.3396,1.2536],[21.9417,60.3396,16.091],[21.9375,60.3417,6.5403],[21.9208,60.3417,34.8426],[21.9193,60.3401,1.7278],[21.9245,60.3391,2.9811],[21.9266,60.3359,13.2725],[21.9208,60.3354,0.0],[21.9193,60.3339,18.1036],[21.9229,60.3312,0.0],[21.9313,60.3312,0.0],[21.9391,60.3339,16.4775],[21.9375,60.3354,26.611],[21.9318,60.3359,7.2522],[21.9333,60.3375,1.1555],[21.9625,60.3375,17.4951]]],
[[[22.0208,60.3312,16.0341],[22.0182,60.3349,0.0],[22.0021,60.3396,10.5869],[21.9979,60.3354,7.8852],[21.9792,60.3354,23.2369],[21.975,60.3333,25.1188],[21.9646,60.3333,0.0],[21.9568,60.3307,0.0],[21.9479,60.325,0.0],[21.9318,60.3245,3.4954],[21.9276,60.3224,8.1825],[21.9255,60.3193,0.0],[21.9313,60.3187,0.0],[21.9354,60.3208,39.5642],[21.9396,60.3187,0.0],[21.9542,60.3187,18.4712],[21.9583,60.3167,0.0],[21.9771,60.3146,17.6539],[21.9813,60.3125,9.4673],[22.0,60.3104,15.4389],[22.0042,60.3083,20.26],[22.0271,60.3104,0.0],[22.0328,60.313,38.8813],[22.037,60.3172,27.0807],[22.0391,60.3224,0.0],[22.0365,60.3247,0.0],[22.0234,60.3276,17.5584],[22.0208,60.3312,16.0341]]],
[[[22.0547,60.3797,21.4298],[22.0583,60.3771,0.0],[22.0682,60.3776,0.6721],[22.0604,60.3812,22.1845],[22.0563,60.3812,25.4991],[22.0547,60.3797,21.4298]]],
[[[22.0318,60.3964,28.6441],[22.0375,60.3958,0.0],[22.0391,60.3974,22.0598],[22.0333,60.3979,29.1298],[22.0318,60.3964,28.6441]]],
[[[22.0641,60.4099,0.0],[22.063,60.412,0.0],[22.0641,60.4161,0.0],[22.0479,60.4188,0.0],[22.0443,60.4161,5.2404],[22.0432,60.413,4.5889],[22.0354,60.4104,1.6685],[22.0276,60.4099,0.0],[22.025,60.4063,0.0],[22.0266,60.4036,26.5481],[22.0255,60.4005,0.0],[22.0438,60.4,0.0],[22.0479,60.3979,13.8906],[22.0625,60.4,0.0],[22.0682,60.4068,10.4081],[22.0641,60.4099,0.0]]],
[[[21.9099,60.3422,18.7696],[21.9099,60.3432,0.0],[21.9068,60.3432,0.0],[21.9083,60.3417,20.2015],[21.9099,60.3422,18.7696]]],
[[[21.9224,60.4609,0.0],[21.9208,60.4625,24.2722],[21.9193,60.462,0.0],[21.9208,60.4604,0.0],[21.9224,60.4609,0.0]]],
[[[21.9479,60.4896,4.2845],[21.9516,60.4911,0.0],[21.9443,60.4911,0.6227],[21.9422,60.488,13.9922],[21.9438,60.4875,0.0],[21.9479,60.4896,4.2845]]],
[[[22.0224,60.4151,11.5125],[22.0224,60.4161,23.5732],[22.0193,60.4161,10.0634],[22.0193,60.4151,10.1227],[22.0224,60.4151,11.5125]]],
[[[22.0078,60.4734,3.1649],[22.0062,60.475,0.0],[22.0047,60.4745,12.2735],[22.0062,60.4729,14.2515],[22.0078,60.4734,3.1649]]],
[[[21.9828,60.4859,0.0],[21.9813,60.4875,15.5846],[21.9734,60.487,0.0],[21.9792,60.4833,0.0],[21.9828,60.4859,0.0]]],
[[[21.7391,60.2568,20.4972],[21.7375,60.2583,13.3597],[21.7359,60.2578,6.9281],[21.7375,60.2562,13.8087],[21.7391,60.2568,20.4972]]],
[[[21.6859,60.2568,3.437],[21.7021,60.2542,0.0],[21.7161,60.2589,3.0736],[21.7182,60.262,13.9857],[21.7021,60.2625,0.0],[21.6979,60.2604,8.4926],[21.6839,60.2599,21.97],[21.6859,60.2568,3.437]]],
[[[21.7589,60.2651,0.0],[21.762,60.2651,10.2302],[21.7641,60.2682,13.9951],[21.7609,60.2682,25.6285],[21.7589,60.2651,0.0]]],
[[[21.688,60.2745,0.0],[21.688,60.2714,13.9147],[21.6958,60.2708,13.0187],[21.7,60.2687,0.0],[21.7078,60.2714,19.1009],[21.7083,60.2729,0.0],[21.7062,60.275,15.1258],[21.688,60.2745,0.0]]],
[[[21.6292,60.2604,14.5567],[21.6328,60.262,0.0],[21.6214,60.262,0.0],[21.6229,60.2604,5.4862],[21.6292,60.2604,14.5567]]],
[[[21.6474,60.263,14.1859],[21.6474,60.2641,16.669],[21.6443,60.2641,13.7091],[21.6443,60.263,5.9905],[21.6474,60.263,14.1859]]],
[[[21.6599,60.263,0.0],[21.662,60.2661,0.0],[21.6547,60.2661,14.3853],[21.6568,60.263,0.0],[21.6599,60.263,0.0]]],
[[[21.6786,60.2745,23.3357],[21.6688,60.275,9.424],[21.6672,60.2734,16.924],[21.6729,60.2708,0.0],[21.6828,60.2714,0.0],[21.6786,60.2745,23.3357]]],
[[[21.7203,60.2911,6.1422],[21.7271,60.2896,0.0],[21.7328,60.2932,9.7941],[21.7276,60.2943,7.283],[21.7167,60.3021,0.0],[21.7089,60.2995,15.3272],[21.7068,60.2953,21.9027],[21.7083,60.2938,10.7491],[21.7146,60.2938,1.235],[21.7203,60.2911,6.1422]]],
[[[21.7354,60.3125,28.2526],[21.7313,60.3125,3.9271],[21.7297,60.3109,0.0],[21.7411,60.3089,7.674],[21.7411,60.312,0.0],[21.7354,60.3125,28.2526]]],
[[[21.7151,60.3193,9.2835],[21.7182,60.3193,10.0653],[21.7203,60.3224,0.0],[21.7172,60.3224,0.0],[21.7151,60.3193,9.2835]]],
[[[21.7391,60.3318,19.0993],[21.7375,60.3333,18.565],[21.7229,60.3333,2.8246],[21.7188,60.3354,0.0],[21.7026,60.3349,0.0],[21.7042,60.3333,6.9587],[21.7167,60.3333,9.8913],[21.7208,60.3312,0.0],[21.7391,60.3318,19.0993]]],
[[[21.675,60.2917,0.0],[21.6688,60.2938,0.0],[21.6542,60.2938,21.0519],[21.6516,60.2974,0.0],[21.6458,60.2979,21.3841],[21.6422,60.2932,3.6344],[21.6432,60.2901,3.8086],[21.6292,60.2896,0.0],[21.625,60.2875,21.4834],[21.6167,60.2875,14.1857],[21.6125,60.2896,8.8128],[21.6109,60.2891,15.4514],[21.612,60.2859,0.0],[21.6109,60.2839,0.0],[21.6333,60.2854,0.0],[21.6375,60.2833,0.0],[21.6417,60.2833,-0.0209],[21.6432,60.2818,0.0],[21.6401,60.2776,2.6382],[21.6458,60.275,0.0],[21.6521,60.2813,7.9426],[21.6828,60.2839,18.0017],[21.6828,60.287,15.8091],[21.6786,60.2911,0.0],[21.675,60.2917,0.0]]],
[[[21.6813,60.3604,11.4765],[21.6771,60.3625,0.0],[21.6604,60.3625,25.0952],[21.6563,60.3646,0.0],[21.6521,60.3625,8.42],[21.6396,60.3625,11.8191],[21.6359,60.3589,2.5789],[21.6453,60.3578,1.8007],[21.6557,60.3516,0.0],[21.6526,60.3464,0.0],[21.6583,60.3438,0.7709],[21.6625,60.3438,11.2364],[21.6667,60.3458,0.0],[21.675,60.3458,10.0949],[21.6792,60.3438,8.0749],[21.6896,60.3438,13.096],[21.6938,60.3417,0.0],[21.7,60.3417,14.0173],[21.7042,60.3396,0.0],[21.7161,60.3401,0.0],[21.7161,60.3432,4.2668],[21.712,60.3495,15.5156],[21.7,60.35,7.818],[21.6839,60.3547,0.0],[21.6891,60.3568,0.0],[21.6891,60.3599,14.354],[21.6813,60.3604,11.4765]]],
[[[21.6354,60.3521,19.6215],[21.6391,60.3536,19.176],[21.6318,60.3536,10.3962],[21.6297,60.3505,5.3715],[21.6313,60.35,0.0],[21.6354,60.3521,19.6215]]],
[[[21.665,60.3652,0.0],[21.6708,60.3646,13.4442],[21.6724,60.3661,7.6112],[21.6604,60.3708,8.7659],[21.6505,60.3703,9.5053],[21.6505,60.3693,0.0],[21.6563,60.3688,25.1042],[21.665,60.3652,0.0]]],
[[[21.6859,60.3327,0.0],[21.6891,60.3339,8.0761],[21.6911,60.337,0.0],[21.6792,60.3417,0.0],[21.675,60.3375,13.2171],[21.6604,60.3375,16.8024],[21.6526,60.3349,16.4974],[21.6542,60.3333,0.0],[21.6599,60.3328,18.7995],[21.6646,60.3292,0.0],[21.6703,60.3307,14.0796],[21.6792,60.325,0.0],[21.7224,60.3255,10.4822],[21.7208,60.3271,0.0],[21.7104,60.3271,24.7433],[21.7062,60.3292,12.6086],[21.6938,60.3292,26.0746],[21.6859,60.3327,0.0]]],
[[[21.7464,60.3547,10.6623],[21.7521,60.3542,0.0],[21.7536,60.3557,20.1419],[21.7479,60.3563,0.0],[21.7464,60.3547,10.6623]]],
[[[21.7125,60.3646,9.4458],[21.7083,60.3646,16.6222],[21.7068,60.363,27.2544],[21.7161,60.3609,0.0],[21.7125,60.3646,9.4458]]],
[[[21.7687,60.3688,6.4097],[21.7854,60.3708,0.0],[21.787,60.3724,0.0],[21.7839,60.3745,1.8849],[21.7917,60.375,0.0],[21.7932,60.3766,0.0],[21.7911,60.3807,13.4851],[21.7854,60.3812,22.4403],[21.7813,60.3792,24.773],[21.7672,60.3786,21.339],[21.7651,60.3766,0.0],[21.7661,60.3734,5.624],[21.7646,60.3729,7.3187],[21.7479,60.3729,2.9302],[21.7464,60.3745,0.0],[21.7495,60.3786,0.0],[21.7438,60.3812,19.18],[21.7396,60.3812,17.0766],[21.7318,60.3786,2.058],[21.7276,60.3724,7.5147],[21.7318,60.3693,7.081],[21.7396,60.3667,0.3883],[21.7646,60.3667,0.0],[21.7687,60.3688,6.4097]]],
[[[21.6818,60.3964,0.0],[21.6943,60.388,10.7872],[21.7016,60.388,2.2421],[21.7016,60.3911,5.7841],[21.6922,60.3984,0.0],[21.6901,60.4026,13.0423],[21.6911,60.4057,0.0],[21.6813,60.4125,25.0603],[21.6776,60.4099,3.9979],[21.6792,60.4063,11.3129],[21.6755,60.4005,2.0451],[21.6818,60.3964,0.0]]],
[[[21.7234,60.4026,14.9862],[21.7292,60.4021,0.0],[21.7307,60.4036,0.2106],[21.725,60.4042,12.4043],[21.7234,60.4026,14.9862]]],
[[[21.738,60.4109,6.89],[21.7438,60.4104,12.6509],[21.7453,60.412,6.3422],[21.7396,60.4125,14.3647],[21.738,60.4109,6.89]]],
[[[21.7479,60.4271,6.9993],[21.7432,60.4255,14.5757],[21.7401,60.4224,10.06],[21.7401,60.4193,0.0],[21.7557,60.4193,5.6876],[21.7557,60.4224,0.0],[21.7536,60.4245,0.0],[21.7516,60.4266,9.8425],[21.7479,60.4271,6.9993]]],
[[[21.6932,60.3703,0.0],[21.6776,60.3714,0.0],[21.6714,60.3755,21.469],[21.6724,60.3786,11.1781],[21.6688,60.3812,7.9744],[21.6479,60.3812,17.1675],[21.6443,60.3786,0.0],[21.6464,60.3755,9.4305],[21.6708,60.3708,19.3247],[21.6755,60.3672,0.1997],[21.6875,60.3625,0.0],[21.6974,60.363,19.7082],[21.6974,60.3661,11.4736],[21.6932,60.3703,0.0]]],
[[[21.6688,60.3896,8.3055],[21.6792,60.3896,5.4329],[21.6807,60.3911,0.0],[21.6729,60.3917,4.4301],[21.6688,60.3937,11.8577],[21.6651,60.3901,0.0],[21.6688,60.3896,8.3055]]],
[[[21.6807,60.4214,4.9839],[21.6771,60.425,22.2063],[21.6714,60.4193,12.9628],[21.6771,60.4188,12.162],[21.6807,60.4214,4.9839]]],
[[[21.6396,60.425,0.0],[21.6437,60.4292,0.0],[21.6422,60.4318,9.1614],[21.6437,60.4354,1.2809],[21.6422,60.4391,1.5106],[21.6453,60.4453,0.0],[21.638,60.4505,11.745],[21.6391,60.4536,0.0],[21.6359,60.4547,13.4786],[21.637,60.4578,0.0],[21.6354,60.4583,8.6834],[21.6266,60.4526,7.4774],[21.6214,60.4516,8.3141],[21.6224,60.4484,15.828],[21.6172,60.4474,0.0],[21.6203,60.438,3.3607],[21.6146,60.4375,21.1366],[21.6104,60.4396,22.8747],[21.6047,60.4349,11.7108],[21.6078,60.4328,22.3574],[21.6047,60.4266,3.2815],[21.6078,60.4203,9.0234],[21.6068,60.4172,11.0499],[21.6125,60.4167,0.0],[21.6141,60.4151,7.9377],[21.6021,60.4146,17.7921],[21.6005,60.413,0.0],[21.6047,60.4068,16.8216],[21.6104,60.4063,5.6165],[21.6141,60.4089,5.0837],[21.6172,60.4141,9.7091],[21.6266,60.4151,0.0],[21.6234,60.4182,5.8979],[21.6255,60.4203,10.5001],[21.6307,60.4214,0.0],[21.6234,60.4286,0.0],[21.6354,60.4271,12.3718],[21.6396,60.425,0.0]]],
[[[21.7099,60.4401,0.0],[21.7016,60.4474,29.7413],[21.6938,60.45,0.0],[21.6896,60.4479,19.0426],[21.6854,60.45,0.0],[21.6797,60.4495,0.0],[21.6807,60.4464,6.8336],[21.6792,60.4437,0.0],[21.6818,60.4401,11.2551],[21.6995,60.437,17.2723],[21.6953,60.4297,14.5768],[21.6901,60.4286,0.0],[21.6932,60.4224,8.3905],[21.6922,60.4172,0.0],[21.6974,60.4161,0.1071],[21.7021,60.4125,18.4196],[21.7083,60.4146,10.6332],[21.7141,60.4141,12.3261],[21.7109,60.4099,19.5916],[21.7109,60.4068,6.3866],[21.7224,60.4068,0.0],[21.7245,60.412,10.7304],[21.7214,60.4172,2.0921],[21.7224,60.4203,0.0],[21.7193,60.4214,0.0],[21.7203,60.4245,22.879],[21.7182,60.4266,6.2876],[21.7089,60.4297,0.0],[21.7089,60.4328,3.5378],[21.712,60.4359,16.6025],[21.7089,60.438,15.1303],[21.7099,60.4401,0.0]]],
[[[21.7646,60.4271,5.6583],[21.7724,60.4255,0.0],[21.7703,60.4307,0.0],[21.7599,60.4391,0.0],[21.7505,60.437,9.0545],[21.7526,60.4339,0.0],[21.7599,60.4328,4.9533],[21.762,60.4307,0.0],[21.7609,60.4276,3.7675],[21.7646,60.4271,5.6583]]],
[[[21.7401,60.4505,0.0],[21.7333,60.4521,0.0],[21.7297,60.4484,0.0],[21.7333,60.4458,0.0],[21.7411,60.4484,0.0],[21.7401,60.4505,0.0]]],
[[[21.6875,60.4542,6.1728],[21.6917,60.4542,5.8174],[21.6958,60.4521,0.0],[21.7016,60.4526,0.0],[21.6964,60.4547,1.8384],[21.6953,60.4578,0.0],[21.6917,60.4604,19.0084],[21.6859,60.4599,16.4482],[21.6839,60.4578,5.3824],[21.6839,60.4547,7.7054],[21.6875,60.4542,6.1728]]],
[[[21.8579,60.2909,20.3445],[21.8542,60.2938,19.8513],[21.8458,60.2938,0.0],[21.8417,60.2917,37.2677],[21.8375,60.2917,19.558],[21.8359,60.2922,5.8035],[21.837,60.2953,0.0],[21.8271,60.2958,22.4445],[21.8151,60.2995,17.9434],[21.8172,60.2964,15.852],[21.8307,60.2932,28.9644],[21.8333,60.2896,0.0],[21.8318,60.2859,0.0],[21.8396,60.2833,0.0],[21.85,60.2875,11.8264],[21.8578,60.288,9.7559],[21.8579,60.2909,20.3445]]],
[[[21.8474,60.3047,15.5077],[21.8438,60.3083,0.0],[21.8359,60.3057,8.8763],[21.8375,60.3042,0.0],[21.8474,60.3047,15.5077]]],
[[[21.8625,60.3187,7.1423],[21.8609,60.3172,11.2296],[21.8745,60.3151,0.0],[21.8708,60.3187,20.042],[21.8625,60.3187,7.1423]]],
[[[21.8333,60.3187,0.0],[21.8349,60.3203,24.0838],[21.8271,60.3229,22.6699],[21.8208,60.3229,10.7584],[21.8167,60.325,13.6462],[21.8068,60.3245,17.1037],[21.8089,60.3214,0.0],[21.8167,60.3187,0.0],[21.8333,60.3187,0.0]]],
[[[21.9,60.3208,13.3553],[21.9125,60.3208,0.0],[21.9141,60.3224,0.0],[21.9042,60.325,0.0],[21.8917,60.325,0.0],[21.8875,60.3229,10.3307],[21.8833,60.325,10.1805],[21.8734,60.3245,0.0],[21.8813,60.3208,0.0],[21.9,60.3208,13.3553]]],
[[[21.9141,60.3297,13.8595],[21.9083,60.3312,3.6152],[21.8937,60.3312,20.5714],[21.8896,60.3333,0.0],[21.8688,60.3333,4.3631],[21.8609,60.3307,16.2945],[21.8625,60.3292,0.0],[21.8688,60.3292,15.6371],[21.8729,60.3271,0.0],[21.9104,60.3271,26.3742],[21.9146,60.325,0.0],[21.9188,60.325,0.0],[21.9229,60.3271,27.7679],[21.9271,60.325,0.0],[21.9349,60.3276,21.5686],[21.9333,60.3292,14.9786],[21.9208,60.3292,9.0564],[21.9167,60.3312,0.0],[21.9141,60.3297,13.8595]]],
[[[21.8505,60.3339,19.146],[21.8563,60.3333,24.8883],[21.8578,60.3349,0.0],[21.8521,60.3354,16.1892],[21.8505,60.3339,19.146]]],
[[[21.7938,60.3417,14.2087],[21.8,60.3375,0.0],[21.8036,60.3401,8.9651],[21.8,60.3438,0.0],[21.7771,60.3438,16.7643],[21.775,60.3417,8.2637],[21.7776,60.338,0.0],[21.7833,60.3375,0.0],[21.7938,60.3417,14.2087]]],
[[[21.7745,60.3547,24.7687],[21.7729,60.3563,0.0],[21.7714,60.3557,6.4623],[21.7729,60.3542,3.6696],[21.7745,60.3547,24.7687]]],
[[[21.8229,60.375,24.979],[21.8229,60.3771,0.0],[21.8151,60.3766,3.6458],[21.8167,60.375,10.4287],[21.8229,60.375,24.979]]],
[[[21.7786,60.3859,0.0],[21.7771,60.3875,25.1041],[21.7755,60.387,7.5847],[21.7771,60.3854,0.0],[21.7786,60.3859,0.0]]],
[[[21.8563,60.3375,0.0],[21.8682,60.3359,0.0],[21.8646,60.3396,0.0],[21.8505,60.3391,16.6312],[21.8521,60.3375,0.0],[21.8563,60.3375,0.0]]],
[[[21.8708,60.3438,15.973],[21.8745,60.3443,15.3087],[21.8745,60.3453,11.7449],[21.8672,60.3453,21.5588],[21.8708,60.3438,15.973]]],
[[[21.863,60.3474,24.2994],[21.863,60.3464,12.2094],[21.8661,60.3464,18.3298],[21.8646,60.3479,21.0467],[21.863,60.3474,24.2994]]],
[[[21.6734,60.4682,5.9535],[21.6745,60.4703,3.2119],[21.6703,60.4766,0.0],[21.6625,60.4792,0.0],[21.6583,60.4771,13.4085],[21.6542,60.4771,0.9309],[21.65,60.4792,0.0],[21.6464,60.4755,2.243],[21.6516,60.4714,6.8802],[21.6464,60.4703,0.0],[21.6422,60.463,7.4051],[21.6516,60.4599,0.0],[21.6505,60.4568,0.0],[21.6599,60.4536,12.7787],[21.6547,60.4516,0.0],[21.6568,60.4484,0.0],[21.6667,60.4479,13.1771],[21.6682,60.4484,13.0359],[21.6672,60.4516,7.7663],[21.6682,60.4536,0.0],[21.6568,60.4599,0.0],[21.6745,60.463,0.0],[21.6766,60.4661,0.0],[21.6734,60.4682,5.9535]]],
[[[21.6708,60.4875,0.0],[21.6609,60.487,7.0788],[21.6589,60.4818,0.267],[21.6703,60.4818,20.1013],[21.6729,60.4854,1.5667],[21.6708,60.4875,0.0]]],
[[[21.6222,60.4871,7.1538],[21.6224,60.4859,2.4405],[21.6172,60.4849,0.0],[21.6167,60.4833,21.0457],[21.6208,60.4792,0.0],[21.6286,60.4818,0.0],[21.6328,60.4891,0.0],[21.625,60.4938,0.0],[21.6172,60.4911,0.0],[21.6222,60.4871,7.1538]]],
[[[21.6859,60.5057,3.8363],[21.6911,60.5068,0.0],[21.687,60.5141,0.2985],[21.6792,60.5167,0.0],[21.6734,60.5161,16.1576],[21.6714,60.5141,0.3441],[21.6724,60.5089,7.7082],[21.6641,60.4964,1.4541],[21.6589,60.4953,7.5637],[21.6568,60.4922,5.678],[21.6625,60.4896,13.8894],[21.6724,60.4922,1.2779],[21.6745,60.4943,0.0],[21.6729,60.4979,1.9372],[21.6745,60.5005,0.0],[21.6771,60.5021,-0.0273],[21.6849,60.5026,0.0],[21.6859,60.5057,3.8363]]],
[[[21.7646,60.4562,4.6648],[21.7682,60.4578,0.0],[21.7568,60.4578,3.5459],[21.7583,60.4562,0.0],[21.7646,60.4562,4.6648]]],
[[[21.7375,60.4646,0.0],[21.7339,60.4609,0.0],[21.7417,60.4583,0.0],[21.7453,60.4609,0.0],[21.7432,60.4641,0.0],[21.7375,60.4646,0.0]]],
[[[21.762,60.5609,0.0],[21.762,60.562,0.0],[21.7589,60.562,0.0],[21.7604,60.5604,0.0],[21.762,60.5609,0.0]]],
[[[21.6943,60.5612,21.8621],[21.6958,60.5604,5.9443],[21.6974,60.562,0.0],[21.6958,60.5625,2.7295],[21.6943,60.5612,21.8621]]],
[[[21.7547,60.563,0.0],[21.7578,60.563,19.6495],[21.7599,60.5661,11.2925],[21.7568,60.5661,0.0],[21.7547,60.563,0.0]]],
[[[21.6922,60.5703,0.9147],[21.6938,60.5687,0.0],[21.6953,60.5693,0.1935],[21.6938,60.5708,1.0066],[21.6922,60.5703,0.9147]]],
[[[21.6313,61.5771,0.3058],[21.6271,61.5812,0.0],[21.6234,61.5786,0.0],[21.625,61.5771,0.0],[21.6313,61.5771,0.3058]]],
[[[21.9432,60.4922,7.8244],[21.9417,60.4938,0.0],[21.9401,60.4932,8.9879],[21.9417,60.4917,1.3831],[21.9432,60.4922,7.8244]]],
[[[21.9557,60.4922,0.0],[21.9542,60.4938,5.7996],[21.9526,60.4932,2.9878],[21.9542,60.4917,0.0],[21.9557,60.4922,0.0]]],
[[[21.9271,60.4979,10.7641],[21.9255,60.4964,0.0],[21.9307,60.4964,0.0],[21.9307,60.4974,0.0],[21.9271,60.4979,10.7641]]],
[[[21.9057,60.4984,0.0],[21.9057,60.4995,0.0],[21.9026,60.4995,8.272],[21.9042,60.4979,0.0],[21.9057,60.4984,0.0]]],
[[[21.9359,60.4984,0.0],[21.9417,60.4979,4.272],[21.9432,60.4995,18.0601],[21.9375,60.5,0.0],[21.9359,60.4984,0.0]]],
[[[21.9193,60.5057,11.852],[21.9271,60.5021,0.0],[21.9349,60.5026,0.0],[21.9292,60.5062,21.5521],[21.9193,60.5057,11.852]]],
[[[21.9026,60.5047,7.8138],[21.9057,60.5057,10.3036],[21.9036,60.5078,13.6181],[21.9005,60.5078,0.0],[21.9005,60.5068,0.0],[21.9026,60.5047,7.8138]]],
[[[22.2062,60.3354,0.0],[22.2099,60.337,0.0],[22.1984,60.337,20.0014],[22.2,60.3354,0.0],[22.2062,60.3354,0.0]]],
[[[22.138,60.3484,0.0],[22.1411,60.3484,18.9331],[22.1432,60.3516,0.0],[22.1401,60.3516,22.1808],[22.138,60.3484,0.0]]],
[[[22.2271,60.3771,0.0],[22.2255,60.3776,0.0],[22.2266,60.3807,14.3886],[22.2166,60.3813,0.2378],[22.2125,60.3833,0.0],[22.2083,60.3812,22.2668],[22.2,60.3812,22.3215],[22.1958,60.3833,0.0],[22.1917,60.3812,15.4995],[22.1667,60.3812,32.2872],[22.1625,60.3792,29.9841],[22.1563,60.3812,0.3809],[22.1354,60.3812,4.714],[22.1313,60.3792,21.3694],[22.1271,60.3792,0.0],[22.1229,60.3812,0.0],[22.1208,60.3792,0.0],[22.1224,60.3755,0.0],[22.1172,60.3745,0.0],[22.1167,60.3729,0.0],[22.1203,60.3682,22.8797],[22.1172,60.3661,8.2377],[22.1182,60.363,6.9188],[22.1099,60.3568,17.2509],[22.1047,60.3557,0.0],[22.1021,60.3521,16.3991],[22.1042,60.35,13.5239],[22.1083,60.35,0.0],[22.1161,60.3526,0.0],[22.1172,60.3557,0.0],[22.1208,60.3583,9.6347],[22.1396,60.3583,0.0],[22.1437,60.3604,0.0],[22.1479,60.3604,0.0],[22.1495,60.3589,27.9906],[22.1464,60.3547,7.2301],[22.1505,60.3527,19.5337],[22.1563,60.3542,23.1533],[22.1661,60.3536,0.0],[22.1625,60.3479,0.0],[22.1651,60.3443,10.7853],[22.1729,60.3417,0.0],[22.2042,60.3417,0.0],[22.2083,60.3438,1.0313],[22.2271,60.3458,0.0],[22.2375,60.35,20.535],[22.2521,60.35,0.0],[22.2563,60.3521,13.8138],[22.2917,60.3542,0.0],[22.3057,60.3589,0.0],[22.3062,60.3604,10.4946],[22.3026,60.3651,7.2117],[22.3036,60.3703,0.0],[22.3016,60.3745,0.0],[22.2938,60.3771,0.0],[22.2854,60.3771,0.0],[22.2813,60.375,6.8632],[22.2583,60.375,7.8782],[22.2479,60.3708,47.6797],[22.2354,60.3729,0.0],[22.2313,60.3688,47.8337],[22.2068,60.3693,0.0],[22.2146,60.3729,1.6152],[22.225,60.3729,0.0],[22.2328,60.3755,1.3054],[22.2313,60.3771,0.0],[22.2271,60.3771,0.0]]],
[[[22.1516,60.4172,10.6351],[22.15,60.4188,8.4282],[22.1422,60.4161,29.0645],[22.1401,60.413,17.8419],[22.1474,60.413,17.6063],[22.1516,60.4172,10.6351]]],
[[[22.1313,60.3833,1.7002],[22.1479,60.3833,0.0],[22.1536,60.387,0.0],[22.15,60.3896,0.0],[22.1417,60.3896,6.6017],[22.1313,60.3854,15.9126],[22.1271,60.3875,0.0],[22.1229,60.3875,0.0],[22.1208,60.3854,3.6713],[22.1229,60.3833,9.3199],[22.1313,60.3833,1.7002]]],
[[[22.0651,60.4224,9.352],[22.0651,60.4193,0.0],[22.0682,60.4193,0.0],[22.0682,60.4224,16.6083],[22.0651,60.4224,9.352]]],
[[[22.137,63.3766,11.5593],[22.1297,63.3766,16.7663],[22.1255,63.3724,2.5551],[22.1255,63.3693,0.0],[22.137,63.3693,0.0],[22.1411,63.3745,0.0],[22.137,63.3766,11.5593]]],
[[[21.9599,63.2891,0.0],[21.9568,63.2901,19.8595],[21.9604,63.2958,0.0],[21.9589,63.2984,5.2559],[21.9599,63.3016,0.0],[21.9583,63.3021,0.0],[21.9479,63.3021,4.2757],[21.9438,63.3,14.5032],[21.938,63.3016,4.6193],[21.9359,63.2995,6.627],[21.937,63.2943,15.5625],[21.9318,63.2932,8.1209],[21.9328,63.2901,14.3215],[21.9318,63.288,9.048],[21.937,63.2849,19.0187],[21.9359,63.2818,0.0],[21.9417,63.2792,0.0],[21.9521,63.2792,0.0],[21.9599,63.2818,0.0],[21.9589,63.287,6.9391],[21.9599,63.2891,0.0]]],
[[[21.9646,63.3083,13.2524],[21.9609,63.3068,14.9563],[21.9641,63.3016,14.3284],[21.963,63.2984,0.0],[21.9646,63.2979,0.0],[21.9682,63.3005,4.9324],[21.9672,63.3036,0.0],[21.9688,63.3063,0.0],[21.9682,63.3078,4.2525],[21.9646,63.3083,13.2524]]],
[[[22.0396,63.2604,9.8641],[22.0453,63.2682,0.0],[22.038,63.2693,18.9331],[22.0391,63.2724,0.0],[22.0313,63.2771,0.0],[22.0297,63.2766,13.0868],[22.0307,63.2714,4.0496],[22.0266,63.2672,15.7392],[22.0214,63.2661,3.1507],[22.0193,63.2641,0.7976],[22.0292,63.2604,0.0],[22.0396,63.2604,9.8641]]],
[[[21.9755,63.3193,13.9884],[21.9729,63.3208,14.5534],[21.9693,63.3203,0.0],[21.9651,63.313,12.6255],[21.9745,63.313,0.0],[21.9766,63.3172,0.0],[21.9755,63.3193,13.9884]]],
[[[21.988,63.3318,10.9931],[21.9891,63.3349,11.976],[21.9875,63.3354,10.6738],[21.9818,63.3297,13.2009],[21.9911,63.3297,0.0],[21.988,63.3318,10.9931]]],
[[[22.0505,63.3286,9.2929],[22.0557,63.3297,0.0],[22.0578,63.3318,2.1432],[22.0563,63.3333,10.2164],[22.0505,63.3339,11.1456],[22.0536,63.3391,15.6111],[22.0396,63.3375,5.6004],[22.0359,63.3349,13.1716],[22.0391,63.3328,8.8107],[22.038,63.3297,0.0],[22.0422,63.3276,4.9262],[22.0479,63.3271,0.0],[22.0505,63.3286,9.2929]]],
[[[22.0057,63.3432,2.2709],[22.0036,63.3401,14.6008],[21.9984,63.3391,4.045],[22.0005,63.3339,9.9788],[22.0062,63.3333,0.0],[22.0099,63.3359,6.6823],[22.0068,63.3391,4.1751],[22.012,63.3453,0.0],[22.0062,63.3479,0.0],[22.0026,63.3453,0.0],[22.0057,63.3432,2.2709]]],
[[[22.0234,63.3839,15.2203],[22.0245,63.387,8.0711],[22.0224,63.3911,0.0],[22.0109,63.3922,9.6882],[22.012,63.3953,2.8081],[22.0104,63.3958,3.9969],[22.0036,63.3901,0.0],[21.9984,63.3891,5.9848],[22.0016,63.3859,0.0],[21.9922,63.3849,9.6877],[21.9901,63.3828,14.4235],[21.9911,63.3776,0.0],[21.9891,63.3755,5.2846],[21.9839,63.3745,7.4458],[21.9724,63.3672,10.4943],[21.9672,63.3661,0.0],[21.9651,63.362,15.3372],[21.9661,63.3568,0.0],[21.9547,63.3557,0.0],[21.9578,63.3526,13.7368],[21.9495,63.3422,17.7944],[21.9443,63.3411,8.4712],[21.9464,63.3359,6.1613],[21.9562,63.3354,9.4505],[21.9604,63.3333,0.0],[21.9745,63.338,0.0],[21.9776,63.3411,4.2341],[21.9891,63.3443,2.4746],[21.9901,63.3474,0.0],[21.9979,63.35,0.0],[22.0083,63.35,4.9213],[22.0125,63.3479,0.0],[22.0167,63.3479,0.0],[22.0276,63.3401,0.0],[22.0396,63.3396,0.0],[22.0411,63.3411,0.0],[22.038,63.3432,11.5565],[22.0401,63.3453,0.0],[22.0516,63.3484,5.6486],[22.0568,63.3536,0.0],[22.0646,63.3563,0.0],[22.0708,63.3563,0.0],[22.0755,63.3599,0.0],[22.0932,63.3651,1.7433],[22.0922,63.3703,0.1857],[22.0932,63.3745,8.1638],[22.0854,63.375,4.5837],[22.0839,63.3766,0.0],[22.0958,63.3771,1.6576],[22.0995,63.3797,0.0],[22.0979,63.3812,0.0],[22.0922,63.3818,0.0],[22.0875,63.3875,1.9282],[22.0729,63.3854,6.4869],[22.0714,63.3859,4.8475],[22.0724,63.3891,10.7161],[22.0583,63.3896,0.0],[22.0542,63.3917,1.3044],[22.0396,63.3917,5.9239],[22.0359,63.3891,0.0],[22.0328,63.3839,0.0],[22.0234,63.3839,15.2203]]],
[[[22.1896,63.375,15.7208],[22.1932,63.3766,3.7893],[22.1896,63.3792,0.0],[22.1859,63.3786,15.6297],[22.1859,63.3755,10.2557],[22.1896,63.375,15.7208]]],
[[[22.1646,63.3792,4.9591],[22.1682,63.3807,13.1323],[22.1646,63.3833,1.7666],[22.1609,63.3797,7.7483],[22.1646,63.3792,4.9591]]],
[[[22.1995,63.4193,9.7516],[22.1979,63.4208,8.5853],[22.1901,63.4203,2.9052],[22.1958,63.4167,9.4705],[22.1995,63.4193,9.7516]]],
[[[22.137,63.3891,7.3742],[22.1339,63.3891,0.0],[22.1339,63.388,6.3205],[22.137,63.388,12.3051],[22.137,63.3891,7.3742]]],
[[[22.0839,63.437,8.1888],[22.0797,63.4328,0.0],[22.0818,63.4297,0.0],[22.0875,63.4271,3.7197],[22.0995,63.4276,0.0],[22.0964,63.4297,1.9193],[22.1,63.4354,0.0],[22.0974,63.4391,5.8849],[22.0917,63.4396,0.0],[22.0839,63.437,8.1888]]],
[[[22.1276,63.4641,0.0],[22.1286,63.4609,0.0],[22.1276,63.4589,0.0],[22.1307,63.4578,8.3283],[22.1297,63.4547,10.5325],[22.1313,63.4542,5.4787],[22.1391,63.4568,4.7152],[22.1443,63.462,0.0],[22.1495,63.463,0.0],[22.1396,63.4708,0.0],[22.1297,63.4682,0.0],[22.1276,63.4641,0.0]]],
[[[22.1776,63.4193,0.0],[22.1807,63.4193,10.1101],[22.1828,63.4224,3.5692],[22.1797,63.4224,3.7713],[22.1776,63.4193,0.0]]],
[[[22.1703,63.4297,4.8539],[22.1688,63.4313,2.3281],[22.1672,63.4307,0.0],[22.1688,63.4292,0.0],[22.1703,63.4297,4.8539]]],
[[[22.1958,63.4417,7.7399],[22.1917,63.4437,13.0034],[22.188,63.4401,0.0],[22.1937,63.4375,6.7968],[22.1974,63.4401,10.6698],[22.1958,63.4417,7.7399]]],
[[[22.1953,63.4797,2.7824],[22.1937,63.4813,0.0],[22.1922,63.4807,1.0093],[22.1937,63.4792,0.0],[22.1953,63.4797,2.7824]]],
[[[22.2062,63.4917,0.0],[22.2005,63.4859,0.0],[22.2062,63.4833,0.0],[22.212,63.4839,0.7131],[22.2099,63.487,0.0],[22.2068,63.488,11.8275],[22.2078,63.4911,3.7909],[22.2062,63.4917,0.0]]],
[[[22.1724,63.5172,3.0369],[22.1703,63.5203,5.1972],[22.1651,63.5203,2.33],[22.1693,63.5172,1.2715],[22.1724,63.5172,3.0369]]],
[[[22.1578,63.5234,0.0],[22.1563,63.525,2.2119],[22.1547,63.5245,3.6019],[22.1563,63.5229,0.7207],[22.1578,63.5234,0.0]]],
[[[21.7724,60.4526,0.0],[21.7708,60.4542,4.9033],[21.7693,60.4536,0.0],[21.7708,60.4521,0.0],[21.7724,60.4526,0.0]]],
[[[21.7797,60.4589,0.0],[21.7875,60.4562,1.4486],[21.7974,60.4568,0.0],[21.7953,60.462,0.0],[21.7938,60.4625,0.0],[21.7896,60.4583,19.094],[21.7813,60.4625,9.3283],[21.7797,60.462,0.0],[21.7797,60.4589,0.0]]],
[[[21.7693,60.463,0.0],[21.775,60.4625,0.0],[21.7766,60.4641,16.1379],[21.7708,60.4646,7.8373],[21.7693,60.463,0.0]]],
[[[21.7974,60.4693,0.0],[21.7958,60.4708,4.8178],[21.7943,60.4703,8.9297],[21.7943,60.4693,3.9179],[21.7974,60.4693,0.0]]],
[[[21.787,60.4714,8.1963],[21.787,60.4745,0.0],[21.7854,60.475,0.0],[21.7776,60.4724,0.0],[21.7771,60.4708,0.0],[21.7776,60.4693,0.0],[21.7833,60.4688,0.0],[21.787,60.4714,8.1963]]],
[[[21.7745,60.5547,2.5992],[21.7729,60.5563,12.3758],[21.7714,60.5557,12.3979],[21.7729,60.5542,0.7661],[21.7745,60.5547,2.5992]]],
[[[21.7807,60.588,0.0],[21.7807,60.5891,0.0],[21.7776,60.5891,5.447],[21.7792,60.5875,0.0],[21.7807,60.588,0.0]]],
[[[21.8854,60.5208,6.7905],[21.8818,60.5193,0.0],[21.8896,60.5146,0.0],[21.8953,60.5193,0.0],[21.8937,60.5208,0.0],[21.8854,60.5208,6.7905]]],
[[[21.8995,60.5255,15.905],[21.8995,60.5266,9.8496],[21.8964,60.5266,22.9562],[21.8979,60.525,17.5763],[21.8995,60.5255,15.905]]],
[[[21.7828,63.2693,0.0],[21.7813,63.2708,0.0],[21.7797,63.2703,5.7031],[21.7813,63.2687,0.0],[21.7828,63.2693,0.0]]],
[[[21.8047,63.2714,10.4354],[21.8078,63.2714,11.4619],[21.8099,63.2745,14.3504],[21.8047,63.2745,0.0],[21.8047,63.2714,10.4354]]],
[[[21.7542,60.575,0.0],[21.7589,60.5828,0.0],[21.7661,60.5891,0.0],[21.7521,60.5896,0.0],[21.7479,60.5875,0.2269],[21.7396,60.5875,0.0],[21.7354,60.5854,10.3951],[21.7292,60.5875,0.0],[21.7234,60.587,0.0],[21.7214,60.5818,0.0],[21.7234,60.5797,0.0],[21.7354,60.5792,0.0],[21.7411,60.5807,13.8147],[21.737,60.5755,11.5151],[21.7297,60.5703,0.0],[21.7328,60.5672,22.34],[21.7276,60.5661,15.4022],[21.7255,60.5641,0.0],[21.7286,60.5609,21.707],[21.7255,60.5578,0.0],[21.7255,60.5547,1.7102],[21.7375,60.5521,2.7171],[21.7453,60.5547,0.0],[21.7495,60.5609,10.648],[21.7464,60.5641,0.0],[21.7542,60.575,0.0]]],
[[[21.7042,60.5687,0.0],[21.7125,60.5646,8.2495],[21.7182,60.5651,0.0],[21.7203,60.5703,0.0],[21.7151,60.5745,0.1785],[21.7182,60.5786,0.0],[21.7109,60.5807,16.9225],[21.712,60.5755,0.0],[21.7068,60.5745,12.3246],[21.7057,60.5714,5.1533],[21.7005,60.5703,0.0],[21.7042,60.5687,0.0]]],
[[[21.7172,63.2495,13.1086],[21.7182,63.2464,1.5954],[21.7151,63.2443,0.331],[21.7208,63.2396,9.3275],[21.7307,63.2422,0.0],[21.7328,63.2464,12.2159],[21.7307,63.2516,0.0],[21.7292,63.2521,0.0],[21.7208,63.2521,0.0],[21.7172,63.2495,13.1086]]],
[[[21.7599,63.2505,0.0],[21.7583,63.2521,10.0248],[21.7568,63.2516,7.7203],[21.7568,63.2505,0.0],[21.7599,63.2505,0.0]]],
[[[21.7661,63.2526,1.3878],[21.7646,63.2542,0.0],[21.763,63.2536,0.0],[21.763,63.2526,9.1735],[21.7661,63.2526,1.3878]]],
[[[21.6224,63.2339,2.6023],[21.6208,63.2354,7.8851],[21.6193,63.2349,9.0005],[21.6208,63.2333,0.0],[21.6224,63.2339,2.6023]]],
[[[21.6583,63.2521,4.0196],[21.6547,63.2505,1.538],[21.6625,63.2479,0.5717],[21.6661,63.2484,0.0],[21.662,63.2516,9.6152],[21.6583,63.2521,4.0196]]],
[[[21.6563,63.3854,0.0],[21.6578,63.387,1.7943],[21.6484,63.387,0.0],[21.65,63.3854,0.0],[21.6563,63.3854,0.0]]],
[[[21.7078,63.2859,7.1994],[21.7062,63.2875,6.8903],[21.7047,63.287,8.4399],[21.7047,63.2859,1.3534],[21.7078,63.2859,7.1994]]],
[[[21.6958,63.2958,6.0703],[21.6922,63.2943,3.4093],[21.7005,63.288,8.0194],[21.7036,63.288,3.0326],[21.7057,63.2901,0.0],[21.7036,63.2953,9.924],[21.6958,63.2958,6.0703]]],
[[[21.7083,63.3187,0.1002],[21.7099,63.3203,-0.0936],[21.7036,63.3245,0.0],[21.6938,63.3271,0.0],[21.6854,63.3187,6.5947],[21.6609,63.3224,1.3583],[21.662,63.3193,0.0],[21.6568,63.3182,6.842],[21.6536,63.313,9.9113],[21.6484,63.312,6.9457],[21.6464,63.3099,9.4559],[21.6495,63.3078,0.0],[21.6474,63.3047,7.936],[21.6339,63.3036,15.8681],[21.6354,63.3021,6.0353],[21.6432,63.3016,-1.0],[21.638,63.2995,11.0579],[21.6375,63.2979,7.8959],[21.6391,63.2943,3.6359],[21.6359,63.288,0.0],[21.6375,63.2854,9.149],[21.6339,63.2807,8.7661],[21.637,63.2776,6.7342],[21.6271,63.2771,15.4542],[21.6255,63.2755,5.371],[21.637,63.2745,0.0],[21.637,63.2714,15.8159],[21.6339,63.2672,0.0],[21.6391,63.2641,7.6652],[21.638,63.2609,1.189],[21.65,63.2562,1.4764],[21.6646,63.2562,-1.5],[21.6693,63.2599,6.1247],[21.6745,63.2609,10.2285],[21.6729,63.2646,6.7138],[21.6766,63.2703,0.0],[21.6734,63.2714,0.0],[21.6745,63.2745,3.3789],[21.6729,63.2771,2.5797],[21.6745,63.2807,7.4496],[21.6693,63.2849,0.0],[21.6786,63.2901,0.0],[21.6776,63.2953,0.0],[21.6896,63.2958,16.1845],[21.6932,63.2984,-0.0324],[21.6917,63.3021,4.4381],[21.6953,63.3078,0.0],[21.6922,63.3089,4.6968],[21.6901,63.312,8.8518],[21.6938,63.3146,9.5669],[21.6979,63.3125,0.0],[21.7078,63.312,1.9764],[21.7109,63.3068,0.0],[21.7161,63.3057,0.0],[21.7161,63.3026,13.3698],[21.713,63.2984,0.0],[21.7203,63.2932,2.6714],[21.7224,63.2891,10.504],[21.7214,63.2859,0.0],[21.7339,63.2776,0.0],[21.7563,63.2729,4.4735],[21.7646,63.2792,0.0],[21.7771,63.275,0.0],[21.7807,63.2776,0.0],[21.7776,63.2797,13.1177],[21.7807,63.2839,10.6772],[21.7776,63.2859,0.0],[21.7786,63.2891,1.8914],[21.7708,63.2938,9.2946],[21.7651,63.2922,0.0],[21.763,63.2964,0.0],[21.7641,63.2995,14.0388],[21.7568,63.3005,0.0],[21.7578,63.3036,12.3005],[21.7547,63.3047,-1.0],[21.7583,63.3083,-1.0],[21.7625,63.3063,1.7729],[21.7766,63.3109,10.0748],[21.7714,63.313,0.0],[21.7703,63.3161,0.0],[21.7646,63.3167,9.5017],[21.7583,63.3125,15.9456],[21.7542,63.3146,3.1226],[21.7526,63.3141,2.218],[21.7536,63.3109,5.1633],[21.7521,63.3104,1.2953],[21.7417,63.3104,0.0],[21.7375,63.3125,0.0],[21.7167,63.3125,1.4573],[21.7068,63.3151,0.0],[21.7047,63.3172,0.0],[21.7083,63.3187,0.1002]]],
[[[21.7042,63.3354,19.1773],[21.6943,63.3349,14.3018],[21.6953,63.3318,22.0631],[21.6943,63.3297,7.412],[21.7036,63.3297,11.2101],[21.7005,63.3328,10.1653],[21.7057,63.3339,17.9495],[21.7042,63.3354,19.1773]]],
[[[21.8875,63.2854,0.0],[21.8953,63.288,0.0],[21.8953,63.2911,9.825],[21.8901,63.2922,13.3785],[21.8896,63.2938,12.9432],[21.8932,63.2995,4.0296],[21.8854,63.3,13.3476],[21.8813,63.2979,14.9216],[21.875,63.2979,0.0],[21.8714,63.2953,13.996],[21.8766,63.2911,0.0],[21.8797,63.2859,1.8898],[21.8875,63.2854,0.0]]],
[[[21.8146,63.2896,0.0],[21.825,63.2896,0.0],[21.8286,63.2932,0.0],[21.8104,63.3042,0.0],[21.8068,63.3016,-2.5],[21.8036,63.2964,12.5739],[21.7984,63.2953,2.902],[21.8,63.2938,0.0],[21.8099,63.2932,0.0],[21.8146,63.2896,0.0]]],
[[[21.7901,63.3026,0.0],[21.7932,63.3036,9.0603],[21.7911,63.3057,5.1287],[21.788,63.3057,0.0],[21.788,63.3047,0.0],[21.7901,63.3026,0.0]]],
[[[21.7932,63.3995,0.0],[21.7813,63.4,6.14],[21.7797,63.3984,0.0],[21.7833,63.3958,4.8889],[21.7953,63.3964,5.5849],[21.7932,63.3995,0.0]]],
[[[21.7859,63.4068,12.1341],[21.7891,63.4068,16.7802],[21.7911,63.4099,14.4479],[21.788,63.4099,8.8795],[21.7859,63.4068,12.1341]]],
[[[21.7953,63.4151,13.2544],[21.7953,63.4161,0.0],[21.7922,63.4161,14.1459],[21.7922,63.4151,19.59],[21.7953,63.4151,13.2544]]],
[[[21.8078,63.4193,9.2479],[21.8063,63.4208,12.5701],[21.8021,63.4208,18.8367],[21.7984,63.4172,8.1575],[21.8042,63.4167,16.3746],[21.8078,63.4193,9.2479]]],
[[[21.7995,63.4214,17.7278],[21.7979,63.4229,16.1145],[21.7964,63.4224,5.1295],[21.7979,63.4208,16.7983],[21.7995,63.4214,17.7278]]],
[[[21.7792,63.4292,18.844],[21.7776,63.4276,15.9102],[21.7828,63.4276,14.8941],[21.7828,63.4286,11.8121],[21.7792,63.4292,18.844]]],
[[[21.8104,63.4271,11.7533],[21.8141,63.4286,8.0157],[21.8068,63.4286,13.1333],[21.8068,63.4276,12.0942],[21.8104,63.4271,11.7533]]],
[[[21.8188,63.45,6.5869],[21.8089,63.4505,17.0046],[21.8099,63.4536,6.4946],[21.8026,63.4547,8.5597],[21.7979,63.4583,0.0],[21.7833,63.4583,8.2505],[21.7818,63.4568,0.0],[21.7849,63.4557,10.7317],[21.7839,63.4526,0.0],[21.7849,63.4505,0.0],[21.7797,63.4495,9.7038],[21.7776,63.4464,0.0],[21.7875,63.4458,0.0],[21.7974,63.4432,12.1404],[21.7953,63.4401,10.5878],[21.7901,63.4391,0.0],[21.7932,63.4359,15.1218],[21.7901,63.4328,16.3523],[21.7901,63.4297,0.0],[21.8146,63.4313,0.0],[21.8188,63.4292,11.0204],[21.8224,63.4328,9.7091],[21.8172,63.437,13.8918],[21.8286,63.4411,0.0],[21.8214,63.4422,0.0],[21.8193,63.4443,10.3353],[21.8208,63.4479,1.0873],[21.8188,63.45,6.5869]]],
[[[21.7786,63.4609,0.8155],[21.7771,63.4625,3.0721],[21.7755,63.462,6.7358],[21.7771,63.4604,0.0],[21.7786,63.4609,0.8155]]],
[[[21.6932,63.3359,9.0358],[21.6917,63.3375,0.0],[21.6901,63.337,0.0],[21.6917,63.3354,0.0],[21.6932,63.3359,9.0358]]],
[[[21.7005,63.338,0.0],[21.7057,63.338,0.0],[21.7057,63.3411,9.1795],[21.7026,63.3411,6.8979],[21.7005,63.338,0.0]]],
[[[21.7099,63.3505,13.4891],[21.7083,63.3521,0.0],[21.7068,63.3516,0.0],[21.7083,63.35,13.3795],[21.7099,63.3505,13.4891]]],
[[[21.7276,63.3797,4.7554],[21.7307,63.3797,7.0406],[21.7328,63.3828,5.9764],[21.7297,63.3828,9.3562],[21.7276,63.3797,4.7554]]],
[[[21.6901,63.3922,5.9843],[21.6875,63.3937,0.0],[21.675,63.3937,8.7084],[21.6734,63.3943,11.5842],[21.6745,63.3974,11.1556],[21.6729,63.3979,0.0],[21.6667,63.3937,15.5079],[21.6625,63.3958,7.5808],[21.6563,63.3937,16.4925],[21.65,63.3979,5.4451],[21.6443,63.3932,0.0],[21.6458,63.3917,0.0],[21.6599,63.3911,0.0],[21.6609,63.388,7.568],[21.6661,63.387,10.0556],[21.6646,63.3833,10.3429],[21.6667,63.3812,0.0],[21.6828,63.3839,5.7614],[21.6859,63.387,2.5344],[21.6911,63.388,12.8074],[21.6932,63.3901,5.8559],[21.6901,63.3922,5.9843]]],
[[[21.6724,63.413,12.8965],[21.6708,63.4146,11.1568],[21.6693,63.4141,7.8695],[21.6708,63.4125,3.0716],[21.6724,63.413,12.8965]]],
[[[21.6786,63.4151,13.4032],[21.6786,63.4161,6.8758],[21.6755,63.4161,8.5179],[21.6755,63.4151,12.6437],[21.6786,63.4151,13.4032]]],
[[[21.6875,63.3958,5.7938],[21.6917,63.3958,0.0],[21.6932,63.3974,0.0],[21.6839,63.3974,8.3342],[21.6875,63.3958,5.7938]]],
[[[21.75,63.3979,16.4551],[21.7542,63.3979,0.0],[21.7557,63.3995,0.0],[21.7464,63.3995,0.0],[21.75,63.3979,16.4551]]],
[[[21.7151,63.4109,12.2761],[21.7208,63.4104,0.0],[21.7224,63.412,10.8213],[21.7167,63.4125,8.8089],[21.7151,63.4109,12.2761]]],
[[[21.7036,63.4172,18.839],[21.7021,63.4188,16.2311],[21.7005,63.4182,14.01],[21.7021,63.4167,15.2917],[21.7036,63.4172,18.839]]],
[[[21.7062,63.4333,11.703],[21.7104,63.4333,8.5975],[21.712,63.4349,8.6241],[21.7047,63.4349,9.3039],[21.7062,63.4333,11.703]]],
[[[21.7521,63.4458,0.0],[21.7422,63.4484,5.4057],[21.7495,63.4526,7.9359],[21.7474,63.4557,0.0],[21.7438,63.4562,0.0],[21.7396,63.4521,5.6302],[21.725,63.4521,0.0],[21.7208,63.4542,0.0],[21.7172,63.4536,2.6397],[21.7182,63.4484,0.0],[21.713,63.4474,4.7268],[21.7109,63.4443,7.1936],[21.7167,63.4417,0.0],[21.7307,63.4411,1.7656],[21.7255,63.4391,0.0],[21.7234,63.4359,12.831],[21.7292,63.4333,0.0],[21.7349,63.4328,0.0],[21.7297,63.4297,10.2759],[21.7375,63.4271,9.8876],[21.7417,63.4292,9.0226],[21.7516,63.4297,12.9728],[21.75,63.4313,14.466],[21.7443,63.4318,0.0],[21.7479,63.4375,15.6129],[21.7422,63.4432,7.8824],[21.75,63.4437,13.1382],[21.7557,63.4422,0.0],[21.7521,63.4458,0.0]]],
[[[21.7453,63.4661,2.6222],[21.7396,63.4688,0.0],[21.7318,63.4651,0.0],[21.7438,63.4646,1.856],[21.7453,63.4661,2.6222]]],
[[[22.462,60.1047,0.0],[22.4604,60.1063,10.2485],[22.4589,60.1057,15.4587],[22.4604,60.1042,0.0],[22.462,60.1047,0.0]]],
[[[22.4708,60.1042,20.7888],[22.4708,60.1063,0.0],[22.4672,60.1057,7.4714],[22.4672,60.1047,2.9599],[22.4708,60.1042,20.7888]]],
[[[22.4458,60.1042,0.0],[22.4495,60.1057,13.3859],[22.4458,60.1083,3.739],[22.4422,60.1047,4.951],[22.4458,60.1042,0.0]]],
[[[22.4313,60.1188,-0.5],[22.4349,60.1203,7.2009],[22.4276,60.1203,27.6943],[22.4255,60.1172,0.0],[22.4271,60.1167,0.0],[22.4313,60.1188,-0.5]]],
[[[22.4083,60.1208,0.0],[22.412,60.1214,0.0],[22.412,60.1245,0.0],[22.4047,60.1245,0.0],[22.4047,60.1214,18.8157],[22.4083,60.1208,0.0]]],
[[[22.4005,60.1276,0.0],[22.4182,60.1255,25.6348],[22.4146,60.1292,0.0],[22.4021,60.1292,12.0123],[22.4005,60.1276,0.0]]],
[[[22.4193,60.1391,7.4853],[22.4089,60.1349,0.0],[22.4068,60.1318,0.0],[22.4182,60.1318,20.9563],[22.4224,60.138,22.9759],[22.4193,60.1391,7.4853]]],
[[[22.4536,60.1464,0.0],[22.4536,60.1474,7.9666],[22.4505,60.1474,0.0],[22.4505,60.1464,0.0],[22.4536,60.1464,0.0]]],
[[[22.5172,60.1526,7.4722],[22.5229,60.1521,8.3186],[22.5245,60.1536,24.9869],[22.5187,60.1542,14.5136],[22.5172,60.1526,7.4722]]],
[[[22.5042,60.2458,0.0],[22.4964,60.2453,6.9193],[22.4943,60.2432,25.674],[22.4943,60.2401,6.9985],[22.4979,60.2375,0.0],[22.5104,60.2375,0.0],[22.5146,60.2396,1.8072],[22.5208,60.2396,0.0],[22.5266,60.2422,15.1922],[22.5313,60.2479,13.9464],[22.5307,60.2495,15.5714],[22.525,60.25,0.0],[22.5167,60.2458,4.9355],[22.5042,60.2458,0.0]]],
[[[22.5411,60.2443,0.6323],[22.5411,60.2453,0.2878],[22.538,60.2453,1.092],[22.5396,60.2438,0.6323],[22.5411,60.2443,0.6323]]],
[[[22.4776,60.2484,6.3705],[22.4807,60.2495,14.4754],[22.4786,60.2516,2.4368],[22.4755,60.2516,5.57],[22.4755,60.2505,0.0],[22.4776,60.2484,6.3705]]],
[[[22.5063,60.35,5.9806],[22.5208,60.35,0.0],[22.5224,60.3516,0.0],[22.5146,60.3542,0.0],[22.5104,60.3521,19.2151],[22.5026,60.3516,5.3223],[22.5063,60.35,5.9806]]],
[[[22.538,60.362,0.0],[22.538,60.3589,31.7805],[22.5411,60.3589,30.1183],[22.5411,60.362,10.7738],[22.538,60.362,0.0]]],
[[[22.5328,60.3786,10.9092],[22.5104,60.3792,12.7405],[22.5063,60.3812,0.0],[22.4937,60.3771,21.5616],[22.4792,60.3771,0.0],[22.4646,60.3729,30.8563],[22.4604,60.375,0.0],[22.4562,60.375,0.0],[22.4474,60.3693,17.011],[22.4422,60.3682,0.0],[22.4432,60.363,0.237],[22.438,60.362,0.0],[22.4354,60.3583,30.0883],[22.4396,60.3542,0.0],[22.45,60.3542,15.2067],[22.4542,60.3521,5.1828],[22.4667,60.3521,1.9163],[22.4708,60.3542,1.1265],[22.4979,60.3542,0.0],[22.4995,60.3547,0.0],[22.4984,60.3578,0.0],[22.5026,60.3641,0.0],[22.5182,60.3693,0.0],[22.5214,60.3745,0.0],[22.5307,60.3755,9.4592],[22.5328,60.3786,10.9092]]],
[[[22.3307,60.2005,5.0975],[22.3307,60.2016,2.7356],[22.3276,60.2016,9.2807],[22.3276,60.2005,11.225],[22.3307,60.2005,5.0975]]],
[[[22.3016,60.2005,9.8294],[22.3016,60.2016,9.0021],[22.2984,60.2016,11.7357],[22.2984,60.2005,0.0],[22.3016,60.2005,9.8294]]],
[[[22.4333,60.3625,0.0],[22.4349,60.3641,5.6455],[22.4292,60.3667,10.5987],[22.4234,60.3651,30.8588],[22.4214,60.3672,0.0],[22.4224,60.3724,0.0722],[22.4188,60.375,0.0],[22.4042,60.3708,17.5062],[22.3896,60.3708,0.0],[22.3854,60.3667,5.3888],[22.3667,60.3667,0.0],[22.3625,60.3646,0.0],[22.3563,60.3646,0.0],[22.35,60.3604,1.5614],[22.3458,60.3625,20.2443],[22.3359,60.362,0.2161],[22.337,60.3568,4.7334],[22.3359,60.3547,0.0],[22.3391,60.3526,0.0],[22.3193,60.3495,0.0],[22.3224,60.3464,0.0],[22.3172,60.3453,0.0],[22.3151,60.3432,0.0],[22.3161,60.3401,0.0],[22.312,60.338,0.0],[22.3109,60.3359,0.0],[22.312,60.3339,0.0],[22.3068,60.3307,6.4485],[22.3146,60.3271,21.0945],[22.3271,60.3271,26.7351],[22.3349,60.3234,27.1702],[22.3292,60.3229,30.1413],[22.325,60.325,0.0],[22.3208,60.325,0.0],[22.3146,60.3187,43.0491],[22.2984,60.3182,8.0754],[22.3,60.3146,0.0],[22.2979,60.3125,5.1339],[22.2922,60.313,14.9596],[22.2901,60.3172,0.0],[22.2911,60.3203,0.0],[22.288,60.3214,36.6],[22.2891,60.3245,0.0],[22.263,60.3318,0.0],[22.2641,60.337,15.3492],[22.2625,60.3375,17.6125],[22.2568,60.337,9.1865],[22.2521,60.3333,0.0],[22.2401,60.3328,14.5477],[22.2313,60.3271,0.0],[22.2229,60.3271,1.3332],[22.2083,60.3312,0.0],[22.2042,60.3292,6.3842],[22.2,60.3292,15.9646],[22.1875,60.3333,0.0],[22.1792,60.3333,0.0],[22.1646,60.3292,8.21],[22.1479,60.3292,1.675],[22.1437,60.3271,4.8316],[22.1396,60.3292,0.0],[22.1271,60.3292,4.5916],[22.1229,60.3271,12.2237],[22.1083,60.3271,0.0],[22.1026,60.3224,0.0],[22.1026,60.3193,0.0],[22.112,60.3182,0.0],[22.1141,60.3151,11.4335],[22.1078,60.3109,9.3516],[22.1026,60.3099,3.5742],[22.0974,60.3005,3.2918],[22.0922,60.2995,7.4149],[22.0901,60.2974,0.0],[22.0932,60.2943,21.4792],[22.088,60.2859,12.0585],[22.0901,60.2839,0.0],[22.0974,60.2828,6.13],[22.1026,60.2776,0.0],[22.1083,60.275,17.1205],[22.1141,60.2755,0.0],[22.1151,60.2786,14.5395],[22.1188,60.2813,0.0],[22.1313,60.2729,0.0],[22.1583,60.2708,0.0],[22.1599,60.2693,14.6229],[22.1547,60.2672,23.8862],[22.1688,60.2667,0.0],[22.1729,60.2687,5.0258],[22.1917,60.2687,0.0],[22.1953,60.2714,0.0],[22.1995,60.2776,15.0748],[22.1964,60.2807,0.0699],[22.1984,60.2828,0.0],[22.2036,60.2839,2.2443],[22.2057,60.2891,0.0],[22.1901,60.2953,6.6054],[22.2042,60.2958,6.3249],[22.2083,60.2938,2.0701],[22.2167,60.2938,0.3769],[22.2229,60.2979,8.7988],[22.2307,60.2953,7.2419],[22.2307,60.2922,0.0],[22.2193,60.2891,15.2471],[22.2161,60.2859,16.5195],[22.2089,60.2849,4.7606],[22.2099,60.2818,5.5754],[22.2047,60.2776,6.9544],[22.2099,60.2755,0.0],[22.2047,60.2682,0.0],[22.2057,60.263,0.0],[22.2021,60.2604,0.0],[22.1964,60.2609,13.8546],[22.1917,60.2646,0.0],[22.1875,60.2625,2.1584],[22.1729,60.2625,0.0],[22.1688,60.2604,0.398],[22.1646,60.2604,21.2276],[22.1604,60.2625,15.9327],[22.1479,60.2625,0.0],[22.1375,60.2583,30.775],[22.1333,60.2604,16.6207],[22.1214,60.2609,4.6979],[22.1307,60.2641,0.0],[22.1208,60.2646,3.6799],[22.1167,60.2667,8.3423],[22.1146,60.2646,8.475],[22.1161,60.2609,0.0],[22.1141,60.2568,28.3665],[22.1026,60.2526,0.0],[22.1099,60.2516,9.4951],[22.1146,60.2479,0.0],[22.1188,60.2479,0.0],[22.1229,60.25,13.5936],[22.1437,60.2479,0.0],[22.1479,60.25,24.2978],[22.1708,60.25,0.0],[22.1854,60.2542,0.0],[22.1979,60.2542,20.4136],[22.2021,60.2521,26.5202],[22.2208,60.2521,26.8623],[22.2224,60.2505,0.0],[22.2188,60.2479,9.8414],[22.2146,60.25,0.0],[22.2021,60.2479,4.0563],[22.1979,60.25,31.4343],[22.1896,60.25,20.217],[22.1813,60.2458,15.248],[22.1729,60.2458,17.1677],[22.1688,60.2479,17.8754],[22.1646,60.2458,15.7757],[22.1375,60.2458,0.0],[22.1313,60.2417,18.3441],[22.1234,60.2411,8.1161],[22.1193,60.2391,2.4356],[22.1172,60.2359,29.627],[22.1271,60.2375,10.84],[22.1333,60.2333,2.93],[22.1349,60.2339,7.983],[22.1339,60.237,0.0],[22.1417,60.2396,27.9574],[22.1458,60.2396,29.2487],[22.15,60.2375,7.2603],[22.1542,60.2396,9.018],[22.1557,60.238,0.0],[22.1516,60.2339,0.0],[22.1443,60.2328,24.3342],[22.1422,60.2297,8.0667],[22.1479,60.2292,0.0],[22.1521,60.2313,26.9398],[22.1563,60.2292,0.0],[22.1609,60.2328,4.6944],[22.1682,60.2339,7.8335],[22.1755,60.2411,0.0],[22.1786,60.2411,0.0],[22.187,60.2339,1.1717],[22.1818,60.2328,15.3852],[22.1828,60.2297,5.998],[22.1776,60.2286,9.5641],[22.1734,60.2224,29.4379],[22.1734,60.2193,0.0],[22.1813,60.2167,0.0],[22.1854,60.2167,0.0],[22.1896,60.2188,15.196],[22.2021,60.2188,9.3814],[22.2078,60.2151,1.4519],[22.2021,60.2104,14.7287],[22.1917,60.2104,0.0],[22.1875,60.2083,8.2728],[22.1833,60.2083,0.0],[22.1792,60.2104,0.0],[22.1693,60.2068,5.514],[22.1771,60.2062,14.8487],[22.1813,60.2042,0.0],[22.1854,60.2062,11.2222],[22.1896,60.2062,0.0],[22.1974,60.2036,0.0],[22.1995,60.1995,3.7533],[22.1984,60.1943,0.0],[22.2042,60.1937,0.0],[22.2099,60.1953,5.4644],[22.2161,60.1911,12.1647],[22.2151,60.188,6.2978],[22.2167,60.1875,0.0],[22.2313,60.1937,1.2921],[22.2458,60.1937,0.0],[22.25,60.1958,33.8094],[22.2578,60.1964,22.1572],[22.2646,60.2,3.5908],[22.2687,60.1979,0.0],[22.2729,60.1979,0.0],[22.2807,60.2005,0.0],[22.288,60.212,9.5706],[22.2958,60.2125,0.0],[22.3036,60.2151,0.0],[22.3109,60.2245,9.7187],[22.3203,60.2276,0.0],[22.3276,60.237,0.0],[22.3417,60.2375,0.0],[22.3521,60.2417,0.0],[22.3833,60.2438,0.0],[22.3849,60.2422,0.0],[22.3797,60.2411,0.0],[22.3786,60.238,28.3964],[22.3708,60.2375,29.1784],[22.3693,60.2359,3.2435],[22.3729,60.2333,4.0896],[22.3896,60.2333,0.0],[22.3953,60.2391,0.0],[22.3922,60.2401,22.6493],[22.388,60.2453,0.0],[22.3937,60.2479,6.6821],[22.4125,60.2479,0.0],[22.4203,60.2505,0.0],[22.4245,60.2578,0.0],[22.4214,60.2589,0.0],[22.4193,60.262,17.5457],[22.4245,60.263,0.0],[22.4266,60.2651,0.0],[22.4214,60.2703,0.0],[22.4333,60.275,0.3741],[22.4453,60.2755,0.0],[22.4443,60.2807,12.8444],[22.4464,60.2828,19.8692],[22.4516,60.2839,0.0],[22.4484,60.287,10.3987],[22.4516,60.2911,0.0],[22.4484,60.2932,9.8966],[22.4604,60.2938,0.0],[22.4682,60.2964,7.741],[22.4667,60.3,7.0767],[22.4682,60.3026,0.0],[22.4672,60.3078,4.1452],[22.4724,60.3089,0.0],[22.4745,60.312,0.0],[22.4646,60.3125,0.0],[22.463,60.3141,3.483],[22.4771,60.3187,0.0],[22.4833,60.3146,15.8566],[22.4891,60.3151,0.0],[22.4859,60.3193,16.6211],[22.4891,60.3214,0.0],[22.488,60.3245,3.1121],[22.4932,60.3255,0.0],[22.4964,60.3307,0.0],[22.5042,60.3312,0.0],[22.5161,60.3359,0.0],[22.5224,60.3443,4.3123],[22.5187,60.3479,13.9253],[22.5083,60.3479,10.4629],[22.5042,60.3458,0.0],[22.4958,60.3458,0.0],[22.4917,60.3438,4.5457],[22.4875,60.3458,0.0],[22.4833,60.3438,29.5151],[22.4792,60.3458,0.0],[22.475,60.3438,14.014099999999999],[22.4625,60.3438,-0.3889],[22.4583,60.3479,0.0],[22.4479,60.3479,15.1606],[22.4354,60.3521,0.0],[22.4313,60.35,48.9289],[22.4271,60.3521,15.509],[22.4208,60.3521,6.4266],[22.4109,60.3589,0.0],[22.413,60.3641,0.0],[22.4167,60.3667,5.5827],[22.4229,60.3604,0.0],[22.4333,60.3625,0.0]]],
[[[22.3047,60.3214,0.0],[22.3078,60.3224,2.3414],[22.3057,60.3245,16.6394],[22.3026,60.3245,0.0],[22.3026,60.3234,0.0],[22.3047,60.3214,0.0]]],
[[[22.2859,60.3297,5.5901],[22.288,60.3276,0.0],[22.2911,60.3276,0.0],[22.288,60.3328,6.5416],[22.2911,60.3339,8.2827],[22.2901,60.337,9.0897],[22.2911,60.3391,1.1002],[22.2854,60.3396,18.8517],[22.2807,60.3359,19.2924],[22.2755,60.3349,0.0],[22.2771,60.3333,11.5213],[22.2828,60.3328,7.8164],[22.2859,60.3297,5.5901]]],
[[[22.2458,60.3458,15.18],[22.2443,60.3443,0.0],[22.2495,60.3443,0.0],[22.2495,60.3453,14.0235],[22.2458,60.3458,15.18]]],
[[[22.2599,60.3495,8.908],[22.2521,60.3479,32.1246],[22.2505,60.3464,30.877],[22.2578,60.3443,0.0],[22.2599,60.3495,8.908]]],
[[[22.2411,60.3755,0.0],[22.2396,60.3771,0.0],[22.238,60.3766,2.673],[22.238,60.3755,1.1899],[22.2411,60.3755,0.0]]],
[[[22.412,60.1526,16.7228],[22.412,60.1536,10.6581],[22.4089,60.1536,26.625],[22.4104,60.1521,21.6353],[22.412,60.1526,16.7228]]],
[[[22.4708,60.3792,1.9091],[22.4854,60.3792,0.0],[22.487,60.3807,25.0838],[22.4792,60.3833,0.0],[22.4708,60.3833,0.0],[22.4667,60.3812,24.168],[22.4589,60.3807,0.0],[22.4604,60.3792,0.0],[22.4708,60.3792,1.9091]]],
[[[22.4391,63.4953,0.0],[22.437,63.4974,0.0],[22.4339,63.4974,0.0],[22.4297,63.4922,0.0],[22.4313,63.4917,0.0],[22.4391,63.4953,0.0]]],
[[[22.4104,63.5125,14.1587],[22.4068,63.512,2.96],[22.4047,63.5099,0.0],[22.4078,63.5078,7.7244],[22.4068,63.5047,0.0],[22.4188,63.5042,7.4765],[22.4224,63.5068,0.0],[22.4224,63.5099,0.0],[22.4203,63.512,0.0],[22.4104,63.5125,14.1587]]],
[[[22.4505,63.5714,0.0],[22.4536,63.5724,7.4113],[22.4495,63.5786,0.0],[22.4422,63.5797,9.5039],[22.4333,63.5854,10.5304],[22.4214,63.5849,0.0],[22.4193,63.5797,0.0],[22.4214,63.5755,0.0],[22.4255,63.5693,0.0],[22.4307,63.5682,10.5706],[22.4328,63.5641,0.0],[22.4297,63.5589,0.0],[22.437,63.5578,0.0],[22.4411,63.5557,0.0],[22.4432,63.5526,3.0061],[22.4318,63.5495,0.0],[22.4349,63.5464,13.4457],[22.4276,63.5391,0.0],[22.4286,63.5339,9.7972],[22.4255,63.5307,0.0],[22.4271,63.5292,0.0],[22.4328,63.5286,3.9312],[22.437,63.5255,12.0225],[22.4292,63.525,0.0],[22.425,63.5271,0.0],[22.4208,63.5271,11.7407],[22.4172,63.5234,0.0],[22.4271,63.5208,0.0],[22.4313,63.5208,0.2756],[22.4354,63.5229,0.0],[22.4396,63.5208,0.0],[22.4458,63.5208,0.0],[22.4536,63.5234,0.0],[22.4521,63.525,0.0],[22.4464,63.5255,0.0],[22.4401,63.5297,0.088],[22.4417,63.5313,2.4661],[22.4479,63.5313,0.0],[22.4521,63.5292,6.9813],[22.4557,63.5318,0.0],[22.4542,63.5333,0.1933],[22.4484,63.5339,0.0],[22.4495,63.537,0.0],[22.4464,63.538,0.0],[22.4474,63.5411,0.0],[22.4464,63.5432,0.0],[22.4479,63.5438,9.2079],[22.4578,63.5411,0.0],[22.4568,63.538,0.2881],[22.4589,63.5359,0.2624],[22.4661,63.5339,0.0],[22.4646,63.5375,0.0],[22.4661,63.5411,0.4719],[22.4646,63.5438,0.1384],[22.4661,63.5474,0.0],[22.4609,63.5505,0.2298],[22.462,63.5536,0.0],[22.4583,63.5563,0.0],[22.4526,63.5568,0.0],[22.4557,63.562,0.0],[22.4495,63.5661,0.0],[22.4422,63.5672,3.1932],[22.4443,63.5724,2.1056],[22.4479,63.5729,0.0],[22.4505,63.5714,0.0]]],
[[[22.5807,63.713,0.0],[22.5792,63.7146,7.487],[22.5729,63.7146,0.9773],[22.5693,63.7109,0.0],[22.5771,63.7104,0.0],[22.5807,63.713,0.0]]],
[[[22.5786,63.7526,0.0],[22.5766,63.7557,0.0],[22.5714,63.7557,3.057],[22.5755,63.7526,5.5241],[22.5786,63.7526,0.0]]],
[[[22.5516,63.7599,6.5353],[22.5464,63.7526,0.0],[22.5521,63.75,0.0],[22.5578,63.7547,7.1655],[22.5589,63.7578,4.5819],[22.5641,63.7589,0.0],[22.5682,63.763,11.6976],[22.563,63.7672,0.0],[22.5661,63.7714,0.0],[22.563,63.7734,7.5217],[22.5641,63.7766,7.4918],[22.5563,63.7813,0.6902],[22.5505,63.7766,0.0],[22.5557,63.7724,5.2027],[22.5547,63.7693,1.4298],[22.5578,63.7682,9.8079],[22.5557,63.7651,0.0],[22.5505,63.7641,1.8117],[22.5484,63.762,0.0],[22.5516,63.7599,6.5353]]],
[[[22.3453,63.338,9.19],[22.3453,63.3391,10.2306],[22.3422,63.3391,10.3118],[22.3438,63.3375,0.803],[22.3453,63.338,9.19]]],
[[[22.387,63.5755,8.0293],[22.387,63.5766,0.0],[22.3839,63.5766,2.4324],[22.3839,63.5755,7.0159],[22.387,63.5755,8.0293]]],
[[[22.3724,63.587,4.1317],[22.3667,63.5896,0.0],[22.363,63.5859,7.3393],[22.3667,63.5833,12.9339],[22.3745,63.5839,0.0],[22.3724,63.587,4.1317]]],
[[[22.2589,63.3286,13.2068],[22.2599,63.3307,0.0],[22.2583,63.3312,11.7968],[22.2505,63.3276,12.9073],[22.2563,63.3271,2.8294],[22.2589,63.3286,13.2068]]],
[[[22.2328,63.3422,8.7932],[22.2328,63.3432,6.5464],[22.2297,63.3432,9.7522],[22.2313,63.3417,12.142],[22.2328,63.3422,8.7932]]],
[[[22.2255,63.3443,0.0],[22.2286,63.3443,13.7685],[22.2307,63.3474,17.2273],[22.2276,63.3474,17.8298],[22.2255,63.3443,0.0]]],
[[[22.3474,63.587,5.6463],[22.3458,63.5875,9.3918],[22.3443,63.5859,6.7089],[22.3458,63.5854,0.0],[22.3474,63.587,5.6463]]],
[[[22.3792,63.5854,0.0],[22.387,63.5891,12.188],[22.3797,63.5901,18.3494],[22.3708,63.5958,13.1947],[22.3672,63.5932,12.9006],[22.3734,63.588,0.0],[22.3792,63.5854,0.0]]],
[[[22.3958,63.6167,4.4513],[22.3932,63.6203,12.2633],[22.387,63.6245,0.0],[22.3797,63.6255,6.6643],[22.3807,63.6286,0.4863],[22.375,63.6292,8.1081],[22.3651,63.6266,0.0],[22.3661,63.6214,0.7249],[22.3641,63.6172,0.8303],[22.362,63.6151,3.7389],[22.3568,63.6141,1.8333],[22.3526,63.6089,0.0],[22.3646,63.6042,11.5089],[22.3745,63.6036,2.6401],[22.3807,63.5995,0.0],[22.3797,63.5964,0.0],[22.3854,63.5938,17.2718],[22.3896,63.5938,9.1847],[22.3974,63.5964,0.0],[22.4057,63.6047,0.0],[22.4005,63.6089,14.1861],[22.4016,63.6141,0.8872],[22.3964,63.6151,-1.0],[22.3958,63.6167,4.4513]]],
[[[22.6755,63.713,0.0],[22.6786,63.713,2.9235],[22.6807,63.7161,16.3531],[22.6776,63.7161,18.3565],[22.6755,63.713,0.0]]],
[[[22.7245,63.7172,5.4298],[22.7224,63.7203,4.0427],[22.7172,63.7203,0.0],[22.7214,63.7172,3.7855],[22.7245,63.7172,5.4298]]],
[[[22.5849,63.7255,4.8328],[22.587,63.7286,4.3961],[22.5792,63.7292,4.77],[22.5771,63.7271,0.0],[22.5792,63.725,3.997],[22.5849,63.7255,4.8328]]],
[[[22.6854,63.7271,0.9843],[22.6896,63.7271,1.4001],[22.6911,63.7286,0.0],[22.6818,63.7286,0.6417],[22.6854,63.7271,0.9843]]],
[[[22.6708,63.7375,4.7693],[22.6693,63.7359,0.0],[22.6745,63.7359,0.1808],[22.6745,63.737,0.2742],[22.6708,63.7375,4.7693]]],
[[[22.6234,63.7359,0.9373],[22.6354,63.7354,0.0],[22.637,63.737,0.0],[22.6271,63.7396,0.0],[22.6151,63.7391,0.0],[22.6234,63.7359,0.9373]]],
[[[22.9995,63.8297,18.1909],[23.0016,63.8328,0.0],[22.9984,63.8339,6.2545],[22.9995,63.837,3.5882],[22.9922,63.838,0.0],[22.9875,63.8417,5.3496],[22.9792,63.8354,6.8022],[22.975,63.8375,0.0],[22.9672,63.837,0.0],[22.9734,63.8318,0.0],[22.9849,63.8307,0.0],[22.9797,63.8224,0.0],[22.9833,63.8187,0.0],[22.987,63.8193,2.5961],[22.9839,63.8224,9.5666],[22.9901,63.8245,0.0],[22.9911,63.8266,2.3365],[22.9901,63.8286,6.4517],[22.9958,63.8271,0.0],[22.9995,63.8297,18.1909]]],
[[[22.8995,63.9047,10.2828],[22.8995,63.9057,7.965],[22.8964,63.9057,5.0395],[22.8979,63.9042,0.0],[22.8995,63.9047,10.2828]]],
[[[22.9568,63.9151,0.0],[22.9599,63.9161,6.3093],[22.9578,63.9182,10.501],[22.9547,63.9182,0.0],[22.9547,63.9172,0.0],[22.9568,63.9151,0.0]]],
[[[23.2057,63.9193,3.3849],[23.2057,63.9203,3.0645],[23.2026,63.9203,8.55],[23.2026,63.9193,8.5929],[23.2057,63.9193,3.3849]]],
[[[23.1651,63.9214,0.3659],[23.1771,63.9208,6.389],[23.1786,63.9224,2.8051],[23.1688,63.925,4.9293],[23.1651,63.9214,0.3659]]],
[[[23.1182,63.9339,2.2505],[23.1182,63.9349,0.0],[23.1151,63.9349,7.3243],[23.1167,63.9333,1.0086],[23.1182,63.9339,2.2505]]],
[[[23.1141,63.9359,8.1665],[23.1141,63.937,6.829],[23.1109,63.937,0.4531],[23.1125,63.9354,1.1365],[23.1141,63.9359,8.1665]]],
[[[23.2083,63.9437,20.8204],[23.2026,63.9443,22.0574],[23.2036,63.9474,17.8304],[23.2026,63.9495,14.7908],[23.2057,63.9536,0.0],[23.2021,63.9542,4.0042],[23.1979,63.9521,11.247],[23.1938,63.9542,3.1587],[23.1859,63.9536,0.4903],[23.1891,63.9505,12.0646],[23.1859,63.9464,14.9828],[23.1953,63.9411,20.8043],[23.2005,63.9359,0.0],[23.2042,63.9354,0.0],[23.2083,63.9375,18.5595],[23.2125,63.9354,0.0],[23.2229,63.9354,0.0],[23.2266,63.938,1.4947],[23.2208,63.9417,0.0],[23.2083,63.9437,20.8204]]],
[[[22.6667,63.75,1.3464],[22.6589,63.7505,0.0],[22.6578,63.7536,0.0],[22.65,63.7562,4.153],[22.638,63.7557,5.2783],[22.6396,63.7542,0.0],[22.6495,63.7536,0.2834],[22.6443,63.7443,0.0],[22.6464,63.7422,0.0],[22.6563,63.7396,0.7987],[22.662,63.7401,0.0],[22.6641,63.7422,0.0],[22.663,63.7453,0.0],[22.6646,63.7458,0.0],[22.6813,63.7458,0.0],[22.6833,63.7479,0.0],[22.6807,63.7516,4.0557],[22.675,63.7542,0.0],[22.6703,63.7505,0.0],[22.6667,63.75,1.3464]]],
[[[22.5828,63.7526,3.7231],[22.5818,63.7505,0.0],[22.5917,63.7479,12.1731],[22.5953,63.7505,0.0],[22.5917,63.7542,2.0312],[22.5854,63.7542,4.6518],[22.5828,63.7526,3.7231]]],
[[[22.6516,63.7672,1.3551],[22.6495,63.7703,0.0],[22.6437,63.7729,10.0607],[22.6375,63.7729,8.3027],[22.6375,63.7708,0.0],[22.6359,63.7703,0.0],[22.6375,63.7687,0.0],[22.6516,63.7672,1.3551]]],
[[[22.675,63.8229,11.2312],[22.6786,63.8245,8.9175],[22.6693,63.8245,0.0],[22.6708,63.8229,0.0],[22.675,63.8229,11.2312]]],
[[[22.7255,63.8536,0.0],[22.7286,63.8516,0.0],[22.7255,63.8474,0.0],[22.7271,63.8458,5.7792],[22.7292,63.8458,4.4336],[22.7292,63.8479,1.3002],[22.7333,63.85,6.8272],[22.7375,63.8479,0.0],[22.7453,63.8484,0.0],[22.7438,63.85,0.0],[22.738,63.8505,0.0],[22.7396,63.8521,0.0],[22.7458,63.8521,0.0],[22.75,63.85,0.0],[22.7557,63.8505,0.0],[22.7547,63.8536,1.5889],[22.7557,63.8557,0.0],[22.7438,63.8625,8.9125],[22.7396,63.8625,7.4772],[22.738,63.8609,7.494],[22.7417,63.8583,0.0],[22.7474,63.8578,10.1124],[22.7453,63.8547,5.7815],[22.7333,63.8542,10.2707],[22.7292,63.8563,0.0],[22.7255,63.8536,0.0]]],
[[[22.7974,63.862,2.7113],[22.7938,63.8646,9.6485],[22.7901,63.8609,0.0],[22.7922,63.8589,0.0],[22.7958,63.8583,0.0],[22.7974,63.862,2.7113]]],
[[[22.7911,63.8661,9.3369],[22.788,63.8661,8.5111],[22.788,63.8651,10.9505],[22.7911,63.8651,7.5497],[22.7911,63.8661,9.3369]]],
[[[22.6771,63.8312,9.6258],[22.6755,63.8307,9.6258],[22.6755,63.8297,11.2354],[22.6786,63.8297,10.0241],[22.6771,63.8312,9.6258]]],
[[[22.675,63.8417,0.0],[22.6734,63.8401,4.0311],[22.6766,63.8391,7.2256],[22.6755,63.8359,8.9194],[22.6776,63.8339,6.7393],[22.687,63.8339,0.0],[22.6839,63.8359,0.0],[22.6849,63.8391,0.0],[22.6828,63.8411,2.7056],[22.675,63.8417,0.0]]],
[[[22.6516,63.8453,1.1612],[22.6479,63.8479,4.9528],[22.6417,63.8479,8.0604],[22.6396,63.8458,8.0048],[22.6417,63.8438,0.0],[22.65,63.8438,2.9464],[22.6516,63.8453,1.1612]]],
[[[22.7745,63.8682,0.0],[22.7703,63.8745,7.6464],[22.7604,63.875,10.6486],[22.7563,63.8771,0.0],[22.7484,63.8745,7.8064],[22.7536,63.8724,-1.0],[22.7542,63.8708,-1.0],[22.7536,63.8693,3.4035],[22.7479,63.8688,7.309],[22.7464,63.8672,2.9138],[22.7526,63.863,2.5134],[22.7599,63.862,10.2067],[22.7589,63.8589,0.0],[22.7625,63.8583,0.0],[22.7667,63.8604,0.0],[22.7708,63.8583,7.0559],[22.7766,63.863,0.0],[22.7734,63.8651,9.6208],[22.7745,63.8682,0.0]]],
[[[22.813,63.8745,13.9513],[22.8146,63.8729,0.0],[22.8182,63.8734,2.6341],[22.8167,63.875,1.2933],[22.813,63.8745,13.9513]]],
[[[22.7578,63.8828,0.0],[22.7563,63.8833,0.0],[22.7547,63.8818,9.2003],[22.7563,63.8812,9.5391],[22.7578,63.8828,0.0]]],
[[[22.7266,63.8839,6.0331],[22.7266,63.8849,4.5237],[22.7234,63.8849,1.2285],[22.7234,63.8839,5.7264],[22.7266,63.8839,6.0331]]],
[[[22.7917,63.8792,3.1697],[22.7953,63.8797,2.6352],[22.7995,63.8859,0.0],[22.7974,63.8891,0.0],[22.7932,63.8911,4.1053],[22.7854,63.8917,0.0],[22.7813,63.8896,10.5403],[22.7771,63.8917,0.0],[22.7729,63.8896,0.0],[22.7651,63.8891,8.5097],[22.7755,63.8797,0.0],[22.7917,63.8792,3.1697]]],
[[[22.7328,63.8859,7.479],[22.7313,63.8875,4.1609],[22.7297,63.887,4.4203],[22.7313,63.8854,2.8407],[22.7328,63.8859,7.479]]],
[[[22.7438,63.8875,0.0],[22.7458,63.8896,6.7536],[22.7438,63.8917,11.7132],[22.7396,63.8917,3.2331],[22.7359,63.8891,4.5545],[22.7375,63.8875,2.0723],[22.7438,63.8875,0.0]]],
[[[22.738,63.8974,0.0],[22.7479,63.8937,0.0],[22.7521,63.8937,0.0],[22.7557,63.8964,-0.0769],[22.7542,63.8979,1.4533],[22.738,63.8974,0.0]]],
[[[22.8708,63.8979,1.2062],[22.8708,63.9,0.0],[22.8672,63.8995,7.069],[22.8672,63.8984,9.6996],[22.8708,63.8979,1.2062]]],
[[[22.7625,63.8979,0.0],[22.7687,63.8979,6.5497],[22.7729,63.8958,8.9166],[22.7786,63.8964,2.1515],[22.7807,63.8984,2.163],[22.7797,63.9016,0.0],[22.7807,63.9036,0.0],[22.7776,63.9057,8.1398],[22.7849,63.9099,0.0],[22.7771,63.9104,7.9412],[22.7729,63.9083,0.0],[22.7625,63.9083,0.0],[22.7547,63.9057,0.0],[22.7568,63.9026,3.4615],[22.7599,63.9016,9.3717],[22.7589,63.8984,0.0],[22.7625,63.8979,0.0]]],
[[[22.7208,63.9167,3.8958],[22.7193,63.9151,2.1678],[22.7245,63.9151,0.0],[22.7245,63.9161,0.0],[22.7208,63.9167,3.8958]]],
[[[22.737,63.9151,4.7974],[22.737,63.9161,5.0751],[22.7339,63.9161,0.0],[22.7339,63.9151,0.0],[22.737,63.9151,4.7974]]],
[[[22.788,63.9172,2.9696],[22.7901,63.913,0.0],[22.7979,63.9104,0.0],[22.8042,63.9125,3.0432],[22.8161,63.913,1.9203],[22.8151,63.9161,5.8521],[22.8161,63.9182,0.0],[22.8083,63.9229,0.0],[22.7917,63.9208,1.6274],[22.788,63.9172,2.9696]]],
[[[22.7651,63.913,0.0],[22.7745,63.913,1.5105],[22.7766,63.9161,0.0],[22.7734,63.9182,6.7632],[22.7766,63.9224,0.0],[22.7646,63.9292,0.0],[22.7589,63.9286,3.7326],[22.7526,63.9266,1.8704],[22.7495,63.9234,5.537],[22.738,63.9203,2.0251],[22.7458,63.9167,0.0],[22.7521,63.9188,8.3469],[22.7563,63.9167,0.0],[22.7604,63.9167,2.6508],[22.7651,63.913,0.0]]],
[[[22.8188,63.9229,0.0],[22.8203,63.9245,8.1675],[22.8167,63.9271,2.3361],[22.813,63.9266,6.9677],[22.8109,63.9245,0.0],[22.8125,63.9229,0.0],[22.8188,63.9229,0.0]]],
[[[22.8333,63.9313,5.31],[22.837,63.9328,0.1278],[22.8276,63.9328,1.2171],[22.8292,63.9313,4.1184],[22.8333,63.9313,5.31]]],
[[[22.812,63.937,0.0],[22.8188,63.9354,0.0],[22.8224,63.9391,4.4575],[22.8125,63.9417,1.3275],[22.8089,63.9391,0.0],[22.812,63.937,0.0]]],
[[[22.8458,63.9479,0.4176],[22.8495,63.9495,0.7629],[22.8458,63.9521,0.0],[22.8422,63.9484,0.0],[22.8458,63.9479,0.4176]]],
[[[23.0526,63.9474,8.5824],[23.0542,63.9458,6.7479],[23.0578,63.9464,4.0984],[23.0563,63.9479,2.8307],[23.0526,63.9474,8.5824]]],
[[[23.1495,63.9786,11.3497],[23.1464,63.9786,3.9748],[23.1464,63.9776,1.8078],[23.1495,63.9776,9.5786],[23.1495,63.9786,11.3497]]],
[[[23.5745,64.0495,0.0],[23.5714,64.0495,2.1675],[23.5714,64.0484,1.4156],[23.5745,64.0484,0.0],[23.5745,64.0495,0.0]]],
[[[23.5583,64.0604,1.6025],[23.5526,64.0609,0.119],[23.537,64.0724,4.9537],[23.5276,64.0724,0.0],[23.5276,64.0693,0.0],[23.5328,64.0682,5.4474],[23.5401,64.063,0.2457],[23.5547,64.0568,3.105],[23.5646,64.0542,0.0],[23.5682,64.0568,0.0],[23.5641,64.0599,16.5621],[23.5583,64.0604,1.6025]]],
[[[23.5359,64.0807,3.7309],[23.538,64.0776,0.0],[23.5411,64.0766,0.0],[23.5401,64.0734,0.0],[23.5422,64.0714,0.0],[23.5516,64.0714,0.0],[23.5443,64.0776,6.2424],[23.5453,64.087,6.8115],[23.5396,64.0896,3.2547],[23.5318,64.087,9.7361],[23.5339,64.0839,1.7583],[23.537,64.0828,0.3158],[23.5359,64.0807,3.7309]]],
[[[23.5187,64.0854,9.9278],[23.5089,64.0818,0.0],[23.5125,64.0792,0.0],[23.5245,64.0797,5.9848],[23.5234,64.0828,9.5311],[23.5245,64.0849,11.677],[23.5187,64.0854,9.9278]]],
[[[23.4021,64.0896,9.5779],[23.4063,64.0875,0.0],[23.4099,64.0911,11.5491],[23.3984,64.0932,2.6114],[23.4021,64.0896,9.5779]]],
[[[23.637,64.1505,8.9225],[23.6391,64.1536,4.5917],[23.6318,64.1536,14.5551],[23.6339,64.1505,0.0],[23.637,64.1505,8.9225]]],
[[[23.6182,64.1609,9.2655],[23.6182,64.162,5.2496],[23.6151,64.162,8.1488],[23.6151,64.1609,2.8848],[23.6182,64.1609,9.2655]]],
[[[21.5208,60.5687,10.8333],[21.5187,60.5708,13.8372],[21.5083,60.5708,16.0208],[21.5042,60.5729,25.7974],[21.5,60.5729,11.5148],[21.4958,60.5687,0.0],[21.4979,60.5667,0.0],[21.5187,60.5667,0.0],[21.5208,60.5687,10.8333]]],
[[[21.5375,61.2375,13.1074],[21.5333,61.2375,9.2473],[21.5318,61.2359,10.3869],[21.5417,61.2354,1.7278],[21.5417,61.2333,0.0],[21.5453,61.2339,0.0],[21.5432,61.237,15.9471],[21.5375,61.2375,13.1074]]],
[[[21.4995,61.2932,0.0],[21.4938,61.2938,5.6559],[21.4922,61.2922,1.8934],[21.4958,61.2896,2.7595],[21.5016,61.2901,0.8432],[21.4995,61.2932,0.0]]],
[[[21.6005,61.5943,4.2149],[21.6042,61.5917,2.9497],[21.6099,61.5922,12.1804],[21.6021,61.5958,18.42],[21.6005,61.5943,4.2149]]],
[[[21.5979,61.5979,5.3315],[21.5964,61.5974,7.4859],[21.5964,61.5964,2.7386],[21.5995,61.5964,12.0858],[21.5979,61.5979,5.3315]]],
[[[21.4839,61.2953,13.7544],[21.4854,61.2938,3.9734],[21.4896,61.2938,7.1419],[21.4932,61.2974,13.6675],[21.4896,61.3,0.6748],[21.4792,61.3,14.361],[21.475,61.2979,16.664],[21.4708,61.3,6.63],[21.4651,61.2995,1.3294],[21.4708,61.2958,4.4153],[21.4792,61.2958,8.6154],[21.4833,61.2979,17.3977],[21.4849,61.2974,18.6856],[21.4839,61.2953,13.7544]]],
[[[21.5141,61.3443,0.0],[21.5125,61.3458,0.0],[21.5026,61.3464,3.782],[21.4964,61.3505,9.4351],[21.4974,61.3536,12.7735],[21.4938,61.3563,0.0],[21.4875,61.3563,2.4432],[21.4792,61.3521,0.0],[21.4688,61.3521,0.0],[21.4651,61.3495,0.0],[21.4688,61.3458,11.0647],[21.475,61.3458,0.0],[21.4792,61.3479,0.8676],[21.4807,61.3474,3.5636],[21.4797,61.3443,0.0],[21.4896,61.3438,7.7919],[21.4938,61.3417,0.0],[21.5104,61.3417,0.0],[21.5141,61.3443,0.0]]],
[[[21.4724,61.3557,4.7737],[21.475,61.3542,0.0],[21.4807,61.3547,3.6358],[21.4729,61.3583,0.0],[21.4672,61.3578,11.6982],[21.4724,61.3557,4.7737]]],
[[[21.5125,61.3729,0.0],[21.5109,61.3714,7.5176],[21.5146,61.3708,6.1459],[21.5146,61.3729,0.0],[21.5125,61.3729,0.0]]],
[[[21.488,61.4005,0.0],[21.4958,61.4,9.5597],[21.5,61.3979,2.9447],[21.5036,61.3984,0.0],[21.5042,61.4,15.7247],[21.5016,61.4036,10.9205],[21.4958,61.4063,0.0],[21.4839,61.4036,0.0],[21.488,61.4005,0.0]]],
[[[21.4875,61.4104,11.7291],[21.4813,61.4104,0.0],[21.4797,61.4089,0.0],[21.4854,61.4063,0.0],[21.4891,61.4089,11.4002],[21.4875,61.4104,11.7291]]],
[[[21.4771,61.4125,0.0],[21.4786,61.4141,11.2154],[21.4693,61.4141,0.0],[21.4708,61.4125,0.0],[21.4771,61.4125,0.0]]],
[[[21.5146,61.6083,1.236],[21.513,61.6078,1.7053],[21.513,61.6068,0.0],[21.5161,61.6068,0.1602],[21.5146,61.6083,1.236]]],
[[[21.4375,61.1229,9.6303],[21.4359,61.1214,9.3576],[21.4391,61.1214,10.7076],[21.4391,61.1224,10.6664],[21.4375,61.1229,9.6303]]],
[[[21.4536,61.1443,5.9829],[21.4521,61.1458,0.0],[21.4422,61.1453,6.2332],[21.4438,61.1437,0.0],[21.4536,61.1443,5.9829]]],
[[[21.4396,61.1583,13.0423],[21.438,61.1568,0.0],[21.4411,61.1568,0.0],[21.4411,61.1578,10.1013],[21.4396,61.1583,13.0423]]],
[[[21.4375,61.1667,0.0],[21.4359,61.1651,9.437],[21.4391,61.1651,0.0],[21.4391,61.1661,0.0],[21.4375,61.1667,0.0]]],
[[[21.425,61.1688,0.0],[21.4167,61.1688,3.2169],[21.413,61.1651,0.0],[21.4307,61.1651,0.0],[21.4307,61.1682,8.2776],[21.425,61.1688,0.0]]],
[[[21.4375,61.1729,0.0],[21.4271,61.1729,16.064],[21.4255,61.1714,2.8493],[21.4391,61.1714,0.1114],[21.4375,61.1729,0.0]]],
[[[21.4068,61.1766,3.769],[21.4167,61.1729,0.0],[21.4245,61.1776,0.0],[21.4286,61.1828,0.0],[21.4229,61.1833,13.305],[21.4161,61.1776,15.3341],[21.4068,61.1766,3.769]]],
[[[21.4203,61.1839,0.0],[21.4224,61.187,10.1943],[21.4193,61.187,0.0],[21.4172,61.1849,8.5992],[21.4203,61.1839,0.0]]],
[[[21.3646,61.1375,14.0924],[21.363,61.137,9.753],[21.363,61.1359,8.719],[21.3661,61.1359,12.06],[21.3646,61.1375,14.0924]]],
[[[21.3854,61.1667,10.054],[21.3839,61.1651,5.1234],[21.387,61.1651,6.9555],[21.387,61.1661,9.6469],[21.3854,61.1667,10.054]]],
[[[21.3984,61.2078,0.0],[21.3995,61.212,0.0],[21.3854,61.2167,0.0],[21.3792,61.2146,0.0],[21.3646,61.2146,3.0537],[21.363,61.213,0.0],[21.3682,61.2099,5.5243],[21.3703,61.2047,11.1168],[21.3609,61.2036,0.0],[21.3583,61.2,10.4761],[21.3599,61.1964,13.0149],[21.3479,61.1958,10.9027],[21.3438,61.1937,14.1269],[21.3375,61.1937,8.4601],[21.3359,61.1922,4.6238],[21.3495,61.187,0.0],[21.3443,61.1839,5.7559],[21.3495,61.1807,2.7893],[21.3484,61.1776,6.9725],[21.3505,61.1755,13.0975],[21.3563,61.1729,0.0],[21.3703,61.1734,0.0],[21.3734,61.1766,5.0108],[21.3786,61.1776,9.5275],[21.3813,61.1813,1.9471],[21.4042,61.1813,0.0],[21.412,61.1839,0.0],[21.4026,61.188,0.0],[21.3958,61.1937,0.0],[21.3833,61.1937,6.5791],[21.3792,61.1958,0.3709],[21.3734,61.1943,14.1588],[21.3734,61.1974,2.3551],[21.3849,61.2005,4.4317],[21.388,61.2036,0.0],[21.3984,61.2078,0.0]]],
[[[21.3563,61.2062,1.2814],[21.3547,61.2057,1.7578],[21.3547,61.2047,6.039],[21.3578,61.2047,9.1431],[21.3563,61.2062,1.2814]]],
[[[21.4141,61.2203,0.0],[21.4083,61.2208,11.0943],[21.4068,61.2193,6.7406],[21.4125,61.2167,17.3256],[21.4141,61.2172,14.2822],[21.4141,61.2203,0.0]]],
[[[21.4146,61.2354,16.6038],[21.413,61.2339,6.1516],[21.4161,61.2339,13.4699],[21.4161,61.2349,18.421],[21.4146,61.2354,16.6038]]],
[[[21.4458,61.3312,3.2016],[21.4443,61.3307,2.5951],[21.4443,61.3297,0.7909],[21.4474,61.3297,1.0508],[21.4458,61.3312,3.2016]]],
[[[21.4401,61.3641,0.3864],[21.4411,61.3661,0.0],[21.438,61.3682,0.0],[21.4411,61.3724,0.0],[21.4359,61.3755,0.0],[21.437,61.3786,0.0],[21.425,61.3771,0.0],[21.4214,61.3745,5.5339],[21.4307,61.3703,9.0104],[21.4276,61.3651,0.0],[21.4339,61.3609,0.0],[21.437,61.3609,8.2586],[21.4401,61.3641,0.3864]]],
[[[21.3875,61.2562,0.0],[21.3891,61.2578,0.0],[21.3797,61.2578,1.5471],[21.3813,61.2562,0.3775],[21.3875,61.2562,0.0]]],
[[[21.3625,61.2667,2.5081],[21.3609,61.2651,0.3024],[21.3641,61.2651,0.0],[21.3641,61.2661,2.1974],[21.3625,61.2667,2.5081]]],
[[[21.3813,61.3771,0.0],[21.3797,61.3755,1.6251],[21.3828,61.3755,2.3688],[21.3828,61.3766,1.3515],[21.3813,61.3771,0.0]]],
[[[21.4036,61.4005,0.0],[21.4021,61.4021,0.0],[21.3964,61.4016,5.4816],[21.4,61.3979,9.2392],[21.4036,61.4005,0.0]]],
[[[21.4333,61.3833,6.5331],[21.425,61.3833,11.8268],[21.4234,61.3818,10.8388],[21.4255,61.3797,0.0],[21.4313,61.3792,6.8898],[21.4349,61.3818,6.0601],[21.4333,61.3833,6.5331]]],
[[[21.4266,61.3911,6.3717],[21.4208,61.3917,6.9622],[21.4193,61.3901,11.9815],[21.425,61.3875,3.337],[21.4266,61.388,12.2487],[21.4266,61.3911,6.3717]]],
[[[21.4042,61.3979,11.554],[21.4026,61.3974,12.7228],[21.4026,61.3964,10.5469],[21.4057,61.3964,9.1993],[21.4042,61.3979,11.554]]],
[[[21.4703,61.4016,0.0],[21.4646,61.4021,0.0],[21.4542,61.4063,0.0],[21.4422,61.4057,0.0],[21.4438,61.4042,0.0],[21.4521,61.4042,0.0],[21.4641,61.3995,7.8582],[21.463,61.3964,0.0],[21.4729,61.3896,0.0],[21.4771,61.3896,0.0],[21.4813,61.3875,0.0],[21.4995,61.388,0.0],[21.4974,61.3932,7.6748],[21.4896,61.3958,0.0],[21.4813,61.3958,15.3193],[21.4734,61.3984,13.551],[21.4703,61.4016,0.0]]],
[[[21.375,61.4042,2.7507],[21.3807,61.4047,0.7414],[21.3828,61.4078,2.98],[21.3729,61.4104,8.1408],[21.3672,61.4099,4.3105],[21.3693,61.4068,7.3333],[21.375,61.4042,2.7507]]],
[[[21.3599,61.4141,5.3409],[21.3568,61.4141,0.0],[21.3547,61.4109,5.1249],[21.362,61.4089,5.3728],[21.3641,61.412,1.103],[21.3599,61.4141,5.3409]]],
[[[21.3651,61.4234,11.6271],[21.3625,61.425,9.6927],[21.3563,61.425,8.9766],[21.3542,61.4229,0.5033],[21.3563,61.4208,2.5873],[21.3646,61.4208,9.3081],[21.3661,61.4214,11.1504],[21.3651,61.4234,11.6271]]],
[[[21.3771,61.4229,5.1975],[21.3807,61.4234,0.9426],[21.3807,61.4245,6.4076],[21.3734,61.4245,0.0],[21.3771,61.4229,5.1975]]],
[[[21.4609,61.438,0.0],[21.4646,61.4375,0.0],[21.4646,61.4396,0.0],[21.4609,61.4391,0.0],[21.4609,61.438,0.0]]],
[[[21.4375,61.5417,10.6724],[21.4359,61.5401,0.8832],[21.4391,61.5401,2.5096],[21.4391,61.5411,8.4356],[21.4375,61.5417,10.6724]]],
[[[21.4297,61.6339,1.4657],[21.4125,61.6396,0.0],[21.4068,61.6391,3.6678],[21.4042,61.6354,2.7025],[21.4141,61.6266,2.5624],[21.4161,61.6224,9.4077],[21.4151,61.6193,0.0],[21.4224,61.6182,11.7239],[21.4286,61.6141,21.2893],[21.4276,61.6109,0.0],[21.4536,61.6047,1.9043],[21.4557,61.6099,0.0],[21.4297,61.6193,0.0],[21.4234,61.6234,0.0],[21.4255,61.6286,0.0],[21.4271,61.6292,0.0],[21.4313,61.6271,0.0],[21.4354,61.6292,0.6095],[21.4432,61.6276,1.4754],[21.4432,61.6307,8.4988],[21.4354,61.6312,3.5776],[21.4297,61.6339,1.4657]]],
[[[21.4396,61.6396,0.0],[21.4339,61.6391,9.3548],[21.4318,61.6359,0.0],[21.4432,61.6359,0.0],[21.4396,61.6396,0.0]]],
[[[21.3401,61.4786,0.0],[21.338,61.4755,6.0913],[21.3458,61.4708,0.2672],[21.3578,61.4734,12.5046],[21.3661,61.4776,0.8334],[21.3583,61.4833,2.6797],[21.3526,61.4828,8.5215],[21.3479,61.4792,9.8027],[21.3401,61.4786,0.0]]],
[[[21.3896,61.6312,2.7139],[21.388,61.6307,3.065],[21.388,61.6297,2.4658],[21.3911,61.6297,1.0955],[21.3896,61.6312,2.7139]]],
[[[21.3734,61.6786,15.3335],[21.3734,61.6776,9.3208],[21.3766,61.6776,9.0625],[21.3766,61.6786,5.9591],[21.3734,61.6786,15.3335]]],
[[[21.3693,61.6839,6.0957],[21.3651,61.6849,8.48],[21.3661,61.6818,1.5508],[21.3651,61.6797,1.7863],[21.3693,61.6807,14.8354],[21.3703,61.6828,15.5884],[21.3693,61.6839,6.0957]]],
[[[21.4208,61.6458,0.0],[21.4193,61.6453,4.4845],[21.4193,61.6443,3.012],[21.4224,61.6443,7.4599],[21.4208,61.6458,0.0]]],
[[[21.4083,61.6521,7.4716],[21.4068,61.6505,1.931],[21.4099,61.6505,2.6466],[21.4099,61.6516,0.0],[21.4083,61.6521,7.4716]]],
[[[21.4505,61.6568,0.0],[21.4547,61.6505,0.0],[21.4604,61.6479,0.0],[21.4661,61.6484,0.0],[21.4745,61.6547,0.0],[21.4724,61.6599,0.0],[21.4672,61.663,3.0834],[21.4682,61.6661,1.3368],[21.4646,61.6688,0.0],[21.4526,61.6661,1.2671],[21.4495,61.663,5.4848],[21.4443,61.662,0.0],[21.4505,61.6568,0.0]]],
[[[21.4464,61.6697,11.949],[21.4474,61.6745,0.0],[21.4438,61.6771,0.0],[21.438,61.6776,7.7557],[21.4391,61.6807,0.0],[21.4375,61.6813,0.0],[21.4318,61.6807,4.2544],[21.4271,61.6771,11.2687],[21.4229,61.6771,7.4439],[21.4188,61.6792,0.0],[21.4151,61.6766,3.6735],[21.4208,61.6729,2.9485],[21.4286,61.6724,8.3434],[21.4276,61.6693,0.0],[21.4292,61.6688,4.9165],[21.4333,61.6688,6.2451],[21.4375,61.6667,0.0],[21.4516,61.6672,5.672],[21.4464,61.6697,11.949]]],
[[[21.3604,61.85,6.0717],[21.3589,61.8484,6.3268],[21.362,61.8484,7.5415],[21.362,61.8495,6.1682],[21.3604,61.85,6.0717]]],
[[[21.3557,61.9286,9.8772],[21.3526,61.9286,11.5841],[21.3505,61.9255,2.7317],[21.3578,61.9234,4.7981],[21.3557,61.9286,9.8772]]],
[[[21.3745,61.9276,11.3165],[21.3729,61.9292,5.9675],[21.3667,61.9292,6.8238],[21.3646,61.9271,0.0],[21.3667,61.925,3.5481],[21.3708,61.925,6.8766],[21.3745,61.9276,11.3165]]],
[[[21.3682,62.2297,1.9932],[21.3667,62.2271,0.0],[21.3688,62.225,0.0],[21.3729,62.225,1.1012],[21.3771,62.2271,0.0],[21.3771,62.2292,0.0],[21.3708,62.2313,0.0],[21.3682,62.2297,1.9932]]],
[[[21.4167,61.7646,0.0],[21.4151,61.763,2.1515],[21.4182,61.763,1.4827],[21.4182,61.7641,0.0],[21.4167,61.7646,0.0]]],
[[[21.4542,61.8875,8.3251],[21.4526,61.8859,10.2608],[21.4557,61.8859,8.1048],[21.4557,61.887,7.0038],[21.4542,61.8875,8.3251]]],
[[[21.4208,62.9729,12.9009],[21.4151,62.9724,7.6709],[21.4109,62.9672,0.0],[21.4188,62.9667,0.0],[21.4266,62.9693,0.0],[21.4266,62.9724,0.0],[21.4208,62.9729,12.9009]]],
[[[21.137,60.9401,6.6221],[21.1354,60.9417,2.4152],[21.1297,60.9411,0.0],[21.1333,60.9375,0.0],[21.137,60.9401,6.6221]]],
[[[21.1678,60.9496,4.1539],[21.1708,60.9479,1.6105],[21.1766,60.9484,0.0],[21.1745,60.9516,0.0],[21.1667,60.9562,0.0],[21.1609,60.9557,1.7016],[21.1589,60.9536,2.3534],[21.1609,60.9505,0.0],[21.1678,60.9496,4.1539]]],
[[[21.1661,62.3943,0.0],[21.1682,62.3974,3.1048],[21.1651,62.3974,7.222],[21.163,62.3953,6.0654],[21.1661,62.3943,0.0]]],
[[[21.1203,62.4297,0.0],[21.1203,62.4328,0.0],[21.1188,62.4333,1.3486],[21.1146,62.4292,6.4565],[21.1167,62.4271,0.0],[21.1203,62.4297,0.0]]],
[[[21.1833,60.9938,4.4015],[21.1776,60.9932,7.8553],[21.1755,60.9901,7.687],[21.1792,60.9875,0.0],[21.1833,60.9875,3.9393],[21.1911,60.9901,0.0],[21.1891,60.9932,0.0],[21.1833,60.9938,4.4015]]],
[[[21.1932,62.3422,6.2063],[21.188,62.3339,1.8357],[21.1953,62.3339,5.6221],[21.1995,62.338,12.8605],[21.1964,62.3411,11.7916],[21.2016,62.3422,0.0],[21.2099,62.3536,5.6847],[21.2005,62.3536,5.7846],[21.1932,62.3422,6.2063]]],
[[[21.2505,62.3786,0.0],[21.2516,62.3828,10.022],[21.2495,62.3849,0.0],[21.2422,62.3859,10.059],[21.237,62.3932,0.0],[21.2255,62.3932,0.0],[21.2266,62.3901,8.8541],[21.2214,62.3891,0.0],[21.2245,62.3859,11.6713],[21.2172,62.3766,0.0],[21.2208,62.3688,11.7906],[21.2172,62.363,2.5697],[21.2203,62.3609,4.4075],[21.2151,62.3557,0.0],[21.2161,62.3505,1.5142],[21.2151,62.3484,0.0],[21.2208,62.3458,0.0],[21.225,62.3458,8.1526],[21.2318,62.3516,0.0],[21.2438,62.3542,2.2753],[21.2453,62.3526,9.8496],[21.2411,62.3464,9.8021],[21.2359,62.3453,11.0266],[21.2339,62.3422,0.0],[21.2396,62.3396,0.0],[21.2438,62.3396,0.0],[21.2474,62.3422,0.0],[21.2443,62.3443,7.9479],[21.2464,62.3474,0.0],[21.2557,62.3484,0.0],[21.2578,62.3516,0.0],[21.2484,62.3568,5.7631],[21.2521,62.3625,0.0],[21.2495,62.3661,0.0],[21.2464,62.3672,7.8552],[21.2516,62.3693,0.0],[21.2495,62.3724,0.0],[21.2464,62.3734,11.6462],[21.2505,62.3786,0.0]]],
[[[21.2068,62.4057,0.0],[21.2089,62.4099,12.3772],[21.2141,62.412,0.0],[21.2026,62.4193,13.6672],[21.2005,62.4214,0.0],[21.2016,62.4245,7.3917],[21.1922,62.4245,10.4238],[21.187,62.4172,7.9142],[21.1818,62.4151,7.9265],[21.1932,62.4141,2.7105],[21.1922,62.4109,3.075],[21.1953,62.4089,0.0],[21.1932,62.4068,0.0],[21.188,62.4057,2.1002],[21.1875,62.4042,0.0],[21.188,62.4026,0.0],[21.1932,62.4016,7.382],[21.1922,62.3984,3.1321],[21.1953,62.3964,0.0],[21.1911,62.3922,8.575],[21.1833,62.3917,0.0],[21.1776,62.3891,5.7582],[21.1724,62.3839,0.0],[21.1667,62.3854,3.7335],[21.1609,62.3849,0.0],[21.1589,62.3818,4.354],[21.1609,62.3776,0.4159],[21.1641,62.3776,0.0],[21.1688,62.3812,0.0],[21.1745,62.3807,8.6317],[21.1708,62.375,5.9882],[21.175,62.3708,0.2829],[21.1797,62.3745,7.3812],[21.1849,62.3755,0.0],[21.1818,62.3786,12.4295],[21.187,62.3797,9.6117],[21.1859,62.3828,11.6279],[21.1875,62.3833,11.4806],[21.1932,62.3807,5.0076],[21.1953,62.3776,12.2657],[21.1901,62.3766,0.0],[21.1932,62.3734,5.9648],[21.188,62.3682,9.1823],[21.1859,62.363,3.8176],[21.1974,62.363,4.2495],[21.1943,62.3682,0.0],[21.1974,62.3693,0.8997],[21.1964,62.3724,0.0],[21.1979,62.3729,0.0],[21.2036,62.3724,0.0],[21.2078,62.3703,6.4199],[21.2068,62.3672,0.0],[21.2099,62.3672,4.4437],[21.2141,62.3714,0.0],[21.2109,62.3745,6.9932],[21.2161,62.3828,0.0],[21.2109,62.3859,10.6766],[21.2146,62.3917,0.0],[21.212,62.3974,4.4708],[21.2068,62.3985,0.0],[21.2083,62.4021,0.0],[21.2068,62.4057,0.0]]],
[[[21.125,62.4354,0.0],[21.1234,62.4339,1.4624],[21.1266,62.4339,0.0],[21.1266,62.4349,0.0],[21.125,62.4354,0.0]]],
[[[21.0643,62.5251,1.482],[21.0661,62.5255,2.9092],[21.0661,62.5266,0.0],[21.063,62.5266,5.5738],[21.0643,62.5251,1.482]]],
[[[21.0604,62.5292,4.2164],[21.0589,62.5286,0.0],[21.0589,62.5276,0.0],[21.062,62.5276,8.4013],[21.0604,62.5292,4.2164]]],
[[[21.0979,62.5438,10.0442],[21.0964,62.5422,0.0],[21.1,62.5417,9.7609],[21.1,62.5438,0.0],[21.0979,62.5438,10.0442]]],
[[[21.1313,62.5583,10.4652],[21.1297,62.5568,0.0],[21.1328,62.5568,0.0],[21.1328,62.5578,9.52],[21.1313,62.5583,10.4652]]],
[[[21.1563,62.6,3.3797],[21.1547,62.5995,0.0],[21.1547,62.5984,0.0],[21.1578,62.5984,0.0],[21.1563,62.6,3.3797]]],
[[[21.0734,62.6068,7.9237],[21.0771,62.6063,2.7095],[21.0786,62.6078,0.0],[21.075,62.6083,7.4104],[21.0734,62.6068,7.9237]]],
[[[21.1297,62.6068,3.8209],[21.1224,62.612,0.0],[21.1109,62.6141,0.0],[21.113,62.6089,0.0],[21.1234,62.6047,0.0],[21.1307,62.6047,0.0],[21.1297,62.6068,3.8209]]],
[[[21.2911,62.1068,0.0],[21.2932,62.1099,0.0],[21.288,62.1099,0.0],[21.288,62.1068,0.0],[21.2911,62.1068,0.0]]],
[[[21.2875,62.1437,6.0671],[21.2859,62.1432,0.0],[21.2859,62.1422,0.0],[21.2891,62.1422,1.0422],[21.2875,62.1437,6.0671]]],
[[[21.2896,62.1542,5.8755],[21.288,62.1536,0.0],[21.288,62.1526,0.0],[21.2911,62.1526,7.4532],[21.2896,62.1542,5.8755]]],
[[[21.2661,62.3085,6.4564],[21.2682,62.3089,7.8491],[21.2682,62.3099,9.0731],[21.2651,62.3099,9.0885],[21.2661,62.3085,6.4564]]],
[[[21.3432,62.1443,0.0],[21.3411,62.1474,6.7406],[21.338,62.1474,6.6373],[21.3401,62.1443,1.2393],[21.3432,62.1443,0.0]]],
[[[21.2943,62.1682,0.0],[21.2958,62.1646,4.9406],[21.2922,62.1589,3.0874],[21.3057,62.1589,0.0],[21.3057,62.162,0.0],[21.3016,62.1682,0.0],[21.2943,62.1682,0.0]]],
[[[21.3312,62.2833,9.0439],[21.3297,62.2818,1.4732],[21.3328,62.2818,0.0],[21.3328,62.2828,3.7762],[21.3312,62.2833,9.0439]]],
[[[21.2953,62.3026,10.5984],[21.2943,62.3005,3.5749],[21.3042,62.2979,0.0],[21.3063,62.3,3.4002],[21.3047,62.3026,6.3582],[21.3057,62.3057,0.0],[21.3042,62.3063,4.812],[21.2953,62.3026,10.5984]]],
[[[21.2771,62.3333,0.0],[21.2755,62.3318,0.0],[21.2786,62.3318,7.8124],[21.2786,62.3328,8.6274],[21.2771,62.3333,0.0]]],
[[[21.2563,62.3667,8.5326],[21.2547,62.3651,11.555],[21.2578,62.3651,0.0],[21.2578,62.3661,0.0],[21.2563,62.3667,8.5326]]],
[[[21.2911,62.3672,10.1469],[21.2932,62.3703,0.0],[21.2901,62.3703,17.523],[21.288,62.3682,0.0],[21.2911,62.3672,10.1469]]],
[[[21.2891,62.3714,9.5338],[21.2911,62.3745,7.8315],[21.288,62.3745,9.9144],[21.2859,62.3724,5.264],[21.2891,62.3714,9.5338]]],
[[[21.3104,62.3354,12.8915],[21.3089,62.3349,0.0],[21.3089,62.3339,0.0],[21.312,62.3339,13.4529],[21.3104,62.3354,12.8915]]],
[[[21.3125,62.35,11.8318],[21.3104,62.35,10.3747],[21.3104,62.3479,0.0],[21.3141,62.3484,0.0],[21.3125,62.35,11.8318]]],
[[[21.3479,62.9063,0.0],[21.3458,62.9083,10.5156],[21.3401,62.9078,4.5166],[21.3438,62.9042,0.0],[21.3474,62.9047,0.0],[21.3479,62.9063,0.0]]],
[[[21.3516,62.9182,0.0],[21.3458,62.9208,3.3111],[21.3417,62.9208,0.0],[21.3375,62.9188,0.0],[21.3359,62.9193,0.0],[21.337,62.9224,10.0483],[21.3354,62.9229,4.7722],[21.325,62.9229,12.6781],[21.3214,62.9203,1.6287],[21.3255,62.9172,2.4523],[21.3333,62.9146,0.0],[21.3438,62.9167,3.2866],[21.3479,62.9146,2.1928],[21.3516,62.9182,0.0]]],
[[[21.1792,62.3979,0.0],[21.1776,62.3974,0.0],[21.1776,62.3964,0.0],[21.1807,62.3964,4.1268],[21.1792,62.3979,0.0]]],
[[[21.1729,62.4521,0.0],[21.1714,62.4505,0.0],[21.1745,62.4505,3.8344],[21.1745,62.4516,2.8025],[21.1729,62.4521,0.0]]],
[[[21.1938,62.6083,0.0],[21.1974,62.6099,3.1509],[21.1901,62.6099,2.669],[21.1901,62.6089,1.7552],[21.1938,62.6083,0.0]]],
[[[21.1911,62.8276,0.572],[21.1896,62.8292,4.6752],[21.1833,62.8292,1.1339],[21.1813,62.8271,0.0],[21.1818,62.8255,3.658],[21.1875,62.825,0.0],[21.1911,62.8276,0.572]]],
[[[21.1625,62.6063,0.0],[21.1682,62.6068,0.0],[21.1703,62.6099,0.0],[21.1563,62.6125,0.0],[21.1526,62.6099,6.5504],[21.1526,62.6089,3.0558],[21.1625,62.6063,0.0]]],
[[[21.1396,62.6146,6.2213],[21.138,62.6141,0.0],[21.138,62.613,0.0],[21.1411,62.613,5.6449],[21.1396,62.6146,6.2213]]],
[[[21.0505,62.6255,1.8776],[21.0542,62.625,0.0],[21.0557,62.6266,0.0],[21.0521,62.6271,0.0],[21.0505,62.6255,1.8776]]],
[[[21.1193,62.713,0.3456],[21.1224,62.713,1.4899],[21.1224,62.7161,1.7257],[21.1193,62.7161,0.0],[21.1193,62.713,0.3456]]],
[[[21.0812,62.7417,0.0],[21.0771,62.7438,0.0],[21.0646,62.7438,0.0],[21.0604,62.7458,0.0],[21.0505,62.7411,0.0],[21.0516,62.7359,0.8784],[21.0505,62.7339,0.0],[21.0536,62.7318,10.352],[21.0484,62.7245,0.0],[21.0516,62.7214,0.0],[21.0484,62.7172,0.0],[21.0536,62.7141,7.7222],[21.0526,62.7109,0.0],[21.0604,62.7062,0.0],[21.075,62.7062,2.9862],[21.0859,62.7182,0.0],[21.0932,62.7234,0.3402],[21.088,62.7276,0.6154],[21.0891,62.7307,0.0],[21.0839,62.7339,0.0],[21.0818,62.738,6.3408],[21.0828,62.7411,0.0],[21.0812,62.7417,0.0]]],
[[[21.1255,62.7297,0.0],[21.1214,62.7307,2.2849],[21.1172,62.7255,0.0],[21.1266,62.7255,0.0],[21.1286,62.7286,0.4206],[21.1255,62.7297,0.0]]],
[[[21.1396,62.7313,0.0],[21.1375,62.7333,5.64],[21.1318,62.7328,0.0],[21.1354,62.7292,0.0],[21.1391,62.7297,0.0],[21.1396,62.7313,0.0]]],
[[[21.2292,62.8458,0.0],[21.237,62.8484,0.0],[21.2417,62.8521,0.0],[21.2417,62.8542,0.0],[21.238,62.8547,10.8103],[21.2328,62.862,4.3593],[21.2208,62.8625,2.3443],[21.2193,62.8609,0.0],[21.2224,62.8589,0.0],[21.2146,62.8583,11.7979],[21.2083,62.8625,0.0],[21.1901,62.8651,3.4865],[21.1911,62.8682,0.0],[21.1896,62.8688,3.4506],[21.1813,62.8688,0.0],[21.1771,62.8708,0.0],[21.1646,62.8708,1.2321],[21.163,62.8693,4.7418],[21.1682,62.8651,7.6582],[21.1646,62.8625,0.0],[21.1604,62.8646,0.0],[21.1542,62.8646,0.0],[21.15,62.8625,10.2917],[21.1458,62.8646,0.0],[21.1417,62.8625,9.3031],[21.1297,62.862,0.0],[21.1276,62.8589,1.6034],[21.1328,62.8578,0.0],[21.1333,62.8563,0.0],[21.1286,62.8505,0.0],[21.1167,62.85,2.6746],[21.1063,62.8458,3.9611],[21.0984,62.8453,0.0],[21.1,62.8438,0.0],[21.1057,62.8432,2.7397],[21.1078,62.8401,2.0805],[21.0964,62.837,1.3875],[21.0958,62.8354,2.325],[21.0984,62.8318,0.9799],[21.1042,62.8292,0.0],[21.1167,62.8292,2.2443],[21.1229,62.8333,4.1852],[21.1271,62.8312,0.3742],[21.1396,62.8312,3.9257],[21.1437,62.8271,0.0],[21.1479,62.8292,0.0],[21.1792,62.8312,0.0],[21.1833,62.8333,2.6513],[21.1979,62.8333,1.9372],[21.2042,62.8375,0.0],[21.2188,62.8375,0.0],[21.2245,62.8422,0.0],[21.2255,62.8453,0.0],[21.2292,62.8458,0.0]]],
[[[21.1182,62.862,0.0],[21.1151,62.862,0.7949],[21.113,62.8599,0.0],[21.113,62.8568,0.0],[21.1151,62.8547,0.0],[21.1286,62.8547,4.0516],[21.1286,62.8557,6.1831],[21.1182,62.862,0.0]]],
[[[21.0792,62.8917,0.0],[21.0833,62.8917,0.0],[21.0875,62.8896,3.5455],[21.0932,62.8901,0.0],[21.0922,62.8932,0.0],[21.0932,62.8953,0.0],[21.0839,62.9005,0.9681],[21.0792,62.9063,1.6105],[21.0755,62.9026,0.0],[21.0786,62.9016,3.134],[21.0776,62.8984,1.5236],[21.0807,62.8974,0.6277],[21.0776,62.8932,0.0],[21.0792,62.8917,0.0]]],
[[[21.1495,62.8995,0.0],[21.1604,62.8958,0.0],[21.1641,62.8984,0.0],[21.1583,62.9021,4.0496],[21.15,62.9021,0.0],[21.1484,62.9016,0.0],[21.1495,62.8995,0.0]]],
[[[21.0438,62.9125,1.3809],[21.0422,62.912,1.7528],[21.0422,62.9109,0.7995],[21.0453,62.9109,0.0],[21.0438,62.9125,1.3809]]],
[[[21.2479,62.8917,0.0],[21.2438,62.8917,5.4792],[21.2422,62.8901,1.9432],[21.2458,62.8875,0.0],[21.2521,62.8875,10.0863],[21.2521,62.8896,7.8771],[21.2536,62.8901,0.0],[21.2521,62.8917,0.6196],[21.2479,62.8917,0.0]]],
[[[21.2458,62.8958,6.5536],[21.2443,62.8943,0.0],[21.2474,62.8943,2.5356],[21.2474,62.8953,6.6411],[21.2458,62.8958,6.5536]]],
[[[21.2516,62.9505,0.0],[21.2536,62.9536,0.0],[21.2505,62.9536,12.7625],[21.2484,62.9516,7.4927],[21.2516,62.9505,0.0]]],
[[[21.2557,62.9568,0.0],[21.2578,62.9599,2.1216],[21.2547,62.9599,7.3195],[21.2526,62.9578,10.2105],[21.2557,62.9568,0.0]]],
[[[21.2568,63.0016,0.0],[21.262,63.0036,0.0],[21.2438,63.0062,0.0],[21.2422,63.0057,0.0],[21.2432,63.0005,5.656],[21.2411,62.9984,0.0],[21.2318,62.9995,0.0],[21.2307,62.9964,0.0],[21.2255,62.9953,5.9286],[21.2214,62.9901,0.0],[21.2276,62.9859,0.0],[21.2417,62.9833,1.1986],[21.25,62.9917,0.0],[21.2443,62.9974,0.0],[21.2479,62.9979,2.7559],[21.2521,62.9958,0.0],[21.2599,62.9984,0.0],[21.2568,63.0016,0.0]]],
[[[21.2979,63.0062,5.2343],[21.2896,63.0062,8.0778],[21.288,63.0047,0.0],[21.2917,63.0021,4.4627],[21.2979,63.0021,0.0],[21.3016,63.0057,2.4653],[21.2979,63.0062,5.2343]]],
[[[21.2979,63.0104,4.284],[21.2964,63.0089,0.0],[21.2995,63.0089,0.0],[21.2995,63.0099,0.0],[21.2979,63.0104,4.284]]],
[[[21.3479,62.9729,0.0],[21.3464,62.9724,0.0],[21.3464,62.9714,2.4253],[21.3495,62.9714,0.5288],[21.3479,62.9729,0.0]]],
[[[21.3224,62.9974,8.9604],[21.325,62.9958,3.0004],[21.3307,62.9964,13.4636],[21.3292,62.9979,13.2596],[21.325,62.9979,10.7193],[21.325,63.0,0.0],[21.3193,62.9995,13.5586],[21.3224,62.9974,8.9604]]],
[[[21.325,63.0604,8.6012],[21.3146,63.0604,3.2735],[21.3125,63.0583,0.0],[21.3146,63.0563,6.3203],[21.3188,63.0563,5.7429],[21.3229,63.0583,0.0],[21.3307,63.0589,10.9479],[21.3292,63.0604,13.6884],[21.325,63.0604,8.6012]]],
[[[21.3297,63.0703,0.0],[21.3328,63.0672,10.7338],[21.3276,63.0651,3.4652],[21.3411,63.0651,0.0],[21.338,63.0672,0.0],[21.3391,63.0703,0.0],[21.3297,63.0703,0.0]]],
[[[21.2854,63.0125,6.8151],[21.2839,63.012,6.0691],[21.2839,63.0109,0.0],[21.287,63.0109,0.0],[21.2854,63.0125,6.8151]]],
[[[21.2625,63.0229,0.0],[21.2641,63.0245,0.0],[21.2547,63.0245,0.0],[21.2563,63.0229,0.0],[21.2625,63.0229,0.0]]],
[[[21.2839,63.0443,13.4039],[21.2813,63.0458,0.0],[21.2734,63.0422,0.0],[21.287,63.0422,14.0304],[21.2839,63.0443,13.4039]]],
[[[21.2943,63.1026,0.0],[21.2979,63.1021,3.2622],[21.2995,63.1036,1.3949],[21.2958,63.1042,0.0],[21.2943,63.1026,0.0]]],
[[[21.4974,61.6422,1.7093],[21.4833,61.6437,6.3943],[21.4792,61.6458,0.0],[21.4714,61.6432,0.0],[21.4724,61.638,0.0],[21.4646,61.6375,0.0],[21.463,61.6359,2.0512],[21.4682,61.6349,5.4447],[21.4786,61.6286,1.3301],[21.4766,61.6255,2.1195],[21.4562,61.625,6.1306],[21.4521,61.6271,0.0],[21.4484,61.6234,0.1272],[21.4557,61.6224,8.8919],[21.4604,61.6188,0.0],[21.4708,61.6188,3.0261],[21.475,61.6208,0.0473],[21.4958,61.6208,1.0652],[21.5,61.6188,0.0],[21.5104,61.6188,1.358],[21.512,61.6193,0.0],[21.5141,61.6234,0.5674],[21.513,61.6266,0.0],[21.5146,61.6271,1.4339],[21.5187,61.6271,2.0878],[21.5229,61.625,0.0],[21.5313,61.625,2.6643],[21.5354,61.6271,0.0],[21.55,61.6271,0.0],[21.5557,61.6318,1.4182],[21.5458,61.6354,0.0],[21.5333,61.6333,0.0],[21.5292,61.6354,0.0],[21.5208,61.6354,4.4269],[21.5161,61.6391,0.0],[21.5042,61.6437,0.0],[21.4974,61.6422,1.7093]]],
[[[21.5286,61.663,9.01],[21.5271,61.6646,0.0],[21.5229,61.6646,0.0],[21.5193,61.6609,4.1491],[21.525,61.6604,9.0673],[21.5286,61.663,9.01]]],
[[[21.5,61.6688,0.0],[21.4984,61.6672,2.8481],[21.5016,61.6672,7.3518],[21.5016,61.6682,2.6147],[21.5,61.6688,0.0]]],
[[[21.5104,61.6708,10.1404],[21.5042,61.6708,0.0],[21.5026,61.6693,6.6034],[21.5083,61.6667,3.2972],[21.512,61.6693,6.4377],[21.5104,61.6708,10.1404]]],
[[[21.4958,61.6708,3.8868],[21.4943,61.6693,16.1903],[21.4974,61.6693,4.0313],[21.4974,61.6703,7.6144],[21.4958,61.6708,3.8868]]],
[[[21.5,61.7083,0.0],[21.4917,61.7083,11.7274],[21.4901,61.7068,11.2173],[21.4922,61.7047,6.7906],[21.4979,61.7042,0.0],[21.5016,61.7068,0.0],[21.5,61.7083,0.0]]],
[[[21.5453,61.7443,1.9159],[21.5375,61.7479,18.2224],[21.5318,61.7484,4.9537],[21.5328,61.7516,0.0],[21.5297,61.7536,1.0748],[21.5328,61.7578,3.3317],[21.5229,61.7583,17.909],[21.5193,61.7557,17.1757],[21.5214,61.7505,15.0687],[21.5297,61.7443,3.0636],[21.5453,61.7443,1.9159]]],
[[[21.5159,61.7646,5.4318],[21.5,61.7667,3.8011],[21.5,61.7646,0.0],[21.5026,61.763,3.1693],[21.5083,61.7625,2.6136],[21.5187,61.7583,15.909],[21.5224,61.7609,11.0782],[21.5159,61.7646,5.4318]]],
[[[21.5964,61.6224,4.1269],[21.5979,61.6208,3.638],[21.6078,61.6193,5.7435],[21.6057,61.6224,0.0],[21.6,61.625,0.0],[21.5964,61.6224,4.1269]]],
[[[21.5849,61.6193,6.9661],[21.587,61.6224,0.0],[21.5849,61.6245,2.4527],[21.575,61.6271,0.0],[21.5625,61.6271,0.0],[21.5547,61.6245,15.4725],[21.5646,61.6208,0.2609],[21.5849,61.6193,6.9661]]],
[[[21.5755,61.6359,1.4127],[21.5792,61.6354,0.0],[21.5807,61.637,3.8812],[21.5771,61.6375,7.5017],[21.5755,61.6359,1.4127]]],
[[[21.5297,63.1036,5.3757],[21.5313,63.1021,7.7476],[21.5411,63.1005,0.0],[21.5375,63.1042,12.7058],[21.5297,63.1036,5.3757]]],
[[[21.4708,63.1167,14.9808],[21.4688,63.1146,0.0],[21.4714,63.1109,0.0],[21.4771,63.1083,18.329],[21.4828,63.1089,1.3836],[21.4786,63.1161,16.4198],[21.4708,63.1167,14.9808]]],
[[[21.3771,62.9125,0.3335],[21.3693,62.9089,0.0],[21.3729,62.9063,0.0],[21.3766,62.9068,2.1952],[21.3786,62.9109,6.9439],[21.3771,62.9125,0.3335]]],
[[[21.4141,62.9599,0.0],[21.4125,62.9583,7.2049],[21.4005,62.9589,0.0],[21.3984,62.962,0.0],[21.4036,62.963,0.0],[21.4042,62.9646,0.0],[21.4,62.9688,10.9298],[21.3896,62.9688,0.0],[21.3854,62.9667,15.6895],[21.3776,62.9661,0.0],[21.375,62.9625,1.6159],[21.3563,62.9604,3.1321],[21.3547,62.9589,0.0],[21.3604,62.9562,0.0],[21.3646,62.9562,0.0],[21.375,62.9604,0.0],[21.3807,62.9568,0.0],[21.3755,62.9557,2.0458],[21.3724,62.9526,13.0096],[21.3672,62.9516,0.0],[21.3641,62.9484,8.315],[21.3547,62.9453,0.0],[21.3505,62.9401,9.782],[21.3536,62.9391,0.0],[21.3526,62.9359,10.121],[21.3609,62.9297,0.0],[21.3708,62.9271,0.0],[21.3828,62.9286,0.0],[21.3875,62.9229,9.0432],[21.3839,62.9182,0.0],[21.3839,62.9151,0.0],[21.3891,62.9141,1.9973],[21.388,62.9109,0.0],[21.3917,62.9104,0.0],[21.4016,62.9234,0.0],[21.4005,62.9286,0.0],[21.4125,62.9271,0.0],[21.4161,62.9297,0.0],[21.4182,62.9339,0.0875],[21.4141,62.9411,4.7089],[21.4083,62.9417,6.9899],[21.4047,62.9443,6.3116],[21.4057,62.9495,0.0],[21.4005,62.9505,0.0],[21.4021,62.9521,4.5767],[21.4099,62.9526,4.9786],[21.4083,62.9542,0.0],[21.4026,62.9547,0.0],[21.4042,62.9562,0.0],[21.4224,62.9568,0.0],[21.4266,62.9641,6.1668],[21.4089,62.9641,0.0],[21.4109,62.9609,0.0],[21.4141,62.9599,0.0]]],
[[[21.3604,62.9729,12.3526],[21.3589,62.9724,12.3526],[21.3589,62.9693,8.6095],[21.3667,62.9646,0.0],[21.3745,62.9672,0.0],[21.3771,62.9708,6.0852],[21.375,62.9729,12.9421],[21.3604,62.9729,12.3526]]],
[[[21.3896,62.9792,12.8161],[21.3833,62.9792,14.2352],[21.3818,62.9776,0.0],[21.3875,62.975,0.0],[21.4021,62.975,0.0],[21.4042,62.9771,11.2649],[21.4021,62.9792,0.0],[21.3896,62.9792,12.8161]]],
[[[21.3729,62.9833,0.0],[21.3792,62.9833,0.7591],[21.3807,62.9849,1.5789],[21.3688,62.9896,0.0],[21.3526,62.9891,11.5577],[21.3583,62.9854,0.0],[21.3625,62.9875,0.0],[21.3729,62.9833,0.0]]],
[[[21.3563,63.0229,0.0],[21.3599,63.0245,0.2757],[21.3526,63.0245,5.9397],[21.3526,63.0234,0.0],[21.3563,63.0229,0.0]]],
[[[21.388,63.0547,3.793],[21.3792,63.0583,9.6484],[21.3734,63.0589,0.0],[21.3745,63.062,11.3311],[21.3729,63.0625,12.783],[21.3625,63.0583,10.3418],[21.3526,63.0578,0.0],[21.3557,63.0557,0.0],[21.3547,63.0526,12.5284],[21.362,63.0516,0.0],[21.3667,63.0479,0.0],[21.3729,63.0479,0.0],[21.3771,63.05,5.7262],[21.3813,63.0479,0.0],[21.3854,63.05,15.5248],[21.3917,63.0479,13.5061],[21.3974,63.0505,6.0347],[21.3953,63.0536,9.4413],[21.388,63.0547,3.793]]],
[[[21.4495,63.0464,15.6288],[21.4495,63.0474,12.1105],[21.4458,63.0479,0.0],[21.4458,63.0458,0.6481],[21.4495,63.0464,15.6288]]],
[[[21.4729,63.075,4.5301],[21.4714,63.0734,0.0],[21.475,63.0729,7.1863],[21.475,63.075,5.0859],[21.4729,63.075,4.5301]]],
[[[21.4516,63.0807,0.0],[21.4557,63.0786,0.0],[21.4547,63.0755,0.0],[21.4562,63.075,0.0],[21.4641,63.0776,0.0],[21.462,63.0807,0.0],[21.4562,63.0833,0.4997],[21.4505,63.0828,3.2165],[21.4516,63.0807,0.0]]],
[[[21.4229,63.0938,0.7139],[21.4214,63.0922,10.9541],[21.4245,63.0922,3.3613],[21.4245,63.0932,5.3527],[21.4229,63.0938,0.7139]]],
[[[21.35,63.0917,15.6719],[21.3516,63.0932,2.9571],[21.3464,63.0932,13.1003],[21.3464,63.0922,16.0478],[21.35,63.0917,15.6719]]],
[[[21.3776,63.0974,0.0],[21.3714,63.0943,7.5354],[21.3771,63.0917,0.0],[21.3875,63.0958,9.6451],[21.3953,63.0964,0.0],[21.3937,63.0979,0.0],[21.3776,63.0974,0.0]]],
[[[21.3578,63.0953,0.0],[21.3521,63.0979,1.1537],[21.3505,63.0974,1.1537],[21.3542,63.0938,2.7925],[21.3578,63.0953,0.0]]],
[[[21.3667,63.1125,3.9219],[21.3651,63.112,0.0],[21.3651,63.1109,0.9146],[21.3682,63.1109,0.0],[21.3667,63.1125,3.9219]]],
[[[21.5911,63.088,0.0],[21.5901,63.0911,0.5673],[21.5911,63.0932,0.0],[21.5854,63.0938,3.0409],[21.5797,63.0964,8.0523],[21.5807,63.0995,1.1791],[21.5792,63.1,5.5113],[21.5734,63.0995,8.3189],[21.5714,63.0974,0.308],[21.5724,63.0943,7.7866],[21.5708,63.0938,0.0],[21.5609,63.0953,4.5309],[21.5563,63.0896,4.522],[21.5589,63.0859,5.5205],[21.5667,63.0812,0.0],[21.5724,63.0818,2.6116],[21.5755,63.0849,3.6612],[21.5833,63.0875,2.9398],[21.5911,63.088,0.0]]],
[[[21.5708,63.1021,0.0],[21.5693,63.1005,1.4772],[21.5724,63.1005,8.7394],[21.5724,63.1016,5.4344],[21.5708,63.1021,0.0]]],
[[[21.5922,63.2609,0.0],[21.6021,63.2583,7.0411],[21.612,63.2641,0.0],[21.6068,63.2672,1.7032],[21.6078,63.2703,5.3372],[21.6021,63.2729,12.3317],[21.5979,63.2708,0.0],[21.5901,63.2703,7.0498],[21.5859,63.2661,0.0],[21.5922,63.2609,0.0]]],
[[[21.525,63.1229,13.2257],[21.5214,63.1224,12.3752],[21.5224,63.1193,7.0878],[21.5214,63.1151,0.0],[21.5286,63.1151,0.0],[21.5328,63.1203,7.2171],[21.5297,63.1214,15.6079],[21.5307,63.1245,0.0],[21.525,63.1229,13.2257]]],
[[[21.525,63.1271,3.1001],[21.5286,63.1286,3.7869],[21.5208,63.1333,19.4196],[21.5208,63.1354,9.9544],[21.5172,63.1359,8.3607],[21.5125,63.1396,0.0],[21.5021,63.1396,13.3079],[21.5005,63.138,15.006],[21.5036,63.1359,14.9543],[21.5005,63.1318,0.0],[21.5036,63.1297,0.0],[21.4922,63.1286,13.6789],[21.4901,63.1234,0.0],[21.4953,63.1203,10.0629],[21.4922,63.1151,4.1982],[21.4979,63.1125,0.0],[21.5021,63.1125,8.0369],[21.5099,63.1203,0.0],[21.5042,63.1208,13.3406],[21.4984,63.1234,4.0764],[21.5005,63.1266,8.8483],[21.5083,63.1271,0.0],[21.5125,63.1292,0.6995],[21.5161,63.1286,9.9706],[21.5208,63.125,0.0],[21.525,63.1271,3.1001]]],
[[[21.4818,63.1203,8.4423],[21.487,63.1224,2.9092],[21.4849,63.1266,0.0],[21.4797,63.1276,11.2984],[21.4807,63.1328,12.1258],[21.4734,63.1328,14.2059],[21.4714,63.1297,0.0],[21.4745,63.1276,2.5378],[21.4714,63.1234,0.0],[21.4792,63.1188,0.0],[21.4818,63.1203,8.4423]]],
[[[21.4771,63.1479,10.4162],[21.4693,63.1401,0.0],[21.4786,63.1401,0.0],[21.4755,63.1422,5.1916],[21.4786,63.1464,2.0812],[21.4771,63.1479,10.4162]]],
[[[21.4958,63.1542,5.2856],[21.4943,63.1547,0.0],[21.4953,63.1578,5.9068],[21.488,63.1589,13.1045],[21.4891,63.162,4.5975],[21.487,63.1641,0.0],[21.4776,63.1641,13.6538],[21.4807,63.1609,4.6089],[21.4776,63.1568,7.5719],[21.4839,63.1526,1.5051],[21.4911,63.1516,4.2527],[21.4839,63.1474,15.6967],[21.4896,63.1437,0.0],[21.4938,63.1479,4.1181],[21.5,63.1479,0.0],[21.5042,63.1458,4.5959],[21.5104,63.15,0.0],[21.5161,63.1474,8.2769],[21.5151,63.1443,6.5644],[21.5187,63.1417,2.4499],[21.5266,63.1484,-1.0],[21.5208,63.1521,0.0],[21.5125,63.1521,5.1979],[21.5083,63.1542,6.8916],[21.5042,63.1542,0.0],[21.5,63.1521,5.3633],[21.4958,63.1542,5.2856]]],
[[[21.5234,63.1943,4.207],[21.5271,63.1937,0.0],[21.5286,63.1953,0.0],[21.525,63.1958,12.6983],[21.5234,63.1943,4.207]]],
[[[21.4979,63.2042,11.3189],[21.4995,63.2057,0.8534],[21.4901,63.2057,9.2207],[21.4917,63.2042,3.8985],[21.4979,63.2042,11.3189]]],
[[[21.6224,63.2786,15.3461],[21.6151,63.2786,12.011],[21.613,63.2755,5.0054],[21.6188,63.275,-1.5],[21.6224,63.2786,15.3461]]],
[[[21.5839,63.2859,11.5643],[21.5812,63.2875,1.6985],[21.5776,63.287,0.2267],[21.5755,63.2818,2.0014],[21.5828,63.2818,2.3334],[21.5849,63.2839,0.0],[21.5839,63.2859,11.5643]]],
[[[21.5896,63.3312,1.3383],[21.588,63.3297,0.0],[21.5911,63.3297,4.5444],[21.5911,63.3307,7.253],[21.5896,63.3312,1.3383]]],
[[[21.4604,63.1146,10.8144],[21.4589,63.1141,11.3336],[21.4589,63.113,0.0],[21.462,63.113,10.5764],[21.4604,63.1146,10.8144]]],
[[[21.4417,63.1333,9.3204],[21.4453,63.1349,14.8515],[21.438,63.1349,4.3014],[21.438,63.1339,2.3473],[21.4417,63.1333,9.3204]]],
[[[21.4036,63.1661,16.9048],[21.3979,63.1667,0.0],[21.3964,63.1651,17.8516],[21.4,63.1625,0.0],[21.4078,63.163,0.0],[21.4036,63.1661,16.9048]]],
[[[21.4401,63.2016,2.6566],[21.4339,63.1984,0.0],[21.4396,63.1958,0.0],[21.4474,63.1984,5.7433],[21.4453,63.2016,0.0],[21.4401,63.2016,2.6566]]],
[[[21.4063,63.1604,4.439],[21.4,63.1604,10.4188],[21.3875,63.1646,0.0],[21.3839,63.162,9.3284],[21.3917,63.1563,0.0],[21.4099,63.1589,7.8181],[21.4063,63.1604,4.439]]],
[[[21.3729,63.1688,14.4126],[21.3672,63.1703,8.1458],[21.3693,63.1651,1.5707],[21.3708,63.1646,6.8157],[21.3745,63.1672,10.4591],[21.3729,63.1688,14.4126]]],
[[[21.3917,63.1688,12.0359],[21.3974,63.1693,0.0],[21.4026,63.1745,8.5689],[21.4078,63.1766,0.0],[21.4021,63.1792,16.6497],[21.3958,63.175,0.0],[21.3901,63.1766,12.7704],[21.3875,63.1729,16.4159],[21.3917,63.1688,12.0359]]],
[[[21.3729,63.2896,3.8483],[21.3714,63.2891,0.0],[21.3714,63.288,0.0],[21.3745,63.288,3.5128],[21.3729,63.2896,3.8483]]],
[[[21.4609,63.2036,6.6165],[21.4625,63.2021,14.5201],[21.4641,63.2026,10.5197],[21.4625,63.2042,0.0],[21.4609,63.2036,6.6165]]],
[[[21.4188,63.2875,12.4536],[21.413,63.288,10.2639],[21.4203,63.2922,0.0],[21.4161,63.2953,3.0939],[21.413,63.2953,4.9562],[21.4083,63.2917,10.5798],[21.4036,63.2953,3.1194],[21.3984,63.2953,9.4887],[21.4016,63.2932,13.6806],[21.4005,63.2901,4.366],[21.4068,63.2859,0.0],[21.4141,63.2849,16.3361],[21.4172,63.2797,0.0],[21.4255,63.2734,0.0],[21.4349,63.2734,4.9979],[21.4318,63.2755,9.2178],[21.4328,63.2786,0.0],[21.4297,63.2797,0.9565],[21.4307,63.2828,0.0],[21.4286,63.2849,0.0],[21.4188,63.2875,12.4536]]],
[[[21.4313,63.2917,2.7164],[21.4297,63.2911,5.2064],[21.4297,63.2901,5.3207],[21.4328,63.2901,1.0669],[21.4313,63.2917,2.7164]]],
[[[21.3937,63.2917,0.0],[21.388,63.2911,8.4887],[21.3859,63.288,0.0],[21.3974,63.288,1.9774],[21.3937,63.2917,0.0]]],
[[[21.387,63.2922,12.2522],[21.3891,63.2953,5.3499],[21.3859,63.2953,1.5873],[21.3839,63.2932,6.5293],[21.387,63.2922,12.2522]]],
[[[21.3958,63.3021,11.9383],[21.3943,63.3016,5.5361],[21.3943,63.3005,0.0],[21.3974,63.3005,12.4816],[21.3958,63.3021,11.9383]]],
[[[21.1708,62.8875,0.4451],[21.1745,62.8891,2.2054],[21.1672,62.8891,1.0319],[21.1672,62.888,0.0],[21.1708,62.8875,0.4451]]],
[[[21.2005,62.9214,0.0],[21.2005,62.9245,1.4384],[21.2036,62.9286,0.0],[21.1938,62.9313,0.0],[21.1854,62.9313,0.42],[21.1786,62.9255,2.1862],[21.1734,62.9245,1.6465],[21.1672,62.9151,0.0],[21.1703,62.9141,0.0],[21.1776,62.9047,0.0],[21.1839,62.9005,0.0],[21.1896,62.9,3.3073],[21.1953,62.8974,3.2407],[21.2057,62.8891,0.0],[21.2057,62.8859,0.0],[21.2021,62.8812,4.9784],[21.2047,62.8776,0.0],[21.225,62.8729,0.9345],[21.2266,62.8724,0.9345],[21.2255,62.8693,0.0],[21.237,62.8672,4.741],[21.2417,62.8729,0.0],[21.2359,62.8786,10.9651],[21.2411,62.8849,0.0],[21.2359,62.888,0.0],[21.237,62.8932,0.7833],[21.2318,62.8974,1.567],[21.2411,62.9047,6.9603],[21.2391,62.9099,0.0],[21.2271,62.9146,0.0],[21.2214,62.9141,6.6305],[21.2167,62.9104,0.0],[21.2125,62.9104,0.0],[21.2109,62.9109,0.0],[21.212,62.9141,0.0],[21.2005,62.9151,0.0],[21.2057,62.9182,5.5183],[21.2005,62.9214,0.0]]],
[[[21.1661,63.0026,0.0],[21.1583,63.0042,9.6882],[21.1526,63.0026,0.0],[21.1506,63.0057,7.82],[21.1557,63.0078,0.0],[21.15,63.0104,1.6141],[21.1422,63.0078,4.7204],[21.1375,63.0042,11.9815],[21.1271,63.0042,0.0],[21.1234,63.0016,0.0],[21.1214,62.9964,0.0],[21.1286,62.9953,8.9416],[21.1349,62.9911,10.7891],[21.1339,62.988,0.0],[21.1391,62.9849,11.7992],[21.138,62.9818,0.0],[21.1411,62.9807,10.1521],[21.1401,62.9776,0.0],[21.1542,62.9771,0.0],[21.1583,62.9729,0.0],[21.1568,62.9703,1.5654],[21.1578,62.9651,8.7492],[21.15,62.9625,0.0],[21.1422,62.963,9.4557],[21.1495,62.9672,0.0],[21.1474,62.9703,9.7481],[21.1417,62.9729,0.0],[21.1359,62.9724,0.0],[21.137,62.9693,15.0532],[21.1354,62.9667,1.5515],[21.137,62.963,12.3447],[21.1359,62.9609,9.5919],[21.1391,62.9599,11.7838],[21.1411,62.9568,8.0807],[21.1359,62.9547,0.0],[21.1417,62.9521,0.0],[21.1474,62.9516,12.0343],[21.1521,62.9479,2.6341],[21.1578,62.9474,13.7474],[21.1625,62.9437,9.2076],[21.1786,62.9443,0.0],[21.1776,62.9495,0.0],[21.1833,62.9562,5.5917],[21.1995,62.9557,0.0],[21.2016,62.9516,4.9047],[21.1984,62.9453,0.7769],[21.2,62.9437,0.0],[21.2042,62.9437,1.7025],[21.2083,62.9458,2.019],[21.2224,62.9464,0.0],[21.2224,62.9495,0.0],[21.2172,62.9505,11.215],[21.2151,62.9547,7.4504],[21.2167,62.9583,0.0],[21.2151,62.9609,10.7051],[21.2161,62.9641,1.4118],[21.213,62.9651,3.9317],[21.2141,62.9682,0.0],[21.2089,62.9714,11.6673],[21.2104,62.975,0.0],[21.2089,62.9786,11.0351],[21.2141,62.9859,0.0],[21.2109,62.988,0.0],[21.212,62.9911,0.0],[21.2062,62.9896,7.3592],[21.1958,62.9896,5.2071],[21.1943,62.9901,11.3322],[21.1953,62.9932,3.2766],[21.1896,62.9938,10.4755],[21.1776,62.9984,0.0],[21.1786,63.0016,0.0],[21.1688,63.0042,0.0],[21.1661,63.0026,0.0]]],
[[[21.2141,63.0109,0.0],[21.2109,63.013,7.4074],[21.212,63.0161,4.1105],[21.2047,63.0172,3.3892],[21.2026,63.0193,0.0],[21.2036,63.0245,1.1512],[21.2,63.0271,0.0],[21.1896,63.0271,0.0],[21.1859,63.0245,0.0],[21.1859,63.0214,4.3863],[21.1911,63.0172,0.0064],[21.1646,63.0167,5.004],[21.1609,63.0141,1.1435],[21.1708,63.0104,0.0],[21.1786,63.0099,0.0],[21.1818,63.0047,5.5515],[21.1891,63.0036,0.0],[21.188,63.0005,0.0],[21.2,62.9938,0.0],[21.2042,62.9958,1.0179],[21.2146,62.9958,0.0],[21.2286,63.0005,0.0],[21.2339,63.0078,0.0881],[21.2391,63.0089,0.0],[21.2411,63.012,0.0],[21.2354,63.0146,0.0],[21.2313,63.0146,1.8847],[21.2234,63.012,7.0574],[21.2188,63.0062,13.0983],[21.2151,63.0068,4.4428],[21.213,63.0089,3.0239],[21.2141,63.0109,0.0]]],
[[[21.0083,62.9208,0.0],[21.0068,62.9193,0.4665],[21.0099,62.9193,0.5972],[21.0099,62.9203,0.0],[21.0083,62.9208,0.0]]],
[[[21.0896,62.925,1.3932],[21.0859,62.9245,0.0],[21.0839,62.9203,0.0],[21.0859,62.9172,0.0],[21.0953,62.9172,0.0],[21.0995,62.9234,0.0],[21.0979,62.925,0.0],[21.0896,62.925,1.3932]]],
[[[20.9542,62.9583,0.0],[20.9599,62.9589,7.4708],[20.962,62.962,0.0],[20.9547,62.963,4.6734],[20.95,62.9667,0.0],[20.9464,62.9661,0.0],[20.9474,62.962,1.6662],[20.9542,62.9583,0.0]]],
[[[21.0422,62.9766,1.9636],[21.0401,62.9734,0.0],[21.0432,62.9724,1.2678],[21.0422,62.9693,0.0],[21.0438,62.9688,0.0],[21.0495,62.9745,0.0],[21.0464,62.9755,1.52],[21.0474,62.9786,1.9932],[21.0458,62.9792,0.9687],[21.0422,62.9766,1.9636]]],
[[[20.8146,62.9771,2.0482],[20.813,62.9755,0.9427],[20.8161,62.9755,0.0],[20.8161,62.9766,1.2923],[20.8146,62.9771,2.0482]]],
[[[21.1333,62.9729,0.0],[21.1349,62.9745,3.2759],[21.1271,62.9771,0.0],[21.1229,62.9771,0.0],[21.1188,62.9792,0.0],[21.113,62.9786,0.0],[21.125,62.9729,4.7995],[21.1333,62.9729,0.0]]],
[[[20.8484,62.9766,0.4247],[20.8417,62.975,7.5588],[20.838,62.9776,7.7764],[20.8354,62.9833,0.0],[20.8391,62.9891,0.0],[20.8359,62.9901,2.3009],[20.837,62.9932,1.8918],[20.8349,62.9953,0.0],[20.8292,62.9979,1.2],[20.8255,62.9953,0.0],[20.8234,62.9911,1.4323],[20.8245,62.9859,0.0],[20.8146,62.9854,0.7456],[20.8125,62.9833,0.0],[20.813,62.9818,0.0],[20.8224,62.9786,2.012],[20.8255,62.9734,0.6612],[20.8307,62.9703,0.0],[20.8276,62.9651,0.0],[20.8396,62.9604,0.0],[20.8474,62.9609,0.0],[20.8443,62.9641,2.8654],[20.8484,62.9682,2.3434],[20.8536,62.9693,0.0],[20.8563,62.9729,0.0],[20.8661,62.9734,0.0],[20.8682,62.9786,1.7943],[20.8484,62.9766,0.4247]]],
[[[21.113,62.9932,0.0],[21.1141,62.9953,0.0],[21.1125,62.9958,0.0],[21.0984,62.9964,2.6982],[21.0995,62.9995,0.0],[21.0979,63.0,0.0],[21.0901,62.9995,0.6356],[21.0964,62.9943,0.0],[21.1036,62.9932,7.2304],[21.113,62.9859,0.0],[21.1266,62.9859,0.0],[21.113,62.9932,0.0]]],
[[[20.8422,62.9922,2.9167],[20.8458,62.9917,1.0416],[20.8474,62.9932,0.0],[20.8438,62.9938,2.9034],[20.8422,62.9922,2.9167]]],
[[[20.9875,63.0042,0.0],[20.9891,63.0057,0.0],[20.9797,63.0057,1.0939],[20.9813,63.0042,1.9772],[20.9875,63.0042,0.0]]],
[[[20.8391,63.0068,0.0],[20.8359,63.0078,1.757],[20.8339,63.0047,0.0],[20.8359,63.0026,0.0],[20.8391,63.0026,0.0],[20.838,63.0057,1.6924],[20.8391,63.0068,0.0]]],
[[[21.1167,63.0083,2.4065],[21.1151,63.0078,2.6072],[21.1151,63.0068,1.0518],[21.1182,63.0068,0.0],[21.1167,63.0083,2.4065]]],
[[[20.8411,63.0109,0.0],[20.8375,63.0146,2.786],[20.8339,63.0141,3.0993],[20.8333,63.0125,0.0],[20.8354,63.0104,2.3951],[20.8411,63.0109,0.0]]],
[[[20.862,63.0151,1.488],[20.8641,63.0182,0.0],[20.8609,63.0182,0.0],[20.8589,63.0161,0.7446],[20.862,63.0151,1.488]]],
[[[21.1229,63.0167,2.5934],[21.1245,63.0161,8.5612],[21.1234,63.013,0.0],[21.125,63.0125,0.0],[21.1297,63.0161,7.7922],[21.1349,63.0172,0.0],[21.1339,63.0224,0.6573],[21.1391,63.0286,0.0],[21.1354,63.0292,0.0],[21.1172,63.0224,0.0],[21.1182,63.0193,7.3833],[21.1172,63.0172,0.0],[21.1229,63.0167,2.5934]]],
[[[20.8688,63.0271,0.0],[20.8672,63.0255,0.0],[20.8703,63.0255,1.4186],[20.8703,63.0266,2.3767],[20.8688,63.0271,0.0]]],
[[[20.8141,63.0505,1.1645],[20.812,63.0536,4.9388],[20.8089,63.0536,5.3059],[20.8109,63.0505,0.0],[20.8141,63.0505,1.1645]]],
[[[20.8359,63.0526,2.282],[20.837,63.0578,0.0],[20.8271,63.0583,2.5357],[20.8229,63.0604,0.0],[20.8193,63.0578,0.9928],[20.8193,63.0547,2.1166],[20.8292,63.0542,2.2936],[20.8328,63.0505,0.0],[20.8271,63.05,0.0],[20.8208,63.0521,0.0],[20.8151,63.0484,0.0],[20.8172,63.0464,0.0],[20.8271,63.0438,0.0],[20.8333,63.0479,0.0],[20.8417,63.0479,0.0],[20.8458,63.0458,0.0],[20.8536,63.0484,0.8624],[20.8521,63.05,6.5427],[20.8438,63.05,5.5733],[20.8359,63.0526,2.282]]],
[[[20.8417,63.0667,0.0],[20.8401,63.0661,3.5832],[20.8401,63.0651,5.5986],[20.8432,63.0651,7.8286],[20.8417,63.0667,0.0]]],
[[[20.8203,63.0651,0.0],[20.8224,63.0682,5.0516],[20.8193,63.0682,2.8044],[20.8172,63.0661,0.0],[20.8203,63.0651,0.0]]],
[[[20.8453,63.0755,2.5662],[20.8417,63.0792,0.0],[20.838,63.0766,0.0],[20.8396,63.075,0.0],[20.8453,63.0755,2.5662]]],
[[[20.7297,63.0849,1.1602],[20.725,63.0792,1.8601],[20.7292,63.075,1.3639],[20.7349,63.0797,0.0],[20.7318,63.0818,3.5313],[20.7328,63.0849,0.0],[20.7297,63.0849,1.1602]]],
[[[20.8312,63.0917,1.9478],[20.8297,63.0901,0.0],[20.8328,63.0901,2.2146],[20.8328,63.0911,3.5922],[20.8312,63.0917,1.9478]]],
[[[20.7953,63.1068,5.6979],[20.8021,63.1083,0.0],[20.8063,63.1063,3.7871],[20.812,63.1109,0.0],[20.8068,63.1151,0.0],[20.8099,63.1224,1.823],[20.8026,63.1224,0.0],[20.7964,63.1161,1.3601],[20.788,63.1026,0.0],[20.7911,63.1026,0.9672],[20.7953,63.1068,5.6979]]],
[[[20.7318,63.1214,3.7303],[20.7354,63.1208,4.8266],[20.737,63.1224,0.0],[20.7333,63.1229,4.0836],[20.7318,63.1214,3.7303]]],
[[[21.1443,63.1932,2.5611],[21.1401,63.188,0.4026],[21.1458,63.1854,1.7285],[21.15,63.1896,1.2154],[21.1474,63.1932,8.4646],[21.1443,63.1932,2.5611]]],
[[[20.6125,63.2375,2.2352],[20.6083,63.2375,0.6941],[20.6005,63.2339,0.0],[20.6125,63.2333,1.0842],[20.6146,63.2354,0.4688],[20.6125,63.2375,2.2352]]],
[[[21.1229,63.2396,3.2758],[21.1266,63.2411,5.0206],[21.1193,63.2411,1.2451],[21.1193,63.2401,0.6328],[21.1229,63.2396,3.2758]]],
[[[21.3266,63.0714,5.2502],[21.325,63.0729,0.0],[21.3172,63.0693,2.4092],[21.3229,63.0687,0.0],[21.3266,63.0714,5.2502]]],
[[[21.3104,63.0792,0.4508],[21.3089,63.0786,0.0],[21.3089,63.0776,0.0],[21.312,63.0776,4.4995],[21.3104,63.0792,0.4508]]],
[[[21.3234,63.0839,12.7211],[21.3208,63.0854,6.1207],[21.3172,63.0849,2.1622],[21.3229,63.0812,0.0],[21.3245,63.0818,10.7641],[21.3234,63.0839,12.7211]]],
[[[21.3297,63.0922,8.5592],[21.3333,63.0896,0.0],[21.3391,63.0901,0.0],[21.3312,63.0938,9.4573],[21.3297,63.0922,8.5592]]],
[[[21.3167,63.0938,12.6725],[21.3125,63.0938,4.755],[21.3047,63.0901,0.0],[21.3146,63.0896,6.056],[21.3224,63.0922,3.7956],[21.3208,63.0938,0.0],[21.3167,63.0938,12.6725]]],
[[[21.3375,63.0958,8.9777],[21.3359,63.0953,11.5485],[21.3359,63.0943,13.243],[21.3391,63.0943,14.0127],[21.3375,63.0958,8.9777]]],
[[[21.3474,63.1693,3.6318],[21.3438,63.1729,11.6622],[21.3401,63.1724,9.4049],[21.3396,63.1708,12.7107],[21.3417,63.1688,20.0559],[21.3474,63.1693,3.6318]]],
[[[21.3021,63.2625,12.9495],[21.3005,63.262,0.0],[21.3005,63.2609,0.0],[21.3036,63.2609,2.3147],[21.3021,63.2625,12.9495]]],
[[[21.2995,63.112,2.2905],[21.2938,63.1125,0.7938],[21.2922,63.1109,0.0],[21.2943,63.1089,0.0],[21.2979,63.1083,0.0],[21.2995,63.1089,1.093],[21.2995,63.112,2.2905]]],
[[[21.2646,63.2562,3.0472],[21.263,63.2557,2.1395],[21.263,63.2547,0.0],[21.2661,63.2547,2.894],[21.2646,63.2562,3.0472]]],
[[[21.2328,63.3599,0.0],[21.2297,63.3609,0.0],[21.2318,63.3641,0.0],[21.237,63.3651,0.0],[21.2401,63.3682,0.4016],[21.2516,63.3714,0.0],[21.2536,63.3734,0.0],[21.2578,63.3797,0.0],[21.2547,63.3828,2.5593],[21.2568,63.3849,4.0092],[21.262,63.3859,0.0],[21.2604,63.3896,0.0],[21.262,63.3932,0.0],[21.2599,63.3953,0.0],[21.2542,63.3979,0.0],[21.2438,63.3979,0.0],[21.2333,63.3937,-0.5],[21.2229,63.3937,2.5532],[21.2182,63.3901,0.0],[21.2068,63.387,4.5567],[21.2057,63.3839,0.0],[21.2005,63.3828,6.4105],[21.1974,63.3797,7.8833],[21.188,63.3786,7.3913],[21.1859,63.3766,6.0382],[21.187,63.3714,0.0],[21.1818,63.3651,0.0],[21.1875,63.3625,0.0],[21.1917,63.3625,0.0],[21.1979,63.3667,4.3858],[21.2109,63.3589,0.0],[21.2208,63.3583,1.4883],[21.2286,63.3547,2.613],[21.2229,63.3542,3.774],[21.2188,63.3563,0.0],[21.2146,63.3563,0.0],[21.2042,63.3521,0.0],[21.1979,63.3521,0.0],[21.1938,63.3542,0.0],[21.1792,63.3542,0.0],[21.1755,63.3516,4.6275],[21.1745,63.3484,5.2626],[21.1651,63.3474,4.2637],[21.163,63.3453,0.0],[21.1641,63.3422,0.0],[21.1526,63.3391,1.537],[21.1578,63.3349,1.659],[21.1599,63.3307,9.1889],[21.1589,63.3276,0.0],[21.1651,63.3234,6.343],[21.1708,63.3229,10.0852],[21.1724,63.3214,5.7676],[21.1604,63.3208,10.6794],[21.15,63.325,0.0],[21.1396,63.325,0.0],[21.1193,63.3182,0.0],[21.1208,63.3167,6.3531],[21.1266,63.3161,0.0],[21.1286,63.3141,1.3482],[21.1286,63.3109,-0.5],[21.1255,63.3068,-0.5],[21.1286,63.3047,0.4209],[21.125,63.3042,15.8081],[21.1203,63.3078,11.9015],[21.1172,63.3078,11.0205],[21.113,63.3036,3.4515],[21.1161,63.3005,14.4182],[21.1104,63.2958,5.834],[21.1021,63.3042,4.4738],[21.0938,63.3042,3.9483],[21.0896,63.3063,0.9449],[21.0859,63.3036,0.0],[21.0901,63.2964,0.0],[21.0995,63.2911,3.5598],[21.088,63.287,8.1073],[21.0859,63.2839,2.4766],[21.088,63.2818,5.2295],[21.0938,63.2792,0.0],[21.1021,63.2792,0.0],[21.1063,63.2771,1.8267],[21.1104,63.2771,4.0334],[21.112,63.2766,0.0],[21.1109,63.2734,10.1218],[21.1208,63.2729,-0.5],[21.1224,63.2714,-0.5],[21.1021,63.2708,8.639],[21.0979,63.2729,8.4688],[21.0833,63.2729,3.6123],[21.0818,63.2714,4.3075],[21.0917,63.2646,2.699],[21.0979,63.2646,0.0],[21.1021,63.2667,11.1786],[21.112,63.2641,5.3627],[21.1099,63.2609,1.7961],[21.1047,63.2599,0.0],[21.1026,63.2568,0.0],[21.1307,63.2474,5.1193],[21.1297,63.2422,0.0],[21.137,63.2411,12.2151],[21.1359,63.238,1.8727],[21.1401,63.2318,0.0],[21.1474,63.2307,3.4983],[21.1464,63.2276,0.7418],[21.1495,63.2255,0.0],[21.1443,63.2245,10.714],[21.1401,63.2203,4.2999],[21.1432,63.2172,2.9516],[21.1401,63.213,4.139],[21.1432,63.212,2.7223],[21.1422,63.2089,0.0],[21.1432,63.2078,0.0],[21.1474,63.2057,2.4539],[21.1464,63.2026,3.2448],[21.1542,63.2042,0.0],[21.1578,63.2016,4.9572],[21.1526,63.1984,4.7709],[21.1641,63.1911,7.479],[21.163,63.188,2.8875],[21.1688,63.1854,0.0],[21.1875,63.1854,0.0],[21.1917,63.1875,0.0],[21.2021,63.1875,3.6409],[21.2062,63.1896,13.3854],[21.2125,63.1896,0.0],[21.2167,63.1875,0.0],[21.2203,63.1901,9.9793],[21.2172,63.1932,1.7476],[21.225,63.1937,0.0],[21.2266,63.1932,0.0],[21.2255,63.1901,0.0],[21.2328,63.1849,0.0],[21.2328,63.1818,0.0],[21.2276,63.1755,0.0],[21.2307,63.1745,0.0],[21.2297,63.1714,6.28],[21.2339,63.1693,0.0],[21.2458,63.1646,0.0],[21.2542,63.1646,1.9289],[21.2687,63.1583,3.6392],[21.3,63.1583,0.0],[21.3042,63.1563,8.4751],[21.3104,63.1604,0.0],[21.3146,63.1604,0.0],[21.3188,63.1583,0.0],[21.3266,63.1589,3.1716],[21.3214,63.1641,0.0],[21.3234,63.1682,12.6642],[21.3286,63.1693,3.4904],[21.3328,63.1745,0.0],[21.3125,63.175,9.9074],[21.3089,63.1786,0.7106],[21.3208,63.1792,0.0],[21.3286,63.1818,1.6014],[21.3276,63.1849,0.0],[21.3328,63.1859,0.0],[21.3339,63.1891,0.0],[21.3391,63.1901,0.0],[21.338,63.1932,2.8022],[21.3432,63.1943,0.0],[21.3479,63.1979,2.4469],[21.3557,63.1984,3.6052],[21.3578,63.2026,0.0],[21.3568,63.2078,0.0],[21.3609,63.212,0.0],[21.3745,63.212,0.0],[21.3766,63.2099,3.6073],[21.3755,63.2068,2.8746],[21.3786,63.2057,7.2127],[21.3745,63.1984,10.9926],[21.3693,63.1932,0.0],[21.3724,63.1911,10.2158],[21.3714,63.188,1.4199],[21.3729,63.1875,7.743],[21.3807,63.188,1.7688],[21.3833,63.1917,0.0],[21.3937,63.1896,2.2502],[21.3953,63.1911,7.8942],[21.3922,63.1932,8.4213],[21.4,63.1958,0.0],[21.4141,63.1964,0.0],[21.4161,63.1995,0.0],[21.413,63.2016,0.0],[21.4167,63.2042,8.2527],[21.4208,63.2021,3.4083],[21.4313,63.2021,0.0],[21.4354,63.2042,0.0],[21.45,63.2042,0.5787],[21.4578,63.2109,4.7795],[21.4464,63.2151,10.5],[21.4443,63.2172,16.6322],[21.4453,63.2203,0.0],[21.4422,63.2214,7.3045],[21.4458,63.2271,2.7514],[21.4443,63.2307,0.678],[21.4474,63.2359,0.0],[21.4464,63.2411,5.799],[21.4516,63.2422,0.2093],[21.4495,63.2453,4.502],[21.4464,63.2464,0.3849],[21.4474,63.2495,0.0],[21.4453,63.2516,2.545],[21.4297,63.2609,6.284],[21.4276,63.263,2.9279],[21.4286,63.2661,0.0],[21.4214,63.2672,0.0154],[21.4224,63.2703,0.0],[21.4182,63.2724,4.3331],[21.4063,63.2708,10.339],[21.3984,63.2734,0.0],[21.3854,63.2813,0.0],[21.3813,63.2792,6.0233],[21.3693,63.2807,1.5267],[21.3703,63.2755,0.0],[21.3682,63.2714,0.0],[21.3604,63.2687,0.2409],[21.35,63.2687,2.1243],[21.3458,63.2708,5.0783],[21.338,63.2682,0.0],[21.3328,63.263,0.0277],[21.3214,63.2599,0.2274],[21.3188,63.2562,3.3949],[21.2958,63.2583,0.0],[21.287,63.2641,0.0],[21.2813,63.2646,2.2591],[21.2797,63.2641,6.8196],[21.2807,63.2609,0.0],[21.2755,63.2526,0.0],[21.2849,63.2484,0.7569],[21.2646,63.25,7.4179],[21.263,63.2484,0.0],[21.2724,63.2422,5.7877],[21.2609,63.2391,3.1454],[21.2563,63.2354,0.0],[21.2458,63.2354,10.9856],[21.2396,63.2396,0.0],[21.238,63.2391,1.7389],[21.2391,63.2359,3.919],[21.2318,63.2359,0.0],[21.2328,63.2391,0.0],[21.2161,63.2495,6.4646],[21.2089,63.2505,0.0],[21.2068,63.2536,0.0],[21.2125,63.2521,0.0],[21.2203,63.2526,0.0],[21.2193,63.2578,0.0],[21.2208,63.2604,0.0],[21.2193,63.2641,10.0201],[21.2245,63.2651,7.466],[21.2255,63.2682,0.0],[21.2318,63.2745,0.1166],[21.2432,63.2776,0.0],[21.2484,63.2849,0.0],[21.262,63.2859,2.3772],[21.2693,63.2953,9.4663],[21.2745,63.2964,6.7113],[21.2766,63.2984,0.0],[21.2734,63.3005,4.4185],[21.2745,63.3036,0.0],[21.2703,63.3099,0.0],[21.2625,63.3146,0.0],[21.2505,63.313,1.1394],[21.2474,63.3182,0.0],[21.2438,63.3208,1.8118],[21.2313,63.3208,5.4179],[21.2271,63.3229,0.0],[21.2208,63.3229,0.0],[21.213,63.3203,5.2947],[21.212,63.3172,2.2519],[21.2068,63.3161,1.7393],[21.2078,63.313,0.0],[21.1938,63.3083,0.0],[21.1891,63.312,6.641],[21.1839,63.312,7.9334],[21.1896,63.3063,0.0],[21.187,63.3026,13.9615],[21.1818,63.3016,6.6887],[21.1797,63.2995,0.0],[21.1849,63.2953,2.3651],[21.1797,63.2932,0.0],[21.1849,63.2891,3.8686],[21.1828,63.2839,0.0],[21.1813,63.2833,0.0],[21.1667,63.2833,2.8325],[21.1625,63.2854,0.0],[21.1563,63.2854,7.6375],[21.1521,63.2833,6.5505],[21.1375,63.2813,0.0],[21.1328,63.287,0.0],[21.1188,63.2896,8.4849],[21.1151,63.2922,3.7336],[21.1172,63.2953,1.9423],[21.125,63.2958,3.5041],[21.1292,63.2979,0.0],[21.1333,63.2958,3.0107],[21.1417,63.2958,0.0],[21.1458,63.2938,0.0],[21.1563,63.2938,1.5492],[21.1583,63.2958,0.0],[21.1568,63.2995,0.0],[21.1703,63.3005,0.0],[21.1724,63.3036,0.0],[21.1703,63.3057,10.5755],[21.163,63.3068,7.0909],[21.1589,63.3099,1.6149],[21.1729,63.3104,0.0],[21.1807,63.313,1.4186],[21.1854,63.3167,0.0],[21.1932,63.3172,4.2528],[21.1901,63.3203,6.7227],[21.1922,63.3224,0.0],[21.1974,63.3234,2.8939],[21.1995,63.3266,7.165],[21.1943,63.3297,4.232],[21.1922,63.3349,9.4975],[21.2042,63.3333,3.492],[21.2057,63.3349,4.5294],[21.2026,63.3359,2.6195],[21.2005,63.3391,0.0],[21.2083,63.3396,0.0],[21.2188,63.3438,0.0],[21.2307,63.3443,1.8069],[21.2297,63.3474,0.0],[21.2349,63.3484,0.0],[21.2359,63.3516,6.9405],[21.2411,63.3526,1.1426],[21.2328,63.3599,0.0]]],
[[[21.338,63.2807,0.0],[21.3396,63.2792,0.0],[21.3411,63.2797,5.7495],[21.3411,63.2807,8.9079],[21.338,63.2807,0.0]]],
[[[21.3349,63.2839,3.0697],[21.3312,63.2875,0.0],[21.3276,63.287,0.0],[21.3271,63.2854,5.8279],[21.3292,63.2833,4.6507],[21.3349,63.2839,3.0697]]],
[[[21.3583,63.3688,1.9178],[21.3542,63.3688,2.9408],[21.35,63.3708,0.0],[21.3417,63.3708,6.8819],[21.3375,63.3729,0.2232],[21.3333,63.3729,0.7197],[21.3292,63.3708,5.5534],[21.3167,63.3708,0.8566],[21.3089,63.3682,0.0],[21.3078,63.3651,3.4544],[21.3026,63.3641,1.5347],[21.2974,63.3589,0.9653],[21.288,63.3578,0.0],[21.2891,63.3547,-1.0],[21.2875,63.3542,-0.3754],[21.2833,63.3563,0.0],[21.2792,63.3542,4.4429],[21.275,63.3563,0.0],[21.2667,63.3563,1.2527],[21.2651,63.3568,5.4433],[21.2661,63.3599,0.0],[21.2604,63.3625,4.7692],[21.2484,63.3557,0.0],[21.2516,63.3526,0.0],[21.2443,63.3422,0.0],[21.2474,63.3411,4.0373],[21.2495,63.338,0.0],[21.2474,63.3359,9.5444],[21.2422,63.3349,8.0325],[21.2417,63.3333,16.8089],[21.2438,63.3312,0.0],[21.2583,63.3312,0.0],[21.2625,63.3333,0.0],[21.2708,63.3333,2.8557],[21.2807,63.3307,1.2827],[21.2776,63.3234,0.0],[21.2807,63.3172,5.3148],[21.2776,63.3109,0.0],[21.2813,63.3083,0.0],[21.2938,63.3083,0.5438],[21.3,63.3063,0.0],[21.3026,63.3099,0.0],[21.3078,63.3109,0.0],[21.3146,63.3167,6.2691],[21.3208,63.3167,1.6422],[21.3312,63.3208,7.3589],[21.3354,63.3187,0.0],[21.3453,63.3182,0.0],[21.3443,63.3151,0.0],[21.35,63.3146,4.6118],[21.3516,63.313,0.0],[21.3479,63.3104,0.0],[21.3401,63.3099,0.0],[21.3359,63.3026,3.1271],[21.3391,63.3016,5.7064],[21.3411,63.2984,4.5749],[21.3359,63.2974,0.0],[21.3339,63.2953,3.2324],[21.3339,63.2922,3.4468],[21.3375,63.2896,1.6629],[21.3563,63.2896,0.0],[21.362,63.2943,0.0],[21.3714,63.3078,0.0],[21.3766,63.3089,0.4637],[21.3813,63.3125,-1.0],[21.3891,63.313,2.7214],[21.388,63.3161,2.1725],[21.3974,63.3172,1.3675],[21.3943,63.3193,0.0],[21.3953,63.3224,0.0],[21.3922,63.3276,0.0785],[21.3964,63.3349,0.2151],[21.4078,63.338,0.0],[21.4172,63.3495,9.8078],[21.4286,63.3526,0.0],[21.4271,63.3542,7.5574],[21.4208,63.3542,3.0161],[21.4167,63.3521,1.6197],[21.4047,63.3568,10.9091],[21.4063,63.3583,0.0],[21.4141,63.3589,0.0],[21.4047,63.3641,2.2161],[21.4125,63.3646,3.0565],[21.4141,63.3661,7.9334],[21.4083,63.3667,7.4703],[21.3979,63.3708,0.0],[21.3854,63.3667,1.5615],[21.3813,63.3667,9.4471],[21.3771,63.3688,0.0],[21.3688,63.3688,0.8731],[21.3646,63.3708,0.0],[21.3583,63.3688,1.9178]]],
[[[21.2292,63.0854,0.0],[21.2307,63.087,0.7545],[21.2234,63.087,2.0562],[21.225,63.0854,2.7473],[21.2292,63.0854,0.0]]],
[[[21.2333,63.3312,15.8438],[21.2318,63.3307,14.461],[21.2318,63.3297,10.8045],[21.2349,63.3297,14.3097],[21.2333,63.3312,15.8438]]],
[[[21.2188,63.3375,5.2393],[21.2172,63.3359,0.0],[21.2203,63.3359,2.7429],[21.2203,63.337,3.9803],[21.2188,63.3375,5.2393]]],
[[[20.6688,63.2458,0.0],[20.663,63.2453,0.0],[20.663,63.2422,1.4093],[20.6667,63.2396,1.5632],[20.6708,63.2417,2.4016],[20.6833,63.2417,0.0],[20.6854,63.2438,3.305],[20.6813,63.2479,5.8072],[20.675,63.2479,0.0],[20.6688,63.2458,0.0]]],
[[[21.0208,63.3333,2.5541],[21.0193,63.3328,2.818],[21.0193,63.3318,1.6389],[21.0224,63.3318,0.0],[21.0208,63.3333,2.5541]]],
[[[21.125,63.3417,1.3338],[21.1234,63.3401,0.0],[21.1266,63.3401,0.6744],[21.1266,63.3411,2.9241],[21.125,63.3417,1.3338]]],
[[[21.1563,63.3542,3.2358],[21.1547,63.3536,0.0],[21.1547,63.3526,0.0],[21.1578,63.3526,0.0],[21.1563,63.3542,3.2358]]],
[[[21.0958,63.3563,0.5869],[21.0984,63.3599,1.6457],[21.1036,63.362,0.7205],[21.0958,63.3646,0.0],[21.088,63.3641,0.0],[21.0953,63.3609,0.0],[21.0818,63.3557,0.0],[21.0792,63.3521,0.0],[21.0833,63.3479,0.0],[21.0922,63.3557,1.6326],[21.0958,63.3563,0.5869]]],
[[[21.0979,63.3688,2.4079],[21.0964,63.3682,1.0053],[21.0964,63.3672,1.6723],[21.0995,63.3672,0.0],[21.0979,63.3688,2.4079]]],
[[[21.0896,63.3708,1.4711],[21.088,63.3693,0.0],[21.0911,63.3693,0.0],[21.0911,63.3703,0.0],[21.0896,63.3708,1.4711]]],
[[[21.0958,63.3729,2.4679],[21.0943,63.3714,3.0442],[21.0974,63.3714,0.0],[21.0974,63.3724,2.5017],[21.0958,63.3729,2.4679]]],
[[[21.0547,63.4141,0.4259],[21.0563,63.4125,0.6514],[21.0578,63.413,2.6157],[21.0563,63.4146,0.1879],[21.0547,63.4141,0.4259]]],
[[[21.1313,63.4167,3.6868],[21.1271,63.4167,0.0],[21.1193,63.413,1.7084],[21.1313,63.4125,0.0],[21.1391,63.4151,0.0],[21.1375,63.4167,2.1861],[21.1313,63.4167,3.6868]]],
[[[21.0839,63.4349,0.0],[21.087,63.4391,0.0],[21.0771,63.4396,2.8069],[21.0729,63.4417,0.34],[21.0661,63.4359,2.6655],[21.0568,63.4349,0.6295],[21.0526,63.4307,0.0],[21.0557,63.4276,0.0],[21.0526,63.4245,0.0],[21.0526,63.4214,1.2085],[21.0604,63.4167,0.0],[21.0688,63.4167,3.5059],[21.0729,63.4146,1.4523],[21.0776,63.4182,1.4561],[21.0854,63.4208,5.4587],[21.0911,63.4193,0.0],[21.0859,63.4245,3.8102],[21.0911,63.4266,0.0],[21.0891,63.4307,0.0],[21.0839,63.4349,0.0]]]]}
,"properties": {"GID_1": "FIN.5_1","GID_0": "FIN","country": "Finland","province": "WesternFinland","VARNAME_1": "Länsi-Suomenlääni|VästraFinlan","NL_NAME_1": "NA","TYPE_1": "Lääni","ENGTYPE_1": "Province","CC_1": "NA","HASC_1": "FI.LS","ISO_1": "NA","name": "Western_Finland.province","area_km2": 89224.06,"hist_schema_id": "Elevation0-9000","hist_area_km2": {"0": 4411.56,"25": 9259.84,"50": 8685.2,"75": 11148.95,"100": 15945.66,"125": 15885.54,"150": 12399.54,"175": 7690.18,"200": 3041.57,"225": 686.73,"250": 68.15}}}