{"type": "Feature","bbox": [22.7964,59.7526,25.5273,60.8391],"geometry": {"type": "MultiPolygon","coordinates": [[[[22.9619,59.7526,2.0251],[22.9664,59.7532,0.0],[22.9653,59.7546,0.0],[22.9603,59.7543,0.0],[22.9619,59.7526,2.0251]]],
[[[22.9664,59.756,1.5635],[22.9708,59.7557,0.0],[22.9708,59.7568,0.0],[22.9658,59.7582,0.0],[22.9647,59.7568,1.5635],[22.9664,59.756,1.5635]]],
[[[22.9569,59.7601,0.0],[22.9625,59.761,0.0],[22.9608,59.7629,0.5501],[22.9553,59.7629,0.0],[22.9553,59.761,0.0],[22.9569,59.7601,0.0]]],
[[[22.9247,59.7646,0.0],[22.9264,59.7651,0.0],[22.9253,59.7668,0.0],[22.9219,59.7651,0.0],[22.9219,59.7646,0.0],[22.9247,59.7646,0.0]]],
[[[22.9008,59.7687,0.0],[22.9031,59.7699,0.0],[22.8969,59.7696,0.0],[22.8981,59.7685,0.0],[22.9008,59.7687,0.0]]],
[[[22.8097,59.7693,0.1679],[22.8125,59.769,0.0],[22.8131,59.7713,0.0],[22.8097,59.7718,0.191],[22.8097,59.7693,0.1679]]],
[[[22.8953,59.7818,0.0],[22.9008,59.7829,0.0],[22.8842,59.7826,0.0],[22.8853,59.7815,0.0],[22.8953,59.7818,0.0]]],
[[[22.9125,59.7882,0.0],[22.9092,59.7904,0.0],[22.9081,59.7882,0.3465],[22.9025,59.7896,1.0508],[22.8986,59.7876,0.0],[22.8986,59.7857,0.0],[22.9064,59.7876,0.9506],[22.9103,59.7865,0.0],[22.9125,59.7882,0.0]]],
[[[22.9458,59.7762,0.7488],[22.9369,59.7776,0.0],[22.9319,59.7743,0.0],[22.9319,59.7715,0.0],[22.9386,59.7701,0.2122],[22.9347,59.7682,0.0],[22.9364,59.7674,0.0],[22.9392,59.7674,0.0],[22.9425,59.7701,1.1811],[22.9458,59.7693,2.0269],[22.9458,59.7682,2.6197],[22.9419,59.7676,0.0],[22.9414,59.7657,0.6389],[22.9453,59.7663,0.9887],[22.9481,59.7649,0.0],[22.9531,59.7671,2.2393],[22.9542,59.7682,2.2393],[22.9536,59.7735,2.1369],[22.9458,59.7762,0.7488]]],
[[[22.9308,59.7888,2.291],[22.9319,59.7907,0.9427],[22.9297,59.791,0.9427],[22.9247,59.7893,0.8628],[22.9247,59.7876,3.9084],[22.9281,59.7868,0.0],[22.9308,59.7888,2.291]]],
[[[22.9442,59.7896,0.4024],[22.9447,59.7907,0.0],[22.9408,59.7924,0.0],[22.9386,59.7918,0.5131],[22.9386,59.789,0.0],[22.9442,59.7896,0.4024]]],
[[[22.9358,59.7935,1.8749],[22.9369,59.7949,0.0],[22.9358,59.7962,1.051],[22.9319,59.7965,0.0],[22.9286,59.7926,6.1075],[22.9353,59.7901,0.0],[22.9358,59.7935,1.8749]]],
[[[22.8881,59.7943,0.0],[22.8819,59.7957,0.0],[22.8786,59.7938,0.0],[22.883,59.7915,0.0],[22.8892,59.7935,0.0],[22.8881,59.7943,0.0]]],
[[[22.8625,59.794,0.0],[22.8631,59.7932,0.0],[22.8658,59.7932,0.0],[22.8653,59.7954,0.0],[22.8625,59.794,0.0]]],
[[[22.8581,59.7962,0.0],[22.8658,59.7962,0.0],[22.8658,59.7974,0.0],[22.8614,59.7979,0.0],[22.8581,59.7962,0.0]]],
[[[22.8825,59.7965,0.0],[22.8847,59.7974,0.2822],[22.8786,59.7979,0.0],[22.8797,59.7968,0.0],[22.8825,59.7965,0.0]]],
[[[23.3725,59.7621,0.0],[23.3764,59.7624,0.5721],[23.3742,59.7654,1.414],[23.3708,59.7654,0.0],[23.3725,59.7621,0.0]]],
[[[23.3786,59.7624,0.4217],[23.3803,59.7624,0.0],[23.3797,59.7646,0.0],[23.3764,59.7654,0.0],[23.3769,59.7635,0.5721],[23.3786,59.7624,0.4217]]],
[[[23.3536,59.8176,1.3256],[23.3514,59.8193,0.0],[23.3475,59.8187,0.0],[23.3503,59.8174,1.817],[23.3536,59.8176,1.3256]]],
[[[23.3453,59.8354,0.0],[23.3475,59.8365,0.0],[23.3425,59.8368,1.612],[23.3425,59.8354,0.0],[23.3453,59.8354,0.0]]],
[[[23.0658,59.8054,0.0],[23.0681,59.8068,0.0],[23.0619,59.8068,0.3704],[23.0603,59.8049,0.0],[23.0625,59.8043,0.0],[23.0658,59.8054,0.0]]],
[[[23.1519,59.8107,2.7689],[23.1547,59.8132,0.2517],[23.1497,59.8129,0.6004],[23.1486,59.8099,0.0],[23.1519,59.8107,2.7689]]],
[[[23.1092,59.8115,0.0],[23.1108,59.8121,0.0],[23.1036,59.8129,0.0],[23.1042,59.8104,0.0],[23.1092,59.8115,0.0]]],
[[[23.1481,59.8121,2.1744],[23.1492,59.8163,0.0],[23.1458,59.8165,2.2174],[23.1408,59.8138,0.0],[23.1419,59.8115,0.0],[23.1447,59.8132,2.5393],[23.1481,59.8121,2.1744]]],
[[[23.2442,59.8143,0.0],[23.2486,59.8143,1.2239],[23.2492,59.8154,1.2239],[23.2431,59.8157,0.0],[23.2442,59.8143,0.0]]],
[[[23.0836,59.814,4.0161],[23.0853,59.8143,0.0],[23.0853,59.816,0.0],[23.0814,59.8174,0.0],[23.0764,59.8157,0.0],[23.0781,59.8143,0.9009],[23.0836,59.814,4.0161]]],
[[[23.2436,59.8185,0.0],[23.2436,59.8199,1.6136],[23.2369,59.8207,0.0],[23.2336,59.8193,0.0],[23.2342,59.8182,1.0273],[23.2308,59.8179,0.0],[23.2336,59.8157,0.0],[23.2275,59.8135,0.0],[23.2364,59.8129,0.0],[23.2375,59.8146,0.0],[23.2397,59.814,0.0],[23.2436,59.8185,0.0]]],
[[[23.2631,59.819,5.0444],[23.2647,59.8207,0.0],[23.2569,59.8207,0.0],[23.2475,59.8165,0.5717],[23.2508,59.8163,0.409],[23.2631,59.819,5.0444]]],
[[[23.2486,59.821,3.8062],[23.2503,59.8232,0.0],[23.2469,59.8246,0.0],[23.2447,59.8193,1.6136],[23.2475,59.8187,0.0],[23.2486,59.821,3.8062]]],
[[[23.2136,59.8271,3.4819],[23.2158,59.8285,0.0],[23.2086,59.8293,0.0],[23.2042,59.8282,4.0636],[23.2075,59.8257,0.0],[23.2136,59.8271,3.4819]]],
[[[23.2264,59.8271,0.0],[23.2286,59.8268,0.0],[23.2292,59.8288,0.0],[23.2258,59.8288,0.0],[23.2264,59.8271,0.0]]],
[[[23.2569,59.831,4.3039],[23.2597,59.8318,2.2068],[23.2553,59.8329,1.3224],[23.2519,59.8315,2.022],[23.2531,59.8307,2.022],[23.2569,59.831,4.3039]]],
[[[22.9108,59.7962,0.0],[22.9053,59.7974,0.0],[22.9114,59.7938,1.3512],[22.9153,59.7935,0.8126],[22.9158,59.7915,0.0],[22.9219,59.7949,0.0],[22.9175,59.7968,0.0],[22.9142,59.7954,6.6605],[22.9108,59.7962,0.0]]],
[[[22.9231,59.7954,0.0],[22.9269,59.7949,0.0],[22.9253,59.7974,0.0],[22.9236,59.7974,0.0],[22.9231,59.7954,0.0]]],
[[[22.9342,59.7982,2.2081],[22.9347,59.799,0.0],[22.928,59.7999,2.1241],[22.9275,59.7971,2.6276],[22.9336,59.7976,2.2081],[22.9342,59.7982,2.2081]]],
[[[22.9164,59.7993,0.3071],[22.9197,59.7979,0.0],[22.9203,59.8004,0.0],[22.9175,59.8007,0.0],[22.9164,59.7993,0.3071]]],
[[[22.8019,59.8007,0.9377],[22.8019,59.8024,0.0],[22.7969,59.8026,0.0],[22.7981,59.7999,0.0],[22.8019,59.8007,0.9377]]],
[[[22.9119,59.8001,0.0],[22.9131,59.8012,0.0],[22.9119,59.8024,0.0],[22.9075,59.8026,0.0],[22.9086,59.8007,0.7335],[22.9119,59.8001,0.0]]],
[[[22.8781,59.8029,0.204],[22.8825,59.8043,0.0],[22.8719,59.8043,0.0],[22.8731,59.8026,0.0],[22.8781,59.8029,0.204]]],
[[[22.8242,59.8051,0.0],[22.8236,59.8065,0.0],[22.8214,59.8063,0.322],[22.8203,59.8051,0.0],[22.8219,59.8043,0.6511],[22.8203,59.8032,0.0],[22.8253,59.8035,0.0],[22.8242,59.8051,0.0]]],
[[[22.9097,59.8051,1.5372],[22.9081,59.8074,0.0],[22.9047,59.8063,3.7716],[22.9069,59.8037,0.0],[22.9097,59.8051,1.5372]]],
[[[22.8086,59.804,1.2659],[22.8103,59.8043,0.0],[22.8103,59.806,0.0],[22.8042,59.8071,0.0],[22.8058,59.8037,0.0],[22.8086,59.804,1.2659]]],
[[[22.8286,59.8057,0.0],[22.8342,59.8051,0.0],[22.8347,59.8068,0.0],[22.8281,59.8071,0.0],[22.8286,59.8057,0.0]]],
[[[22.803,59.8104,0.0],[22.8064,59.8107,0.4123],[22.8069,59.8121,0.0],[22.8036,59.8124,0.0],[22.803,59.8104,0.0]]],
[[[22.9419,59.799,0.0],[22.9453,59.7996,0.0],[22.9453,59.8015,0.0],[22.9425,59.8021,0.0],[22.9419,59.799,0.0]]],
[[[23.0097,59.8032,0.0],[23.0125,59.8029,0.0],[23.0131,59.8046,0.0],[23.0103,59.8051,0.9646],[23.0097,59.8032,0.0]]],
[[[23.0297,59.8151,0.0],[23.0308,59.8168,0.0],[23.0253,59.8174,0.0],[23.0275,59.8146,0.0],[23.0297,59.8151,0.0]]],
[[[22.9642,59.816,0.4581],[22.9664,59.8157,0.4581],[22.9675,59.8176,0.1402],[22.9636,59.8168,0.4581],[22.9642,59.816,0.4581]]],
[[[22.8319,59.8146,0.0],[22.8286,59.816,0.0],[22.8197,59.816,0.0],[22.8186,59.8129,0.0],[22.8342,59.8129,0.0],[22.8319,59.8146,0.0]]],
[[[22.8603,59.8149,0.0],[22.8608,59.8171,0.0],[22.8564,59.8163,0.7211],[22.8569,59.8149,0.0],[22.8603,59.8149,0.0]]],
[[[22.8514,59.8168,0.0],[22.8492,59.8165,0.0],[22.8492,59.8154,0.0],[22.8531,59.816,0.0],[22.8514,59.8168,0.0]]],
[[[22.8253,59.8226,0.4982],[22.8281,59.8221,0.0],[22.8286,59.8232,0.0],[22.8264,59.8249,0.0],[22.8253,59.8226,0.4982]]],
[[[22.8008,59.8274,0.0],[22.7964,59.829,0.0],[22.7964,59.8274,0.0],[22.7992,59.826,0.0],[22.8014,59.826,0.0],[22.8008,59.8274,0.0]]],
[[[22.8453,59.8271,0.0],[22.8442,59.8276,0.0],[22.8453,59.8288,0.0],[22.8392,59.8288,0.0],[22.8414,59.826,1.0062],[22.8453,59.8271,0.0]]],
[[[22.8742,59.8293,1.1477],[22.8764,59.8301,0.0],[22.8725,59.8307,0.0],[22.8708,59.8268,0.0],[22.8775,59.8268,0.0],[22.8769,59.8288,0.0],[22.8742,59.8293,1.1477]]],
[[[22.8075,59.8285,0.0],[22.8114,59.8282,0.0],[22.8131,59.8299,0.0],[22.8086,59.8301,0.148],[22.8075,59.8285,0.0]]],
[[[22.8842,59.8304,0.0],[22.8853,59.8315,0.0],[22.8814,59.8324,0.0],[22.8764,59.8312,0.0],[22.8775,59.8301,0.0],[22.8842,59.8304,0.0]]],
[[[22.8253,59.8315,0.0],[22.8303,59.831,0.0],[22.8308,59.8329,0.0],[22.8269,59.834,0.0],[22.8253,59.8315,0.0]]],
[[[22.8608,59.834,0.0],[22.8592,59.8357,0.0],[22.8547,59.8357,0.0],[22.8531,59.834,0.3167],[22.8431,59.8346,0.8802],[22.8425,59.8335,0.0],[22.8536,59.8318,0.0],[22.8558,59.8343,0.698],[22.8608,59.834,0.0]]],
[[[22.8147,59.8374,0.0],[22.8097,59.839,0.0],[22.8058,59.8385,0.0],[22.8064,59.8363,0.0],[22.8103,59.8365,0.6182],[22.8097,59.8357,0.6182],[22.8131,59.8349,0.0],[22.8153,59.8349,0.0],[22.8147,59.8374,0.0]]],
[[[22.8214,59.8376,2.4389],[22.8181,59.8393,0.0],[22.8153,59.839,0.6419],[22.8186,59.8365,0.0],[22.8214,59.8376,2.4389]]],
[[[22.8658,59.8424,1.3586],[22.8686,59.8426,0.8299],[22.8697,59.844,0.0],[22.8619,59.8432,0.0],[22.8658,59.8424,1.3586]]],
[[[22.8208,59.8426,0.637],[22.8269,59.8421,5.2939],[22.8281,59.8449,0.0],[22.8219,59.8451,4.7899],[22.8197,59.8438,0.0],[22.8208,59.8426,0.637]]],
[[[22.8381,59.8449,0.0],[22.8419,59.8446,0.4595],[22.8431,59.8457,0.0],[22.8381,59.846,0.0],[22.8381,59.8449,0.0]]],
[[[23.4325,59.7843,0.0],[23.4364,59.7846,0.2687],[23.4369,59.7863,0.0],[23.4342,59.7868,0.0],[23.4286,59.7835,0.0],[23.4325,59.7843,0.0]]],
[[[23.3964,59.7935,0.0],[23.4025,59.7951,0.0],[23.3992,59.7957,0.0],[23.393,59.7938,0.0],[23.3964,59.7935,0.0]]],
[[[23.4003,59.7971,0.0],[23.3992,59.796,0.0],[23.4025,59.7962,0.0],[23.4031,59.7982,0.0],[23.4019,59.7982,0.0],[23.4003,59.7971,0.0]]],
[[[23.4614,59.8193,0.0],[23.4569,59.8215,0.1249],[23.4525,59.821,0.0962],[23.4536,59.8199,0.0],[23.4614,59.8193,0.0]]],
[[[23.4442,59.8221,0.2524],[23.4486,59.824,0.0],[23.4425,59.8243,0.0],[23.4436,59.8232,0.2524],[23.4419,59.8221,0.0],[23.4447,59.8213,0.0],[23.4442,59.8221,0.2524]]],
[[[23.4714,59.8246,0.631],[23.4725,59.826,0.0],[23.4714,59.8265,3.0068],[23.4647,59.8265,0.7229],[23.4658,59.8243,0.0],[23.4714,59.8246,0.631]]],
[[[23.4592,59.8257,4.6033],[23.4614,59.8265,0.0],[23.4547,59.8265,0.0],[23.4547,59.8254,0.0],[23.4592,59.8257,4.6033]]],
[[[23.4797,59.8265,1.655],[23.4781,59.8279,0.0],[23.4742,59.8279,0.219],[23.4769,59.8251,0.0],[23.4797,59.8265,1.655]]],
[[[23.4803,59.8307,1.6678],[23.4792,59.8296,0.0],[23.4858,59.8299,0.0],[23.4847,59.8318,0.3854],[23.4803,59.8307,1.6678]]],
[[[23.5153,59.8296,0.0],[23.5175,59.8296,0.0],[23.5192,59.8315,0.5409],[23.5142,59.8315,0.0],[23.5153,59.8296,0.0]]],
[[[23.5786,59.834,1.2081],[23.5803,59.8351,0.0],[23.5647,59.8351,0.0],[23.5664,59.8324,6.1921],[23.5781,59.8326,0.0],[23.5786,59.834,1.2081]]],
[[[23.5342,59.8426,0.0],[23.5336,59.8451,0.0],[23.5247,59.8449,0.0],[23.5281,59.8435,0.0],[23.5236,59.8435,0.0],[23.5253,59.8421,0.5411],[23.5342,59.8426,0.0]]],
[[[23.4403,59.8324,0.0],[23.4386,59.8343,0.0],[23.4353,59.8338,0.0],[23.4369,59.8315,0.0],[23.4403,59.8324,0.0]]],
[[[23.4569,59.8354,0.0],[23.4603,59.8349,0.0],[23.4614,59.8363,0.0],[23.4575,59.8368,1.4421],[23.4569,59.8354,0.0]]],
[[[23.4725,59.8354,0.0],[23.4769,59.8351,0.0],[23.4781,59.8365,0.0],[23.473,59.8368,0.9392],[23.4725,59.8354,0.0]]],
[[[23.3969,59.8415,0.0],[23.3997,59.8426,0.0],[23.3997,59.844,0.0],[23.3942,59.8432,5.3527],[23.3969,59.8415,0.0]]],
[[[23.5675,59.7976,0.0],[23.5686,59.801,0.0],[23.5636,59.8004,0.0],[23.5636,59.7979,0.0],[23.5675,59.7976,0.0]]],
[[[23.5625,59.8004,0.0],[23.5636,59.8012,0.0],[23.5603,59.8024,0.0],[23.5581,59.7999,0.2209],[23.5608,59.7996,0.3735],[23.5625,59.8004,0.0]]],
[[[23.5736,59.8024,1.9736],[23.5758,59.8026,0.0],[23.5758,59.8054,0.3268],[23.5725,59.8049,0.5731],[23.5697,59.8018,0.0],[23.5719,59.8015,0.0],[23.5736,59.8024,1.9736]]],
[[[23.5808,59.8265,0.0],[23.5819,59.8318,6.3022],[23.5808,59.8324,0.0],[23.5731,59.8315,1.8368],[23.5725,59.8301,8.3998],[23.5636,59.8307,0.0],[23.5608,59.8285,10.3547],[23.5547,59.8271,0.0],[23.5564,59.8254,14.5511],[23.553,59.8249,0.0],[23.5508,59.8215,0.0],[23.5614,59.8224,5.539],[23.5631,59.8204,0.0],[23.5714,59.8207,1.3211],[23.5714,59.8193,0.0],[23.5747,59.819,1.2678],[23.5775,59.8204,0.0],[23.5775,59.8221,1.9363],[23.5825,59.8232,0.0],[23.5781,59.826,0.9026],[23.5808,59.8265,0.0]]],
[[[23.5908,59.7946,0.0909],[23.5925,59.7954,0.0],[23.5908,59.7965,0.154],[23.5864,59.7951,0.0],[23.5869,59.7943,0.1829],[23.5908,59.7946,0.0909]]],
[[[23.5858,59.8026,0.5092],[23.5869,59.8037,0.0],[23.5842,59.8049,0.0],[23.5814,59.804,0.0],[23.5764,59.8007,0.0],[23.5758,59.7979,0.0],[23.5775,59.7979,0.0],[23.5797,59.801,0.3417],[23.5847,59.8004,0.0],[23.5858,59.8026,0.5092]]],
[[[23.6131,59.8254,0.0],[23.6147,59.8243,0.1826],[23.6181,59.8249,0.0],[23.6164,59.8265,2.6009],[23.6131,59.8254,0.0]]],
[[[23.6347,59.8426,0.433],[23.6392,59.8424,1.0976],[23.6403,59.8443,0.0],[23.6358,59.8446,0.0],[23.6347,59.8426,0.433]]],
[[[23.6369,59.8565,0.0],[23.6397,59.8565,0.0],[23.6364,59.8579,2.1344],[23.6397,59.8579,2.1344],[23.6403,59.8593,0.8803],[23.6308,59.859,0.0],[23.6319,59.8574,0.0],[23.6369,59.8565,0.0]]],
[[[23.7042,59.8643,3.4026],[23.7086,59.8638,2.6072],[23.7092,59.8662,0.0],[23.7042,59.8662,0.8577],[23.7042,59.8643,3.4026]]],
[[[23.6714,59.8648,0.0],[23.6769,59.8646,0.0],[23.6786,59.866,0.0],[23.6697,59.8654,0.0],[23.6714,59.8648,0.0]]],
[[[23.6031,59.8699,3.6189],[23.5975,59.8715,3.5314],[23.5825,59.8638,0.0],[23.6086,59.866,1.6525],[23.6086,59.8682,2.4211],[23.6031,59.8699,3.6189]]],
[[[23.6786,59.8701,0.0],[23.6775,59.8721,0.0],[23.6725,59.8721,0.0],[23.6736,59.8699,0.0],[23.6786,59.8701,0.0]]],
[[[23.6969,59.8707,0.0],[23.6986,59.8724,0.0],[23.6931,59.8721,0.0],[23.6936,59.8704,0.3673],[23.6969,59.8707,0.0]]],
[[[23.7125,59.8737,0.0],[23.7164,59.8751,2.8097],[23.7086,59.8746,0.0],[23.7031,59.871,0.0],[23.7058,59.8707,1.9927],[23.7125,59.8737,0.0]]],
[[[23.5953,59.8732,1.4433],[23.5964,59.8743,1.6643],[23.5919,59.8751,4.3853],[23.5858,59.874,0.0],[23.5864,59.8724,1.7769],[23.5953,59.8732,1.4433]]],
[[[23.2492,59.8318,2.1485],[23.2464,59.8329,3.2059],[23.2403,59.8324,0.0],[23.2419,59.831,4.2007],[23.2492,59.8318,2.1485]]],
[[[23.2008,59.8315,1.5645],[23.2047,59.8335,0.0],[23.1947,59.8329,4.802],[23.1953,59.8304,0.0],[23.2008,59.8315,1.5645]]],
[[[23.2742,59.8329,0.0],[23.2764,59.834,0.0],[23.2592,59.8338,0.0],[23.2642,59.8321,3.0678],[23.2742,59.8329,0.0]]],
[[[23.2631,59.8354,0.89],[23.2608,59.8343,0.0],[23.2675,59.8349,0.0],[23.2653,59.836,0.0],[23.2631,59.8354,0.89]]],
[[[23.3292,59.8413,1.3935],[23.3225,59.8404,11.1256],[23.3225,59.8421,0.0],[23.3186,59.8424,0.0],[23.3169,59.8376,0.0],[23.3247,59.8349,0.1702],[23.3297,59.8349,0.0],[23.3358,59.8357,6.1649],[23.3375,59.8382,13.2036],[23.3414,59.8399,1.2935],[23.3386,59.8418,5.7215],[23.3292,59.8413,1.3935]]],
[[[23.383,59.8401,0.0],[23.3814,59.8421,0.0],[23.3775,59.8415,1.1566],[23.3792,59.8399,1.0102],[23.383,59.8401,0.0]]],
[[[23.3658,59.8438,6.4789],[23.3703,59.8454,0.0],[23.3658,59.8457,3.9764],[23.3647,59.8435,0.0],[23.3658,59.8438,6.4789]]],
[[[23.3508,59.8454,0.0],[23.3553,59.8465,0.0],[23.3458,59.846,0.0],[23.3464,59.8449,0.0],[23.3508,59.8454,0.0]]],
[[[23.2542,59.8376,0.0],[23.2508,59.8399,1.4415],[23.2486,59.8387,0.0],[23.2519,59.8365,0.0],[23.2542,59.8376,0.0]]],
[[[23.2642,59.8426,3.503],[23.258,59.8435,5.4719],[23.2542,59.8421,5.298],[23.2664,59.841,0.0],[23.2692,59.8429,1.0618],[23.2642,59.8426,3.503]]],
[[[23.2825,59.8415,0.0],[23.2897,59.8415,0.0],[23.2914,59.8424,0.0],[23.2836,59.8429,0.0],[23.2825,59.8415,0.0]]],
[[[23.2753,59.846,0.0],[23.2719,59.8476,0.0],[23.2653,59.8468,0.0],[23.2697,59.8457,2.0869],[23.2719,59.8426,0.7602],[23.2758,59.8443,0.0],[23.2753,59.846,0.0]]],
[[[23.3869,59.849,8.0596],[23.3886,59.851,1.935],[23.3869,59.8521,0.0],[23.3747,59.8518,0.0],[23.3819,59.8485,1.2333],[23.3869,59.849,8.0596]]],
[[[23.3664,59.8518,9.8772],[23.3558,59.8521,0.0],[23.3553,59.8504,4.8666],[23.3658,59.8485,0.0],[23.3792,59.849,0.0],[23.3708,59.8515,4.6843],[23.3664,59.8518,9.8772]]],
[[[23.3419,59.8526,4.3714],[23.3353,59.854,0.8779],[23.3369,59.8513,0.0],[23.3436,59.8515,0.0],[23.3419,59.8526,4.3714]]],
[[[23.3325,59.8518,0.0],[23.3358,59.8521,2.6113],[23.3331,59.8551,0.0],[23.3303,59.8551,0.0],[23.3314,59.8524,0.0],[23.3325,59.8518,0.0]]],
[[[23.4575,59.8474,2.0285],[23.4558,59.8457,2.9269],[23.4547,59.8482,4.6798],[23.4508,59.8479,0.0],[23.4525,59.8457,1.4052],[23.4564,59.8454,0.0],[23.4581,59.8429,0.0],[23.4631,59.8407,1.2661],[23.4669,59.8418,0.8011],[23.4753,59.8407,0.0],[23.4775,59.8426,1.5178],[23.4786,59.8413,0.0],[23.4908,59.8407,0.5678],[23.4925,59.8424,0.0],[23.4919,59.8438,0.0],[23.4853,59.8449,5.6304],[23.4781,59.8438,1.0711],[23.4792,59.8449,1.0711],[23.4758,59.8462,1.9644],[23.4719,59.8451,4.086],[23.473,59.8432,1.7835],[23.4653,59.8426,0.0],[23.4636,59.8438,5.0157],[23.4708,59.8465,1.0831],[23.4575,59.8474,2.0285]]],
[[[23.4336,59.8446,0.0],[23.4369,59.8449,0.0],[23.4381,59.8471,0.0],[23.4325,59.8471,0.0],[23.4319,59.8454,0.0],[23.4336,59.8446,0.0]]],
[[[23.4286,59.8474,0.0],[23.4231,59.8496,0.0],[23.4169,59.849,2.647],[23.4175,59.8474,2.458],[23.4203,59.8479,2.5404],[23.4258,59.846,0.0],[23.4297,59.8462,0.0],[23.4286,59.8474,0.0]]],
[[[23.4858,59.8493,0.0],[23.4808,59.8504,11.1215],[23.4808,59.8524,0.0],[23.4758,59.8507,0.0],[23.4792,59.8482,0.0],[23.4858,59.8479,0.0],[23.4858,59.8493,0.0]]],
[[[23.5125,59.8446,7.7644],[23.5114,59.8465,7.2872],[23.5069,59.846,3.2121],[23.5075,59.8438,2.6032],[23.5103,59.8426,0.9222],[23.5125,59.8429,0.9222],[23.5125,59.8446,7.7644]]],
[[[23.4969,59.8451,0.7278],[23.4997,59.844,0.3555],[23.4997,59.8465,0.0],[23.4981,59.8465,1.7455],[23.4969,59.8451,0.7278]]],
[[[23.5481,59.8476,4.7968],[23.5519,59.8485,0.0],[23.5519,59.8501,6.2526],[23.5414,59.8485,0.85],[23.5442,59.8471,6.5431],[23.5481,59.8476,4.7968]]],
[[[23.5186,59.8488,0.0],[23.5153,59.8513,0.0],[23.5097,59.8504,2.533],[23.5097,59.849,2.533],[23.5142,59.8476,0.0],[23.5186,59.8488,0.0]]],
[[[23.3364,59.8471,0.7868],[23.3292,59.8485,0.0],[23.3269,59.8457,0.0],[23.3336,59.8443,1.8627],[23.3364,59.8471,0.7868]]],
[[[23.3942,59.8465,0.0],[23.3975,59.8474,4.0324],[23.3975,59.849,0.7761],[23.3936,59.8488,0.7761],[23.3925,59.8471,0.8177],[23.3942,59.8465,0.0]]],
[[[23.3464,59.8471,0.0],[23.3475,59.8482,0.0],[23.3347,59.8493,1.0803],[23.3369,59.8476,0.7868],[23.3464,59.8471,0.0]]],
[[[23.3569,59.8488,0.0],[23.3581,59.849,0.0],[23.3547,59.8504,4.8666],[23.3508,59.8499,2.8189],[23.3525,59.8479,5.3839],[23.3569,59.8488,0.0]]],
[[[23.5214,59.8485,0.0],[23.5231,59.8485,0.0],[23.5258,59.8501,0.0],[23.5214,59.8504,1.6587],[23.5214,59.8485,0.0]]],
[[[23.5342,59.8507,0.0],[23.5319,59.8526,0.0],[23.5292,59.8515,0.0],[23.5281,59.8488,1.4101],[23.5325,59.8488,1.4462],[23.5342,59.8507,0.0]]],
[[[23.5092,59.854,0.0],[23.5053,59.854,2.3432],[23.5075,59.8549,0.0],[23.5036,59.856,0.0],[23.4992,59.8551,1.7936],[23.5031,59.8532,4.8385],[23.4953,59.8543,0.0],[23.4842,59.8526,0.0],[23.4892,59.8488,0.0],[23.4992,59.8476,0.0],[23.4969,59.8504,0.0],[23.5047,59.8504,0.0],[23.5058,59.8524,0.0],[23.5103,59.8529,0.0],[23.5092,59.854,0.0]]],
[[[23.5425,59.8524,1.9992],[23.5508,59.8532,1.271],[23.5497,59.8549,4.6452],[23.5392,59.8538,0.0],[23.5425,59.8524,1.9992]]],
[[[22.9719,59.8154,0.0],[22.9742,59.8154,0.0],[22.9753,59.8185,0.0],[22.9714,59.8179,0.0],[22.9719,59.8154,0.0]]],
[[[22.9486,59.8746,1.793],[22.9503,59.8754,0.0],[22.9436,59.8751,0.0],[22.9442,59.8737,0.0],[22.9486,59.8746,1.793]]],
[[[22.9725,59.876,2.1253],[22.9758,59.8768,0.0],[22.9525,59.8774,0.0],[22.9531,59.8757,2.9533],[22.9625,59.8746,1.0453],[22.9725,59.876,2.1253]]],
[[[23.0403,59.8757,1.2535],[23.0447,59.8757,0.0],[23.0453,59.8768,0.0],[23.0392,59.8774,0.0],[23.0403,59.8757,1.2535]]],
[[[22.8181,59.8449,0.0],[22.8203,59.8454,0.0],[22.8192,59.8476,0.0],[22.8131,59.8476,0.0],[22.8131,59.8457,0.0],[22.8181,59.8449,0.0]]],
[[[22.8581,59.8474,0.8063],[22.8569,59.8474,0.8063],[22.8575,59.8454,0.0],[22.8608,59.8457,0.0],[22.8608,59.8474,0.0],[22.8581,59.8474,0.8063]]],
[[[22.8542,59.8462,0.6112],[22.8581,59.8485,0.8063],[22.8581,59.8504,0.0],[22.8503,59.849,0.0],[22.8519,59.8465,0.6444],[22.8542,59.8462,0.6112]]],
[[[22.8486,59.851,3.5255],[22.8508,59.8526,0.0],[22.8458,59.8524,0.0],[22.8464,59.8499,1.3946],[22.8381,59.8507,0.0],[22.8286,59.849,0.0],[22.8247,59.8501,3.0279],[22.8225,59.8482,0.0],[22.8281,59.8482,0.0],[22.8358,59.8454,0.0],[22.8375,59.8468,3.8879],[22.8486,59.8482,0.0],[22.8486,59.851,3.5255]]],
[[[22.8536,59.8554,0.0],[22.8558,59.8554,0.0],[22.8575,59.8571,0.0],[22.8519,59.8568,0.0],[22.8536,59.8554,0.0]]],
[[[22.8808,59.8868,0.0],[22.8769,59.8882,0.0],[22.8742,59.8857,0.0],[22.8792,59.8846,0.0],[22.8786,59.8863,1.0576],[22.8808,59.8868,0.0]]],
[[[22.8586,59.8932,0.0],[22.8508,59.8937,0.0],[22.8531,59.8918,0.0],[22.8608,59.8921,0.0],[22.8586,59.8932,0.0]]],
[[[22.8842,59.8968,0.0],[22.8775,59.899,0.0],[22.8736,59.896,0.0],[22.8803,59.8929,6.3428],[22.8781,59.8918,0.8225],[22.8792,59.8901,0.0],[22.8897,59.8896,0.0],[22.8853,59.8918,0.0],[22.8886,59.8937,0.0],[22.8842,59.8968,0.0]]],
[[[23.0614,59.8871,5.6206],[23.0631,59.8879,0.0],[23.0564,59.8885,6.2072],[23.0575,59.8874,6.2072],[23.0614,59.8871,5.6206]]],
[[[23.0358,59.8874,8.5528],[23.0369,59.8893,3.81],[23.0325,59.8901,3.8363],[23.0331,59.8874,2.0475],[23.0358,59.8874,8.5528]]],
[[[23.0008,59.8888,0.0],[22.9981,59.8901,2.7303],[22.9958,59.8901,2.4261],[22.9986,59.8874,0.0],[23.0008,59.8888,0.0]]],
[[[22.9331,59.8918,0.0],[22.9258,59.8926,0.0],[22.9253,59.894,0.534],[22.9197,59.8932,0.0],[22.9214,59.8899,0.0],[22.9308,59.8904,0.0],[22.9347,59.8863,0.933],[22.9453,59.8874,0.0],[22.9447,59.8893,0.0],[22.9414,59.8896,0.0],[22.9414,59.8924,0.0],[22.9331,59.8918,0.0]]],
[[[23.3703,59.8524,4.1178],[23.3731,59.8524,0.7472],[23.3708,59.8554,5.7658],[23.3658,59.854,0.0],[23.3658,59.8526,1.375],[23.3703,59.8524,4.1178]]],
[[[23.3864,59.854,1.2669],[23.3914,59.8535,0.0],[23.3914,59.8551,0.338],[23.3869,59.8557,0.0],[23.3864,59.854,1.2669]]],
[[[23.3542,59.8568,7.5491],[23.3425,59.8582,3.2173],[23.3303,59.8563,1.0261],[23.3486,59.8524,0.9346],[23.3553,59.8532,0.0],[23.3558,59.8551,1.5725],[23.3542,59.8568,7.5491]]],
[[[23.3603,59.8565,0.0],[23.3575,59.859,0.0],[23.3542,59.8579,0.0],[23.357,59.8557,2.0886],[23.3603,59.8565,0.0]]],
[[[23.2603,59.8457,0.0],[23.2569,59.8471,0.0],[23.2508,59.8465,1.2921],[23.2542,59.8438,9.3424],[23.2597,59.8438,8.7254],[23.2603,59.8457,0.0]]],
[[[23.2842,59.8476,2.0662],[23.2814,59.8496,4.6446],[23.2781,59.8496,0.7148],[23.2781,59.8479,0.9536],[23.2814,59.8465,0.0],[23.2842,59.8476,2.0662]]],
[[[23.2992,59.8585,0.0],[23.2964,59.8599,5.083],[23.2869,59.859,0.8082],[23.2958,59.8574,3.6655],[23.2992,59.8585,0.0]]],
[[[23.2792,59.8665,8.6175],[23.2825,59.8682,0.0],[23.2742,59.8674,0.0],[23.2747,59.8643,5.7771],[23.2697,59.8626,0.0],[23.2697,59.861,0.0],[23.2669,59.8599,1.2155],[23.2808,59.859,0.3615],[23.2808,59.861,0.0],[23.2764,59.8624,3.9793],[23.2797,59.8629,3.9793],[23.2803,59.866,0.0],[23.2792,59.8665,8.6175]]],
[[[23.3042,59.8585,0.0],[23.3075,59.8582,0.0],[23.3081,59.8593,0.0],[23.303,59.8593,0.0],[23.3042,59.8585,0.0]]],
[[[23.3975,59.8613,4.5629],[23.3903,59.8626,0.0],[23.3753,59.8624,1.9548],[23.3764,59.8601,0.0],[23.3753,59.859,0.0],[23.4042,59.856,1.9189],[23.3986,59.8582,5.4357],[23.3881,59.859,3.0519],[23.3975,59.8601,0.0],[23.3975,59.8613,4.5629]]],
[[[23.3219,59.8629,2.2882],[23.3242,59.8632,0.0],[23.3242,59.8651,0.0],[23.3197,59.8662,4.5786],[23.3169,59.8651,0.0],[23.3175,59.8643,1.0771],[23.3219,59.8629,2.2882]]],
[[[23.3558,59.8654,12.2353],[23.3486,59.8665,0.0],[23.3497,59.8638,0.7769],[23.3586,59.8638,0.0],[23.3558,59.8654,12.2353]]],
[[[23.2814,59.8621,0.0],[23.2869,59.8621,0.0],[23.2875,59.8646,0.0],[23.2853,59.866,2.4235],[23.2808,59.8635,0.0],[23.2814,59.8621,0.0]]],
[[[23.2408,59.8718,0.0],[23.2469,59.8726,0.0],[23.2475,59.8735,0.0],[23.2425,59.8732,2.3482],[23.2408,59.8718,0.0]]],
[[[23.2647,59.8888,5.414],[23.268,59.8899,0.0],[23.2586,59.8893,0.979],[23.2581,59.8882,0.0],[23.2631,59.8876,2.7356],[23.2647,59.8888,5.414]]],
[[[23.1581,59.8907,0.0],[23.1536,59.8926,0.0],[23.1558,59.8899,0.0],[23.1586,59.8899,1.3767],[23.1581,59.8907,0.0]]],
[[[23.3119,59.8732,0.0],[23.3092,59.8754,1.9754],[23.3053,59.8754,9.4638],[23.3008,59.8749,1.8348],[23.2992,59.8726,7.1985],[23.3036,59.8701,6.0932],[23.3075,59.8701,0.491],[23.3119,59.871,0.0],[23.3119,59.8732,0.0]]],
[[[23.3258,59.8735,0.9765],[23.3219,59.876,0.0],[23.3142,59.8726,0.0],[23.3219,59.8713,0.0],[23.3264,59.8721,0.9765],[23.3258,59.8735,0.9765]]],
[[[23.3192,59.876,7.7635],[23.3203,59.8774,0.0],[23.3175,59.8782,4.0989],[23.3103,59.8765,0.0],[23.3125,59.8743,1.3275],[23.3192,59.876,7.7635]]],
[[[23.3625,59.884,0.0],[23.3675,59.8846,3.3613],[23.3675,59.8857,0.0],[23.3631,59.8854,4.3424],[23.3625,59.884,0.0]]],
[[[23.0492,59.8796,0.0],[23.0542,59.879,0.0],[23.0553,59.8804,0.0],[23.0503,59.8804,2.1347],[23.0492,59.8796,0.0]]],
[[[23.0386,59.8812,0.0],[23.0431,59.8829,0.0],[23.0431,59.8843,0.0],[23.0364,59.8838,0.0],[23.0386,59.8812,0.0]]],
[[[23.0336,59.8821,0.0],[23.0342,59.8835,0.0],[23.0319,59.8838,0.0],[23.0325,59.8854,0.0],[23.0308,59.8857,0.0],[23.0264,59.8812,0.0],[23.0281,59.881,4.8423],[23.0336,59.8821,0.0]]],
[[[23.0642,59.8843,8.3223],[23.0653,59.8851,0.0],[23.0636,59.8863,2.3065],[23.0547,59.8854,2.5377],[23.0603,59.881,1.4899],[23.0631,59.8815,1.5666],[23.0619,59.8832,3.7253],[23.0642,59.8843,8.3223]]],
[[[23.3142,59.8935,5.9636],[23.2997,59.8935,4.3997],[23.3042,59.8921,5.93],[23.303,59.891,4.8549],[23.2981,59.8932,1.6828],[23.2908,59.8929,1.4537],[23.2825,59.8882,4.3955],[23.2825,59.886,3.2397],[23.2869,59.8863,8.7544],[23.2897,59.8821,13.5007],[23.2992,59.8826,11.7079],[23.3119,59.8807,3.2458],[23.3147,59.8812,3.2458],[23.3142,59.8832,5.5547],[23.3292,59.8815,0.0],[23.3319,59.8846,0.0],[23.3347,59.8849,0.0],[23.3292,59.8888,0.0],[23.3158,59.8904,15.2298],[23.3186,59.8918,3.2129],[23.3142,59.8935,5.9636]]],
[[[23.3403,59.8871,1.0129],[23.3364,59.889,0.0],[23.3342,59.8882,7.6544],[23.3358,59.8868,0.0],[23.3403,59.8871,1.0129]]],
[[[23.3425,59.8896,7.1669],[23.3419,59.8885,1.0129],[23.3458,59.8885,0.0],[23.3458,59.8901,2.5505],[23.3425,59.8896,7.1669]]],
[[[23.3708,59.8907,1.7124],[23.3697,59.8896,0.0],[23.3725,59.8896,0.0],[23.3742,59.8918,4.7808],[23.3725,59.8918,1.7124],[23.3708,59.8907,1.7124]]],
[[[23.1108,59.8935,0.0],[23.1125,59.894,0.0],[23.1114,59.8957,0.0],[23.1069,59.8954,0.0],[23.1069,59.8949,0.0],[23.1108,59.8935,0.0]]],
[[[23.2847,59.8971,0.0],[23.2825,59.8979,2.128],[23.2842,59.8993,0.0],[23.2736,59.8993,0.0],[23.2725,59.8971,2.054],[23.2658,59.899,0.0],[23.2608,59.8976,0.0],[23.2619,59.896,6.9713],[23.2569,59.8921,0.0],[23.2714,59.8913,1.5788],[23.2792,59.8943,6.4471],[23.2836,59.8943,3.2512],[23.2847,59.8971,0.0]]],
[[[23.1444,59.8954,0.0],[23.1475,59.8949,0.0],[23.1486,59.8968,0.2172],[23.1408,59.8971,0.0],[23.1408,59.896,1.2989],[23.1444,59.8954,0.0]]],
[[[23.1525,59.8965,0.2172],[23.1536,59.8976,0.9554],[23.1508,59.9001,6.6765],[23.1464,59.899,0.0],[23.1492,59.8968,0.2172],[23.1525,59.8965,0.2172]]],
[[[23.3531,59.8915,1.7976],[23.3536,59.8937,4.8685],[23.3469,59.8943,3.8758],[23.3475,59.8918,0.0],[23.3531,59.8915,1.7976]]],
[[[23.3269,59.8946,7.6955],[23.3292,59.8949,2.4109],[23.3292,59.8963,6.15],[23.3219,59.8971,0.0],[23.3186,59.8957,0.0],[23.3203,59.8946,12.338],[23.3197,59.8932,2.2375],[23.3269,59.8946,7.6955]]],
[[[23.3442,59.896,0.0],[23.3375,59.8974,2.5526],[23.3408,59.8937,0.0],[23.3458,59.8935,0.0],[23.3442,59.896,0.0]]],
[[[23.3331,59.8976,2.4667],[23.3303,59.8999,3.5518],[23.3258,59.8993,2.0881],[23.3264,59.8976,0.0],[23.3319,59.8954,0.0],[23.3369,59.8963,1.0195],[23.3353,59.8985,2.5526],[23.3331,59.8976,2.4667]]],
[[[23.2986,59.8963,0.0],[23.3003,59.8963,0.0],[23.3019,59.8993,0.0],[23.2958,59.8979,0.0],[23.2986,59.8963,0.0]]],
[[[23.3592,59.9104,4.912],[23.3508,59.9113,2.6783],[23.3436,59.9099,1.6325],[23.3425,59.9093,1.6325],[23.3431,59.9051,7.4891],[23.3381,59.9043,0.6251],[23.3386,59.9029,3.1775],[23.3364,59.901,0.0],[23.3403,59.9004,1.0235],[23.3436,59.8971,2.978],[23.3469,59.8963,3.5238],[23.3492,59.8965,3.5238],[23.3475,59.8993,1.7876],[23.3531,59.8965,2.0913],[23.3603,59.8976,3.4514],[23.3586,59.9001,3.4327],[23.3547,59.8993,0.5802],[23.3542,59.8979,6.0519],[23.3508,59.8993,7.621],[23.3508,59.9004,7.621],[23.3542,59.9004,-0.5],[23.3531,59.9021,12.9738],[23.3592,59.9012,12.3892],[23.3625,59.8985,3.4514],[23.3636,59.8951,12.2286],[23.3536,59.896,2.0913],[23.3586,59.8932,7.0056],[23.357,59.8921,2.8942],[23.3614,59.8918,7.3354],[23.3575,59.8913,4.527],[23.3586,59.8896,1.2344],[23.3686,59.8907,6.4842],[23.3725,59.8943,8.8428],[23.3758,59.8918,0.0],[23.3808,59.8918,0.0],[23.3797,59.8929,1.1708],[23.3836,59.8943,7.2126],[23.3858,59.8935,2.3563],[23.3836,59.8932,0.0],[23.3842,59.8921,0.0],[23.3936,59.8924,7.1268],[23.3942,59.8907,10.918],[23.3986,59.891,4.7417],[23.3986,59.8924,0.0],[23.3953,59.8929,7.1268],[23.3981,59.8963,1.5726],[23.3942,59.8968,7.9577],[23.3942,59.8979,0.0692],[23.4014,59.9004,0.0],[23.3997,59.9024,0.0],[23.3886,59.9026,0.0],[23.3886,59.9007,0.8662],[23.3919,59.8985,2.9302],[23.3914,59.8963,7.0654],[23.3936,59.8949,6.4629],[23.3914,59.8943,2.5838],[23.3864,59.8968,8.4102],[23.3858,59.9015,4.1438],[23.3764,59.904,3.6406],[23.3753,59.9065,2.3753],[23.3642,59.9057,5.6591],[23.3592,59.9104,4.912]]],
[[[23.3219,59.9087,0.0],[23.3236,59.9096,0.0],[23.3225,59.9115,1.505],[23.3203,59.9113,1.7256],[23.3197,59.9093,4.4118],[23.3119,59.9087,14.6616],[23.3069,59.9113,0.0],[23.3019,59.9099,7.3955],[23.3014,59.906,10.2126],[23.3069,59.9029,1.5917],[23.3147,59.904,8.6341],[23.3158,59.9068,4.7874],[23.3219,59.9087,0.0]]],
[[[23.3814,59.9104,7.249],[23.3808,59.9087,0.0],[23.3842,59.9085,0.0],[23.3836,59.9104,7.249],[23.3814,59.9104,7.249]]],
[[[23.0653,59.9026,2.482],[23.0658,59.9049,2.35],[23.0642,59.906,1.346],[23.0608,59.906,1.6212],[23.0597,59.904,0.0],[23.0569,59.9035,4.6139],[23.0575,59.9007,4.801],[23.0608,59.9001,4.3494],[23.0592,59.896,0.0],[23.0636,59.8935,0.0],[23.0731,59.8929,0.0],[23.0853,59.8963,8.1373],[23.0875,59.894,6.4455],[23.0958,59.8935,0.0],[23.0953,59.8951,3.4438],[23.0892,59.8968,2.969],[23.0842,59.9021,0.0],[23.0808,59.8999,0.0],[23.0825,59.8976,0.0],[23.0797,59.896,5.1582],[23.0703,59.8951,9.1585],[23.0719,59.8971,11.2264],[23.0786,59.8976,3.0953],[23.0786,59.9004,4.7453],[23.0736,59.8996,3.4256],[23.0708,59.9021,3.5313],[23.0775,59.9018,0.0],[23.0781,59.9032,0.8576],[23.0753,59.9046,1.9893],[23.0675,59.9046,1.3075],[23.0686,59.9029,5.3513],[23.0653,59.9026,2.482]]],
[[[23.0992,59.9004,0.0],[23.0936,59.9021,0.0],[23.0919,59.9015,9.6638],[23.0919,59.899,5.4987],[23.0992,59.8985,0.0],[23.0992,59.9004,0.0]]],
[[[23.1153,59.9313,1.8191],[23.1125,59.9335,3.6817],[23.0919,59.9321,0.0],[23.0953,59.9293,3.6184],[23.0903,59.9263,0.6008],[23.0964,59.9251,2.9618],[23.0958,59.9235,0.0],[23.1025,59.9212,3.6597],[23.1047,59.9168,5.2813],[23.1014,59.9163,5.2813],[23.1008,59.9137,11.2944],[23.0936,59.914,0.0],[23.0914,59.9104,3.506],[23.0875,59.9101,15.252],[23.0869,59.9118,0.0],[23.0808,59.911,6.8515],[23.0853,59.9126,0.2869],[23.0853,59.9146,1.3126],[23.0869,59.914,0.0],[23.0864,59.9126,0.2869],[23.0892,59.9126,0.0],[23.088,59.9154,0.0],[23.0753,59.9171,0.0],[23.0725,59.9126,3.6083],[23.0792,59.9099,15.6183],[23.0753,59.9074,0.0],[23.0753,59.9054,1.9893],[23.0881,59.9043,1.4535],[23.0919,59.9087,0.0],[23.0992,59.9115,14.739],[23.0992,59.9068,2.2449],[23.1075,59.9071,13.7976],[23.1097,59.9043,11.2893],[23.1069,59.9015,7.0569],[23.1025,59.901,3.2744],[23.1019,59.8996,8.8266],[23.1042,59.8982,0.0],[23.1103,59.8979,8.6671],[23.1181,59.894,6.4339],[23.1281,59.8951,6.0976],[23.1264,59.8929,4.9104],[23.1275,59.8921,4.9104],[23.1419,59.8929,4.2825],[23.1353,59.8949,7.0849],[23.1392,59.896,2.3503],[23.1369,59.8976,0.0],[23.1303,59.8954,15.6173],[23.1275,59.8968,3.9966],[23.1314,59.8974,6.5312],[23.1308,59.9024,0.0],[23.1275,59.9046,0.0],[23.1186,59.9038,7.2199],[23.1208,59.9085,2.438],[23.1258,59.9079,0.0],[23.1253,59.9099,2.6088],[23.1269,59.9107,0.0],[23.1269,59.9137,0.0],[23.1292,59.9143,5.4824],[23.1286,59.916,0.0],[23.1203,59.9143,2.4801],[23.1169,59.9113,6.3097],[23.1131,59.9118,11.7667],[23.1142,59.9137,0.0],[23.1103,59.9182,4.7449],[23.1131,59.919,0.0],[23.1119,59.9207,0.0],[23.1042,59.9215,3.6597],[23.1003,59.9238,2.353],[23.1003,59.9254,2.353],[23.1053,59.9268,10.328],[23.1053,59.929,16.8907],[23.1147,59.9285,0.0],[23.1153,59.9313,1.8191]]],
[[[23.1442,59.9151,5.2511],[23.1453,59.916,0.0],[23.1381,59.9168,0.0],[23.1386,59.9143,0.0],[23.1442,59.9151,5.2511]]],
[[[23.3742,59.9104,1.9445],[23.3792,59.9104,0.9305],[23.3792,59.9115,0.0],[23.3769,59.9129,9.0776],[23.3719,59.9126,2.7072],[23.3742,59.9104,1.9445]]],
[[[23.3686,59.9107,9.0338],[23.3719,59.911,5.3626],[23.3703,59.9132,2.7072],[23.3614,59.9118,0.0],[23.3625,59.9104,4.912],[23.3686,59.9107,9.0338]]],
[[[23.3142,59.9143,0.0],[23.3147,59.9129,0.0],[23.3169,59.9132,0.0],[23.3164,59.9149,5.9814],[23.3142,59.9143,0.0]]],
[[[23.3475,59.9179,1.103],[23.3458,59.9204,7.9047],[23.3431,59.921,2.8422],[23.3353,59.9185,3.852],[23.3342,59.916,13.613],[23.3369,59.9135,0.0],[23.3469,59.9135,0.0],[23.3503,59.9157,0.0],[23.3475,59.9179,1.103]]],
[[[23.4575,59.8499,0.0],[23.4625,59.8499,0.0],[23.4631,59.851,0.0],[23.4547,59.8513,0.0],[23.4575,59.8499,0.0]]],
[[[23.4042,59.8532,0.0],[23.4003,59.8549,1.0562],[23.4008,59.8535,3.9813],[23.3986,59.8538,0.0],[23.3936,59.8501,0.7761],[23.4047,59.8513,1.8093],[23.4042,59.8493,4.2188],[23.4136,59.8501,0.0],[23.4042,59.8532,0.0]]],
[[[23.4775,59.8538,0.0],[23.4647,59.8543,0.8769],[23.4664,59.8524,2.2774],[23.4703,59.8518,0.0],[23.4775,59.8524,3.1422],[23.4775,59.8538,0.0]]],
[[[23.4542,59.8543,8.1459],[23.4553,59.8568,1.0767],[23.4514,59.8576,0.0],[23.4486,59.8574,0.0],[23.4475,59.8554,2.2457],[23.4492,59.8532,0.0],[23.4542,59.8543,8.1459]]],
[[[23.5653,59.8532,1.9894],[23.5658,59.8546,2.1616],[23.5692,59.8549,0.0],[23.5692,59.8568,0.0],[23.5558,59.854,0.0],[23.5625,59.8507,5.7513],[23.5719,59.8524,4.7806],[23.5714,59.8538,0.0],[23.5653,59.8532,1.9894]]],
[[[23.4858,59.8549,0.0],[23.4897,59.8551,0.0],[23.4908,59.8571,0.0],[23.4836,59.8568,0.0],[23.4858,59.8549,0.0]]],
[[[23.5431,59.8585,0.0],[23.5481,59.8585,0.0],[23.5486,59.8604,3.0986],[23.5431,59.8613,3.1779],[23.5347,59.8599,2.4717],[23.5258,59.8563,0.0],[23.5342,59.8549,0.0],[23.5347,59.8563,0.2321],[23.5414,59.8563,0.0],[23.5431,59.8585,0.0]]],
[[[23.5619,59.8593,1.8486],[23.5586,59.8613,2.3103],[23.5508,59.8601,0.0],[23.553,59.8571,2.1283],[23.5631,59.8582,0.0],[23.5619,59.8593,1.8486]]],
[[[23.4419,59.8557,0.0],[23.4447,59.8554,0.0],[23.4453,59.8568,0.0],[23.4414,59.8574,3.579],[23.4419,59.8557,0.0]]],
[[[23.4453,59.8593,1.7879],[23.4458,59.8613,2.699],[23.4386,59.8618,2.1091],[23.4369,59.8571,5.5999],[23.4442,59.8582,5.1398],[23.4453,59.8593,1.7879]]],
[[[23.4525,59.8587,0.0],[23.4503,59.861,2.6165],[23.4481,59.8607,0.0],[23.4486,59.8585,0.0],[23.4525,59.8587,0.0]]],
[[[23.4342,59.8601,2.3021],[23.4375,59.8593,3.2396],[23.4364,59.8624,0.0],[23.4325,59.8618,1.9802],[23.4342,59.8601,2.3021]]],
[[[23.4153,59.8615,0.0],[23.4186,59.8618,0.0],[23.4192,59.8635,5.9509],[23.4092,59.864,1.824],[23.4069,59.8629,4.3321],[23.4097,59.8596,0.0],[23.4153,59.8615,0.0]]],
[[[23.4547,59.8615,2.1872],[23.4514,59.8632,0.0],[23.4475,59.8629,0.0],[23.4492,59.8613,2.6165],[23.4547,59.8615,2.1872]]],
[[[23.4047,59.8629,4.3321],[23.4075,59.8649,10.5279],[23.4008,59.864,2.7494],[23.4025,59.8624,1.6486],[23.4047,59.8629,4.3321]]],
[[[23.4775,59.8662,6.6315],[23.4686,59.8668,4.4791],[23.4658,59.8651,0.0],[23.473,59.864,7.8706],[23.4775,59.8662,6.6315]]],
[[[23.4897,59.8638,12.4935],[23.4903,59.8649,3.8008],[23.4869,59.866,0.0],[23.4814,59.866,3.3227],[23.4853,59.8635,0.9056],[23.4897,59.8638,12.4935]]],
[[[23.5247,59.8671,3.8817],[23.5164,59.8688,0.0],[23.5136,59.8654,2.063],[23.5131,59.8676,0.0],[23.5081,59.8682,3.0752],[23.5075,59.8671,3.0752],[23.5103,59.8662,5.4672],[23.5075,59.8643,5.0153],[23.5036,59.8671,0.8524],[23.4964,59.8671,0.0],[23.4925,59.8646,2.8662],[23.5031,59.8624,4.1181],[23.5108,59.8646,3.9666],[23.5219,59.8646,3.1675],[23.5253,59.866,2.781],[23.5247,59.8671,3.8817]]],
[[[23.5847,59.8674,9.0762],[23.5897,59.869,0.0],[23.5775,59.8696,0.0],[23.5775,59.8665,4.8868],[23.5764,59.8679,1.9653],[23.5692,59.8685,6.622],[23.5647,59.8674,1.715],[23.5653,59.8662,5.3384],[23.5608,59.8665,0.0],[23.5608,59.8654,0.0],[23.5669,59.8638,3.9295],[23.5792,59.8643,0.0],[23.5847,59.8674,9.0762]]],
[[[23.5308,59.866,1.4217],[23.5325,59.8671,0.0],[23.5275,59.8682,2.6819],[23.5275,59.8671,2.6819],[23.5308,59.866,1.4217]]],
[[[23.4358,59.8648,0.0],[23.4425,59.8648,0.0],[23.4425,59.8665,8.1951],[23.4364,59.8668,2.8844],[23.4358,59.8648,0.0]]],
[[[23.4575,59.8674,3.0239],[23.4608,59.8674,3.8147],[23.4625,59.8685,0.0],[23.4564,59.8682,0.0],[23.4575,59.8674,3.0239]]],
[[[23.4847,59.8704,0.0],[23.4858,59.8724,0.0],[23.4786,59.8729,0.0],[23.4792,59.8704,0.0],[23.4847,59.8704,0.0]]],
[[[23.4464,59.8729,5.0006],[23.4486,59.8746,0.0],[23.4431,59.8746,0.0],[23.4442,59.874,0.0],[23.4436,59.8715,0.0],[23.4464,59.8729,5.0006]]],
[[[23.5497,59.8676,3.0201],[23.5481,59.8699,1.6946],[23.5425,59.8696,2.3805],[23.5464,59.8674,0.0],[23.5497,59.8676,3.0201]]],
[[[23.5569,59.869,1.0231],[23.5586,59.8701,1.0231],[23.5508,59.8699,0.0],[23.5514,59.8685,0.9899],[23.5569,59.869,1.0231]]],
[[[23.5286,59.871,6.2863],[23.5247,59.8726,3.8229],[23.5158,59.8726,3.1278],[23.5136,59.8701,0.0],[23.5264,59.8685,1.3741],[23.5286,59.871,6.2863]]],
[[[23.508,59.8701,0.0],[23.5119,59.8704,0.0],[23.5119,59.8721,2.1299],[23.5047,59.8729,8.8928],[23.4992,59.8713,12.1629],[23.5047,59.8701,6.9359],[23.5042,59.8688,0.0],[23.508,59.8701,0.0]]],
[[[23.2969,59.8696,1.8413],[23.2914,59.8693,4.9843],[23.2908,59.8713,3.1965],[23.2886,59.8715,3.1965],[23.2858,59.8696,2.167],[23.2858,59.8679,0.0],[23.2881,59.8651,0.0],[23.2958,59.8646,5.6004],[23.2953,59.8629,2.0376],[23.2981,59.8629,6.5038],[23.2975,59.8613,2.0536],[23.3114,59.8604,0.0],[23.3114,59.8621,0.0],[23.3092,59.8629,0.0],[23.3108,59.866,0.0],[23.3081,59.869,0.491],[23.2969,59.8696,1.8413]]],
[[[23.3175,59.8676,2.4645],[23.3186,59.869,0.0],[23.3175,59.8696,0.0],[23.3125,59.8693,2.3367],[23.3142,59.8674,2.3097],[23.3175,59.8676,2.4645]]],
[[[23.3447,59.8682,0.0],[23.3475,59.8685,0.0],[23.3481,59.8693,0.0],[23.3425,59.8696,4.8403],[23.3447,59.8682,0.0]]],
[[[23.3908,59.8882,4.3477],[23.3786,59.889,0.0],[23.3753,59.8876,0.0],[23.3769,59.884,5.3287],[23.3736,59.8865,6.3854],[23.3692,59.8851,15.3169],[23.3669,59.8824,12.9659],[23.3481,59.8804,3.4469],[23.3503,59.8788,9.3069],[23.3492,59.8768,0.0],[23.3508,59.8763,1.9347],[23.3564,59.8771,11.3396],[23.3575,59.8799,0.0],[23.3658,59.8785,4.0057],[23.3575,59.8774,1.6863],[23.3569,59.8751,11.7012],[23.3553,59.8749,2.4253],[23.357,59.8729,5.2942],[23.3486,59.8707,0.0],[23.3575,59.8685,1.6936],[23.3608,59.871,2.0482],[23.3586,59.8735,0.0],[23.3647,59.8726,0.0],[23.3669,59.8768,0.0],[23.3797,59.8771,13.5543],[23.3742,59.8754,0.0],[23.3758,59.8718,7.9902],[23.3731,59.8704,17.5713],[23.3619,59.8699,0.0],[23.357,59.8665,5.0447],[23.3725,59.8643,6.4472],[23.3681,59.8638,0.0],[23.3681,59.8626,2.4105],[23.3742,59.8621,9.8735],[23.3786,59.864,17.014],[23.3997,59.8635,0.0],[23.4014,59.8662,12.6231],[23.4119,59.8646,2.437],[23.4181,59.8696,2.6009],[23.4169,59.8648,6.2149],[23.4242,59.8646,6.3334],[23.4203,59.8629,2.7496],[23.4203,59.8615,0.0],[23.4308,59.8585,6.8265],[23.4264,59.8571,1.4763],[23.4219,59.8596,4.6009],[23.4181,59.8593,0.0],[23.4164,59.8582,7.7267],[23.4169,59.8557,2.4684],[23.4253,59.854,2.7067],[23.428,59.856,1.2626],[23.4364,59.8563,2.9543],[23.4353,59.8585,2.3245],[23.4286,59.8604,4.086],[23.4331,59.8629,0.9403],[23.4314,59.8654,10.0466],[23.4258,59.8657,6.3195],[23.4292,59.8668,0.0],[23.4347,59.866,2.8844],[23.4358,59.8688,0.0],[23.4336,59.8699,5.0614],[23.4286,59.8696,6.3721],[23.4275,59.8718,0.0],[23.4225,59.8729,6.3561],[23.4158,59.8726,0.0],[23.4164,59.8707,16.0786],[23.4147,59.869,3.9799],[23.4097,59.8679,12.2371],[23.4147,59.871,4.3649],[23.4119,59.8724,11.0985],[23.4119,59.8743,11.1285],[23.4264,59.8751,0.0],[23.4319,59.8788,15.5775],[23.4392,59.8801,1.5122],[23.4397,59.8818,2.5645],[23.4297,59.8824,0.0],[23.4247,59.881,0.0],[23.4275,59.8838,4.4505],[23.4242,59.8843,10.0494],[23.4325,59.8843,4.2758],[23.428,59.8868,6.5591],[23.3997,59.884,1.263],[23.3986,59.8857,1.9582],[23.3925,59.886,1.8172],[23.393,59.8879,0.7782],[23.3908,59.8882,4.3477]]],
[[[23.5653,59.8801,0.0],[23.5681,59.8804,0.0],[23.5681,59.8818,0.0],[23.5658,59.8829,0.0],[23.5636,59.8815,4.4939],[23.5558,59.8821,0.0],[23.5558,59.8807,0.0],[23.5653,59.8801,0.0]]],
[[[23.5169,59.8851,0.0],[23.5253,59.8857,0.0],[23.5186,59.8865,2.6786],[23.5164,59.8863,0.0],[23.5169,59.8851,0.0]]],
[[[23.5403,59.8915,3.4934],[23.5369,59.8935,6.3137],[23.5308,59.8918,1.9329],[23.5292,59.8904,1.43],[23.5303,59.8879,0.0],[23.5364,59.8885,1.4899],[23.5353,59.8865,1.0445],[23.5369,59.8857,1.0445],[23.5281,59.8863,0.4506],[23.5275,59.8835,0.0],[23.5364,59.8815,0.0],[23.5381,59.8835,1.5302],[23.5364,59.8846,3.8279],[23.5386,59.8854,1.0449],[23.5508,59.8865,1.3831],[23.5508,59.8893,2.1259],[23.5481,59.891,1.4802],[23.5403,59.8915,3.4934]]],
[[[23.5758,59.889,0.0],[23.5719,59.8887,11.1158],[23.5692,59.8907,0.0],[23.5664,59.8882,4.533],[23.5731,59.886,2.2184],[23.5764,59.8876,3.0],[23.5758,59.889,0.0]]],
[[[23.5836,59.8849,0.0],[23.5858,59.8851,0.0],[23.5858,59.8876,2.1231],[23.5803,59.8871,0.0],[23.5819,59.8854,0.0],[23.5836,59.8849,0.0]]],
[[[23.5775,59.8865,6.9089],[23.5764,59.8857,0.0],[23.5797,59.886,0.0],[23.5803,59.8882,0.0],[23.5781,59.8882,1.7321],[23.5775,59.8865,6.9089]]],
[[[23.6503,59.8893,2.5414],[23.6547,59.8899,1.3533],[23.6525,59.891,0.0],[23.6486,59.8901,0.0],[23.6503,59.8893,2.5414]]],
[[[23.7053,59.891,7.7886],[23.7075,59.8924,0.0],[23.6997,59.8915,0.0],[23.7008,59.8899,0.0],[23.7053,59.891,7.7886]]],
[[[23.7297,59.8882,0.0],[23.7319,59.8899,0.0],[23.7214,59.889,0.0],[23.7247,59.8868,0.0],[23.7297,59.8882,0.0]]],
[[[23.7536,59.8899,0.0],[23.7569,59.8899,0.0],[23.7597,59.8907,1.1053],[23.7542,59.8915,4.7322],[23.7536,59.8899,0.0]]],
[[[23.7197,59.891,0.0],[23.7186,59.8918,0.0],[23.7203,59.8921,0.0],[23.7197,59.8932,0.0],[23.7153,59.8926,0.0],[23.7158,59.8901,0.0],[23.7175,59.8896,3.0343],[23.7219,59.8904,0.0],[23.7197,59.891,0.0]]],
[[[23.7286,59.8921,5.5126],[23.7314,59.8926,0.0],[23.7319,59.8935,0.0],[23.7253,59.8926,0.0],[23.7286,59.8921,5.5126]]],
[[[23.6653,59.8924,4.2882],[23.6675,59.8957,0.0],[23.6553,59.8935,1.7211],[23.6553,59.8921,1.7211],[23.6586,59.8907,5.6011],[23.6581,59.8896,0.9757],[23.6653,59.8924,4.2882]]],
[[[23.6975,59.896,4.295],[23.7003,59.8954,0.0],[23.7019,59.8974,0.0],[23.6947,59.8968,2.446],[23.6975,59.896,4.295]]],
[[[23.6669,59.8965,0.0],[23.6675,59.8985,0.0],[23.6631,59.8988,0.0],[23.6636,59.8974,1.6036],[23.6669,59.8965,0.0]]],
[[[23.6425,59.8976,0.0],[23.6442,59.8985,0.0],[23.643,59.8999,0.0],[23.6347,59.899,0.0],[23.6353,59.8974,0.0],[23.6425,59.8976,0.0]]],
[[[23.4925,59.8699,0.0],[23.4975,59.8707,0.0],[23.4975,59.8724,0.0],[23.4875,59.871,0.0],[23.4925,59.8699,0.0]]],
[[[23.5481,59.8718,0.0],[23.5514,59.8729,5.6665],[23.5419,59.8726,3.4292],[23.5436,59.871,0.0],[23.5481,59.8718,0.0]]],
[[[23.5342,59.8749,1.484],[23.5369,59.8746,1.484],[23.5375,59.876,1.0528],[23.5342,59.8765,5.3176],[23.5342,59.8749,1.484]]],
[[[23.4975,59.8801,0.0],[23.4947,59.8815,2.6064],[23.4903,59.881,1.2355],[23.4931,59.8782,0.0],[23.4981,59.8785,0.0],[23.4975,59.8801,0.0]]],
[[[23.4569,59.8729,9.757],[23.4597,59.8737,1.6581],[23.4547,59.8743,0.0],[23.4519,59.8724,8.631],[23.4564,59.8721,9.757],[23.4569,59.8729,9.757]]],
[[[23.4347,59.8757,2.9263],[23.4369,59.8765,1.247],[23.4297,59.8765,8.5548],[23.4303,59.8754,0.0],[23.4347,59.8757,2.9263]]],
[[[23.4453,59.876,7.1602],[23.4486,59.8774,1.5337],[23.4442,59.8779,0.0],[23.4431,59.8768,0.8441],[23.4453,59.876,7.1602]]],
[[[23.4642,59.8793,0.0],[23.4519,59.8801,5.457],[23.4547,59.8771,5.3166],[23.4619,59.8746,0.0],[23.4647,59.8768,0.0],[23.4781,59.8768,0.0],[23.4764,59.8785,10.4502],[23.4642,59.8793,0.0]]],
[[[23.4792,59.8785,1.7092],[23.4836,59.8782,0.0],[23.4847,59.8801,1.4738],[23.4792,59.8796,0.0],[23.4792,59.8785,1.7092]]],
[[[23.4469,59.8801,0.0],[23.4497,59.8801,0.0],[23.4514,59.8812,0.0],[23.4481,59.8824,0.0],[23.4469,59.8801,0.0]]],
[[[23.4792,59.8829,6.9367],[23.4803,59.8849,0.0],[23.4786,59.886,0.0],[23.4703,59.8849,2.3914],[23.4742,59.8824,5.879],[23.4792,59.8829,6.9367]]],
[[[23.4342,59.8943,0.0],[23.4264,59.8949,3.6473],[23.4153,59.8921,1.9809],[23.4047,59.8921,0.0],[23.4036,59.8907,0.0],[23.4103,59.8915,7.1283],[23.4086,59.8899,0.8396],[23.4042,59.8901,3.5999],[23.4042,59.889,3.5999],[23.4086,59.8893,0.8396],[23.4169,59.8868,5.6687],[23.4258,59.8901,0.0],[23.4353,59.8901,0.0],[23.4442,59.8924,6.9322],[23.4425,59.8943,5.1732],[23.4342,59.8943,0.0]]],
[[[23.4686,59.8921,0.0],[23.4581,59.8929,1.8843],[23.4619,59.8896,5.4809],[23.4725,59.889,0.0],[23.4692,59.8904,6.6437],[23.4714,59.8918,0.0],[23.4686,59.8921,0.0]]],
[[[23.4036,59.8932,3.4172],[23.4031,59.896,1.3435],[23.3997,59.8963,1.6119],[23.3981,59.894,1.2164],[23.4003,59.8926,4.2632],[23.4036,59.8932,3.4172]]],
[[[23.4064,59.8968,0.0],[23.4081,59.8988,0.0],[23.4064,59.9001,4.2194],[23.4019,59.899,2.8622],[23.4025,59.8965,1.3435],[23.4064,59.8968,0.0]]],
[[[23.4514,59.9143,1.9014],[23.4547,59.9151,1.9014],[23.4547,59.9163,2.2248],[23.4481,59.9157,0.0],[23.4514,59.9143,1.9014]]],
[[[22.9158,59.8915,0.0],[22.9108,59.8924,0.0],[22.9103,59.891,1.2139],[22.9153,59.8907,0.0],[22.9158,59.8915,0.0]]],
[[[22.9286,59.8935,0.0],[22.9358,59.8932,0.0],[22.9364,59.8943,0.0],[22.9292,59.8946,4.5533],[22.9286,59.8935,0.0]]],
[[[23.0275,59.8957,0.0],[23.0192,59.8968,6.5813],[23.0147,59.8929,0.0],[23.0214,59.8929,0.0],[23.0264,59.894,3.4771],[23.0275,59.8957,0.0]]],
[[[22.9797,59.9015,0.0],[22.9719,59.9026,0.0],[22.9669,59.9015,0.0],[22.9681,59.9001,1.3098],[22.9669,59.8979,1.2546],[22.9653,59.901,0.0],[22.9558,59.9021,0.0],[22.9553,59.9007,0.0],[22.9636,59.8988,3.3922],[22.9581,59.8971,0.0],[22.9581,59.8957,0.0],[22.9597,59.8957,2.5694],[22.9581,59.8949,4.8622],[22.9536,59.8949,5.0401],[22.9536,59.8974,0.0],[22.9497,59.8974,0.0],[22.9519,59.8996,0.0],[22.9514,59.901,0.0],[22.9447,59.9004,0.0],[22.9431,59.8982,0.0],[22.9514,59.8946,5.0401],[22.9525,59.891,3.0805],[22.9581,59.891,2.8703],[22.9681,59.8865,0.0],[22.9831,59.8868,0.0],[22.9847,59.889,1.5293],[22.9881,59.889,0.0],[22.9886,59.891,0.0],[22.9847,59.8913,0.0],[22.9836,59.8935,0.0],[22.9719,59.8946,3.2281],[22.9803,59.8971,0.0],[22.9797,59.9015,0.0]]],
[[[23.0431,59.8949,0.0],[23.0414,59.8957,0.0],[23.0375,59.896,0.8491],[23.0403,59.8943,0.9866],[23.0431,59.8949,0.0]]],
[[[23.0575,59.9004,1.1983],[23.0525,59.901,0.0],[23.0519,59.8999,2.7236],[23.0536,59.8971,1.3019],[23.0558,59.8968,0.0],[23.0581,59.8988,1.1983],[23.0575,59.9004,1.1983]]],
[[[22.9992,59.8996,0.0],[22.9986,59.9054,0.0],[22.9892,59.9049,0.0],[22.9908,59.8996,0.0],[22.9931,59.8993,7.0669],[22.9903,59.8963,0.0],[22.9953,59.8951,0.0],[22.9992,59.8996,0.0]]],
[[[23.0281,59.9012,0.0],[23.0319,59.9012,0.0],[23.0325,59.9026,0.0],[23.0281,59.9024,1.453],[23.0281,59.9012,0.0]]],
[[[23.0414,59.909,1.2736],[23.0425,59.9096,0.0],[23.0381,59.9104,0.0],[23.0397,59.9087,0.0],[23.0414,59.909,1.2736]]],
[[[23.0453,59.9107,2.6995],[23.0481,59.9099,0.0],[23.0497,59.9118,2.549],[23.0453,59.9113,2.6995],[23.0453,59.9107,2.6995]]],
[[[23.0147,59.9118,9.7647],[23.0153,59.9129,1.6753],[23.0136,59.9137,7.474],[23.0103,59.9135,4.9702],[23.008,59.9104,0.0],[23.0153,59.9096,0.9977],[23.0147,59.9118,9.7647]]],
[[[23.0014,59.9135,7.8241],[22.9847,59.914,0.0],[22.9814,59.9121,0.0],[22.9814,59.9096,0.0],[23.0075,59.9113,2.6737],[23.0069,59.9129,0.0],[23.0014,59.9135,7.8241]]],
[[[22.8714,59.8965,0.0],[22.8731,59.8976,0.0],[22.8653,59.8979,1.0136],[22.8664,59.8965,0.0],[22.8714,59.8965,0.0]]],
[[[22.902,59.9029,0.0],[22.8947,59.9049,0.8805],[22.8953,59.9029,2.5346],[22.8936,59.9026,2.5346],[22.8936,59.901,8.9323],[22.8908,59.9007,0.0],[22.8919,59.8957,3.6729],[22.8969,59.8946,0.0],[22.8942,59.8926,2.2521],[22.9014,59.8921,2.8998],[22.9075,59.896,3.9878],[22.9042,59.8979,0.0],[22.9086,59.8993,0.0],[22.9036,59.9007,1.6552],[22.902,59.9029,0.0]]],
[[[22.8781,59.9149,0.0],[22.8703,59.9163,2.8545],[22.8725,59.9135,0.0],[22.8775,59.9132,0.0],[22.8781,59.9149,0.0]]],
[[[22.803,59.9437,0.0],[22.8053,59.9446,0.0],[22.7986,59.9443,0.0],[22.8008,59.9432,0.0],[22.803,59.9437,0.0]]],
[[[23.0481,59.9135,4.7143],[23.0464,59.9129,0.0],[23.0503,59.9126,0.0],[23.0503,59.914,0.0],[23.0481,59.9135,4.7143]]],
[[[22.9814,59.9821,4.0342],[22.9786,59.984,0.0],[22.9736,59.9832,0.0],[22.9775,59.9787,0.0],[22.9819,59.9787,0.0],[22.9814,59.9821,4.0342]]],
[[[22.9714,59.9813,0.0],[22.973,59.9813,0.0],[22.9725,59.984,0.0],[22.9675,59.9846,0.0],[22.9681,59.9818,0.0],[22.9714,59.9813,0.0]]],
[[[22.9853,59.9871,0.0],[22.9753,59.9879,1.2431],[22.9781,59.9851,0.0],[22.9814,59.9846,0.0],[22.9814,59.9829,4.0342],[22.9886,59.9835,0.0],[22.9853,59.9871,0.0]]],
[[[22.8375,59.9521,4.3604],[22.8392,59.954,0.0],[22.8347,59.9543,0.0],[22.8331,59.9512,0.0],[22.8353,59.951,0.0],[22.8375,59.9521,4.3604]]],
[[[22.8247,59.961,0.0],[22.8242,59.9626,0.0],[22.8208,59.9637,3.769],[22.8119,59.9632,3.0381],[22.8153,59.9588,6.7505],[22.8147,59.956,0.0],[22.8231,59.9568,0.0],[22.8247,59.961,0.0]]],
[[[22.8775,59.9912,0.0],[22.8781,59.9924,0.0],[22.8758,59.9935,6.8498],[22.8731,59.9921,0.0],[22.8736,59.9912,0.0],[22.8775,59.9912,0.0]]],
[[[22.8614,59.9979,0.0],[22.8608,59.9999,5.9364],[22.8575,59.9999,3.5446],[22.8575,59.999,3.5446],[22.8614,59.9979,0.0]]],
[[[22.9658,59.9901,0.0],[22.9642,59.9915,2.7079],[22.9625,59.9912,3.8315],[22.9636,59.9899,0.0],[22.9658,59.9901,0.0]]],
[[[23.0025,59.9946,0.0],[23.0042,59.9965,0.0],[22.9947,59.9949,0.0],[22.9964,59.9943,5.0768],[23.0025,59.9946,0.0]]],
[[[22.9859,60.0141,19.8261],[22.9859,60.013,18.9886],[22.9891,60.013,25.8974],[22.9891,60.0141,23.811],[22.9859,60.0141,19.8261]]],
[[[23.0203,60.0536,12.8973],[23.013,60.0536,33.6447],[23.0109,60.0505,8.9708],[23.0167,60.05,0.0],[23.0203,60.0536,12.8973]]],
[[[23.1336,59.9154,0.0],[23.1364,59.9154,0.0],[23.1369,59.9165,0.0],[23.1319,59.9171,0.0],[23.1336,59.9154,0.0]]],
[[[23.0992,59.9196,0.0],[23.0953,59.9196,1.3788],[23.0936,59.9215,2.218],[23.0914,59.9204,9.4154],[23.0931,59.9182,0.0],[23.1003,59.9174,1.0512],[23.0992,59.9196,0.0]]],
[[[23.1108,59.9249,7.7746],[23.1064,59.926,0.0],[23.1058,59.9235,0.0],[23.1136,59.9224,7.4245],[23.1136,59.924,2.5705],[23.1108,59.9249,7.7746]]],
[[[23.1275,59.9296,0.0],[23.1281,59.9307,0.0],[23.1264,59.9315,0.0],[23.1197,59.9301,0.0],[23.1231,59.9268,0.0],[23.1269,59.9271,0.0],[23.1275,59.9296,0.0]]],
[[[23.0719,59.9321,12.4549],[23.0758,59.9338,0.0],[23.0758,59.9346,0.0],[23.0686,59.9338,0.6664],[23.0719,59.9321,12.4549]]],
[[[23.0931,59.9665,0.0],[23.0931,59.9699,0.0],[23.0886,59.9704,2.956],[23.0875,59.9685,0.0],[23.0886,59.9668,6.8184],[23.0842,59.9663,0.0],[23.0842,59.9651,0.0],[23.0892,59.964,2.1408],[23.0931,59.9665,0.0]]],
[[[23.0803,59.9682,0.0],[23.0808,59.9712,2.2258],[23.0747,59.9721,0.0],[23.0764,59.9668,0.0],[23.0803,59.9682,0.0]]],
[[[23.0947,59.9815,8.5781],[23.0953,59.9835,0.0],[23.0897,59.9843,0.0],[23.0847,59.9826,0.0],[23.0825,59.9793,0.0],[23.0881,59.9785,0.0],[23.0947,59.9815,8.5781]]],
[[[23.0814,59.9837,0.0],[23.0836,59.9857,0.0],[23.0775,59.9846,0.0],[23.0792,59.9832,0.0],[23.0814,59.9837,0.0]]],
[[[23.0803,59.9871,7.7316],[23.0853,59.9868,0.0],[23.0853,59.989,0.0],[23.0803,59.9899,0.0],[23.0792,59.9874,7.7316],[23.0803,59.9871,7.7316]]],
[[[23.0914,59.9876,0.0],[23.0925,59.9896,0.0],[23.0914,59.9901,0.0],[23.088,59.9901,3.4305],[23.0869,59.9885,5.2037],[23.0886,59.9871,5.2037],[23.0914,59.9876,0.0]]],
[[[23.4499,59.9961,0.0],[23.4583,60.0042,0.0],[23.4589,60.0078,16.1975],[23.4682,60.0193,0.0],[23.4672,60.0245,4.7799],[23.4724,60.0255,0.0],[23.4693,60.0318,12.0261],[23.4703,60.0349,0.0],[23.4672,60.037,0.0],[23.4703,60.0401,6.2316],[23.4693,60.0432,0.4286],[23.4724,60.0453,0.0],[23.4672,60.0464,15.8564],[23.4651,60.0495,0.0],[23.4792,60.05,0.7661],[23.4833,60.0479,3.419],[23.4891,60.0484,0.0],[23.4932,60.0505,11.1086],[23.4922,60.0536,1.539],[23.4984,60.062,0.0751],[23.5036,60.063,0.0],[23.5068,60.0682,0.0],[23.5125,60.0667,2.0996],[23.5182,60.0714,2.4408],[23.5266,60.0839,1.2722],[23.5255,60.0891,0.0],[23.5354,60.0896,17.9703],[23.5396,60.0875,0.0],[23.5516,60.0911,0.0],[23.5495,60.0859,2.0394],[23.5443,60.0849,0.0],[23.5401,60.0807,8.6969],[23.5354,60.0729,10.8329],[23.537,60.0693,8.7276],[23.5333,60.0646,0.0],[23.5349,60.062,4.3392],[23.5339,60.0589,0.0],[23.537,60.0578,6.6806],[23.5359,60.0505,0.0],[23.5432,60.0453,0.6613],[23.5432,60.0422,0.8379],[23.5354,60.0396,0.0],[23.525,60.0396,0.0],[23.5187,60.0354,11.2099],[23.5063,60.0375,0.0],[23.5036,60.0339,11.8174],[23.4943,60.0328,22.8307],[23.4891,60.0255,0.0],[23.4839,60.0245,0.0],[23.4849,60.0193,21.4783],[23.4797,60.0182,0.0],[23.4776,60.0161,0.0],[23.4828,60.012,0.0],[23.4818,60.0089,0.0],[23.487,60.0057,0.103],[23.4891,60.0026,0.3491],[23.4839,60.0016,0.0],[23.4865,60.0015,0.0],[23.4862,60.0,0.2365],[23.4797,60.0,0.0],[23.4825,59.9971,10.9721],[23.4814,59.9957,-0.8001],[23.4781,59.9963,9.7031],[23.4786,59.9976,2.1888],[23.4753,60.0,2.5442],[23.4603,59.999,0.0],[23.4575,59.9954,0.3923],[23.4592,59.9888,0.0],[23.4547,59.9851,1.561],[23.4481,59.9843,-0.0112],[23.4414,59.9868,0.0372],[23.4403,59.984,0.3626],[23.4381,59.9837,1.101],[23.4315,59.9771,0.0],[23.4275,59.9779,0.0],[23.4303,59.9763,2.2845],[23.4275,59.9729,1.6918],[23.4305,59.9707,1.7167],[23.4225,59.9674,0.0],[23.4219,59.9646,0.0],[23.4242,59.9621,0.1918],[23.4203,59.961,0.0],[23.4197,59.9585,0.0],[23.4281,59.9582,0.0],[23.4275,59.9599,0.3714],[23.4331,59.9615,0.2908],[23.4281,59.9632,1.7342],[23.4342,59.9646,8.5622],[23.4497,59.9643,0.0],[23.4508,59.9668,2.2408],[23.4581,59.9693,4.4081],[23.4619,59.9693,11.1723],[23.4619,59.9682,1.2644],[23.4542,59.9674,1.063],[23.4536,59.9657,0.0],[23.4647,59.9668,0.0],[23.4714,59.9693,2.1979],[23.4708,59.9707,9.2029],[23.4742,59.9721,0.0],[23.4753,59.9754,0.0157],[23.4808,59.9776,0.0292],[23.4814,59.9799,-0.2526],[23.4786,59.9787,4.2531],[23.4775,59.9801,3.1399],[23.4925,59.9835,0.0],[23.5019,59.9835,0.3958],[23.5042,59.9815,-0.0703],[23.5108,59.9835,-0.2824],[23.5336,59.9818,10.3299],[23.5469,59.9865,0.0867],[23.5419,59.9888,1.0065],[23.5458,59.9904,0.0704],[23.5531,59.9912,0.2331],[23.5647,59.9885,2.5676],[23.5675,59.9918,-0.7982],[23.5831,59.9899,1.8732],[23.5847,59.9882,0.71],[23.5842,59.9854,5.6742],[23.5753,59.9832,1.2249],[23.5736,59.9857,10.589],[23.5764,59.9871,0.3397],[23.5703,59.9885,10.8003],[23.5625,59.9863,3.3136],[23.5581,59.9871,0.0],[23.5486,59.9854,4.1859],[23.5336,59.981,10.3299],[23.5142,59.9785,0.2651],[23.5008,59.9721,0.01],[23.4786,59.9679,0.0],[23.4764,59.966,1.1943],[23.4608,59.9646,0.9753],[23.4603,59.9629,3.0161],[23.4531,59.961,0.0],[23.4497,59.9535,0.6532],[23.4542,59.9496,1.7489],[23.4536,59.9482,0.0],[23.4625,59.9471,0.5035],[23.4797,59.9485,0.0],[23.4792,59.9471,0.0],[23.4681,59.9463,0.0],[23.4719,59.9435,0.0],[23.4753,59.9432,3.3332],[23.4758,59.9393,3.1482],[23.4686,59.9407,0.5933],[23.4692,59.9432,5.6835],[23.4675,59.944,2.5135],[23.4592,59.9454,14.037],[23.4536,59.9446,0.0],[23.4536,59.941,1.5724],[23.4458,59.9474,0.0],[23.4303,59.9482,3.2388],[23.4247,59.946,0.1819],[23.4236,59.9474,3.2943],[23.4281,59.9499,0.7228],[23.4264,59.9518,0.4706],[23.4269,59.9535,0.0],[23.4181,59.9546,0.0],[23.4092,59.9488,0.0],[23.3892,59.9435,0.0],[23.3858,59.9413,0.0],[23.3858,59.9396,4.5805],[23.3781,59.9379,1.4442],[23.3769,59.936,0.0],[23.3803,59.9335,0.0],[23.3736,59.9343,0.7981],[23.3603,59.931,1.8077],[23.3592,59.9285,3.122],[23.3614,59.9271,3.122],[23.3592,59.9249,8.9417],[23.3542,59.9243,0.0],[23.3575,59.9207,6.5345],[23.3547,59.9196,0.0],[23.3542,59.9171,0.0],[23.3631,59.916,13.2678],[23.3636,59.9146,1.3931],[23.3714,59.9149,0.0],[23.3747,59.9165,4.752],[23.3814,59.916,0.0],[23.3842,59.9176,4.2971],[23.3958,59.9162,0.0],[23.4005,59.9204,0.3274],[23.4014,59.9174,0.8286],[23.4081,59.9157,5.9393],[23.4353,59.9162,0.0],[23.4358,59.9179,1.0472],[23.4386,59.9174,0.3838],[23.4419,59.9191,17.2777],[23.4519,59.9182,0.0],[23.4536,59.9196,0.5095],[23.453,59.9209,1.8904],[23.4597,59.9218,0.0],[23.4613,59.9236,3.6425],[23.4786,59.9242,0.0],[23.4903,59.9271,10.8565],[23.5027,59.9281,0.0],[23.5081,59.9304,0.0],[23.511,59.9338,5.6248],[23.5158,59.9335,0.0],[23.5142,59.9349,3.4047],[23.5208,59.9346,0.7472],[23.5264,59.9368,1.8446],[23.5303,59.9346,1.2692],[23.5369,59.9362,12.5375],[23.5569,59.9355,7.8897],[23.5597,59.934,4.0677],[23.5636,59.9354,3.831],[23.5897,59.9343,1.0038],[23.6019,59.9374,5.4764],[23.6136,59.9379,2.9893],[23.6142,59.9404,0.0],[23.6164,59.941,2.8039],[23.6275,59.9385,0.0],[23.6442,59.941,4.2558],[23.6503,59.939,7.8792],[23.6325,59.9374,2.4933],[23.6375,59.9343,0.0],[23.6469,59.936,6.3595],[23.6519,59.9349,0.0],[23.6764,59.9365,2.5248],[23.6747,59.9388,5.1556],[23.6831,59.9374,9.1829],[23.6819,59.9365,0.6585],[23.7042,59.9376,0.0],[23.7014,59.9396,1.6887],[23.6892,59.9393,3.8206],[23.6858,59.9413,5.3047],[23.6936,59.9449,0.4529],[23.6953,59.9471,6.6994],[23.7042,59.9465,2.6681],[23.7053,59.9449,0.0],[23.7142,59.9429,0.0],[23.7219,59.9432,0.0],[23.7219,59.9413,1.0971],[23.7192,59.9413,1.0971],[23.7203,59.9404,1.6542],[23.7131,59.9407,0.0],[23.7131,59.9396,2.0383],[23.7242,59.9388,11.5515],[23.7275,59.941,0.0],[23.7275,59.9432,0.0],[23.7308,59.9404,0.0],[23.7369,59.9404,0.0],[23.7419,59.9418,0.0],[23.7358,59.9432,9.2593],[23.7358,59.9457,7.3166],[23.7386,59.9479,7.2637],[23.7631,59.951,2.663],[23.7675,59.9532,0.0],[23.7308,59.9524,3.6038],[23.7125,59.9557,0.0],[23.7036,59.9546,6.5216],[23.6953,59.9557,3.0407],[23.7092,59.9576,0.5676],[23.7081,59.9582,0.5676],[23.7086,59.9613,3.3376],[23.7031,59.9629,1.2774],[23.7164,59.9654,0.0],[23.7131,59.9668,6.8427],[23.7142,59.9696,5.9592],[23.7125,59.9707,5.0556],[23.7142,59.9712,5.0556],[23.7175,59.9676,1.917],[23.7231,59.9674,5.019],[23.7192,59.9665,2.3582],[23.7186,59.9637,2.5927],[23.7231,59.9596,0.0],[23.7458,59.9574,1.3662],[23.7414,59.9562,4.4473],[23.7414,59.9549,1.4553],[23.7458,59.9538,6.649],[23.7536,59.9546,0.0],[23.7536,59.9568,0.0],[23.7519,59.9576,1.384],[23.7542,59.9588,0.0],[23.7414,59.9593,1.7086],[23.7425,59.9615,0.5953],[23.7397,59.9626,0.5852],[23.7386,59.9654,5.9563],[23.7464,59.9643,2.2122],[23.7442,59.9635,1.8751],[23.7408,59.9643,0.0],[23.7408,59.9629,0.5852],[23.7453,59.9607,0.5953],[23.7569,59.9596,0.0],[23.7675,59.9618,0.0],[23.7658,59.9651,1.3164],[23.7681,59.9674,2.339],[23.7753,59.9665,0.0],[23.7769,59.9676,5.541],[23.7792,59.9663,0.0],[23.7814,59.9674,2.9621],[23.7786,59.9635,0.0],[23.7814,59.9635,0.0],[23.7836,59.9668,1.8743],[23.8053,59.9674,0.4926],[23.8119,59.9722,8.2363],[23.8169,59.9707,5.2221],[23.8208,59.9724,0.0],[23.8164,59.9763,11.0907],[23.8175,59.9771,6.4545],[23.8236,59.9743,0.0],[23.8281,59.976,0.1794],[23.8286,59.9776,7.2668],[23.8314,59.9765,0.0],[23.8342,59.9776,0.0],[23.8336,59.9807,5.409],[23.8369,59.9857,0.0],[23.8364,59.9879,0.0],[23.8391,59.9885,0.0],[23.8386,59.9918,2.4326],[23.8397,59.9924,3.6029],[23.8414,59.9907,0.0],[23.8436,59.9912,0.1845],[23.8431,59.9935,0.1163],[23.8525,59.9907,4.842],[23.8447,59.9851,0.87],[23.8436,59.9813,0.0],[23.8403,59.9793,0.9099],[23.8386,59.976,0.0],[23.8492,59.9779,4.5773],[23.8442,59.9746,6.2036],[23.8392,59.9738,0.0],[23.8358,59.9701,0.0],[23.8358,59.9668,0.0],[23.8325,59.9663,0.0],[23.8286,59.9624,0.0],[23.8247,59.961,2.5148],[23.8253,59.9588,6.9738],[23.8181,59.9515,0.0],[23.8192,59.9493,0.0],[23.8286,59.9488,5.1667],[23.8369,59.9543,0.0],[23.8369,59.956,0.0],[23.8303,59.9568,4.1827],[23.8375,59.959,4.5922],[23.8419,59.9579,0.0],[23.8525,59.966,1.1011],[23.8575,59.9671,0.0],[23.8514,59.9699,1.7936],[23.8686,59.9721,7.6993],[23.8719,59.974,3.557],[23.8736,59.9712,1.2339],[23.8586,59.9671,3.724],[23.8592,59.9646,4.1935],[23.8519,59.9621,0.0],[23.8536,59.9582,0.0676],[23.8475,59.9585,4.7277],[23.8464,59.9524,9.1432],[23.8553,59.9512,2.4253],[23.8592,59.9535,12.5094],[23.8603,59.9512,6.0441],[23.8558,59.951,2.4253],[23.8536,59.9488,0.0],[23.8392,59.9485,2.6903],[23.8369,59.9449,6.069],[23.8325,59.9465,2.2799],[23.8342,59.9443,4.0545],[23.8264,59.9446,0.0],[23.8181,59.9426,1.3564],[23.8175,59.9415,1.3468],[23.8197,59.9404,20.2104],[23.8142,59.9385,1.3951],[23.8131,59.936,5.9429],[23.8075,59.9354,2.9119],[23.8075,59.9326,2.3719],[23.8208,59.9324,9.2765],[23.8392,59.9357,1.6471],[23.8392,59.9371,0.0],[23.8331,59.9382,0.9983],[23.8392,59.9404,0.0],[23.8397,59.9426,2.662],[23.8486,59.9426,1.391],[23.8547,59.9465,2.3132],[23.8564,59.9463,2.3132],[23.8525,59.9437,2.1728],[23.8531,59.9421,2.1728],[23.8681,59.9435,0.0],[23.8675,59.946,3.9387],[23.8714,59.9504,2.2217],[23.8797,59.9488,6.4611],[23.8764,59.9465,4.5175],[23.8692,59.946,2.257],[23.8731,59.9421,4.1563],[23.8803,59.9432,0.0],[23.8803,59.9463,0.0],[23.8881,59.9476,2.7104],[23.8903,59.9504,0.0],[23.9019,59.9488,0.0],[23.8992,59.9507,8.1575],[23.9003,59.9538,0.0],[23.8992,59.9549,5.258],[23.8931,59.956,2.3868],[23.8958,59.9576,4.1921],[23.8975,59.9557,0.0],[23.9031,59.9546,3.6167],[23.9025,59.9535,1.296],[23.9047,59.9515,1.8264],[23.9169,59.9501,4.4991],[23.9131,59.9476,3.031],[23.9131,59.9451,0.0],[23.9181,59.9404,0.0],[23.9231,59.9413,2.9833],[23.9208,59.9393,0.0],[23.9264,59.9388,10.8201],[23.9314,59.9407,2.9264],[23.9286,59.9374,2.9648],[23.9325,59.9371,2.9648],[23.9392,59.9393,0.0],[23.9347,59.9404,8.6324],[23.9369,59.9424,0.0],[23.9336,59.9426,2.2635],[23.9347,59.9449,0.0],[23.9286,59.9435,8.0019],[23.9286,59.9449,0.0],[23.9375,59.9463,4.2165],[23.9564,59.9468,0.0],[23.9569,59.9501,7.2286],[23.9636,59.9493,2.0524],[23.9653,59.9521,0.0],[23.9619,59.9524,0.0],[23.9619,59.9549,0.0],[23.9569,59.9549,0.0],[23.9558,59.9521,0.0],[23.9508,59.954,1.5786],[23.9475,59.9535,3.9679],[23.9469,59.9521,0.0],[23.9486,59.9507,0.8537],[23.9464,59.949,1.7685],[23.9447,59.9504,5.4979],[23.9381,59.9504,7.337],[23.9225,59.9482,3.9595],[23.9292,59.9504,0.7405],[23.9275,59.9529,1.8585],[23.9269,59.9515,2.5085],[23.9219,59.9512,8.7761],[23.9225,59.9538,12.9644],[23.9247,59.9524,1.2821],[23.9264,59.9532,1.2821],[23.9303,59.9529,0.0],[23.9303,59.9551,2.494],[23.9325,59.956,8.011],[23.9297,59.959,5.4388],[23.9347,59.9588,3.2922],[23.9397,59.9621,6.0299],[23.9197,59.9651,15.2327],[23.9242,59.9665,0.0],[23.9147,59.9688,7.1193],[23.9197,59.9693,7.6004],[23.9319,59.9649,0.0],[23.9336,59.9685,1.0571],[23.9369,59.9685,2.446],[23.9392,59.9663,0.0],[23.9436,59.9668,1.4636],[23.9442,59.9685,5.3956],[23.9381,59.9699,0.0],[23.9458,59.9718,0.0],[23.9469,59.9707,0.0],[23.9636,59.9701,3.7394],[23.9642,59.9676,4.1416],[23.9669,59.9671,4.1416],[23.9692,59.9693,5.0377],[23.9814,59.9693,2.2598],[23.9814,59.9712,3.3412],[23.9708,59.9738,6.2417],[23.9731,59.9754,1.0699],[23.9708,59.9774,0.0],[23.9564,59.9799,0.8189],[23.9614,59.9807,15.2562],[23.9775,59.9771,8.0675],[23.9769,59.9801,13.4073],[23.9808,59.9815,0.5807],[23.9892,59.9813,1.2338],[23.9969,59.9785,0.0],[24.0014,59.9785,0.0],[24.0031,59.9801,0.0],[23.9897,59.9851,9.9513],[23.9747,59.9876,0.0],[23.9686,59.9879,0.0],[23.9653,59.986,3.1517],[23.9581,59.9865,3.5101],[23.9564,59.9854,5.5855],[23.9419,59.986,3.8663],[23.9414,59.989,0.0],[23.9336,59.9902,3.536],[23.9225,59.9893,0.0],[23.9258,59.9882,1.4398],[23.9242,59.9874,2.6279],[23.9103,59.9871,0.0],[23.9092,59.9851,0.2557],[23.9019,59.9871,7.2798],[23.8936,59.9863,1.8548],[23.8931,59.9851,0.0],[23.8964,59.9837,2.3977],[23.8847,59.9824,3.0879],[23.8836,59.9796,0.0],[23.8853,59.9787,16.8159],[23.8753,59.9757,3.4289],[23.8803,59.9779,0.3981],[23.8831,59.9826,3.0879],[23.8881,59.9843,0.0],[23.8897,59.9882,0.0],[23.9042,59.9876,0.0],[23.9047,59.9893,0.0],[23.8958,59.9921,0.0],[23.8903,59.991,1.0306],[23.8725,59.9943,0.0],[23.8686,59.9938,0.0],[23.8692,59.991,9.8758],[23.8669,59.991,1.279],[23.8664,59.9926,0.0],[23.8614,59.9924,3.0521],[23.8603,59.9943,0.0],[23.8503,59.9929,0.0],[23.8431,59.9974,8.702],[23.8481,59.9993,2.8269],[23.8464,59.9963,5.6204],[23.8497,59.9951,1.1124],[23.8525,59.999,0.0195],[23.8786,59.9989,0.0852],[23.8797,59.9963,1.6308],[23.8886,59.994,2.643],[23.8953,59.9963,1.582],[23.9203,59.9968,0.0],[23.9303,59.9926,2.0078],[23.9353,59.9926,2.4405],[23.9392,59.9963,0.0],[23.9353,59.9976,1.2104],[23.9392,60.0,0.0],[23.9453,60.0,0.0],[23.9464,60.0016,4.1908],[23.9516,60.0026,0.0],[23.9536,60.0057,0.0],[23.9417,60.0062,22.7375],[23.9375,60.0083,0.0],[23.9292,60.0083,5.1516],[23.925,60.0104,0.0],[23.9208,60.0083,24.4253],[23.9104,60.0125,0.0],[23.9,60.0125,15.0441],[23.8958,60.0146,0.0],[23.8875,60.0146,12.0413],[23.8833,60.0167,0.0],[23.8729,60.0167,5.7561],[23.8693,60.0203,0.0],[23.875,60.0208,17.9116],[23.8792,60.0187,0.0],[23.8833,60.0187,0.0],[23.8875,60.0208,8.3757],[23.8917,60.0187,0.0],[23.9021,60.0187,5.6273],[23.9063,60.0167,0.0],[23.9188,60.0187,14.5973],[23.925,60.0146,3.662],[23.95,60.0146,3.7082],[23.9562,60.0104,0.0],[23.9641,60.013,15.6589],[23.9641,60.0161,26.7862],[23.9589,60.0182,10.8229],[23.9667,60.0187,0.0],[23.9938,60.0292,1.8647],[24.0016,60.0297,0.0],[24.0016,60.0328,2.8864],[23.9984,60.037,17.7739],[24.0016,60.038,2.0553],[24.0068,60.0432,1.2965],[24.0146,60.0458,0.0],[24.0203,60.0453,0.0],[24.0224,60.0432,0.4947],[24.0193,60.038,4.4156],[24.0234,60.0359,12.7332],[24.0318,60.0255,2.9534],[24.0417,60.025,0.0],[24.0458,60.0271,8.3075],[24.0474,60.0266,0.0],[24.0464,60.0234,0.0],[24.0521,60.0208,20.6058],[24.062,60.0214,0.0],[24.0589,60.0234,0.0],[24.0604,60.025,0.0],[24.0812,60.025,6.4833],[24.0854,60.0229,6.5527],[24.0917,60.0229,10.7396],[24.0917,60.025,0.0],[24.0859,60.0255,0.0],[24.0828,60.0286,0.0],[24.0734,60.0318,0.0],[24.075,60.0333,0.0],[24.0812,60.0333,0.0],[24.0854,60.0354,9.7084],[24.1146,60.0271,11.2205],[24.1182,60.0297,0.6031],[24.1193,60.0328,8.5736],[24.1286,60.0339,0.0],[24.1266,60.037,11.5825],[24.1208,60.0375,12.8835],[24.1193,60.0391,5.2831],[24.1313,60.0458,0.0],[24.137,60.0453,0.0],[24.1391,60.0432,13.6137],[24.1375,60.0396,15.2286],[24.1401,60.0359,5.3064],[24.1458,60.0375,7.1768],[24.1516,60.037,30.344],[24.1505,60.0339,0.0],[24.1526,60.0297,9.9334],[24.1563,60.0271,11.7744],[24.1896,60.0271,9.9536],[24.1938,60.0292,0.0],[24.1979,60.0271,0.0],[24.2021,60.0271,0.0],[24.2036,60.0286,12.8428],[24.1958,60.0396,0.0],[24.1974,60.0432,9.9241],[24.1917,60.0417,0.0],[24.1792,60.0417,10.8697],[24.1703,60.0474,6.3797],[24.1651,60.0484,8.7143],[24.163,60.0516,8.444],[24.1714,60.0578,0.0],[24.1792,60.0604,15.3428],[24.1833,60.0583,0.0],[24.1938,60.0583,0.0],[24.1979,60.0563,5.7083],[24.2021,60.0583,12.1768],[24.2062,60.0583,8.0665],[24.2099,60.0557,0.0],[24.212,60.0516,6.3973],[24.2109,60.0484,0.0],[24.2188,60.0458,0.0],[24.2224,60.0484,12.7311],[24.2214,60.0516,6.0102],[24.225,60.0563,2.7947],[24.2276,60.0526,0.0],[24.2411,60.0474,0.0],[24.2422,60.0443,0.0],[24.25,60.0417,0.0],[24.2542,60.0438,7.9936],[24.2583,60.0438,0.0],[24.2646,60.0396,0.0],[24.2745,60.0443,9.0943],[24.2693,60.0464,0.0],[24.2672,60.0505,3.547],[24.2693,60.0557,15.5371],[24.2708,60.0563,10.7309],[24.2771,60.0563,0.0],[24.2813,60.0583,0.0],[24.2896,60.0583,5.4958],[24.2938,60.0563,7.6194],[24.3063,60.0563,0.0],[24.3104,60.0583,15.2772],[24.3188,60.0583,0.0],[24.3229,60.0563,8.0725],[24.3333,60.0604,0.0],[24.3333,60.0625,6.5819],[24.3312,60.0625,0.0],[24.3271,60.0604,8.6769],[24.3229,60.0604,6.4731],[24.3083,60.0667,0.0],[24.3005,60.0672,10.7581],[24.3016,60.0724,10.3305],[24.2943,60.0766,0.5083],[24.3036,60.0797,0.0],[24.3026,60.0828,5.5239],[24.3104,60.0854,0.0],[24.3146,60.0833,0.0],[24.3224,60.0828,0.0],[24.3172,60.0797,0.0],[24.3312,60.0771,0.0],[24.3333,60.0792,0.0],[24.3318,60.0828,0.0],[24.337,60.0839,0.0],[24.3359,60.087,0.0],[24.35,60.0896,0.0],[24.3688,60.0833,0.0],[24.3729,60.0833,3.6064],[24.3771,60.0854,0.0],[24.3828,60.0849,0.0],[24.3755,60.0807,11.895],[24.3734,60.0766,8.4169],[24.3745,60.0734,0.0],[24.3714,60.0682,0.0],[24.3786,60.0609,6.317],[24.3745,60.0547,37.6327],[24.3609,60.0495,34.7783],[24.3641,60.0464,35.4571],[24.3589,60.0453,34.8694],[24.3599,60.0422,17.1464],[24.3589,60.0401,0.0],[24.3661,60.0391,17.9617],[24.3641,60.0359,5.0746],[24.3443,60.0307,19.4837],[24.337,60.0234,27.8277],[24.3307,60.0193,8.171],[24.3255,60.0182,0.0],[24.3234,60.0141,25.2322],[24.3245,60.0109,15.2913],[24.3214,60.0057,10.4491],[24.3229,60.0042,0.0],[24.3271,60.0042,6.6558],[24.3312,60.0062,8.3408],[24.3354,60.0042,3.1195],[24.3474,60.0089,14.6869],[24.3422,60.012,8.7648],[24.3474,60.013,2.3632],[24.3458,60.0167,18.9123],[24.3495,60.0224,0.0],[24.3464,60.0245,14.384],[24.3484,60.0266,4.9862],[24.3667,60.0271,15.3511],[24.3724,60.0255,0.0],[24.3745,60.0286,15.2038],[24.3672,60.0339,13.1236],[24.3688,60.0354,3.116],[24.3745,60.0349,0.0],[24.3807,60.0307,26.1132],[24.3797,60.0276,0.0],[24.3818,60.0255,13.2677],[24.387,60.0245,11.0],[24.3854,60.0229,15.6071],[24.3797,60.0224,0.0],[24.3854,60.0167,8.3336],[24.3937,60.0167,0.0],[24.4078,60.0214,0.0],[24.4047,60.0245,13.993],[24.4125,60.0313,8.6793],[24.4182,60.0307,0.0],[24.4203,60.0286,11.0704],[24.4172,60.0245,7.8997],[24.4172,60.0214,18.6496],[24.4214,60.0172,0.0],[24.4245,60.0172,8.9137],[24.4234,60.0307,0.0],[24.4286,60.0339,0.0],[24.4276,60.037,14.3362],[24.4396,60.0417,9.0835],[24.45,60.0417,0.0],[24.4578,60.0443,0.0],[24.4599,60.0474,0.0],[24.4526,60.0484,11.9333],[24.4547,60.0516,0.2732],[24.4599,60.0526,0.0],[24.4651,60.0599,0.5636],[24.4703,60.0609,0.0],[24.4734,60.0641,0.0],[24.4807,60.0641,15.7296],[24.4786,60.0609,28.6845],[24.4734,60.0599,0.0],[24.4714,60.0578,0.0],[24.4745,60.0547,17.0988],[24.4714,60.0505,0.0],[24.4766,60.0484,0.0],[24.4609,60.0432,0.0],[24.4516,60.0359,27.2578],[24.4464,60.0349,17.1567],[24.4443,60.0328,0.0],[24.45,60.0292,0.0],[24.4542,60.0292,0.0],[24.4583,60.0313,7.8534],[24.462,60.0276,9.1666],[24.4568,60.0266,15.3759],[24.4495,60.0214,20.5877],[24.4443,60.0203,12.2804],[24.437,60.0109,14.9186],[24.4318,60.0099,23.6039],[24.4172,60.0016,7.1879],[24.4169,59.9985,1.2902],[24.4225,59.9982,0.0],[24.4225,60.0,0.0],[24.4203,60.0,9.4148],[24.4214,60.0016,0.0],[24.4307,60.0026,11.4527],[24.4348,60.0061,0.0],[24.4321,60.0,8.8851],[24.4264,59.9996,0.0],[24.4269,59.9976,8.3981],[24.4242,59.9954,0.0],[24.4247,59.9915,8.0387],[24.4142,59.9896,7.9942],[24.4047,59.9837,18.74],[24.3986,59.9829,0.0],[24.3897,59.9779,1.2243],[24.3897,59.9746,1.1318],[24.3936,59.9738,7.6446],[24.3914,59.9718,0.0],[24.3936,59.9685,0.8345],[24.3908,59.966,0.9921],[24.3964,59.9651,0.0],[24.3958,59.9679,0.8345],[24.4003,59.9712,0.0],[24.4014,59.9701,3.5334],[24.3981,59.9671,0.5183],[24.4153,59.9671,9.5246],[24.4014,59.9651,0.0],[24.4025,59.9629,0.0],[24.4075,59.9643,2.6898],[24.4097,59.9615,0.0],[24.4147,59.9604,0.0],[24.4219,59.9637,0.0],[24.4231,59.9688,0.0],[24.4203,59.9718,0.0],[24.4158,59.9726,2.3937],[24.4164,59.9757,0.0],[24.4119,59.9749,3.4286],[24.4108,59.976,2.3683],[24.4158,59.9762,0.0],[24.4225,59.9801,0.0],[24.4258,59.9835,0.0],[24.4236,59.9876,7.1218],[24.4275,59.9868,7.1953],[24.4258,59.9857,0.0],[24.4281,59.9824,0.0],[24.4231,59.9793,0.0],[24.4253,59.9788,2.5832],[24.4264,59.9757,0.0],[24.4297,59.9751,0.0],[24.4358,59.979,8.2998],[24.4414,59.9793,0.0],[24.4397,59.9813,0.0],[24.4403,59.9829,1.216],[24.4447,59.9846,6.0978],[24.4497,59.9835,0.0],[24.4536,59.9863,3.878],[24.4569,59.9865,0.7674],[24.4525,59.9837,0.0],[24.4569,59.9832,0.0],[24.4653,59.9901,0.0],[24.4553,59.9924,0.0],[24.4536,59.9951,1.5363],[24.4492,59.996,1.2194],[24.4492,59.9971,1.8301],[24.4558,59.9951,0.0],[24.4603,59.9957,0.7422],[24.4636,59.9985,0.0],[24.4681,59.9986,5.1328],[24.4642,59.9963,3.7132],[24.4636,59.9918,0.0],[24.4719,59.9904,0.0],[24.4853,59.9943,5.0981],[24.4892,59.994,2.3983],[24.4908,59.9951,1.2225],[24.4903,59.9985,0.0],[24.4931,59.9987,0.8856],[24.4925,59.996,3.8058],[24.4958,59.9935,5.9232],[24.4858,59.9907,0.0],[24.4764,59.9904,0.0],[24.4814,59.9899,0.5234],[24.4825,59.9879,3.5574],[24.4808,59.9854,0.0],[24.4825,59.9824,3.233],[24.4931,59.9837,0.0],[24.4942,59.986,5.9556],[24.5003,59.9879,1.3902],[24.4997,59.9907,0.8696],[24.5047,59.9932,0.0],[24.5042,59.9946,2.0328],[24.4997,59.9949,3.6208],[24.4958,59.9991,0.7684],[24.5021,60.0013,11.9759],[24.5047,60.0016,0.8439],[24.5141,60.0068,15.676],[24.5089,60.0109,13.5949],[24.512,60.0151,9.6426],[24.5089,60.0172,0.0],[24.5109,60.0203,1.6371],[24.5187,60.0229,0.0],[24.5333,60.0229,12.5892],[24.5474,60.0297,15.0679],[24.5422,60.0318,6.0705],[24.5432,60.037,0.0],[24.538,60.038,1.487],[24.538,60.0411,15.0431],[24.5557,60.0464,8.1906],[24.5568,60.0495,17.5113],[24.562,60.0505,13.9115],[24.5708,60.0604,7.2502],[24.5766,60.0599,4.8841],[24.5755,60.0568,0.0],[24.5786,60.0547,20.8926],[24.5734,60.0536,7.6851],[24.5693,60.0484,0.0],[24.575,60.05,11.2334],[24.5875,60.0458,5.2007],[24.5932,60.0484,14.4849],[24.5922,60.0516,9.1095],[24.5943,60.0536,12.5879],[24.6042,60.0563,0.0],[24.6042,60.0583,10.457],[24.6089,60.062,8.6238],[24.6141,60.063,7.1928],[24.6151,60.0661,12.4604],[24.6203,60.0672,0.0],[24.6125,60.0708,0.0],[24.6083,60.0708,0.0],[24.6005,60.0682,0.0],[24.5974,60.063,23.2679],[24.5797,60.0609,0.0],[24.5818,60.0661,20.9453],[24.6036,60.0714,0.0],[24.6047,60.0745,13.4549],[24.6182,60.0797,0.0],[24.6172,60.0849,8.9082],[24.6193,60.087,0.0],[24.6328,60.088,0.0],[24.6339,60.0911,17.7608],[24.6391,60.0922,0.0],[24.6516,60.1026,0.0],[24.6495,60.1057,10.5166],[24.6464,60.1068,0.0],[24.6495,60.112,0.0],[24.6422,60.1172,3.7514],[24.6432,60.1203,0.0],[24.6172,60.1214,0.0],[24.6182,60.1266,0.0],[24.6172,60.1286,0.0],[24.6234,60.1328,9.6089],[24.6286,60.1339,0.0],[24.6307,60.137,0.0],[24.6214,60.1401,10.0147],[24.6245,60.1453,4.8759],[24.6182,60.1495,0.0],[24.613,60.1505,0.0],[24.6141,60.1536,0.0],[24.6109,60.1547,3.5291],[24.6125,60.1563,0.0],[24.6208,60.1563,1.593],[24.6328,60.1516,5.1245],[24.637,60.1453,1.7475],[24.6359,60.1422,0.0],[24.6422,60.138,12.9302],[24.6641,60.1328,7.4222],[24.663,60.1276,0.0],[24.6755,60.1172,20.0693],[24.6813,60.1167,9.3042],[24.6849,60.1193,17.8133],[24.6797,60.1214,0.0],[24.6792,60.1229,0.0],[24.6833,60.1271,6.9614],[24.6958,60.1271,0.0],[24.712,60.1224,3.2396],[24.7042,60.1188,6.1544],[24.6938,60.1188,0.0],[24.6859,60.1141,4.5493],[24.687,60.1109,7.3426],[24.6859,60.1089,9.2359],[24.7,60.1104,8.6974],[24.7016,60.1099,0.0],[24.7005,60.1068,2.1858],[24.7021,60.1063,2.1858],[24.7266,60.113,5.1646],[24.7313,60.1167,0.0],[24.737,60.1172,3.1228],[24.7359,60.1203,0.0],[24.7396,60.125,12.1246],[24.7375,60.1271,0.0],[24.7297,60.1276,6.8229],[24.7328,60.1328,0.0],[24.7229,60.1354,0.0],[24.7167,60.1312,5.6559],[24.7026,60.1318,5.8301],[24.6974,60.137,0.0],[24.6922,60.138,0.2231],[24.6922,60.1411,1.0438],[24.7083,60.1417,7.9254],[24.713,60.1453,0.4134],[24.7292,60.15,6.4219],[24.7349,60.1474,0.0],[24.7339,60.1443,0.0],[24.7354,60.1437,0.0],[24.7479,60.1437,0.0],[24.7547,60.1495,0.0],[24.7667,60.1542,7.4103],[24.7771,60.1542,0.0],[24.7813,60.1563,9.3771],[24.7917,60.1563,3.5194],[24.8016,60.1589,4.2652],[24.8161,60.1714,0.0],[24.8151,60.1745,6.9816],[24.8167,60.175,0.0],[24.8224,60.1745,6.6236],[24.8193,60.1693,0.0],[24.8271,60.1667,0.0],[24.8328,60.1672,12.9551],[24.8276,60.1693,5.4293],[24.8286,60.1724,5.713],[24.8276,60.1745,13.2335],[24.8411,60.1755,0.0],[24.8359,60.1807,9.3007],[24.8432,60.1911,0.0],[24.8396,60.1937,0.0],[24.8354,60.1937,0.0],[24.825,60.1896,2.2603],[24.8167,60.1896,-0.0216],[24.8146,60.1917,0.0408],[24.8172,60.1953,0.0],[24.8286,60.1984,0.0],[24.8339,60.2057,0.0],[24.8396,60.2062,6.9599],[24.8438,60.2042,0.0],[24.8453,60.2047,0.0],[24.8443,60.2078,-1.0],[24.8458,60.2083,-1.0],[24.8516,60.2078,1.5734],[24.8505,60.2047,1.5492],[24.8589,60.1984,0.0],[24.8682,60.1974,9.0199],[24.8745,60.1932,13.7211],[24.8734,60.1901,4.0632],[24.8792,60.1917,0.0],[24.8839,60.188,2.4381],[24.8917,60.1875,8.7697],[24.9,60.1833,0.0],[24.9042,60.1854,0.0],[24.9099,60.1849,9.3421],[24.9089,60.1818,1.9013],[24.912,60.1786,6.0871],[24.912,60.1755,0.0],[24.9005,60.1724,0.0],[24.9021,60.1708,0.0],[24.9141,60.1703,0.0],[24.9141,60.1672,11.6268],[24.9089,60.1661,5.0678],[24.9047,60.162,3.4962],[24.9078,60.1589,0.0],[24.9047,60.1547,3.4752],[24.9083,60.1521,2.9976],[24.9182,60.1526,2.1485],[24.9271,60.1625,13.6295],[24.9328,60.1599,9.1175],[24.9276,60.1536,4.3368],[24.9292,60.1521,4.2531],[24.9333,60.1542,3.0951],[24.9562,60.1542,8.1079],[24.9641,60.1568,0.0],[24.962,60.1599,0.0],[24.9568,60.1609,9.4037],[24.9526,60.1641,22.2516],[24.9562,60.1667,0.0],[24.9604,60.1667,2.792],[24.9646,60.1646,3.9113],[24.9729,60.1646,2.5435],[24.9766,60.1682,8.9791],[24.9604,60.1688,5.9011],[24.9547,60.1714,17.9068],[24.9495,60.1766,5.1299],[24.9417,60.1771,3.0443],[24.9401,60.1786,3.2383],[24.95,60.1813,10.927],[24.9583,60.1771,0.0],[24.9609,60.1807,4.597],[24.9688,60.1833,4.7365],[24.9729,60.1833,0.0],[24.9771,60.1813,3.5298],[24.9849,60.1839,0.0],[24.9818,60.1911,3.6204],[24.9849,60.1943,0.0],[24.9849,60.1974,0.0],[24.9797,60.1984,2.0917],[24.9776,60.2005,1.1962],[24.9797,60.2057,9.066],[24.9833,60.2083,0.0],[24.9938,60.2042,9.0151],[25.0042,60.2083,0.4505],[25.0125,60.2083,0.0],[25.0182,60.2057,4.1765],[25.0141,60.2005,0.0],[25.0026,60.1974,9.8339],[25.012,60.1922,0.0],[25.0083,60.1896,13.7106],[25.0042,60.1917,0.0],[24.9964,60.187,7.3207],[25.0005,60.1818,1.6643],[25.0141,60.1797,9.6397],[25.0161,60.1818,0.0],[25.0151,60.1849,12.1569],[25.0208,60.1896,2.6278],[25.0266,60.1891,5.4083],[25.0313,60.1854,3.9485],[25.0417,60.1854,0.0],[25.0453,60.1828,0.0],[25.0453,60.1797,9.5097],[25.0438,60.1792,24.2577],[25.0396,60.1813,0.0],[25.0313,60.1813,0.0],[25.0234,60.1786,12.9583],[25.0203,60.1755,10.6567],[25.0151,60.1745,24.4703],[25.0125,60.1708,25.2292],[25.0141,60.1672,0.0],[25.0109,60.163,0.0],[25.0167,60.1625,0.0],[25.0208,60.1646,7.3979],[25.025,60.1625,0.0],[25.0292,60.1625,0.0],[25.0333,60.1646,10.7103],[25.0375,60.1646,11.7521],[25.0521,60.1583,0.0],[25.0563,60.1604,11.0565],[25.0604,60.1604,11.8809],[25.0646,60.1583,7.8922],[25.0729,60.1583,11.0738],[25.0771,60.1604,0.0],[25.0812,60.1583,6.6819],[25.0854,60.1583,0.0],[25.0896,60.1604,9.7292],[25.0974,60.1609,0.0],[25.0953,60.1641,13.6649],[25.0859,60.1672,0.0],[25.087,60.1703,0.0],[25.0854,60.1708,0.0],[25.0755,60.1703,2.0348],[25.0688,60.1646,15.3714],[25.0589,60.1651,5.8155],[25.0703,60.1693,10.0498],[25.0651,60.1714,19.6449],[25.0646,60.1729,0.0],[25.0682,60.1786,0.0],[25.063,60.1807,12.1804],[25.0688,60.1813,16.3502],[25.0729,60.1792,0.0],[25.0771,60.1792,0.0],[25.0797,60.1828,20.7461],[25.0849,60.1839,23.181],[25.087,60.1859,0.0],[25.0792,60.1896,6.7016],[25.075,60.1896,0.0],[25.0734,60.1891,0.0],[25.0745,60.1859,12.1493],[25.0667,60.1833,0.0],[25.0609,60.1839,10.7205],[25.063,60.187,0.0],[25.0682,60.188,7.9096],[25.0714,60.1995,5.1657],[25.077,60.1979,0.0],[25.0875,60.2021,21.4165],[25.0917,60.2021,20.4641],[25.0958,60.2,0.0],[25.0995,60.2026,0.0],[25.0984,60.2057,0.0],[25.1078,60.2068,0.0],[25.1109,60.212,9.9097],[25.1167,60.2125,0.0],[25.1182,60.2109,7.8364],[25.1161,60.2068,4.8905],[25.1109,60.2057,0.0],[25.112,60.2026,32.934],[25.1068,60.2016,22.2071],[25.1016,60.1943,27.162],[25.0901,60.1901,0.0],[25.0958,60.1896,0.0],[25.1063,60.1937,4.3561],[25.1167,60.1937,0.0],[25.1208,60.1958,7.3089],[25.1271,60.1958,0.0],[25.1375,60.2,0.0],[25.1417,60.1979,0.0],[25.1542,60.2021,6.479],[25.1599,60.2016,0.0],[25.1672,60.1964,4.8618],[25.175,60.1937,0.0],[25.1818,60.1995,13.121],[25.187,60.2005,1.4053],[25.1854,60.2021,1.2281],[25.1797,60.2026,16.9088],[25.1776,60.2047,13.8177],[25.1797,60.2078,0.0],[25.1849,60.2089,0.0],[25.1839,60.2141,2.9529],[25.1953,60.2172,2.726],[25.1958,60.2188,1.6188],[25.1932,60.2224,2.0302],[25.188,60.2234,10.0194],[25.1855,60.2269,7.3869],[25.1795,60.2272,2.1108],[25.1802,60.2317,9.4189],[25.1712,60.232,0.4134],[25.1726,60.241,25.3213],[25.1635,60.2413,41.0047],[25.165,60.2503,7.2845],[25.1559,60.2506,21.944],[25.1573,60.2596,42.2174],[25.1483,60.2599,11.3122],[25.149,60.2644,34.841],[25.14,60.2648,14.0508],[25.1407,60.2692,12.0156],[25.1497,60.2689,48.0414],[25.1504,60.2733,52.2101],[25.1685,60.2727,53.5629],[25.1692,60.2771,46.7829],[25.1873,60.2764,32.5238],[25.1894,60.2899,64.9049],[25.1985,60.2895,52.3553],[25.1992,60.294,46.5873],[25.1901,60.2943,51.0368],[25.1908,60.2988,57.3939],[25.1818,60.2992,39.4012],[25.1825,60.3036,53.0859],[25.1735,60.304,58.7031],[25.1749,60.3129,65.4981],[25.1568,60.3136,61.0353],[25.1575,60.3181,35.6674],[25.1394,60.3188,62.7285],[25.1401,60.3233,35.2866],[25.122,60.324,41.5154],[25.1227,60.3285,32.9109],[25.1137,60.3288,41.4886],[25.1144,60.3333,32.0542],[25.1234,60.3329,45.8622],[25.1241,60.3374,34.0602],[25.1513,60.3364,30.4676],[25.1527,60.3453,43.2715],[25.1346,60.346,38.2002],[25.1353,60.3505,61.6771],[25.1444,60.3502,42.7932],[25.1458,60.3591,48.6795],[25.1548,60.3588,36.9697],[25.1562,60.3677,59.3269],[25.1472,60.3681,51.9292],[25.1536,60.4084,49.276],[25.1626,60.408,36.1288],[25.1641,60.417,39.6289],[25.155,60.4173,38.18],[25.1578,60.4352,64.2392],[25.1488,60.4356,36.5574],[25.1566,60.4848,61.9193],[25.1657,60.4845,55.9027],[25.1692,60.5068,43.8877],[25.2147,60.5051,64.6406],[25.214,60.5006,73.6562],[25.2322,60.4999,65.2625],[25.2315,60.4954,44.7689],[25.2406,60.495,45.6849],[25.2398,60.4906,53.8092],[25.2489,60.4902,61.4888],[25.2482,60.4857,75.9316],[25.2573,60.4854,70.2212],[25.2566,60.4809,70.3506],[25.2657,60.4806,75.7742],[25.2649,60.4761,58.3037],[25.274,60.4757,63.3542],[25.2726,60.4668,46.4073],[25.2816,60.4664,50.3581],[25.2809,60.4619,46.9185],[25.29,60.4616,60.0708],[25.2893,60.4571,46.7206],[25.2984,60.4567,55.1315],[25.2976,60.4523,69.6734],[25.3067,60.4519,65.4694],[25.306,60.4474,79.6711],[25.3151,60.4471,43.3062],[25.3143,60.4426,56.0318],[25.3234,60.4422,58.832],[25.3227,60.4378,59.0123],[25.3317,60.4374,70.4198],[25.331,60.4329,61.2987],[25.3401,60.4326,54.4269],[25.3393,60.4281,40.8451],[25.3484,60.4277,29.3805],[25.3469,60.4188,30.2531],[25.356,60.4184,37.4872],[25.3545,60.4095,63.424],[25.3636,60.4091,45.4413],[25.3629,60.4046,22.277],[25.3719,60.4043,22.2167],[25.3727,60.4087,25.6617],[25.3999,60.4076,14.3359],[25.4006,60.4121,40.1953],[25.4278,60.411,21.5018],[25.4286,60.4155,42.5229],[25.4467,60.4147,26.2537],[25.4475,60.4192,32.6858],[25.4656,60.4185,41.2897],[25.4663,60.423,11.8199],[25.4754,60.4226,11.9248],[25.4762,60.4271,17.0465],[25.4943,60.4263,26.7665],[25.4958,60.4352,38.0094],[25.5049,60.4349,36.2819],[25.5057,60.4394,38.5062],[25.5147,60.439,43.6614],[25.5155,60.4435,52.0104],[25.5064,60.4438,46.837],[25.508,60.4528,44.0736],[25.4989,60.4532,43.1263],[25.4996,60.4576,40.9085],[25.4815,60.4584,63.3532],[25.4822,60.4628,46.8258],[25.4731,60.4632,45.1079],[25.4739,60.4677,58.0954],[25.4648,60.4681,70.3721],[25.4656,60.4725,46.4301],[25.4474,60.4733,52.0465],[25.4481,60.4778,44.3591],[25.4391,60.4781,56.1237],[25.4398,60.4826,42.1724],[25.4307,60.483,60.4124],[25.4352,60.5098,63.8645],[25.4261,60.5102,73.9982],[25.4276,60.5191,57.2944],[25.4185,60.5195,62.7464],[25.4208,60.5329,64.1663],[25.4117,60.5333,79.9204],[25.4132,60.5423,83.4297],[25.4314,60.5415,73.6268],[25.4321,60.546,69.4155],[25.4504,60.5452,80.1855],[25.4511,60.5497,58.6207],[25.4693,60.549,52.3489],[25.4701,60.5535,69.2899],[25.4883,60.5527,58.7114],[25.4891,60.5572,40.105],[25.5073,60.556399999999996,47.868899999999996],[25.5103,60.5743,42.4548],[25.5194,60.574,42.1636],[25.5202,60.5784,45.3013],[25.5111,60.5788,58.3661],[25.5119,60.5833,62.8067],[25.5027,60.5837,55.9146],[25.5035,60.5881,63.3928],[25.4944,60.5885,76.659],[25.4959,60.5975,76.2159],[25.4868,60.5978,68.4165],[25.4883,60.6068,61.4595],[25.4792,60.6072,78.3126],[25.4807,60.6161,60.7454],[25.4716,60.6165,79.3119],[25.4723,60.6209,74.8312],[25.4632,60.6213,62.9018],[25.464,60.6258,82.4167],[25.4548,60.6262,62.0232],[25.4556,60.6306,61.2043],[25.4465,60.631,63.773],[25.4473,60.6355,67.3157],[25.4381,60.6359,70.1777],[25.4389,60.6403,85.9361],[25.4297,60.6407,83.7767],[25.4328,60.6586,75.4574],[25.4236,60.659,78.6195],[25.4244,60.6634,75.9103],[25.4335,60.6631,81.3744],[25.435,60.672,96.4606],[25.4442,60.6716,78.3645],[25.4449,60.6761,81.6443],[25.4541,60.6758,82.971],[25.4556,60.6847,75.3613],[25.4647,60.6843,75.2361],[25.4655,60.6888,74.2633],[25.4746,60.6884,95.3466],[25.4754,60.6929,74.7372],[25.4846,60.6925,83.8677],[25.4853,60.697,83.6744],[25.4945,60.6967,78.1575],[25.4952,60.7011,77.7955],[25.5135,60.7004,70.6646],[25.5143,60.7048,72.4412],[25.5234,60.7045,72.8006],[25.5273,60.7268,79.5611],[25.5181,60.7272,78.461],[25.5212,60.7451,88.1312],[25.512,60.7455,77.8502],[25.5136,60.7544,76.5894],[25.5044,60.7548,94.9872],[25.506,60.7638,91.0819],[25.4968,60.7641,103.3645],[25.4983,60.7731,84.0],[25.4892,60.7735,104.9302],[25.4907,60.7824,96.335],[25.4815,60.7828,110.6152],[25.4831,60.7917,100.3625],[25.4647,60.7925,82.3987],[25.4655,60.797,105.3559],[25.4563,60.7973,84.731],[25.4555,60.7929,87.6929],[25.4372,60.7936,84.9665],[25.4364,60.7891,84.4917],[25.4272,60.7895,83.5252],[25.4257,60.7805,81.3315],[25.4166,60.7809,97.2505],[25.415,60.7719,102.7265],[25.4059,60.7723,80.202],[25.4044,60.7634,88.568],[25.3952,60.7637,84.7493],[25.3937,60.7548,92.1652],[25.3295,60.7573,93.713],[25.3303,60.7618,98.3176],[25.3211,60.7622,84.1122],[25.3204,60.7577,85.1053],[25.3112,60.7581,88.7518],[25.3105,60.7536,90.703],[25.3013,60.754,94.7642],[25.302,60.7584,93.2421],[25.2929,60.7588,90.6283],[25.2943,60.7677,88.1245],[25.2852,60.7681,95.7415],[25.2867,60.777,82.7974],[25.2775,60.7774,84.0089],[25.278199999999998,60.7819,88.8014],[25.269,60.7822,91.8521],[25.2698,60.7867,89.7651],[25.2514,60.7874,107.4052],[25.2522,60.7919,86.5452],[25.243,60.7923,85.9322],[25.2437,60.7967,86.7613],[25.2346,60.7971,100.5327],[25.2353,60.8016,96.0916],[25.2261,60.8019,112.4517],[25.2268,60.806399999999996,96.2298],[25.2176,60.8068,84.3067],[25.2206,60.8247,102.139],[25.2114,60.825,108.0386],[25.2136,60.8384,94.5524],[25.1952,60.8391,90.0934],[25.1923,60.8212,98.7941],[25.1831,60.8216,91.684],[25.1824,60.8171,90.8337],[25.1089,60.8199,84.3383],[25.1067,60.8065,84.4414],[25.1159,60.8061,94.1538],[25.1152,60.8017,91.2854],[25.1244,60.8013,98.7524],[25.1237,60.7968,97.3254],[25.1329,60.7965,117.9325],[25.1321,60.792,104.4412],[25.1413,60.7917,120.0442],[25.1406,60.7872,115.7499],[25.1498,60.7868,116.8771],[25.149,60.7824,119.8118],[25.1582,60.782,122.2698],[25.1561,60.7686,107.1305],[25.1377,60.7693,78.896],[25.137,60.7648,83.4833],[25.1095,60.7659,83.7513],[25.1088,60.7614,83.3773],[25.0904,60.7621,86.6165],[25.089,60.7531,84.3146],[25.0798,60.7535,83.2756],[25.0777,60.74,87.2068],[25.0686,60.7404,93.4778],[25.0664,60.7269,111.0794],[25.0573,60.7273,94.5747],[25.0566,60.7228,130.1424],[25.0657,60.7225,114.5328],[25.0643,60.7135,98.5311],[25.0735,60.7132,109.686],[25.0749,60.7221,134.2938],[25.084,60.7218,90.4615],[25.0848,60.7262,95.4653],[25.0939,60.7259,92.5819],[25.0953,60.7349,103.0749],[25.1045,60.7345,82.2402],[25.1052,60.739,83.3029],[25.1144,60.7386,79.4764],[25.1158,60.7476,79.4202],[25.125,60.7472,80.0077],[25.1243,60.7428,89.3035],[25.1334,60.7424,83.1431],[25.1327,60.7379,86.6658],[25.1419,60.7376,93.2115],[25.1411,60.7331,91.0877],[25.1595,60.7324,102.8524],[25.1587,60.7279,98.1108],[25.1954,60.7265,102.7068],[25.1946,60.7221,109.5723],[25.1763,60.7228,108.337],[25.1756,60.7183,103.9004],[25.1481,60.7193,84.103],[25.1474,60.7149,84.1538],[25.1383,60.7152,81.7214],[25.1376,60.7107,78.1919],[25.1192,60.7114,86.8755],[25.1185,60.707,93.5514],[25.1094,60.7073,99.0358],[25.1087,60.7028,101.3153],[25.0904,60.7035,97.8431],[25.0882,60.6901,91.2018],[25.0974,60.6897,86.5169],[25.096,60.6808,98.475],[25.1051,60.6804,88.9534],[25.1037,60.6715,104.7011],[25.1128,60.6711,108.5323],[25.1114,60.6622,116.2932],[25.084,60.6632,103.2181],[25.0847,60.6677,100.5257],[25.0664,60.6684,102.8318],[25.0671,60.6729,99.3673],[25.058,60.6732,86.0],[25.0587,60.6777,107.3654],[25.0495,60.678,91.4254],[25.0502,60.6825,102.9997],[25.0045,60.6842,94.3395],[25.0038,60.6797,116.2789],[24.9672,60.6811,95.4638],[24.9665,60.6766,86.819],[24.9482,60.6773,88.9162],[24.9475,60.6728,87.9166],[24.9292,60.6735,100.7977],[24.9285,60.669,93.753],[24.9194,60.6693,116.1138],[24.9187,60.6649,100.8978],[24.9096,60.6652,126.4581],[24.9089,60.6607,126.6665],[24.8815,60.6617,143.2412],[24.8808,60.6572,139.406],[24.8351,60.6589,90.7658],[24.8364,60.6679,87.9071],[24.8181,60.6685,97.9542],[24.8188,60.673,86.3988],[24.8097,60.6733,103.2401],[24.809,60.6688,87.6403],[24.7998,60.6692,89.0354],[24.7992,60.6647,112.7657],[24.79,60.665,100.5187],[24.7893,60.6605,104.8071],[24.7802,60.6609,125.7227],[24.7795,60.6564,121.5399],[24.7704,60.6567,111.6358],[24.7697,60.6522,116.5139],[24.7514,60.6529,132.5059],[24.7508,60.6484,130.9312],[24.6777,60.651,114.3495],[24.6783,60.6554,129.3367],[24.6509,60.6564,119.7644],[24.6515,60.6609,108.1435],[24.6332,60.6615,103.0],[24.6339,60.666,103.0],[24.6156,60.6666,103.0],[24.6149,60.6621,103.0],[24.6058,60.6624,103.0],[24.6052,60.658,116.7863],[24.596,60.6583,128.0971],[24.5947,60.6493,138.9945],[24.5856,60.6496,139.3264],[24.5849,60.6451,128.6007],[24.5758,60.6455,127.5518],[24.5745,60.6365,113.3236],[24.5654,60.6368,121.0334],[24.5603,60.601,99.262],[24.5695,60.6007,95.0614],[24.5682,60.5917,137.5049],[24.5773,60.5914,130.1978],[24.5767,60.5869,107.8115],[24.5754,60.5779,87.9728],[24.5663,60.5783,96.2156],[24.565,60.5693,107.686],[24.5559,60.5696,117.623],[24.5546,60.5606,117.3734],[24.5364,60.5613,102.498],[24.5358,60.5568,112.0958],[24.4902,60.5583,140.4213],[24.4896,60.5538,136.1806],[24.444,60.5554,128.3083],[24.4434,60.5509,117.389],[24.4251,60.5515,105.9115],[24.4257,60.556,108.3092],[24.4166,60.5563,117.1905],[24.4178,60.5652,115.8978],[24.4087,60.5655,112.4478],[24.4093,60.57,115.3769],[24.4002,60.5703,111.6651],[24.402,60.5837,126.4523],[24.4112,60.5834,122.1694],[24.4124,60.5924,124.3046],[24.4033,60.5927,126.5315],[24.4039,60.5972,123.3049],[24.3947,60.5975,118.2199],[24.3954,60.602,141.2727],[24.3771,60.6026,141.5045],[24.3777,60.607,130.8847],[24.3594,60.6076,135.2564],[24.3601,60.6121,135.5225],[24.3509,60.6124,149.0335],[24.3503,60.6079,133.9754],[24.3412,60.6082,148.1622],[24.3406,60.6037,138.3093],[24.3314,60.604,144.3472],[24.3308,60.5996,130.2508],[24.3217,60.5998,133.0054],[24.3205,60.5909,135.9212],[24.3114,60.5912,118.6887],[24.3108,60.5867,134.6859],[24.3016,60.587,107.1173],[24.2999,60.5735,131.438],[24.309,60.5732,133.7805],[24.3084,60.5688,118.1157],[24.2902,60.5694,107.9587],[24.2895,60.5649,95.098],[24.2804,60.5652,93.6319],[24.2816,60.5741,134.0632],[24.2725,60.5744,109.8443],[24.2731,60.5789,124.8029],[24.264,60.5792,148.553],[24.2645,60.5837,116.265],[24.2554,60.584,134.3738],[24.256,60.5884,115.4771],[24.2469,60.5887,125.0113],[24.2475,60.5932,104.7496],[24.2383,60.5935,118.4375],[24.2413,60.6159,120.7959],[24.2321,60.6162,136.2664],[24.2327,60.6207,124.8339],[24.1962,60.6218,124.6718],[24.1968,60.6263,134.3507],[24.1602,60.6274,148.0266],[24.1596,60.623,153.6753],[24.1231,60.6241,121.5432],[24.1236,60.6286,123.8131],[24.0779,60.63,147.5047],[24.0785,60.6344,127.2759],[24.0602,60.635,111.0],[24.0608,60.6395,111.0],[24.0516,60.6398,111.0],[24.0522,60.6442,118.6875],[24.0065,60.6456,121.9965],[24.0059,60.6411,127.8267],[23.9876,60.6417,128.315],[23.9871,60.6372,131.7518],[23.9688,60.6377,116.0463],[23.9693,60.6422,138.0254],[23.951,60.6427,115.8998],[23.9516,60.6472,133.2165],[23.9333,60.6478,114.148],[23.9338,60.6522,136.7751],[23.9064,60.653,107.5],[23.9059,60.6486,118.644],[23.8967,60.6488,107.5],[23.8956,60.6399,125.6668],[23.8865,60.6401,114.3807],[23.8854,60.6312,126.2184],[23.8763,60.6314,111.0],[23.8746,60.618,155.6047],[23.8838,60.6177,128.2134],[23.8832,60.6132,141.0606],[23.9015,60.6127,120.6191],[23.901,60.6082,117.5],[23.9192,60.6077,122.7701],[23.9171,60.5898,121.4058],[23.9079,60.59,131.7806],[23.9069,60.5811,130.8553],[23.8977,60.5813,121.5822],[23.8972,60.5768,129.5868],[23.8881,60.5771,126.7072],[23.8859,60.5592,125.0],[23.8677,60.5597,110.0634],[23.8671,60.5552,89.0],[23.8489,60.5557,89.0],[23.8478,60.5468,105.1322],[23.8569,60.5465,114.5118],[23.8553,60.5331,93.0512],[23.8644,60.5328,105.9894],[23.8628,60.5193,123.7733],[23.872,60.5191,119.1437],[23.8698,60.5012,122.0517],[23.8607,60.5014,124.0284],[23.8602,60.4969,127.0521],[23.8329,60.4977,96.3359],[23.8323,60.4932,76.5721],[23.7777,60.4948,85.7246],[23.7772,60.4903,83.634],[23.7407,60.4913,121.3167],[23.7402,60.4868,127.8873],[23.7311,60.4871,120.2006],[23.7306,60.4826,118.5315],[23.7215,60.4829,129.738],[23.7205,60.4739,124.2567],[23.7114,60.4741,129.7415],[23.7093,60.4562,144.1269],[23.7002,60.4565,128.3653],[23.6997,60.452,120.7413],[23.7907,60.4494,87.946],[23.7886,60.4315,87.4995],[23.7976,60.4312,75.9077],[23.7966,60.4223,91.4056],[23.7875,60.4225,73.3894],[23.7865,60.4136,90.1764],[23.7844,60.3956,103.1111],[23.7935,60.3954,88.2888],[23.7924,60.3864,67.5394],[23.7834,60.3867,66.7021],[23.7828,60.3822,86.7052],[23.7738,60.3824,84.4475],[23.7732,60.3779,91.0592],[23.7642,60.3782,96.1881],[23.7636,60.3737,119.3551],[23.7546,60.374,70.7203],[23.754,60.3695,103.5096],[23.7268,60.3703,66.5],[23.7253,60.3568,57.0],[23.7344,60.3566,57.0],[23.7287,60.3072,57.0],[23.7197,60.3075,88.81],[23.7192,60.303,57.0],[23.7101,60.3033,57.0],[23.7096,60.2988,78.1274],[23.7006,60.299,73.7825],[23.7,60.2945,100.6863],[23.6819,60.295,83.3996],[23.6824,60.2995,92.9202],[23.6643,60.3,58.6662],[23.6638,60.2955,57.0],[23.6548,60.2958,80.8317],[23.6543,60.2913,64.3059],[23.6452,60.2915,57.0],[23.6447,60.2871,59.2855],[23.6357,60.2873,80.9204],[23.6347,60.2784,71.8904],[23.6256,60.2786,79.4678],[23.6251,60.2741,74.9757],[23.6241,60.2651,84.0394],[23.6332,60.2649,88.8344],[23.6327,60.2604,51.5],[23.6146,60.2609,57.3574],[23.6151,60.2654,96.4366],[23.597,60.2659,30.8322],[23.5965,60.2614,31.2805],[23.5875,60.2616,30.6701],[23.587,60.2571,29.1243],[23.596,60.2569,46.3171],[23.5955,60.2524,38.8133],[23.6136,60.2519,79.7208],[23.6131,60.2475,68.1239],[23.6222,60.2472,78.7616],[23.6217,60.2427,73.0956],[23.6397,60.2422,68.5359],[23.6382,60.2288,72.0249],[23.6473,60.2285,83.9108],[23.6448,60.2061,56.2518],[23.6538,60.2059,78.5455],[23.6533,60.2014,86.633],[23.6443,60.2016,85.9723],[23.6438,60.1971,69.6389],[23.6257,60.1976,50.6446],[23.6252,60.1931,40.5],[23.5982,60.1939,40.5],[23.5987,60.1984,40.5],[23.5626,60.1993,40.5],[23.563,60.2038,54.057],[23.554,60.2041,40.5],[23.5535,60.1996,62.3775],[23.5355,60.2001,62.6141],[23.535,60.1956,71.6295],[23.526,60.1958,72.9741],[23.5255,60.1913,84.9793],[23.5165,60.1916,73.6392],[23.516,60.1871,83.8037],[23.507,60.1873,75.6333],[23.5065,60.1828,73.5692],[23.4975,60.1831,50.3051],[23.497,60.1786,71.6523],[23.488,60.1788,72.6649],[23.4875,60.1744,78.8911],[23.4695,60.1748,33.5],[23.469,60.1703,64.2852],[23.4419,60.171,37.9902],[23.4415,60.1665,46.7521],[23.3783,60.1682,77.0079],[23.3774,60.1592,55.3998],[23.3684,60.1594,43.3536],[23.3675,60.1505,57.6876],[23.3585,60.1507,52.8753],[23.3589,60.1552,48.1304],[23.3499,60.1554,70.3245],[23.3504,60.1599,50.2881],[23.3413,60.1601,42.2529],[23.3418,60.1646,58.2251],[23.3238,60.1651,42.6352],[23.3242,60.1695,34.7234],[23.3152,60.1698,33.4569],[23.3161,60.1787,28.9168],[23.3251,60.1785,49.1281],[23.3261,60.1875,33.8516],[23.299,60.1882,29.5573],[23.2985,60.1837,52.7751],[23.2895,60.1839,29.9564],[23.2886,60.1749,55.2732],[23.2796,60.1751,22.7361],[23.2773,60.1527,21.826],[23.2683,60.1529,15.4069],[23.2679,60.1485,22.983],[23.2589,60.1487,17.0462],[23.2584,60.1442,54.2966],[23.2494,60.1444,29.7874],[23.249,60.1399,48.5411],[23.24,60.1402,49.178],[23.2395,60.1357,50.4411],[23.2215,60.1361,30.3933],[23.2211,60.1316,53.0278],[23.212,60.1318,24.2706],[23.2116,60.1274,75.3326],[23.2026,60.1276,79.3733],[23.2022,60.1231,63.7187],[23.1932,60.1233,61.3621],[23.1927,60.1188,39.7672],[23.1837,60.119,50.118],[23.1833,60.1145,41.3338],[23.1743,60.1148,30.9366],[23.1738,60.1103,35.6809],[23.1648,60.1105,43.8635],[23.1644,60.106,15.0],[23.1554,60.1062,15.0],[23.155,60.1017,15.0],[23.146,60.102,32.7339],[23.1456,60.0975,19.3452],[23.1095,60.0983,56.7994],[23.1091,60.0938,50.8082],[23.0821,60.0945,57.6575],[23.0817,60.09,61.1774],[23.0457,60.0908,68.8745],[23.0461,60.0953,51.0575],[23.0371,60.0955,47.4501],[23.0375,60.1,36.587],[23.0285,60.1002,20.1049],[23.0287,60.1015,7.1116],[23.0167,60.0979,39.2735],[23.0047,60.0974,25.2243],[23.0109,60.0922,6.9075],[23.0203,60.0911,11.5859],[23.0203,60.088,30.4534],[23.0167,60.0854,20.897],[22.9979,60.0854,13.6262],[22.9938,60.0833,26.4791],[22.988,60.0849,18.5008],[22.9891,60.0818,2.8474],[22.9859,60.0807,0.0],[22.987,60.0776,0.0],[22.9859,60.0755,0.0],[22.9911,60.0724,35.003],[22.9901,60.0693,0.0],[22.9964,60.0651,0.0],[23.0042,60.0625,0.0],[23.0125,60.0625,2.1363],[23.0172,60.0661,0.0],[23.025,60.0667,26.9435],[23.0292,60.0687,0.0],[23.0391,60.0682,0.0],[23.0432,60.063,0.8079],[23.0375,60.0625,9.5302],[23.0333,60.0646,0.0],[23.0318,60.0641,0.0],[23.0318,60.0609,0.0],[23.0438,60.0604,0.0],[23.05,60.0563,27.0011],[23.0646,60.0563,25.0048],[23.0703,60.0536,9.0449],[23.0688,60.0521,15.1565],[23.0625,60.0521,0.0],[23.0547,60.0495,37.987],[23.0547,60.0464,37.8519],[23.0625,60.0438,13.5459],[23.075,60.0458,0.0],[23.0792,60.0438,0.0],[23.0896,60.0438,28.0109],[23.0938,60.0396,0.0],[23.1021,60.0396,14.03],[23.1089,60.0474,0.0],[23.1141,60.0505,28.3008],[23.1125,60.0521,16.271],[23.1083,60.05,0.0],[23.1042,60.05,0.259],[23.1026,60.0516,17.9313],[23.1047,60.0536,0.0],[23.1099,60.0547,0.0],[23.1109,60.0578,6.283],[23.1224,60.0609,18.6296],[23.1234,60.0641,20.06],[23.1313,60.0667,-0.0992],[23.1411,60.0661,0.0],[23.1437,60.0625,0.2176],[23.1401,60.0578,19.8881],[23.1417,60.0563,0.0],[23.1458,60.0583,1.8799],[23.1536,60.0589,0.0],[23.1526,60.0641,0.0],[23.1641,60.0672,0.0],[23.1708,60.0708,15.5486],[23.175,60.0687,0.0],[23.1833,60.0687,0.0],[23.1875,60.0708,23.1331],[23.1917,60.0708,23.3436],[23.1958,60.0687,0.0],[23.2062,60.0687,0.0],[23.2104,60.0708,37.334],[23.2146,60.0687,0.0],[23.225,60.0687,0.0],[23.2328,60.0661,0.0],[23.2375,60.0625,0.0],[23.2417,60.0625,0.0],[23.2458,60.0646,31.0719],[23.2542,60.0646,19.7483],[23.2641,60.0609,19.5843],[23.2563,60.0604,4.0165],[23.2484,60.0578,13.4024],[23.2474,60.0547,40.4756],[23.2396,60.0542,0.0],[23.2318,60.0516,0.0],[23.2286,60.0464,11.5065],[23.2234,60.0453,0.0],[23.2245,60.0401,0.0],[23.2208,60.0375,3.8196],[23.2151,60.038,2.2358],[23.2161,60.0411,0.0],[23.213,60.0432,0.0],[23.2172,60.0474,0.0],[23.2224,60.0484,0.0],[23.2276,60.0578,18.5406],[23.2328,60.0589,2.2389],[23.2307,60.062,0.0],[23.2208,60.0646,15.9291],[23.2125,60.0604,23.014],[23.2083,60.0646,14.091],[23.2042,60.0625,0.0],[23.2,60.0625,0.0],[23.1958,60.0646,0.0],[23.1917,60.0625,3.8661],[23.1875,60.0625,7.9838],[23.1833,60.0646,0.0],[23.175,60.0646,0.0],[23.1589,60.0599,0.0],[23.1536,60.0526,13.7107],[23.1354,60.05,1.1736],[23.1193,60.0453,18.0871],[23.1151,60.038,0.0],[23.1203,60.0339,40.094],[23.1141,60.0276,0.0],[23.1068,60.0266,0.0],[23.0984,60.0224,0.0],[23.1,60.0208,7.4044],[23.1104,60.025,23.6667],[23.1141,60.0224,15.5768],[23.113,60.0172,0.0],[23.1146,60.0146,29.5614],[23.113,60.0109,0.0],[23.1141,60.0089,17.1375],[23.1125,60.0083,0.0],[23.1068,60.0089,15.5492],[23.1016,60.0141,0.0],[23.0958,60.0167,14.3342],[23.0901,60.0151,0.0],[23.0984,60.0266,0.0],[23.1078,60.0297,4.3326],[23.1099,60.0318,0.0],[23.1078,60.0349,6.03],[23.1021,60.0375,0.0],[23.0875,60.0375,7.6697],[23.0729,60.0417,0.0],[23.0521,60.0417,27.9266],[23.0375,60.0458,27.2112],[23.0292,60.0458,0.0],[23.025,60.0438,14.623],[23.0234,60.0443,14.623],[23.0245,60.0474,16.9487],[23.0229,60.0479,20.8404],[23.0021,60.0396,20.5592],[22.9958,60.0396,10.4008],[22.9896,60.0333,13.9668],[22.9901,60.0318,3.067],[22.9953,60.0297,0.0],[22.9901,60.0276,0.0],[22.9932,60.0266,16.89],[22.9984,60.0214,19.5131],[23.0042,60.0208,7.5693],[23.0078,60.0182,23.1637],[23.0068,60.0151,7.1985],[23.0099,60.013,19.8823],[23.0068,60.0089,8.672],[23.0109,60.0026,3.9487],[23.0245,60.0012,10.4361],[23.0252,60.0,34.1752],[23.0219,59.999,11.272],[23.0264,59.9954,7.3747],[23.0225,59.991,0.816],[23.0292,59.9896,0.0],[23.0297,59.9868,14.6812],[23.0203,59.9846,2.4925],[23.0142,59.9915,8.8553],[23.008,59.9907,0.0],[23.0103,59.9885,7.6843],[23.0025,59.9865,2.5645],[23.0058,59.984,2.8931],[23.0053,59.9815,0.3012],[23.0069,59.9801,9.3935],[23.0008,59.9793,1.1356],[23.0008,59.9765,9.9],[22.9981,59.9782,0.0],[22.9869,59.9774,0.4442],[22.9869,59.976,5.7091],[22.9836,59.9757,0.152],[22.9836,59.9712,2.11],[22.9819,59.9707,0.8767],[22.9747,59.9715,3.5603],[22.973,59.9738,1.0587],[22.9742,59.9771,0.0],[22.9708,59.9776,0.0],[22.9686,59.9804,4.4914],[22.9514,59.9801,7.5473],[22.9514,59.9818,0.0],[22.9581,59.9843,0.0],[22.9514,59.9851,4.1218],[22.9553,59.9865,0.0],[22.9558,59.989,1.1358],[22.9558,59.9904,1.1358],[22.9519,59.9924,0.0],[22.9436,59.9932,2.0269],[22.9397,59.9912,0.0],[22.9342,59.9932,4.0723],[22.9297,59.9915,9.3021],[22.9119,59.9926,0.0],[22.9114,59.9901,4.6396],[22.9069,59.9893,0.0],[22.9064,59.9876,0.0],[22.9097,59.9832,0.0],[22.9081,59.9804,0.0],[22.9114,59.9793,1.5311],[22.9108,59.9771,0.0],[22.9119,59.9768,7.7637],[22.9075,59.976,0.0],[22.9075,59.9743,0.0],[22.9053,59.9743,0.0],[22.9036,59.9788,0.0],[22.8997,59.9804,2.3538],[22.8964,59.9801,0.0],[22.8942,59.9771,2.844],[22.8781,59.9801,10.6624],[22.8669,59.9735,16.4781],[22.8592,59.9721,0.8918],[22.8575,59.9701,0.0],[22.8575,59.9668,7.9401],[22.8531,59.9665,9.2284],[22.8503,59.9676,1.4444],[22.8497,59.9743,14.7709],[22.8525,59.979,0.0],[22.8553,59.9799,0.0],[22.8569,59.9824,0.0],[22.8453,59.9799,13.2577],[22.8381,59.9807,3.0837],[22.8447,59.9821,0.0],[22.8419,59.9843,0.0],[22.8308,59.9835,18.4383],[22.8375,59.9876,7.7426],[22.8536,59.9882,0.0],[22.8531,59.9912,0.0],[22.8469,59.9907,0.0],[22.8347,59.9946,3.1401],[22.8473,59.995,0.0],[22.8341,59.9967,0.0],[22.8392,60.0014,0.0],[22.8292,60.0014,5.1263],[22.8349,60.0026,17.8165],[22.838,60.0078,0.0],[22.8432,60.0089,0.0],[22.838,60.012,0.0],[22.8411,60.013,5.8774],[22.8432,60.0161,8.2696],[22.8354,60.0187,12.4789],[22.8188,60.0187,22.3202],[22.8109,60.0161,10.1408],[22.8167,60.0062,29.9769],[22.8151,60.0026,13.6161],[22.8198,60.0,19.4186],[22.8164,60.0,0.0],[22.8164,59.9987,5.5914],[22.8114,59.9971,0.0],[22.8114,59.9946,7.8474],[22.8147,59.9899,0.0],[22.8108,59.9868,0.0],[22.8131,59.9807,0.0],[22.8186,59.9779,0.0],[22.8231,59.9785,0.0],[22.8219,59.9746,3.7459],[22.8258,59.9726,1.363],[22.8258,59.9699,0.0],[22.8303,59.9649,0.0],[22.8358,59.9632,0.0],[22.8392,59.966,7.8472],[22.8425,59.9638,10.906],[22.8592,59.9599,3.3007],[22.8597,59.9562,1.3431],[22.8619,59.9557,1.3431],[22.8636,59.9526,0.0],[22.8686,59.9515,0.0],[22.8692,59.9496,7.8903],[22.8642,59.9476,0.0],[22.8625,59.9451,5.8994],[22.8508,59.9424,0.0],[22.8575,59.9421,8.0506],[22.8619,59.9396,0.0],[22.8614,59.9374,0.0],[22.8642,59.9349,0.0],[22.8642,59.9318,0.0],[22.8742,59.9282,0.0],[22.8736,59.9254,0.0],[22.8764,59.924,3.8033],[22.8781,59.9201,0.0],[22.8875,59.9151,0.0],[22.8942,59.9157,9.3782],[22.9058,59.9113,0.0],[22.9069,59.9157,3.047],[22.9142,59.9151,8.3341],[22.9142,59.9115,0.0],[22.9258,59.9135,0.0],[22.9297,59.909,3.1613],[22.9431,59.9079,0.996],[22.9431,59.906,1.487],[22.9392,59.9038,0.9987],[22.9397,59.9026,0.0],[22.9486,59.9032,0.0],[22.9492,59.9054,0.0],[22.9547,59.9068,0.0],[22.9619,59.906,8.516],[22.9569,59.9035,0.0],[22.9597,59.9021,6.4345],[22.9636,59.904,1.2144],[22.9703,59.9035,0.0],[22.9736,59.9051,0.0],[22.9681,59.906,0.0],[22.9708,59.9104,0.0],[22.9747,59.9099,0.7446],[22.9764,59.9076,0.0],[22.9808,59.9079,0.0],[22.9797,59.9104,5.0079],[22.9753,59.9126,0.0],[22.9642,59.9151,3.3218],[22.9619,59.9151,5.5094],[22.9608,59.9126,0.955],[22.9586,59.914,0.0],[22.9547,59.9104,11.8792],[22.9458,59.911,3.4641],[22.9508,59.9113,0.0],[22.9586,59.9149,0.0],[22.9569,59.9157,11.8424],[22.9569,59.9182,8.3772],[22.9603,59.921,5.2248],[22.9692,59.9188,6.0826],[22.9697,59.9168,0.0],[22.9736,59.9171,3.2134],[22.9747,59.919,0.0],[22.9736,59.921,3.3942],[22.9758,59.9215,0.0],[22.9758,59.9229,2.2878],[22.9836,59.9226,2.6235],[22.9836,59.9246,1.8308],[22.9814,59.9263,4.6576],[22.9847,59.9257,10.584],[22.9853,59.9232,0.0],[22.9914,59.9229,3.3976],[22.9931,59.9215,5.4724],[22.9842,59.9207,0.0],[22.982,59.9218,6.521],[22.9769,59.9201,0.0],[22.9897,59.9193,0.7935],[22.9958,59.9212,3.2407],[22.9975,59.9188,5.1866],[23.0031,59.9168,2.0057],[23.0042,59.9135,1.9996],[23.0086,59.9149,1.8059],[23.0092,59.9171,0.0],[23.0036,59.9204,13.1745],[23.0025,59.9238,0.0],[22.9992,59.9243,13.0339],[22.9981,59.929,0.0],[22.9953,59.9313,0.0],[22.9875,59.9329,0.0],[22.9869,59.9304,8.9936],[22.9847,59.9301,7.2564],[22.9842,59.9318,0.0],[22.9858,59.9321,1.5297],[22.9864,59.9346,0.0],[22.9803,59.9351,12.1207],[22.9719,59.9349,6.5813],[22.9669,59.9321,0.0],[22.963,59.9332,0.9141],[22.9642,59.9374,0.4001],[22.9697,59.939,0.0],[22.9708,59.9413,0.3346],[22.9681,59.9424,2.8108],[22.9686,59.949,5.6085],[22.9764,59.9526,3.2595],[22.9797,59.9507,0.0],[22.9797,59.9482,0.3648],[22.9758,59.9449,0.0],[22.9797,59.944,4.0526],[22.9775,59.9426,0.0],[22.9775,59.9404,5.9252],[22.9742,59.939,5.9252],[22.9742,59.9374,10.3852],[22.9764,59.9365,0.0],[22.9847,59.9379,7.2444],[22.9947,59.9357,0.6862],[22.9975,59.939,3.1325],[23.0014,59.9407,2.7603],[23.0025,59.9401,14.2743],[23.0014,59.9385,0.0],[23.0058,59.9376,1.0062],[23.0125,59.9393,16.6084],[23.0142,59.9426,13.0044],[23.0208,59.9413,5.4307],[23.0214,59.9388,14.7901],[23.0153,59.9385,2.1025],[23.0131,59.9368,9.5174],[23.0047,59.9374,1.0062],[23.0019,59.9351,0.0],[23.0064,59.931,1.2226],[23.0114,59.931,3.6109],[23.0131,59.9335,2.2555],[23.0131,59.931,4.3661],[23.0092,59.9287,1.4053],[23.0136,59.9271,4.4353],[23.0153,59.9251,5.0348],[23.0147,59.9232,0.0],[23.0203,59.9215,0.0],[23.0253,59.9221,8.3349],[23.0264,59.9171,0.4792],[23.0253,59.916,0.6278],[23.0264,59.9154,5.5102],[23.0231,59.9118,0.0],[23.0264,59.9101,10.5668],[23.0192,59.9115,4.0595],[23.0169,59.909,8.6039],[23.0125,59.9087,0.0],[23.0103,59.9001,0.0],[23.0131,59.8988,5.9417],[23.0169,59.899,0.0],[23.0169,59.9018,0.0],[23.0186,59.9024,10.4374],[23.023,59.9024,0.8437],[23.0242,59.9038,14.6141],[23.0286,59.9029,1.453],[23.0297,59.906,0.0],[23.0281,59.909,2.2902],[23.0303,59.9104,0.0],[23.0286,59.9113,9.4806],[23.0286,59.9132,5.6094],[23.0331,59.9137,0.0],[23.0353,59.919,9.5645],[23.0369,59.9168,0.0],[23.0447,59.9188,8.8921],[23.0453,59.9157,1.7078],[23.0581,59.9199,0.7559],[23.0614,59.9179,0.0],[23.0642,59.9185,0.0],[23.0686,59.9232,1.633],[23.0708,59.9313,0.0],[23.0669,59.9321,0.0],[23.0658,59.9304,14.1848],[23.0642,59.9321,14.9876],[23.0686,59.9354,0.6664],[23.0692,59.9374,2.7711],[23.0675,59.9388,4.9799],[23.0703,59.9385,2.7711],[23.0703,59.9401,4.9799],[23.0642,59.9413,8.2139],[23.0636,59.9432,4.7861],[23.0697,59.9418,0.0],[23.0781,59.9426,0.0],[23.0775,59.9449,0.2357],[23.0842,59.9471,16.9553],[23.0886,59.9507,4.0396],[23.0886,59.9543,2.5939],[23.0847,59.9568,14.7456],[23.0908,59.9579,1.3074],[23.0942,59.9621,0.0],[23.0842,59.9632,4.0504],[23.0814,59.9604,23.1036],[23.0769,59.9593,5.5699],[23.0786,59.9576,2.7091],[23.0719,59.9576,0.0],[23.0642,59.9546,10.4676],[23.0714,59.9599,9.4717],[23.0686,59.9626,2.0599],[23.0742,59.9649,1.3339],[23.0742,59.9685,2.2203],[23.0708,59.9676,2.0477],[23.0686,59.969,12.4858],[23.0725,59.9726,0.0],[23.0708,59.9754,5.2671],[23.0786,59.9779,5.3128],[23.0781,59.9801,3.3376],[23.0731,59.9815,7.2093],[23.0769,59.9821,0.0],[23.0769,59.984,0.0],[23.0719,59.9846,0.0],[23.0686,59.9824,0.0],[23.0614,59.9837,0.0],[23.0536,59.981,0.0],[23.0542,59.9796,19.8162],[23.0525,59.9785,8.1032],[23.0436,59.9782,13.9944],[23.0381,59.9799,1.6413],[23.0331,59.9793,1.5968],[23.0303,59.9815,1.857],[23.0303,59.984,2.2903],[23.0375,59.9888,3.1154],[23.0486,59.9876,3.1674],[23.0486,59.9857,0.0],[23.0508,59.9846,1.6269],[23.0553,59.9843,0.2585],[23.0603,59.9863,0.0],[23.0586,59.9885,6.2394],[23.0536,59.9882,4.0002],[23.0564,59.9901,0.0],[23.0658,59.9882,0.0],[23.0725,59.9932,0.0],[23.0808,59.9949,0.0],[23.0911,60.0021,28.7666],[23.0974,60.0026,0.0],[23.1021,60.0062,17.5276],[23.1104,60.0062,35.0867],[23.1146,60.0042,0.0],[23.1188,60.0042,0.0],[23.1229,60.0062,0.0],[23.1354,60.0062,0.0],[23.1396,60.0083,4.9291],[23.1417,60.0062,0.0],[23.1411,60.0047,0.0],[23.1333,60.0042,0.0],[23.1292,60.0021,0.0],[23.1188,60.0021,0.0],[23.1147,59.9979,3.0628],[23.1119,59.9979,0.465],[23.1164,59.996,2.2365],[23.1131,59.9954,4.4649],[23.1119,59.9932,5.3655],[23.1131,59.9915,11.1444],[23.1108,59.9893,0.0],[23.1158,59.9896,2.7768],[23.1092,59.9876,0.0],[23.1081,59.9854,0.0],[23.1092,59.9837,3.8401],[23.1064,59.9835,0.0],[23.1092,59.9793,0.0],[23.1008,59.9699,0.0],[23.1019,59.9651,13.0843],[23.1008,59.9626,0.0448],[23.1019,59.9624,11.2484],[23.1003,59.9607,1.5509],[23.1014,59.959,11.416],[23.0964,59.9562,0.0],[23.0975,59.949,4.9238],[23.0953,59.9476,1.1598],[23.0981,59.9443,3.1155],[23.1103,59.9449,7.2002],[23.1036,59.9429,0.0],[23.1036,59.9418,8.9696],[23.0958,59.9418,6.1778],[23.0942,59.9399,0.0],[23.0958,59.9379,0.0],[23.1036,59.9371,10.0373],[23.1053,59.9376,10.0373],[23.1053,59.9407,8.9696],[23.1125,59.9426,1.601],[23.1231,59.941,4.6016],[23.1336,59.946,0.4327],[23.1364,59.9504,0.0],[23.1336,59.9515,11.1934],[23.1347,59.9551,0.0],[23.1314,59.9585,10.6407],[23.1358,59.9637,3.0555],[23.1536,59.9668,0.0734],[23.1575,59.9657,7.0911],[23.1553,59.9624,0.0],[23.1647,59.9579,0.0374],[23.1675,59.9504,11.2888],[23.1664,59.9499,11.349],[23.1614,59.9529,0.0],[23.1564,59.9529,0.0],[23.1558,59.9493,0.7123],[23.1531,59.9488,0.0],[23.1553,59.946,1.5176],[23.1697,59.9443,0.725],[23.1725,59.946,4.4445],[23.1814,59.9465,0.0],[23.1875,59.9507,16.8288],[23.1869,59.9546,7.3764],[23.1892,59.9565,5.2313],[23.1847,59.9588,0.0],[23.1803,59.9588,1.1285],[23.1825,59.9635,0.0],[23.1786,59.969,4.6108],[23.1792,59.9712,3.1293],[23.1814,59.974,15.5491],[23.1881,59.9743,3.4308],[23.1919,59.9763,1.025],[23.1981,59.9746,3.9915],[23.2042,59.9632,1.5336],[23.2108,59.9593,0.0],[23.2186,59.9593,4.0252],[23.2142,59.9574,0.0],[23.2153,59.9551,7.2893],[23.2064,59.9518,20.0971],[23.1997,59.9515,0.0],[23.1992,59.9482,2.665],[23.1969,59.9471,2.665],[23.1908,59.9479,2.4557],[23.1903,59.9454,8.0071],[23.1858,59.9432,6.9216],[23.1814,59.9435,2.4183],[23.1747,59.9407,0.0],[23.1625,59.9415,8.5739],[23.1592,59.9388,4.9558],[23.1547,59.9388,0.0],[23.1564,59.9368,8.8639],[23.1531,59.9371,0.0],[23.1519,59.936,3.78],[23.1531,59.9351,9.8153],[23.1508,59.9343,1.0568],[23.1497,59.9349,1.0568],[23.1525,59.939,2.1739],[23.1431,59.9388,0.0],[23.1469,59.934,6.9592],[23.1492,59.934,1.0568],[23.1458,59.9321,0.0],[23.1464,59.929,0.0],[23.1436,59.9276,0.0],[23.1453,59.9243,4.5748],[23.1436,59.9224,0.0],[23.1525,59.9224,4.0837],[23.1497,59.9212,3.124],[23.1492,59.9193,9.2742],[23.1547,59.9151,0.0],[23.1553,59.9168,2.8493],[23.1536,59.9185,3.2353],[23.1564,59.9185,0.0],[23.1558,59.9212,3.166],[23.1586,59.9215,0.908],[23.1586,59.9235,4.4311],[23.1619,59.9218,5.773],[23.1642,59.9174,1.4796],[23.1708,59.9182,1.6668],[23.1625,59.9124,6.68],[23.1558,59.9118,0.0],[23.1581,59.9104,10.9337],[23.1458,59.9129,1.352],[23.1453,59.9101,0.0],[23.1475,59.9087,0.0],[23.1575,59.9065,0.0],[23.1681,59.9101,1.6137],[23.1714,59.9096,0.0],[23.1731,59.9121,4.6049],[23.1797,59.9154,0.0],[23.1858,59.9162,2.6303],[23.1953,59.9207,10.3114],[23.1964,59.9201,23.6109],[23.1919,59.9171,7.2361],[23.1875,59.9162,2.6303],[23.1875,59.9149,0.0],[23.1925,59.916,6.3529],[23.1931,59.9137,0.0],[23.1964,59.9151,13.3857],[23.1975,59.9135,0.0],[23.2069,59.9113,21.0195],[23.2031,59.9101,10.2927],[23.1892,59.9115,0.0],[23.1842,59.9079,7.4593],[23.1831,59.9096,0.6392],[23.1797,59.9096,0.0],[23.1792,59.9079,6.206],[23.1747,59.9087,9.5202],[23.1675,59.9065,3.4262],[23.1731,59.9032,8.0949],[23.1619,59.9024,1.1095],[23.1608,59.9007,0.0],[23.1652,59.8993,4.5996],[23.1658,59.8954,0.0],[23.1692,59.8926,17.0659],[23.1686,59.8915,9.0863],[23.1547,59.8863,6.6842],[23.1403,59.8874,9.2186],[23.1386,59.889,0.0],[23.1269,59.8868,7.5575],[23.1231,59.8882,1.3193],[23.1142,59.8871,0.0],[23.1086,59.889,0.0],[23.1019,59.8874,0.0],[23.0992,59.8857,0.2534],[23.0992,59.8838,5.3735],[23.0958,59.8826,4.9137],[23.0803,59.8821,2.9111],[23.0792,59.8829,2.9111],[23.0881,59.8857,1.4279],[23.0881,59.8879,0.0],[23.0853,59.8901,4.0876],[23.0992,59.8901,0.0],[23.0997,59.8913,0.3858],[23.0792,59.8935,8.6764],[23.0736,59.8918,0.0],[23.0792,59.8904,18.2603],[23.0642,59.8899,0.0],[23.0642,59.8865,2.3065],[23.0692,59.8863,8.0972],[23.0664,59.8843,9.2068],[23.0664,59.8826,6.6202],[23.0747,59.8815,6.9116],[23.0731,59.8799,8.4971],[23.0631,59.8812,1.5666],[23.0631,59.8801,0.0],[23.0692,59.8785,4.173],[23.0647,59.8774,2.1963],[23.0714,59.8754,0.0],[23.0708,59.8732,1.4242],[23.0669,59.8713,7.9899],[23.0525,59.8713,1.3957],[23.0519,59.8671,4.6712],[23.0475,59.8654,11.6203],[23.0253,59.8662,0.0],[23.0247,59.8618,5.7693],[23.0147,59.861,0.0],[23.0131,59.8599,0.906],[23.0142,59.8574,0.0],[23.0131,59.8563,5.736],[23.0008,59.8565,3.1278],[22.9953,59.8501,8.8052],[22.9814,59.846,4.82],[22.9764,59.8468,13.1912],[22.9731,59.8501,2.5354],[22.9653,59.8507,0.4569],[22.9642,59.8488,1.1963],[22.9653,59.8471,1.4215],[22.9631,59.8468,1.7234],[22.9619,59.8449,9.8339],[22.9453,59.8426,2.1808],[22.9458,59.844,2.3445],[22.9508,59.8443,0.0],[22.9508,59.8482,0.0],[22.9458,59.8499,0.0],[22.9403,59.8479,0.0],[22.9403,59.8465,0.0],[22.9436,59.8454,13.2468],[22.9353,59.846,0.0],[22.9331,59.8435,4.338],[22.9286,59.8435,3.408],[22.9292,59.8413,0.0],[22.9342,59.8413,0.0],[22.9303,59.8382,12.0257],[22.9258,59.8399,2.0561],[22.9186,59.839,0.0],[22.9208,59.8371,2.2201],[22.9264,59.8379,2.5891],[22.9308,59.8349,2.991],[22.9258,59.8365,0.8998],[22.9186,59.8357,0.0],[22.9186,59.834,0.0],[22.9253,59.8315,2.908],[22.9236,59.831,0.0],[22.9247,59.8288,4.176],[22.9231,59.8268,2.6442],[22.9181,59.8243,0.0],[22.9019,59.8215,1.6226],[22.9014,59.8199,0.0],[22.9036,59.8185,3.2471],[22.9003,59.8185,1.1128],[22.8964,59.8126,0.0],[22.8897,59.8124,0.19],[22.8925,59.8082,0.0],[22.8997,59.8099,0.0],[22.8992,59.8079,0.0],[22.9047,59.8088,0.0],[22.9058,59.8104,0.0],[22.9114,59.8076,0.0],[22.9181,59.8085,0.0],[22.9169,59.8126,0.0],[22.9136,59.8126,0.4156],[22.9131,59.8146,1.3045],[22.9192,59.8193,3.971],[22.9297,59.8238,7.2322],[22.9469,59.8229,0.0],[22.9475,59.8213,0.0],[22.9542,59.8218,0.4668],[22.9519,59.8204,0.3557],[22.9447,59.8204,0.0],[22.9442,59.8185,0.0],[22.9453,59.8182,0.0],[22.9553,59.8196,0.4681],[22.9636,59.8179,0.1402],[22.9653,59.8201,0.0],[22.9681,59.8185,0.0],[22.9719,59.8193,0.0],[22.9719,59.8221,7.6513],[22.9786,59.8221,4.3704],[22.9808,59.8196,0.8225],[22.9875,59.8201,0.0],[22.9842,59.8249,0.0],[22.9908,59.8274,8.7859],[23.0036,59.826,2.8646],[23.0069,59.8235,0.0],[23.0103,59.8251,0.0],[23.0181,59.8254,0.0],[23.0247,59.8226,0.0],[23.0281,59.8251,0.6455],[23.0369,59.8265,0.0],[23.0414,59.826,2.706],[23.0392,59.8213,0.0],[23.0392,59.8193,0.0],[23.0408,59.819,0.5637],[23.0436,59.8221,9.288],[23.0469,59.8224,2.3869],[23.0447,59.8246,1.245],[23.0453,59.8262,1.5088],[23.0475,59.8262,1.5088],[23.0486,59.8224,0.0],[23.0536,59.8235,0.0],[23.0525,59.8213,1.2442],[23.0536,59.8207,1.2442],[23.0608,59.8201,0.0],[23.0653,59.8221,0.0],[23.0619,59.8235,8.7834],[23.0642,59.8254,0.0],[23.0725,59.8257,3.6569],[23.0786,59.824,1.2929],[23.0808,59.8262,0.0],[23.0875,59.8265,0.0],[23.0886,59.8282,1.9754],[23.0819,59.8301,6.0013],[23.0819,59.8318,1.4952],[23.0869,59.8315,0.0],[23.0853,59.8335,0.8848],[23.0864,59.8346,3.7437],[23.1014,59.8326,6.3506],[23.1008,59.8299,5.4304],[23.0975,59.8285,2.3455],[23.0981,59.8265,0.0],[23.1125,59.8257,1.6654],[23.1142,59.8276,3.5531],[23.1247,59.8262,0.0],[23.1286,59.8299,3.7544],[23.1347,59.8299,5.374],[23.1353,59.8282,0.0],[23.1414,59.8293,1.5363],[23.1447,59.8276,0.0],[23.1458,59.829,0.0],[23.1431,59.831,4.2538],[23.1497,59.831,0.0],[23.1503,59.8332,0.2042],[23.1553,59.8318,0.0],[23.1586,59.8351,0.8191],[23.1686,59.8363,1.4488],[23.1719,59.8346,6.9341],[23.1703,59.831,1.5722],[23.1719,59.8301,0.0],[23.1753,59.8321,7.2244],[23.1764,59.8318,3.3146],[23.1758,59.8293,1.8872],[23.1786,59.8296,2.2493],[23.1781,59.8318,2.6409],[23.1797,59.8315,1.9913],[23.1792,59.8301,2.2493],[23.1808,59.8298,0.0],[23.1814,59.8321,9.9557],[23.1864,59.8318,3.0648],[23.1831,59.8304,2.0969],[23.1825,59.8285,0.0],[23.1881,59.8276,2.6338],[23.1897,59.8299,11.178],[23.1942,59.831,5.3823],[23.1892,59.8321,5.8976],[23.1892,59.8332,5.8976],[23.1997,59.8354,0.0],[23.2047,59.8393,3.703],[23.2125,59.8401,1.3694],[23.2275,59.8387,0.0],[23.2347,59.8421,10.3405],[23.2358,59.8404,0.0],[23.2475,59.8413,0.0],[23.2503,59.8443,0.0],[23.2447,59.8457,8.0759],[23.2503,59.8465,1.2921],[23.2536,59.8513,0.0],[23.2453,59.8513,1.4817],[23.2442,59.8493,0.0],[23.2392,59.8493,1.8173],[23.2414,59.8471,5.1701],[23.2358,59.8482,1.0676],[23.2281,59.8454,7.6244],[23.2142,59.846,10.6222],[23.2158,59.8482,3.1337],[23.2203,59.8493,3.9655],[23.2253,59.8476,5.6433],[23.2314,59.8482,0.0],[23.2325,59.8493,0.0],[23.2303,59.8521,13.2852],[23.2342,59.8537,1.3344],[23.2314,59.8554,0.0],[23.2447,59.8565,3.0231],[23.2442,59.8579,2.5287],[23.2369,59.8587,4.9247],[23.2453,59.8621,0.0],[23.2403,59.8646,0.0],[23.2358,59.8632,8.9055],[23.2286,59.8674,5.6352],[23.2281,59.8696,3.2613],[23.2325,59.871,0.0],[23.2325,59.8724,0.0],[23.2258,59.8732,9.5052],[23.2275,59.8785,0.0],[23.2242,59.8799,1.4327],[23.2264,59.8821,0.0],[23.2231,59.8832,2.3157],[23.2236,59.8913,7.2048],[23.2364,59.8968,3.0736],[23.2608,59.8988,1.1976],[23.2681,59.9012,0.0],[23.2692,59.9032,8.4133],[23.2858,59.9057,4.009],[23.2886,59.9079,4.9296],[23.2964,59.9082,0.913],[23.3092,59.9143,0.0],[23.3103,59.9174,2.8459],[23.3153,59.9218,0.0],[23.3208,59.9218,0.0],[23.3292,59.9251,6.0721],[23.3381,59.9263,0.8751],[23.3408,59.9293,5.8977],[23.3469,59.9321,12.8719],[23.3542,59.9321,13.1829],[23.3558,59.9343,7.7454],[23.3603,59.9357,15.2492],[23.3669,59.9349,0.0],[23.3753,59.9379,0.0],[23.3775,59.9407,12.2199],[23.3808,59.941,0.0],[23.3831,59.9432,0.0],[23.3814,59.9493,0.0],[23.3897,59.9562,0.0],[23.3892,59.9588,0.0],[23.3853,59.9585,10.4234],[23.3853,59.9596,2.5731],[23.3936,59.9615,0.0],[23.3936,59.9657,0.0],[23.3975,59.971,11.3526],[23.4064,59.9726,1.5105],[23.4064,59.974,0.148],[23.4008,59.9757,1.2237],[23.4053,59.9774,-0.0923],[23.4042,59.9799,-0.2956],[23.4169,59.9804,0.0],[23.4181,59.9824,1.0467],[23.4242,59.9829,5.0271],[23.4303,59.9871,0.0739],[23.4308,59.989,0.3234],[23.4419,59.9918,0.0],[23.4499,59.9961,0.0]]],
[[[23.7703,59.8932,0.4285],[23.7719,59.8946,6.7051],[23.7647,59.8946,0.2299],[23.7664,59.8935,0.0],[23.7703,59.8932,0.4285]]],
[[[23.7208,59.896,2.1913],[23.7225,59.8979,0.0],[23.7164,59.8971,0.0],[23.7175,59.8949,0.0],[23.7208,59.896,2.1913]]],
[[[23.7419,59.9026,3.7474],[23.7369,59.9035,1.0997],[23.7342,59.9007,0.0],[23.7508,59.8993,1.8958],[23.7497,59.9015,0.0],[23.7419,59.9026,3.7474]]],
[[[23.7325,59.9038,1.389],[23.7336,59.9054,1.389],[23.7308,59.906,0.0],[23.7192,59.9029,8.0461],[23.7186,59.9015,0.0],[23.7236,59.8999,0.0],[23.7325,59.8999,0.0],[23.7314,59.9026,0.0],[23.7325,59.9038,1.389]]],
[[[23.6958,59.9049,3.2259],[23.6969,59.9071,1.2203],[23.6958,59.9079,2.1105],[23.6897,59.9071,0.0],[23.6908,59.9046,3.7993],[23.6858,59.904,0.0],[23.6858,59.9018,2.712],[23.6814,59.9007,0.0],[23.6797,59.8985,2.658],[23.6725,59.8996,4.5525],[23.6736,59.9021,0.0],[23.6697,59.9029,3.2859],[23.6692,59.894,4.0196],[23.6725,59.8943,0.0],[23.6725,59.8965,1.7728],[23.6858,59.8988,9.6744],[23.6881,59.9021,10.0546],[23.6919,59.9015,0.0],[23.6958,59.9049,3.2259]]],
[[[23.6497,59.9015,0.0],[23.6453,59.9026,0.0],[23.643,59.901,0.0],[23.6486,59.8996,0.0],[23.6497,59.9015,0.0]]],
[[[23.6564,59.9046,1.8828],[23.6514,59.9054,0.0],[23.6519,59.9038,0.0],[23.6575,59.9038,0.0],[23.6564,59.9046,1.8828]]],
[[[23.7019,59.9057,8.4325],[23.7019,59.9071,2.5577],[23.6981,59.9076,1.2203],[23.6986,59.9046,0.959],[23.7019,59.9057,8.4325]]],
[[[23.6742,59.9057,2.1993],[23.6719,59.9071,0.0],[23.6692,59.9071,0.0],[23.6692,59.9051,0.0],[23.6742,59.9057,2.1993]]],
[[[23.7047,59.9076,2.4004],[23.7069,59.9079,0.0],[23.7058,59.9107,0.0],[23.7003,59.909,0.0],[23.7019,59.9076,2.5577],[23.7047,59.9076,2.4004]]],
[[[23.6769,59.9132,4.8618],[23.6719,59.9151,6.982],[23.6697,59.9101,2.7657],[23.6758,59.9093,0.0],[23.678,59.9113,0.0],[23.6769,59.9132,4.8618]]],
[[[23.6925,59.914,0.0],[23.6897,59.9157,0.0],[23.6869,59.9151,0.0],[23.6897,59.9135,0.0],[23.6892,59.911,0.0],[23.6942,59.9087,2.1105],[23.6981,59.9093,0.0],[23.6964,59.9121,0.0],[23.6925,59.914,0.0]]],
[[[23.5269,59.8879,2.8956],[23.5286,59.8888,1.43],[23.5281,59.8899,1.43],[23.5242,59.8888,3.4762],[23.5247,59.8876,0.0],[23.5269,59.8879,2.8956]]],
[[[23.5669,59.891,0.0],[23.5592,59.8921,0.0],[23.5536,59.8893,0.0],[23.5558,59.8879,1.8106],[23.5625,59.8882,0.0],[23.5669,59.891,0.0]]],
[[[23.5569,59.906,1.0301],[23.5586,59.9063,1.0301],[23.5575,59.9079,0.0],[23.5536,59.9068,0.0],[23.5547,59.9057,4.3283],[23.5569,59.906,1.0301]]],
[[[23.6225,59.9376,0.0],[23.612,59.9378,2.9893],[23.6155,59.9374,0.0],[23.6114,59.9357,0.0],[23.6181,59.9338,3.2168],[23.6125,59.9335,0.7353],[23.6164,59.9315,7.2781],[23.6108,59.931,5.7436],[23.6003,59.931,0.2704],[23.5964,59.9324,0.0],[23.5964,59.931,0.8663],[23.5881,59.9301,16.6046],[23.5842,59.9324,0.0],[23.5614,59.9326,0.0],[23.5525,59.9313,9.2316],[23.5442,59.9321,0.0],[23.5331,59.9282,9.0705],[23.5136,59.929,0.0],[23.5086,59.9268,0.0],[23.5075,59.9238,4.9323],[23.5053,59.9249,4.7035],[23.4975,59.924,0.0],[23.4981,59.9212,2.4499],[23.5003,59.9201,0.0],[23.5081,59.9196,0.9852],[23.5086,59.9182,1.3397],[23.5058,59.916,1.5667],[23.5003,59.9174,0.0],[23.4975,59.9157,2.9481],[23.5003,59.914,5.7209],[23.4992,59.9129,7.4841],[23.4903,59.9118,14.5744],[23.4897,59.9137,13.3764],[23.4919,59.9171,1.5088],[23.4897,59.9182,8.5338],[23.4836,59.9182,0.0],[23.4831,59.9151,9.8333],[23.4786,59.9137,2.5841],[23.4764,59.9146,8.1821],[23.4808,59.9157,3.2465],[23.4808,59.9176,0.0],[23.4736,59.9168,4.345],[23.4786,59.9196,2.9349],[23.4692,59.9212,0.0],[23.4625,59.9185,2.0554],[23.4625,59.9168,0.0],[23.4697,59.9163,5.4259],[23.463,59.9154,16.3905],[23.4608,59.9146,2.5511],[23.4608,59.9129,6.8633],[23.4553,59.9118,9.6907],[23.4492,59.9135,1.7382],[23.4336,59.9135,4.2293],[23.4236,59.911,3.4243],[23.4197,59.9143,0.0],[23.4142,59.9146,4.9413],[23.4081,59.9126,0.0],[23.4108,59.9107,4.3041],[23.4031,59.9132,1.7173],[23.3953,59.9132,9.919],[23.3847,59.9104,7.249],[23.3936,59.9076,2.6978],[23.4153,59.9096,1.0403],[23.4069,59.9087,0.7596],[23.4064,59.9071,0.7596],[23.4014,59.9051,1.8016],[23.4008,59.9032,0.0],[23.4114,59.8999,0.0],[23.4108,59.8968,0.0],[23.4164,59.8951,0.0],[23.4236,59.8979,1.2839],[23.4292,59.8957,12.1001],[23.4375,59.8951,4.6856],[23.4397,59.8979,2.3562],[23.4431,59.8985,0.0],[23.4431,59.8999,1.1684],[23.4375,59.9018,3.0666],[23.4442,59.9029,1.8438],[23.4475,59.8993,2.795],[23.4519,59.899,0.0],[23.4531,59.901,3.4023],[23.4619,59.8971,13.2938],[23.4603,59.896,3.34],[23.4547,59.8982,6.6288],[23.4464,59.8976,0.0],[23.4481,59.8957,7.5274],[23.463,59.8951,1.4355],[23.4725,59.8924,-0.3535],[23.4714,59.8965,2.7425],[23.4692,59.8971,11.2647],[23.4719,59.8976,4.3391],[23.4781,59.8943,5.531],[23.4736,59.8924,-0.3535],[23.4764,59.8904,0.0],[23.4953,59.889,0.0],[23.4947,59.891,0.0],[23.4814,59.8929,9.4199],[23.4842,59.8937,0.0],[23.4903,59.8929,1.3884],[23.4908,59.894,9.3],[23.4975,59.891,4.6703],[23.5025,59.891,4.7874],[23.5042,59.8893,0.0],[23.5197,59.8901,2.9651],[23.5208,59.8879,0.0],[23.5347,59.8949,5.5557],[23.5386,59.8937,4.1006],[23.5408,59.8949,0.0],[23.5508,59.891,1.9599],[23.5519,59.8915,1.9599],[23.5508,59.8946,2.0697],[23.5619,59.8932,0.0],[23.5631,59.8963,2.7322],[23.5692,59.8985,0.0],[23.5681,59.9007,0.0],[23.5503,59.9043,0.0],[23.5464,59.9032,0.0],[23.5542,59.9012,7.2311],[23.5569,59.899,10.7475],[23.5419,59.9007,0.0],[23.5381,59.9046,3.5166],[23.5303,59.9043,2.5376],[23.5303,59.9074,0.0],[23.5258,59.9087,7.3087],[23.5336,59.9101,4.7053],[23.5381,59.9087,2.2934],[23.5364,59.9076,0.0],[23.5381,59.906,0.1235],[23.5397,59.906,0.0],[23.5403,59.9079,3.7987],[23.5481,59.9076,0.0],[23.5464,59.911,0.0],[23.5392,59.9115,4.4577],[23.5392,59.9137,6.0662],[23.5414,59.9135,0.0],[23.5414,59.9151,4.6612],[23.5458,59.9165,2.8227],[23.5558,59.9163,1.6133],[23.5586,59.9176,0.4819],[23.5586,59.9201,2.2949],[23.5425,59.919,0.0],[23.5375,59.921,1.5528],[23.5319,59.9174,3.34],[23.5269,59.9176,0.0],[23.5281,59.9135,3.1171],[23.5269,59.9132,12.3998],[23.5242,59.916,0.0],[23.518,59.9171,1.956],[23.5203,59.9182,0.0152],[23.5219,59.9226,2.0611],[23.5275,59.9229,0.0],[23.5264,59.9263,8.3053],[23.5364,59.924,5.0984],[23.5481,59.9243,7.3883],[23.5397,59.9229,1.7248],[23.5436,59.921,2.1095],[23.553,59.9226,6.662],[23.5636,59.9221,11.6811],[23.5669,59.9171,8.0282],[23.5769,59.9185,5.2592],[23.5808,59.9157,4.2015],[23.5864,59.9168,0.0],[23.5853,59.9143,3.2384],[23.5814,59.9132,0.0],[23.5819,59.9115,0.0],[23.5858,59.9115,1.5419],[23.5853,59.909,3.7881],[23.5886,59.9085,8.6808],[23.5853,59.9079,1.8194],[23.5858,59.9063,1.6381],[23.6003,59.9085,0.0],[23.5997,59.9096,0.0],[23.6031,59.911,0.0],[23.6047,59.9096,0.0],[23.6025,59.9085,0.0],[23.6092,59.9068,1.641],[23.6064,59.9049,0.0],[23.6147,59.9046,9.2274],[23.6186,59.9021,6.455],[23.6231,59.9024,0.0],[23.6242,59.9051,0.0],[23.6169,59.909,0.0],[23.6147,59.9082,2.8749],[23.6169,59.9063,7.1852],[23.6114,59.9065,7.4457],[23.6108,59.9085,1.4735],[23.6131,59.9082,-0.5],[23.6136,59.9096,3.1535],[23.6108,59.911,5.7495],[23.6125,59.9115,0.0],[23.6119,59.9137,0.0],[23.6069,59.916,0.6428],[23.6025,59.9143,3.2113],[23.6069,59.9126,0.7336],[23.5942,59.9146,6.6357],[23.6014,59.9143,3.2113],[23.6064,59.9182,9.2493],[23.6119,59.9179,0.0],[23.6119,59.9196,1.0955],[23.6281,59.9188,0.788],[23.6286,59.9199,0.788],[23.6242,59.9207,0.29],[23.6269,59.9221,9.4677],[23.6397,59.9204,7.6637],[23.6414,59.9232,4.6198],[23.6492,59.926,5.5077],[23.6531,59.9257,3.4446],[23.6531,59.9243,1.352],[23.6597,59.9243,8.3139],[23.6547,59.9215,8.6034],[23.6458,59.9229,2.1467],[23.6408,59.9199,11.3013],[23.6336,59.9182,2.1471],[23.6319,59.9163,0.0],[23.6386,59.9143,3.0729],[23.6414,59.9151,0.0],[23.6403,59.9176,18.6644],[23.6447,59.9165,0.0],[23.6464,59.9188,12.4591],[23.6597,59.9185,5.6699],[23.6553,59.9151,10.6365],[23.6503,59.9151,3.0105],[23.6497,59.914,3.0105],[23.6531,59.9132,1.8843],[23.6547,59.9107,0.0],[23.6519,59.9099,0.0],[23.6514,59.9076,1.675],[23.6497,59.9082,1.675],[23.6503,59.9104,0.0],[23.6481,59.9107,4.6834],[23.6492,59.914,3.0105],[23.643,59.9135,1.701],[23.6414,59.911,0.0],[23.6431,59.9087,0.0],[23.6497,59.906,0.8174],[23.6547,59.9071,6.1795],[23.6603,59.906,0.0],[23.6592,59.9082,0.3577],[23.6642,59.9093,4.3196],[23.6631,59.9137,4.2669],[23.6692,59.9154,0.0],[23.6686,59.9168,3.0399],[23.6619,59.9179,1.8388],[23.6642,59.9193,2.4299],[23.6614,59.921,2.7008],[23.6642,59.9218,2.7008],[23.6708,59.9188,6.2449],[23.6731,59.9207,0.0],[23.6725,59.9232,0.0],[23.6792,59.9224,6.6279],[23.6808,59.9251,1.2746],[23.6836,59.9224,2.2144],[23.6864,59.924,9.6323],[23.6919,59.9232,0.0],[23.6897,59.9282,5.232],[23.7008,59.9257,7.0567],[23.7081,59.9271,8.4528],[23.713,59.9221,3.2187],[23.7231,59.9229,0.0],[23.7208,59.9357,2.5649],[23.7186,59.9371,0.0],[23.6997,59.9362,1.0325],[23.6953,59.9354,6.3421],[23.6942,59.9338,6.3421],[23.6769,59.9335,0.7087],[23.6797,59.9318,8.065],[23.6736,59.9304,9.813],[23.6719,59.9335,2.2695],[23.6647,59.9338,0.0],[23.6625,59.9315,5.1954],[23.6436,59.9324,0.0],[23.6408,59.9299,7.5569],[23.6347,59.9315,0.0],[23.6342,59.9338,0.0],[23.6264,59.9374,0.0],[23.6225,59.9376,0.0]]],
[[[23.5453,59.9121,9.5597],[23.5508,59.9137,0.0],[23.5508,59.9151,0.0],[23.5436,59.9137,0.9829],[23.5453,59.9121,9.5597]]],
[[[23.4986,59.9176,0.0],[23.5003,59.919,0.0],[23.4947,59.9185,7.6319],[23.4942,59.9168,0.0],[23.4969,59.9165,2.9481],[23.4986,59.9176,0.0]]],
[[[23.5619,59.9171,1.674],[23.5642,59.9174,3.0744],[23.5631,59.9201,3.189],[23.5603,59.9199,2.6013],[23.5619,59.9171,1.674]]],
[[[23.4925,59.9229,0.0],[23.4853,59.9238,0.0],[23.4792,59.9224,0.0],[23.4808,59.9212,5.4915],[23.4792,59.9201,2.9349],[23.4836,59.919,9.4341],[23.4925,59.9201,4.6172],[23.4908,59.9193,2.5556],[23.4914,59.9179,1.5088],[23.4986,59.9199,0.0],[23.4964,59.9224,4.3053],[23.4925,59.9229,0.0]]],
[[[23.4069,59.9538,9.1478],[23.4081,59.9554,2.0893],[23.4019,59.9546,9.1154],[23.4008,59.9526,2.0507],[23.4042,59.9526,0.3641],[23.4069,59.9538,9.1478]]],
[[[23.4281,59.9546,2.3587],[23.4286,59.9562,0.0],[23.4225,59.956,0.6438],[23.4258,59.9543,3.6857],[23.4281,59.9546,2.3587]]],
[[[23.4086,59.9626,4.8271],[23.4092,59.9651,3.1487],[23.4008,59.9637,0.0],[23.4008,59.9615,0.0],[23.4025,59.961,3.3799],[23.4086,59.9626,4.8271]]],
[[[23.4331,59.9813,1.9371],[23.4342,59.9826,0.6155],[23.4303,59.9832,3.308],[23.4286,59.981,3.965],[23.4314,59.9807,3.965],[23.4331,59.9813,1.9371]]],
[[[23.5475,59.934,0.0],[23.553,59.9338,0.0],[23.5536,59.9346,0.0],[23.5486,59.9351,0.0],[23.5475,59.934,0.0]]],
[[[23.4947,59.9776,0.0],[23.4931,59.9793,1.1754],[23.4842,59.9779,3.1846],[23.4847,59.9763,8.1527],[23.4792,59.9721,0.0],[23.4836,59.9715,0.0],[23.4864,59.9743,0.1293],[23.4914,59.976,2.4887],[23.4925,59.9757,1.5881],[23.4892,59.9729,0.0],[23.5025,59.974,6.6192],[23.5053,59.9768,0.0417],[23.5042,59.9785,3.6826],[23.4947,59.9776,0.0]]],
[[[23.5245,60.0536,0.0],[23.5146,60.0542,0.0],[23.513,60.0526,0.0],[23.5229,60.0521,0.0],[23.5245,60.0536,0.0]]],
[[[23.7258,59.9357,5.1842],[23.7275,59.9362,0.0],[23.7236,59.9371,0.0],[23.7242,59.9354,0.0],[23.7258,59.9357,5.1842]]],
[[[23.8136,59.944,6.872],[23.8147,59.949,7.4623],[23.8108,59.9504,8.9093],[23.8025,59.9443,6.0377],[23.7997,59.9451,2.3484],[23.8014,59.9479,0.0],[23.7997,59.9485,1.4326],[23.7881,59.9418,18.4513],[23.7808,59.9424,2.102],[23.7814,59.9463,1.6622],[23.7775,59.9457,0.0],[23.7781,59.9424,0.0],[23.768,59.9374,0.9116],[23.7675,59.9385,0.9116],[23.7692,59.9413,6.53],[23.7658,59.9451,7.7598],[23.7553,59.9437,3.7671],[23.7547,59.9415,6.075],[23.7514,59.9404,15.2872],[23.7442,59.9413,0.0],[23.7475,59.9399,5.4374],[23.7464,59.9385,0.0],[23.7475,59.9362,3.9317],[23.7442,59.9362,0.0],[23.7442,59.9351,0.0],[23.7481,59.9329,0.0],[23.7508,59.9332,1.1005],[23.7464,59.9307,0.0],[23.7453,59.9263,0.0],[23.7525,59.9254,5.0609],[23.7508,59.9229,0.0],[23.7525,59.9224,5.7251],[23.7575,59.9249,7.5395],[23.7686,59.9229,0.0],[23.7692,59.9251,2.5179],[23.7614,59.9271,15.2151],[23.7642,59.9268,3.1642],[23.7658,59.9285,0.0],[23.7686,59.9276,2.7944],[23.7692,59.929,4.0333],[23.7669,59.9301,4.0333],[23.7764,59.9329,0.0],[23.7814,59.9371,12.5885],[23.7842,59.9371,8.2194],[23.7836,59.9351,0.0],[23.7869,59.9351,7.313],[23.7931,59.9407,11.268],[23.8136,59.944,6.872]]],
[[[23.7347,59.9365,4.7625],[23.7369,59.9371,17.3364],[23.7369,59.9388,0.0],[23.7292,59.9376,7.027],[23.7308,59.9365,0.0],[23.7347,59.9365,4.7625]]],
[[[23.7103,59.9382,0.0],[23.7158,59.9379,0.0],[23.7164,59.9388,0.9584],[23.7108,59.939,0.0],[23.7103,59.9382,0.0]]],
[[[23.7681,59.9585,0.0],[23.7692,59.9596,7.9531],[23.768,59.9601,7.9531],[23.7592,59.9593,0.0],[23.7597,59.9576,0.0],[23.7681,59.9585,0.0]]],
[[[23.7925,59.9604,3.9931],[23.7931,59.9615,0.8368],[23.7908,59.9624,0.0],[23.7831,59.9613,0.0],[23.7886,59.9593,3.9931],[23.7925,59.9604,3.9931]]],
[[[23.6958,59.9185,0.0],[23.6969,59.9199,0.0],[23.6958,59.9212,0.0],[23.6908,59.9207,0.0],[23.6919,59.919,7.5371],[23.6958,59.9185,0.0]]],
[[[23.7014,59.9224,4.81],[23.6997,59.9251,13.5474],[23.6964,59.9251,13.5474],[23.6975,59.9218,0.0],[23.7014,59.9224,4.81]]],
[[[23.6906,60.4522,110.8305],[23.6901,60.4477,111.2128],[23.6992,60.4475,102.3025],[23.6997,60.452,120.7413],[23.6906,60.4522,110.8305]]],
[[[23.6703,59.8732,0.0],[23.6753,59.8737,0.0],[23.6758,59.876,0.0],[23.6725,59.8763,4.2223],[23.6642,59.8735,0.0],[23.6636,59.8721,0.0],[23.6681,59.8721,4.9972],[23.6703,59.8732,0.0]]],
[[[23.5842,59.874,2.9747],[23.5819,59.8751,7.4301],[23.5775,59.8749,1.812],[23.5819,59.8732,0.0],[23.5842,59.874,2.9747]]],
[[[23.6169,59.8749,0.0],[23.6186,59.874,1.38],[23.6225,59.8771,0.0],[23.6175,59.8765,0.0],[23.6169,59.8749,0.0]]],
[[[23.6653,59.8771,0.0],[23.6658,59.8793,0.0],[23.6603,59.8779,0.7182],[23.6603,59.8765,0.0],[23.6653,59.8771,0.0]]],
[[[23.7158,59.8671,0.0],[23.7186,59.8668,0.0],[23.7181,59.8696,0.0],[23.7125,59.869,0.0],[23.7158,59.8679,0.0],[23.7158,59.8671,0.0]]],
[[[23.7325,59.8732,0.1655],[23.7364,59.8726,0.6954],[23.7369,59.8737,0.6954],[23.7342,59.8749,0.0],[23.7325,59.8732,0.1655]]],
[[[23.7442,59.8818,0.0],[23.7475,59.8818,1.2176],[23.7475,59.8804,0.0],[23.7497,59.881,0.0],[23.7486,59.8824,0.0],[23.7442,59.8818,0.0]]],
[[[23.7486,59.886,2.1377],[23.7514,59.8868,0.0],[23.7514,59.8885,1.2095],[23.7442,59.8888,0.0],[23.7381,59.8871,0.0],[23.7375,59.8851,0.0],[23.7425,59.8846,0.0],[23.7486,59.886,2.1377]]],
[[[23.6364,59.8765,1.7961],[23.6403,59.8763,1.7961],[23.6414,59.8799,0.0],[23.6369,59.8788,0.0],[23.6364,59.8765,1.7961]]],
[[[23.6581,59.8804,3.7639],[23.6575,59.8793,3.7639],[23.6592,59.879,7.5366],[23.6658,59.8801,0.0],[23.6642,59.8812,2.5985],[23.6581,59.8804,3.7639]]],
[[[23.5814,59.8801,0.0],[23.5847,59.8801,0.0],[23.5825,59.8815,8.3273],[23.5825,59.884,0.0],[23.5764,59.8821,0.0],[23.5769,59.8807,2.45],[23.5814,59.8801,0.0]]],
[[[23.5897,59.881,2.4363],[23.5914,59.8812,0.0],[23.5903,59.884,0.0],[23.5842,59.884,0.0],[23.5864,59.8807,0.0],[23.5897,59.881,2.4363]]],
[[[23.7008,59.8882,1.7585],[23.6992,59.8899,6.4815],[23.6936,59.8896,0.0],[23.6858,59.8863,0.0],[23.6881,59.8849,4.8598],[23.6858,59.8838,0.0],[23.6864,59.8824,0.0],[23.6786,59.8818,0.0],[23.678,59.8796,0.0],[23.6808,59.8779,1.1489],[23.6769,59.8779,0.0],[23.6758,59.8765,0.0],[23.6803,59.876,0.0],[23.6842,59.879,3.8744],[23.6925,59.8807,0.0],[23.6925,59.8826,0.0828],[23.6947,59.881,0.7661],[23.6986,59.8815,0.9966],[23.7008,59.8832,0.0],[23.6964,59.8843,2.5701],[23.7014,59.8868,0.0],[23.7008,59.8882,1.7585]]],
[[[23.6003,59.8835,0.0],[23.6042,59.8826,0.6254],[23.6047,59.8849,5.5756],[23.5997,59.8843,1.7908],[23.6003,59.8835,0.0]]],
[[[23.7147,59.886,1.2423],[23.7075,59.8865,3.1633],[23.7025,59.8824,1.5448],[23.7075,59.881,0.9785],[23.7086,59.8821,0.0],[23.7058,59.8832,7.856],[23.7125,59.8843,7.0086],[23.7125,59.8829,0.9502],[23.7164,59.8824,3.7089],[23.7197,59.8846,0.0],[23.7147,59.886,1.2423]]],
[[[23.6408,59.8849,0.0],[23.6442,59.8851,0.0],[23.6442,59.8865,3.182],[23.6419,59.8879,2.0229],[23.6231,59.8874,0.0],[23.6231,59.8851,1.4292],[23.6197,59.8835,0.0],[23.6308,59.8832,0.0],[23.6408,59.8849,0.0]]],
[[[23.8353,59.8965,0.0],[23.8375,59.8982,0.0],[23.8347,59.8985,3.9898],[23.8286,59.8954,0.0],[23.8331,59.8949,0.3664],[23.8353,59.8965,0.0]]],
[[[23.8619,59.8968,0.4611],[23.8597,59.8988,0.0],[23.8564,59.8985,0.0],[23.8597,59.8954,0.0],[23.8625,59.896,0.4611],[23.8619,59.8968,0.4611]]],
[[[23.8714,59.9018,0.0],[23.8747,59.9026,6.311],[23.8747,59.9043,2.2764],[23.8681,59.9043,0.0],[23.8642,59.9026,0.0],[23.8647,59.9007,4.0966],[23.8714,59.9018,0.0]]],
[[[23.8353,59.9021,1.0139],[23.8353,59.9043,1.1515],[23.8319,59.9051,6.166],[23.8303,59.9046,1.9451],[23.8314,59.9032,8.2076],[23.8281,59.9026,1.0401],[23.8319,59.9007,3.3653],[23.8353,59.9021,1.0139]]],
[[[23.8197,59.9051,0.0],[23.8169,59.9071,0.0],[23.8136,59.9065,0.0],[23.8136,59.9051,0.0],[23.8208,59.9026,0.9459],[23.8197,59.9051,0.0]]],
[[[23.7708,59.9065,1.2343],[23.7731,59.9068,1.2394],[23.7669,59.9074,0.0],[23.7669,59.9063,0.9998],[23.7708,59.9065,1.2343]]],
[[[23.7853,59.9071,0.0],[23.7836,59.9087,4.9083],[23.7786,59.909,0.0],[23.7786,59.9076,0.7338],[23.7819,59.9074,5.5819],[23.7831,59.9051,0.0],[23.7853,59.9071,0.0]]],
[[[23.7875,59.9068,0.0],[23.7903,59.9065,0.0],[23.7903,59.9074,0.0],[23.7858,59.9085,0.0],[23.7875,59.9068,0.0]]],
[[[23.8114,59.9074,0.0],[23.8136,59.9093,1.0352],[23.8114,59.9096,1.0352],[23.8058,59.906,0.0],[23.8119,59.9065,0.0],[23.8114,59.9074,0.0]]],
[[[23.8042,59.9082,10.7211],[23.8069,59.9076,0.8499],[23.8081,59.911,1.1986],[23.8014,59.909,1.9621],[23.8008,59.9046,0.708],[23.8036,59.9049,0.7879],[23.8042,59.9082,10.7211]]],
[[[23.7408,59.9068,0.0],[23.7431,59.9087,0.0],[23.7386,59.9076,0.0],[23.7386,59.9065,0.0],[23.7408,59.9068,0.0]]],
[[[23.7492,59.9079,4.0231],[23.7519,59.9101,0.0],[23.7464,59.9099,0.0],[23.7464,59.9079,0.0],[23.7492,59.9079,4.0231]]],
[[[23.8625,59.9113,8.6515],[23.8503,59.9124,0.0],[23.8481,59.9101,0.6703],[23.8547,59.9082,1.7856],[23.8569,59.9046,5.5012],[23.8614,59.9032,0.0],[23.8608,59.9071,6.9482],[23.8625,59.9079,6.9482],[23.8625,59.9113,8.6515]]],
[[[23.8825,59.9079,0.833],[23.8836,59.9093,0.0],[23.8769,59.9101,0.0],[23.8792,59.9071,3.1108],[23.8825,59.9079,0.833]]],
[[[23.8225,59.9107,4.9576],[23.8258,59.9107,3.5644],[23.8264,59.9121,0.0],[23.8247,59.9132,0.0],[23.8208,59.9124,0.0],[23.8225,59.9107,4.9576]]],
[[[23.8292,59.911,0.0],[23.8336,59.9107,2.0389],[23.8342,59.9118,0.0],[23.8303,59.9135,2.2877],[23.8292,59.911,0.0]]],
[[[23.8847,59.9132,8.1127],[23.8775,59.9143,1.3495],[23.8814,59.9099,0.0],[23.8853,59.9104,0.0],[23.8847,59.9132,8.1127]]],
[[[23.8653,59.9118,0.0],[23.8675,59.9118,0.0],[23.8697,59.914,0.0],[23.8642,59.9146,0.0],[23.8653,59.9118,0.0]]],
[[[23.9364,59.9126,1.5892],[23.9403,59.9126,0.3156],[23.9408,59.914,0.0],[23.9336,59.9143,0.0],[23.9364,59.9126,1.5892]]],
[[[23.9075,59.9143,0.2619],[23.9042,59.916,0.0],[23.8981,59.916,0.0],[23.8992,59.914,0.0],[23.9075,59.9143,0.2619]]],
[[[23.7808,59.9118,0.0],[23.7836,59.9132,0.0],[23.7769,59.9137,0.0],[23.7769,59.9132,0.0],[23.7808,59.9118,0.0]]],
[[[23.7303,59.9121,2.857],[23.7331,59.9121,4.2512],[23.7347,59.914,1.4672],[23.7314,59.9143,1.4672],[23.7303,59.9121,2.857]]],
[[[23.7919,59.9126,1.9545],[23.7958,59.9124,2.7273],[23.7975,59.9143,0.0],[23.7936,59.9137,2.1328],[23.7919,59.9126,1.9545]]],
[[[23.8214,59.9135,0.0],[23.8242,59.916,0.0],[23.8175,59.9154,1.5055],[23.8175,59.914,1.5055],[23.8214,59.9135,0.0]]],
[[[23.9947,59.911,2.6852],[23.9969,59.9118,0.0],[23.9881,59.9124,0.0],[23.9919,59.9104,0.0],[23.9947,59.911,2.6852]]],
[[[24.0197,59.9115,0.0],[24.0214,59.9121,0.0],[24.0153,59.9121,0.0],[24.0164,59.9107,0.7517],[24.0197,59.9115,0.0]]],
[[[24.0092,59.9143,0.0],[24.0086,59.9157,0.0],[24.0047,59.916,0.0],[24.0064,59.914,0.0],[24.0092,59.9143,0.0]]],
[[[24.0025,59.916,7.2384],[23.9975,59.9176,0.0],[23.9864,59.9174,0.0],[23.9903,59.9154,1.2318],[23.9875,59.9146,0.0],[23.9892,59.9135,0.0],[23.9947,59.9149,0.9026],[24.0019,59.9143,2.8486],[24.0036,59.9151,0.0],[24.0025,59.916,7.2384]]],
[[[23.9447,59.9151,0.0],[23.9486,59.914,3.421],[23.9503,59.9163,0.0],[23.9403,59.916,1.3511],[23.9447,59.9151,0.0]]],
[[[23.8342,59.916,1.3514],[23.8369,59.9163,0.0],[23.8286,59.9165,1.1669],[23.8297,59.9149,0.0],[23.8342,59.916,1.3514]]],
[[[23.9164,59.9163,0.0],[23.9164,59.9171,0.0],[23.9081,59.9179,0.0],[23.9086,59.9163,0.0],[23.9164,59.9163,0.0]]],
[[[23.9425,59.9176,5.3772],[23.9408,59.9193,0.0],[23.9369,59.9182,0.0],[23.938,59.9174,0.0],[23.9425,59.9176,5.3772]]],
[[[23.9581,59.9149,0.0],[23.9614,59.9146,0.0],[23.9619,59.916,0.0],[23.9558,59.9163,0.0],[23.9581,59.9149,0.0]]],
[[[24.0197,59.9154,0.0],[24.0142,59.9168,0.0],[24.0164,59.9143,0.0],[24.0231,59.9149,0.0],[24.0197,59.9154,0.0]]],
[[[24.0131,59.9154,0.0],[24.0108,59.9168,0.0],[24.0075,59.9165,0.0],[24.0103,59.9154,0.0],[24.0131,59.9154,0.0]]],
[[[24.0142,59.9182,0.0],[24.0153,59.9193,0.0],[24.0097,59.9199,1.3736],[24.0097,59.9188,1.3736],[24.0142,59.9182,0.0]]],
[[[24.0042,59.9196,3.2637],[24.0058,59.921,0.0],[23.9975,59.9215,6.0829],[23.9903,59.919,0.0],[24.0031,59.9188,3.2637],[24.0042,59.9196,3.2637]]],
[[[23.9558,59.921,0.0],[23.9597,59.9207,0.0],[23.9608,59.9224,1.0342],[23.9542,59.9224,0.0],[23.9558,59.921,0.0]]],
[[[24.0125,59.9201,1.3736],[24.0136,59.9226,0.0],[24.0103,59.9232,1.3587],[24.0097,59.9215,0.7835],[24.0125,59.9201,1.3736]]],
[[[23.9975,59.9232,0.0],[23.9914,59.9246,1.4562],[23.9858,59.9218,0.3026],[23.9892,59.9212,1.7228],[23.9975,59.9232,0.0]]],
[[[23.8997,59.9179,1.364],[23.9042,59.9176,0.0],[23.9047,59.9193,0.0],[23.8997,59.9199,3.264],[23.8997,59.9179,1.364]]],
[[[23.8681,59.9246,0.0],[23.8664,59.9268,9.3677],[23.8531,59.9265,2.7312],[23.8525,59.9251,1.3827],[23.8542,59.9238,1.3827],[23.8469,59.9232,8.5905],[23.8447,59.9221,0.0],[23.8469,59.9204,6.9685],[23.8431,59.9201,0.0],[23.8442,59.9185,10.9834],[23.8414,59.9179,0.0],[23.8475,59.9163,1.7375],[23.8503,59.9179,2.3527],[23.8569,59.9168,0.0],[23.8603,59.9182,0.0],[23.8608,59.9232,1.6962],[23.8681,59.9246,0.0]]],
[[[23.9347,59.9207,5.8547],[23.9375,59.921,0.0],[23.9375,59.9224,1.0453],[23.9325,59.9232,0.0],[23.9303,59.9221,0.0],[23.9314,59.921,0.9684],[23.9347,59.9207,5.8547]]],
[[[23.8669,59.9224,8.4747],[23.8697,59.9221,0.0],[23.8703,59.9238,0.0],[23.8653,59.9235,1.776],[23.8669,59.9224,8.4747]]],
[[[23.9442,59.9238,7.022],[23.9464,59.9249,1.1822],[23.9397,59.9249,1.878],[23.9375,59.9232,1.0453],[23.9431,59.9218,0.0],[23.9453,59.9224,0.0],[23.9442,59.9238,7.022]]],
[[[23.932,59.926,3.9483],[23.9264,59.9274,0.0],[23.9197,59.926,2.3457],[23.9142,59.9271,0.0],[23.9136,59.9254,8.6682],[23.9103,59.9243,4.3777],[23.9031,59.9263,1.5327],[23.9008,59.9254,0.0],[23.9025,59.9235,2.1201],[23.8958,59.9251,1.6659],[23.8947,59.9235,1.1906],[23.8986,59.921,2.0317],[23.9036,59.9212,2.301],[23.9025,59.9224,2.1201],[23.9036,59.9229,2.1201],[23.9053,59.9204,0.0],[23.9103,59.9201,0.0],[23.9103,59.9229,0.0],[23.9119,59.9229,0.0],[23.9153,59.9207,4.8092],[23.9197,59.9204,0.0],[23.9186,59.9218,2.7005],[23.9197,59.9229,5.0208],[23.9147,59.9235,3.4475],[23.9231,59.9238,4.8709],[23.9242,59.9251,4.8709],[23.9275,59.9238,0.0],[23.932,59.926,3.9483]]],
[[[23.9597,59.924,1.1812],[23.9636,59.9263,0.0],[23.9475,59.9254,1.9408],[23.9497,59.9218,0.0],[23.9525,59.9232,0.0],[23.9525,59.9249,0.8159],[23.9597,59.924,1.1812]]],
[[[23.8286,59.9282,0.0],[23.8292,59.9299,1.7965],[23.8269,59.9315,1.3838],[23.8247,59.9282,3.3206],[23.8197,59.9293,0.0],[23.8114,59.9274,0.0],[23.8097,59.9251,12.9787],[23.8042,59.9254,1.5888],[23.8025,59.9238,1.5888],[23.8064,59.9218,0.0],[23.8136,59.9224,6.2165],[23.8103,59.9212,0.0],[23.8119,59.9199,0.0],[23.8242,59.9218,11.3766],[23.8247,59.9204,12.8764],[23.8219,59.9193,4.0959],[23.8253,59.9179,1.3605],[23.8353,59.9179,0.0],[23.8347,59.919,9.7274],[23.8397,59.9185,0.0],[23.8425,59.9212,0.0],[23.8403,59.9229,5.7477],[23.8486,59.9243,0.0],[23.8458,59.9271,0.0],[23.8414,59.9276,0.0],[23.8342,59.9276,2.9195],[23.8353,59.9263,4.6798],[23.8342,59.9251,1.437],[23.8364,59.9232,11.168],[23.8286,59.9263,6.0484],[23.8231,59.9257,5.9194],[23.8236,59.9268,4.2387],[23.8286,59.9282,0.0]]],
[[[23.6825,59.9151,3.1576],[23.6803,59.9171,0.0],[23.6764,59.9168,2.7564],[23.6797,59.9121,5.6975],[23.6847,59.9126,0.0],[23.6825,59.9151,3.1576]]],
[[[23.6175,59.9146,8.8628],[23.6197,59.9171,0.0],[23.6097,59.9157,0.0],[23.6142,59.9135,0.0],[23.6175,59.9146,8.8628]]],
[[[23.6531,59.9176,0.0],[23.6508,59.9165,0.0],[23.6569,59.9168,6.9142],[23.6569,59.9179,0.0],[23.6531,59.9176,0.0]]],
[[[23.6897,59.9176,0.0],[23.6914,59.9193,3.1356],[23.6875,59.9204,0.0],[23.6875,59.919,0.0],[23.6897,59.9176,0.0]]],
[[[23.7997,59.9149,0.0],[23.803,59.9154,0.0],[23.8036,59.9163,0.0],[23.7986,59.916,0.0],[23.7997,59.9149,0.0]]],
[[[23.7164,59.9154,0.0],[23.7186,59.9151,0.0],[23.7192,59.9179,0.0],[23.7125,59.9168,1.9646],[23.7131,59.9157,1.9646],[23.7164,59.9154,0.0]]],
[[[23.7747,59.9182,0.0],[23.7781,59.9179,0.0],[23.7786,59.9193,0.0],[23.7731,59.9196,0.0],[23.7747,59.9182,0.0]]],
[[[23.7808,59.9201,0.0],[23.7842,59.9212,2.3109],[23.7842,59.9226,4.1367],[23.7786,59.9218,3.2218],[23.7808,59.9201,0.0]]],
[[[23.7936,59.9232,0.0],[23.7981,59.9229,0.0],[23.7997,59.9249,0.0],[23.7975,59.9249,2.1808],[23.7936,59.9232,0.0]]],
[[[23.7236,59.9268,0.0],[23.7308,59.9268,0.0],[23.7308,59.9282,2.0137],[23.723,59.9285,1.4629],[23.7236,59.9268,0.0]]],
[[[23.7803,59.9296,11.9182],[23.7808,59.9304,0.0],[23.7764,59.9318,2.3688],[23.7725,59.9307,1.2602],[23.7758,59.9268,0.0],[23.7831,59.9285,0.0],[23.7803,59.9296,11.9182]]],
[[[23.8125,59.929,10.5494],[23.8175,59.9296,0.0],[23.8181,59.931,2.9846],[23.8086,59.9313,0.0],[23.8047,59.9274,0.0],[23.8081,59.9274,3.1809],[23.8125,59.929,10.5494]]],
[[[23.7403,59.9282,0.0],[23.7425,59.9285,0.0],[23.7436,59.9307,0.0],[23.7325,59.9304,0.0],[23.7336,59.9285,0.0],[23.7403,59.9282,0.0]]],
[[[23.7275,59.929,2.0537],[23.7286,59.9313,2.2544],[23.7269,59.9321,0.0],[23.7219,59.931,0.6669],[23.723,59.929,3.3082],[23.7275,59.929,2.0537]]],
[[[23.7969,59.9301,0.0],[23.7992,59.9318,0.0],[23.7936,59.9307,0.0],[23.7942,59.9296,0.0],[23.7969,59.9301,0.0]]],
[[[23.7936,59.9357,11.5836],[23.7947,59.9382,8.2191],[23.7925,59.939,7.9276],[23.7819,59.9307,0.0],[23.7842,59.9304,0.0],[23.7936,59.9357,11.5836]]],
[[[23.8769,59.9343,9.0312],[23.8708,59.9362,2.3434],[23.8642,59.9329,0.0],[23.8786,59.9296,0.0],[23.8769,59.9265,0.0],[23.8819,59.9263,6.5742],[23.8825,59.924,1.5812],[23.8858,59.9232,1.4305],[23.8825,59.9218,5.03],[23.8847,59.919,0.0],[23.8897,59.919,0.0],[23.8897,59.9221,3.7597],[23.8914,59.9207,0.0],[23.8942,59.9212,0.0],[23.8903,59.9235,3.7597],[23.8908,59.9257,0.0],[23.8881,59.9271,3.37],[23.8903,59.9285,0.0],[23.8908,59.9315,3.2286],[23.8769,59.9343,9.0312]]],
[[[23.9031,59.9285,5.3887],[23.8953,59.9299,6.0417],[23.893,59.9271,0.0],[23.8975,59.9257,5.8031],[23.9031,59.9271,5.3887],[23.9031,59.9285,5.3887]]],
[[[23.8647,59.9324,6.8312],[23.8508,59.9335,6.2759],[23.8453,59.9313,0.8241],[23.8447,59.9296,1.4698],[23.848,59.9285,0.0],[23.8525,59.9285,0.0],[23.8553,59.9301,0.0],[23.8597,59.9293,3.2161],[23.8664,59.931,3.0117],[23.8647,59.9324,6.8312]]],
[[[23.8414,59.934,0.0],[23.8386,59.9329,7.7083],[23.8392,59.9346,2.8018],[23.8358,59.9346,1.9215],[23.8292,59.9313,1.6699],[23.8314,59.9296,0.0],[23.8375,59.9296,0.0],[23.8442,59.9321,0.0],[23.8442,59.9338,8.6484],[23.8414,59.934,0.0]]],
[[[23.9636,59.9279,0.0],[23.9631,59.9299,2.9082],[23.953,59.9301,1.0857],[23.9558,59.9285,0.0],[23.9636,59.9279,0.0]]],
[[[23.9864,59.9351,0.0],[23.9908,59.9362,0.0],[23.9603,59.9362,1.3004],[23.9608,59.9351,0.0],[23.9675,59.9354,0.0],[23.9703,59.9335,0.0],[23.9831,59.9338,8.5495],[23.9836,59.9329,5.0017],[23.9769,59.9307,0.0],[23.9781,59.9279,1.1956],[23.9808,59.9274,5.5052],[23.9847,59.9276,0.0],[23.9842,59.9293,1.0407],[23.9858,59.9301,1.0407],[23.9925,59.929,0.1755],[23.9864,59.9324,5.7267],[23.9931,59.931,1.1337],[23.9964,59.931,0.0],[23.9953,59.9324,3.969],[24.0014,59.9318,0.0],[23.9958,59.9343,0.0],[23.9908,59.9329,2.672],[23.9864,59.9351,0.0]]],
[[[23.9636,59.9315,0.0],[23.9653,59.9335,0.0],[23.9597,59.9335,3.0439],[23.9608,59.931,0.7166],[23.9636,59.9315,0.0]]],
[[[24.0236,59.9332,1.5654],[24.0225,59.9346,0.0],[24.0236,59.936,0.0],[24.0214,59.9362,0.0],[24.0108,59.9318,0.0],[24.0108,59.9304,0.0],[24.0153,59.9287,0.0],[24.0175,59.9304,0.0],[24.0242,59.931,0.0],[24.0236,59.9332,1.5654]]],
[[[23.9269,59.9343,0.0],[23.9175,59.9357,0.0],[23.9125,59.9296,2.2448],[23.9153,59.9285,0.0],[23.9269,59.9321,0.0],[23.928,59.9335,0.0],[23.9269,59.9343,0.0]]],
[[[23.9019,59.9332,0.0],[23.8964,59.9351,0.0],[23.8997,59.9321,3.1269],[23.9025,59.9318,0.0],[23.9019,59.9332,0.0]]],
[[[23.8514,59.9351,1.7452],[23.8464,59.9368,3.3317],[23.8442,59.9357,1.5296],[23.8442,59.934,8.6484],[23.848,59.9332,0.0],[23.8514,59.9351,1.7452]]],
[[[23.9558,59.9376,0.0],[23.9514,59.939,0.0],[23.9514,59.9404,0.0],[23.9475,59.9404,4.9798],[23.9464,59.939,0.0],[23.9336,59.9371,4.9346],[23.9292,59.9335,2.3414],[23.9331,59.931,1.5896],[23.9492,59.9304,0.0],[23.9503,59.9324,4.2219],[23.9536,59.9318,0.0],[23.9558,59.9332,1.8544],[23.9542,59.9362,6.0362],[23.9575,59.9371,0.0],[23.9558,59.9376,0.0]]],
[[[23.8892,59.9349,0.0],[23.8892,59.9368,4.1201],[23.8842,59.9374,0.0],[23.8853,59.9351,0.0],[23.8892,59.9349,0.0]]],
[[[23.8653,59.9385,2.3457],[23.8619,59.9382,0.0],[23.8619,59.9368,0.0],[23.8653,59.9368,0.0],[23.8653,59.9385,2.3457]]],
[[[23.8775,59.9368,1.9905],[23.8803,59.9362,0.0],[23.8797,59.9393,0.0],[23.8731,59.9393,0.5629],[23.8731,59.9385,0.0],[23.8775,59.9368,1.9905]]],
[[[23.8458,59.9371,1.3738],[23.8519,59.9382,1.5003],[23.8519,59.939,0.0],[23.8453,59.9382,1.3738],[23.8458,59.9371,1.3738]]],
[[[23.9153,59.9413,0.0],[23.9086,59.9426,0.0],[23.9075,59.9407,0.0],[23.9031,59.9393,0.9359],[23.9031,59.9362,0.0],[23.9097,59.9346,0.0],[23.9097,59.936,10.4077],[23.9136,59.9362,2.2133],[23.9136,59.9376,3.0044],[23.9086,59.9385,12.1536],[23.9169,59.939,0.0],[23.9153,59.9413,0.0]]],
[[[23.8953,59.9385,0.0],[23.8903,59.9404,0.0],[23.8936,59.9371,0.0],[23.8958,59.9374,0.0],[23.8953,59.9385,0.0]]],
[[[23.9019,59.9399,0.9359],[23.9008,59.9413,4.6029],[23.8964,59.9413,0.0],[23.8969,59.9401,0.0],[23.9019,59.9399,0.9359]]],
[[[23.8803,59.9407,0.0],[23.8797,59.9399,0.0],[23.8853,59.9396,0.0],[23.8864,59.9415,3.8323],[23.8836,59.9418,2.1816],[23.8803,59.9407,0.0]]],
[[[23.9581,59.9418,0.0],[23.9542,59.9418,0.0],[23.9536,59.9407,0.0],[23.9569,59.9401,0.0],[23.9581,59.9418,0.0]]],
[[[23.9453,59.9435,0.0],[23.9475,59.9451,0.0],[23.9397,59.9449,4.837],[23.9386,59.9429,0.0],[23.9436,59.9413,1.5316],[23.9453,59.9418,0.0],[23.9453,59.9435,0.0]]],
[[[23.9492,59.9429,3.0757],[23.953,59.9432,0.0],[23.9519,59.9446,0.0],[23.9475,59.9437,0.0],[23.9492,59.9429,3.0757]]],
[[[23.9108,59.944,0.0],[23.9081,59.9457,0.0],[23.9058,59.9457,0.0],[23.9075,59.9435,0.0],[23.9108,59.944,0.0]]],
[[[23.7742,59.9515,1.7743],[23.7758,59.9532,2.6602],[23.7697,59.9535,0.0],[23.7669,59.9479,6.7443],[23.7636,59.9465,0.0],[23.7747,59.9449,0.0],[23.7786,59.9468,0.0],[23.7786,59.949,0.0],[23.7719,59.9493,11.9228],[23.7742,59.9515,1.7743]]],
[[[23.7769,59.9501,0.0],[23.7797,59.9499,0.0],[23.7808,59.9521,4.867],[23.7758,59.9518,1.7743],[23.7769,59.9501,0.0]]],
[[[23.7825,59.9538,0.0],[23.7786,59.9538,0.0],[23.7775,59.9529,1.3787],[23.7836,59.9526,1.7957],[23.7825,59.9538,0.0]]],
[[[23.7819,59.9588,0.0],[23.7769,59.9585,4.0318],[23.7769,59.9571,4.0318],[23.7819,59.9571,9.9852],[23.7819,59.9588,0.0]]],
[[[23.9997,59.9513,0.0],[23.9947,59.9526,0.0],[23.9897,59.9513,1.2418],[23.9914,59.9493,1.8718],[23.9875,59.9485,0.0],[23.9914,59.9485,0.0],[23.9908,59.9471,0.0],[23.9931,59.9468,0.0],[24.0031,59.9482,0.0],[24.0008,59.9501,0.0],[24.0047,59.9493,0.0],[23.9997,59.9513,0.0]]],
[[[23.9881,59.9538,0.0],[23.9808,59.9551,7.3722],[23.9747,59.9535,3.8123],[23.9742,59.9521,3.8123],[23.9869,59.9507,1.2418],[23.9914,59.9524,8.4196],[23.9925,59.9543,0.0],[23.9881,59.9538,0.0]]],
[[[23.9742,59.9551,0.0],[23.9747,59.9562,0.0],[23.9719,59.9574,0.0],[23.9636,59.9571,0.0],[23.9658,59.9554,0.0],[23.9742,59.9551,0.0]]],
[[[24.0008,59.959,0.0],[23.9969,59.9613,1.7782],[23.9925,59.9607,0.0],[23.9931,59.959,1.9177],[24.0058,59.9551,0.0],[24.0203,59.9574,0.0],[24.0153,59.9593,0.0],[24.0008,59.959,0.0]]],
[[[24.3781,59.9551,0.2164],[24.3797,59.9565,0.0],[24.3786,59.9576,0.0],[24.3719,59.9551,14.1721],[24.3703,59.9568,0.0],[24.3664,59.9562,0.1508],[24.3669,59.9538,4.5344],[24.3603,59.9518,3.8977],[24.3592,59.949,7.2785],[24.3625,59.9468,0.5354],[24.3592,59.946,0.5354],[24.3619,59.9446,0.2102],[24.3675,59.9454,0.0],[24.3692,59.9474,4.4625],[24.3719,59.946,1.2361],[24.3753,59.9465,0.6318],[24.3781,59.9496,0.0],[24.3781,59.9551,0.2164]]],
[[[24.1453,59.9818,2.1102],[24.1303,59.9824,0.9319],[24.1336,59.9804,0.0],[24.1342,59.9818,2.6172],[24.1375,59.9818,1.8556],[24.1414,59.9796,0.0],[24.1464,59.9801,0.0],[24.1453,59.9818,2.1102]]],
[[[24.3047,59.9821,0.7629],[24.3053,59.9837,0.0],[24.3008,59.9843,0.0],[24.3008,59.9832,0.0],[24.3047,59.9821,0.7629]]],
[[[24.1792,59.9871,0.0],[24.1742,59.9868,8.3931],[24.1703,59.9885,3.0439],[24.1708,59.9863,1.9225],[24.1658,59.9843,4.9446],[24.1675,59.9865,0.0],[24.1608,59.9874,0.0],[24.1569,59.9863,3.1853],[24.1597,59.984,0.0],[24.1514,59.9832,0.0],[24.1564,59.9826,0.4648],[24.1558,59.9804,0.0],[24.1575,59.9796,0.0],[24.1619,59.9793,0.0],[24.1608,59.9815,0.0],[24.1625,59.9821,3.7655],[24.1764,59.9826,1.265],[24.1775,59.9837,0.0],[24.1742,59.9851,3.9215],[24.1792,59.986,0.3558],[24.1792,59.9871,0.0]]],
[[[24.0942,59.9835,0.0],[24.0964,59.984,1.6846],[24.0969,59.9851,1.6846],[24.0914,59.984,0.5215],[24.0942,59.9835,0.0]]],
[[[24.2003,59.9876,7.3595],[24.1869,59.9888,0.0],[24.1864,59.9865,0.0],[24.1914,59.9857,1.299],[24.1875,59.9854,0.0],[24.1864,59.9835,0.0],[24.1936,59.9815,0.0],[24.1964,59.9832,0.0],[24.2025,59.9826,0.0],[24.2042,59.9843,2.2203],[24.2169,59.9854,0.0],[24.2136,59.9871,0.0],[24.2069,59.9863,2.0525],[24.2003,59.9876,7.3595]]],
[[[24.1381,59.9846,1.03],[24.1408,59.9854,1.2395],[24.1347,59.986,0.6592],[24.1358,59.9851,0.0],[24.1381,59.9846,1.03]]],
[[[24.3492,59.9871,3.6925],[24.3492,59.9882,3.6925],[24.3425,59.9888,0.0],[24.3425,59.9874,1.5419],[24.3458,59.9863,0.1552],[24.3492,59.9871,3.6925]]],
[[[23.9875,59.9771,0.0],[23.9792,59.9779,0.0],[23.9792,59.9768,0.0],[23.9853,59.976,3.7468],[23.9881,59.976,0.0],[23.9875,59.9771,0.0]]],
[[[24.0258,59.9899,1.6517],[24.0208,59.9901,1.1683],[24.0203,59.9885,0.0],[24.0308,59.9879,0.0],[24.0303,59.9893,0.0],[24.0258,59.9899,1.6517]]],
[[[24.0431,59.996,0.0],[24.0397,59.9974,0.0],[24.0358,59.9965,3.927],[24.0392,59.9896,0.0],[24.0425,59.9865,0.8598],[24.0519,59.9849,0.9992],[24.0508,59.9863,0.4876],[24.0581,59.9865,0.0],[24.0564,59.9893,0.0],[24.0586,59.9901,0.0],[24.0431,59.996,0.0]]],
[[[24.0342,59.9935,0.0],[24.0258,59.9949,1.4076],[24.0247,59.9918,0.0],[24.0331,59.9912,0.0],[24.0353,59.9926,0.0],[24.0342,59.9935,0.0]]],
[[[24.2353,59.9874,0.3437],[24.2386,59.9879,0.4489],[24.2392,59.989,0.0],[24.2353,59.9885,0.3437],[24.2353,59.9874,0.3437]]],
[[[24.1069,59.9924,0.0],[24.0992,59.9938,0.0],[24.0753,59.9929,1.8246],[24.0758,59.9918,0.0],[24.0964,59.9901,0.0],[24.0986,59.9885,0.0],[24.1103,59.9893,4.1496],[24.1342,59.9857,1.5204],[24.1281,59.9885,8.1177],[24.1269,59.991,0.0],[24.1225,59.9921,0.0],[24.1181,59.9904,4.4313],[24.1158,59.9926,0.0],[24.1069,59.9924,0.0]]],
[[[24.1342,59.9893,4.3657],[24.1358,59.9901,0.0],[24.1347,59.9915,0.0],[24.1281,59.9912,0.0],[24.1292,59.9896,0.0],[24.1342,59.9893,4.3657]]],
[[[24.3664,59.9893,1.785],[24.3692,59.9912,0.0],[24.3692,59.9932,0.0],[24.3647,59.9921,1.1438],[24.3636,59.9896,0.0],[24.3664,59.9893,1.785]]],
[[[24.3669,59.9104,0.0],[24.3697,59.9124,0.0],[24.3636,59.9115,0.0],[24.3642,59.9107,0.0],[24.3669,59.9104,0.0]]],
[[[24.3381,59.9154,0.0],[24.3414,59.9171,0.0],[24.3386,59.9174,0.0],[24.3347,59.9151,0.7286],[24.3336,59.9124,0.0],[24.3386,59.9124,0.0],[24.3369,59.914,0.0],[24.3381,59.9154,0.0]]],
[[[24.0692,59.9149,0.0],[24.0719,59.9171,0.0],[24.0692,59.9174,0.0],[24.0636,59.9137,0.0],[24.0675,59.9132,0.0],[24.0692,59.9149,0.0]]],
[[[24.3553,59.921,0.0],[24.3547,59.9238,0.0],[24.3453,59.9221,0.0],[24.3442,59.9176,7.2322],[24.3453,59.9157,3.2032],[24.3436,59.9151,0.0],[24.3436,59.9132,0.0],[24.3508,59.9135,0.0],[24.3519,59.9171,2.6967],[24.3564,59.9199,0.0],[24.3553,59.921,0.0]]],
[[[24.2619,59.924,0.0],[24.2625,59.9268,0.0],[24.2603,59.9276,0.0],[24.2575,59.9251,1.4886],[24.2525,59.9263,0.5977],[24.2531,59.9249,1.6725],[24.2514,59.9238,0.0],[24.2592,59.9221,1.4263],[24.2619,59.924,0.0]]],
[[[24.3508,59.9243,0.7748],[24.3519,59.9257,0.0],[24.3469,59.9263,0.0],[24.3475,59.9235,0.5341],[24.3508,59.9243,0.7748]]],
[[[24.3742,59.9254,0.0],[24.3764,59.9279,0.7087],[24.3708,59.9279,1.1196],[24.3681,59.9257,0.0],[24.3697,59.9246,0.0],[24.3742,59.9254,0.0]]],
[[[24.3775,59.9324,0.4853],[24.3797,59.9343,0.0],[24.3625,59.9296,0.0],[24.3708,59.9287,1.1196],[24.3775,59.9324,0.4853]]],
[[[24.4103,59.9318,1.6299],[24.4019,59.9329,1.793],[24.4025,59.9301,2.3545],[24.4003,59.9285,0.0],[24.4186,59.9285,0.0],[24.4103,59.9318,1.6299]]],
[[[24.4519,59.9307,0.0],[24.4525,59.9318,0.0],[24.4481,59.9332,0.4163],[24.4481,59.9307,0.6649],[24.4519,59.9307,0.0]]],
[[[24.3953,59.9349,0.0],[24.3947,59.9376,0.0],[24.3903,59.9382,3.104],[24.3842,59.9357,0.0],[24.3819,59.9321,0.3172],[24.3786,59.9315,0.0],[24.3803,59.9304,0.0],[24.393,59.9313,0.0],[24.3953,59.9349,0.0]]],
[[[24.4514,59.9354,0.0],[24.4525,59.9368,0.0],[24.4514,59.9376,0.0],[24.4453,59.9376,0.0],[24.4447,59.9346,1.8308],[24.4392,59.9346,2.0738],[24.4386,59.9326,0.0],[24.4442,59.9324,2.2097],[24.4486,59.9354,0.1355],[24.4514,59.9354,0.0]]],
[[[23.9714,59.9376,1.2046],[23.9669,59.9376,0.0],[23.9669,59.9368,1.3162],[23.9736,59.9365,0.0],[23.9714,59.9376,1.2046]]],
[[[24.0036,59.9404,2.4871],[23.9958,59.941,1.0266],[23.9936,59.9396,0.0],[24.0025,59.939,0.0],[24.0003,59.9379,0.0],[24.0014,59.9351,0.0],[24.0108,59.9346,0.0],[24.0086,59.9365,2.5761],[24.0097,59.9382,0.0],[24.0036,59.9404,2.4871]]],
[[[23.9769,59.9385,0.0],[23.9725,59.9388,4.4605],[23.9725,59.9379,1.6859],[23.9769,59.9376,0.0],[23.9769,59.9385,0.0]]],
[[[24.0475,59.9413,0.0],[24.0497,59.941,0.0],[24.0503,59.9424,0.0],[24.0442,59.9424,0.2374],[24.0447,59.9415,0.0],[24.0475,59.9413,0.0]]],
[[[24.4092,59.9385,0.286],[24.4081,59.9368,0.0],[24.4142,59.939,0.0],[24.4103,59.9393,0.0],[24.4092,59.9385,0.286]]],
[[[24.4569,59.9413,0.7037],[24.4597,59.9418,0.0],[24.4581,59.9432,1.0949],[24.4547,59.9424,0.0],[24.4569,59.9413,0.7037]]],
[[[24.4208,59.9421,2.8208],[24.4236,59.9435,0.6647],[24.4142,59.9426,0.0],[24.4131,59.9413,0.4592],[24.4158,59.9407,3.2946],[24.4208,59.9421,2.8208]]],
[[[24.3986,59.9432,0.0],[24.4008,59.9446,0.0],[24.3953,59.9443,0.0],[24.3958,59.9429,0.0],[24.3986,59.9432,0.0]]],
[[[23.9903,59.9418,0.0],[23.9892,59.9437,10.9128],[23.9836,59.944,0.0],[23.9875,59.9421,10.9128],[23.9869,59.9401,0.0],[23.9903,59.9418,0.0]]],
[[[23.9736,59.944,7.2459],[23.9758,59.944,0.7024],[23.9764,59.9457,0.0],[23.9697,59.9465,7.1525],[23.9669,59.9437,11.361],[23.9614,59.944,0.0],[23.9592,59.9421,0.0],[23.9614,59.9376,0.9863],[23.9675,59.9399,4.3441],[23.9781,59.9393,1.2251],[23.9836,59.9413,2.3911],[23.9825,59.9432,0.0],[23.9797,59.9437,7.557],[23.9708,59.9429,8.1489],[23.9736,59.944,7.2459]]],
[[[24.0481,59.944,1.7266],[24.0492,59.9451,1.7266],[24.0436,59.946,0.0],[24.0386,59.9437,0.0],[24.0458,59.9432,0.2374],[24.0481,59.944,1.7266]]],
[[[23.9619,59.9476,2.2139],[23.9658,59.9474,1.6431],[23.9664,59.9485,1.6431],[23.9636,59.949,2.0524],[23.9619,59.9476,2.2139]]],
[[[24.4664,59.9449,0.0],[24.4697,59.9449,0.0],[24.4719,59.9463,0.0],[24.4675,59.9463,0.0],[24.4664,59.9449,0.0]]],
[[[24.4392,59.949,0.0],[24.4408,59.9501,0.0],[24.4381,59.9507,0.0],[24.4353,59.9476,1.1229],[24.4392,59.9482,0.0],[24.4392,59.949,0.0]]],
[[[24.4458,59.9496,2.5931],[24.4486,59.9518,0.2595],[24.4447,59.9521,0.0],[24.4425,59.9501,0.6718],[24.4458,59.9496,2.5931]]],
[[[24.4558,59.9518,0.0],[24.4603,59.9526,0.0],[24.4603,59.9543,0.0],[24.4558,59.9546,0.0],[24.4536,59.9518,0.0],[24.4558,59.9518,0.0]]],
[[[24.4769,59.9549,0.619],[24.4786,59.9557,0.0],[24.4742,59.9557,0.5169],[24.4719,59.9521,0.0],[24.4742,59.9521,0.0],[24.4769,59.9549,0.619]]],
[[[24.4336,59.956,0.0],[24.4303,59.9557,0.0],[24.4292,59.9532,0.0],[24.4325,59.9538,2.3327],[24.4336,59.956,0.0]]],
[[[24.4086,59.9546,2.8592],[24.4125,59.9562,0.0597],[24.4086,59.9568,2.869],[24.4042,59.954,2.3531],[24.4064,59.9538,2.8592],[24.4086,59.9546,2.8592]]],
[[[24.4653,59.9557,1.9457],[24.4681,59.9565,0.0],[24.4664,59.9579,0.0],[24.4625,59.9568,0.0],[24.463,59.956,0.0],[24.4653,59.9557,1.9457]]],
[[[24.4908,59.9574,1.4571],[24.4931,59.9585,0.0],[24.4908,59.959,0.7181],[24.4858,59.9568,0.6863],[24.4814,59.9576,0.0],[24.4808,59.9565,0.3203],[24.4875,59.9554,0.0],[24.4908,59.9574,1.4571]]],
[[[24.4692,59.9596,0.0],[24.4742,59.9599,0.0],[24.4742,59.9607,0.0],[24.4686,59.9613,0.0],[24.4692,59.9596,0.0]]],
[[[24.5281,59.9621,0.1079],[24.5281,59.9632,0.1079],[24.5225,59.9626,0.1605],[24.5247,59.9615,0.0],[24.5281,59.9621,0.1079]]],
[[[24.4981,59.9643,0.7276],[24.4992,59.9654,0.0],[24.4953,59.9663,2.8083],[24.4825,59.9629,2.6066],[24.4847,59.9593,1.9204],[24.4908,59.9593,0.7181],[24.4947,59.9607,0.0],[24.4947,59.9629,0.0],[24.4981,59.9643,0.7276]]],
[[[24.5064,59.964,0.0601],[24.5053,59.9654,0.0601],[24.5008,59.9654,0.0],[24.5025,59.9635,0.0675],[24.5064,59.964,0.0601]]],
[[[24.4536,59.9663,2.297],[24.4603,59.9676,0.0],[24.4503,59.9663,2.5061],[24.4475,59.9635,0.0],[24.4536,59.9663,2.297]]],
[[[24.4325,59.9654,0.0],[24.4347,59.966,0.0],[24.4342,59.9674,0.0],[24.4264,59.9657,0.0],[24.428,59.9649,0.0],[24.4325,59.9654,0.0]]],
[[[24.5108,59.9699,1.0458],[24.5136,59.9704,0.2932],[24.5092,59.9712,2.7078],[24.5069,59.969,1.6906],[24.5092,59.9685,0.0],[24.5108,59.9699,1.0458]]],
[[[24.5247,59.9718,0.1405],[24.5264,59.9724,0.0],[24.5214,59.9726,0.0],[24.5203,59.9712,0.1703],[24.5225,59.971,0.1405],[24.5247,59.9718,0.1405]]],
[[[24.4858,59.9735,0.0],[24.4881,59.9746,0.0],[24.4803,59.974,2.1974],[24.4825,59.9724,4.0893],[24.4858,59.9735,0.0]]],
[[[24.4569,59.9746,6.4092],[24.4586,59.976,1.567],[24.4475,59.9765,4.7452],[24.4442,59.9754,0.0],[24.4425,59.9718,0.9999],[24.4464,59.971,3.746],[24.4569,59.9746,6.4092]]],
[[[24.4719,59.9746,0.0],[24.473,59.9754,0.0],[24.4714,59.9763,2.4193],[24.4669,59.9751,0.0],[24.4686,59.974,2.1675],[24.4719,59.9746,0.0]]],
[[[24.4947,59.9793,0.0],[24.4953,59.9801,0.0],[24.4914,59.9813,1.4118],[24.4892,59.9801,0.0],[24.4892,59.9782,0.0],[24.4931,59.9771,1.1348],[24.4947,59.9793,0.0]]],
[[[24.5053,59.9785,0.0],[24.5097,59.979,0.0],[24.5103,59.9801,0.0],[24.5042,59.9796,0.0],[24.5053,59.9785,0.0]]],
[[[24.4636,59.9788,1.3279],[24.4658,59.9796,1.3279],[24.4669,59.9829,3.5676],[24.4564,59.9799,0.0],[24.4575,59.9782,0.0],[24.4636,59.9788,1.3279]]],
[[[24.5347,59.9837,0.1221],[24.5381,59.9835,0.0],[24.5392,59.9854,3.2633],[24.5269,59.9851,0.0],[24.5281,59.9829,0.0],[24.5347,59.9837,0.1221]]],
[[[24.1161,60.0047,12.7391],[24.1182,60.0078,12.6456],[24.1151,60.0078,18.696],[24.113,60.0057,13.7717],[24.1161,60.0047,12.7391]]],
[[[24.1625,60.0083,6.0812],[24.1609,60.0068,13.2312],[24.1641,60.0068,11.7921],[24.1641,60.0078,14.6157],[24.1625,60.0083,6.0812]]],
[[[24.1417,60.0083,18.2426],[24.1401,60.0068,17.8984],[24.1432,60.0068,10.931],[24.1432,60.0078,14.9791],[24.1417,60.0083,18.2426]]],
[[[24.2021,60.0104,16.0622],[24.1943,60.0099,19.251],[24.1922,60.0047,10.4389],[24.2062,60.0042,0.0],[24.2182,60.0089,0.0],[24.2214,60.012,12.8754],[24.2292,60.0125,0.0],[24.2313,60.0146,7.0614],[24.2292,60.0167,15.3987],[24.2208,60.0167,0.0],[24.2182,60.013,23.034],[24.2062,60.0125,0.0],[24.2021,60.0104,16.0622]]],
[[[24.4,60.0062,0.0],[24.4057,60.0099,0.0],[24.3979,60.0104,0.0],[24.3937,60.0125,6.1198],[24.3901,60.0099,16.4938],[24.3901,60.0089,18.6361],[24.4,60.0062,0.0]]],
[[[24.4125,60.0146,0.0],[24.4109,60.0141,15.4087],[24.4109,60.013,13.2041],[24.4141,60.013,11.4057],[24.4125,60.0146,0.0]]],
[[[24.5229,60.0187,0.0],[24.5214,60.0172,0.0],[24.5245,60.0172,15.6166],[24.5245,60.0182,16.291],[24.5229,60.0187,0.0]]],
[[[24.5292,60.0208,0.0],[24.5276,60.0203,0.0],[24.5276,60.0193,15.842],[24.5307,60.0193,12.3325],[24.5292,60.0208,0.0]]],
[[[24.3603,60.0104,14.7313],[24.362,60.0109,13.5915],[24.362,60.012,12.3425],[24.3589,60.012,15.5399],[24.3603,60.0104,14.7313]]],
[[[24.1188,60.0125,0.0],[24.1172,60.012,10.2463],[24.1172,60.0109,6.5052],[24.1203,60.0109,0.0],[24.1188,60.0125,0.0]]],
[[[24.0995,60.0172,6.7346],[24.1016,60.0203,10.1152],[24.0917,60.0229,10.7396],[24.0917,60.0208,3.7747],[24.0859,60.0151,7.6162],[24.0917,60.0146,15.9892],[24.0995,60.0172,6.7346]]],
[[[24.1464,60.0214,0.0],[24.1474,60.0193,4.4777],[24.1396,60.0187,18.3562],[24.138,60.0172,12.1543],[24.1479,60.0167,13.0532],[24.1516,60.0193,0.0],[24.1495,60.0224,22.3261],[24.1464,60.0214,0.0]]],
[[[24.1047,60.0214,16.4729],[24.1078,60.0214,0.0],[24.1078,60.0224,0.0],[24.1047,60.0224,17.1577],[24.1047,60.0214,16.4729]]],
[[[24.088,60.0276,0.0],[24.0896,60.0271,4.4843],[24.0911,60.0286,6.6876],[24.088,60.0286,10.4294],[24.088,60.0276,0.0]]],
[[[24.2708,60.0333,0.0],[24.2693,60.0328,0.0],[24.2693,60.0318,10.1136],[24.2724,60.0318,11.8948],[24.2708,60.0333,0.0]]],
[[[24.3109,60.0474,12.7983],[24.3203,60.0516,15.7869],[24.3083,60.0542,10.0783],[24.3036,60.0505,18.2409],[24.2984,60.0495,0.0],[24.3042,60.0458,0.0],[24.3109,60.0474,12.7983]]],
[[[24.1708,59.9918,0.0],[24.1731,59.9932,0.0],[24.1664,59.9912,0.0],[24.1681,59.991,0.0],[24.1708,59.9918,0.0]]],
[[[24.3853,59.9954,0.0],[24.3869,59.9963,1.8735],[24.3803,59.996,0.0],[24.3747,59.9938,0.0],[24.3742,59.9918,0.0362],[24.3769,59.9912,0.9484],[24.3853,59.9954,0.0]]],
[[[24.1653,59.9949,0.8362],[24.1692,59.9938,7.4916],[24.1714,59.9974,0.0],[24.1681,59.9974,0.0],[24.1653,59.9949,0.8362]]],
[[[24.3697,59.9982,0.2707],[24.3714,60.0,0.0],[24.3646,60.0,7.2172],[24.3688,60.0021,0.0],[24.375,60.0021,16.1288],[24.3766,60.0036,14.7643],[24.3625,60.0042,12.2393],[24.3589,60.0016,19.5856],[24.3604,60.0,16.8397],[24.3425,60.0,0.7457],[24.3425,59.9963,0.8829],[24.3514,59.9976,1.1867],[24.3531,59.9996,0.9425],[24.3564,59.999,0.0],[24.3519,59.9957,0.0],[24.3419,59.9926,0.0],[24.3403,59.9901,0.6966],[24.3475,59.9904,0.6668],[24.3531,59.9932,1.3475],[24.3503,59.9882,3.6925],[24.3542,59.9871,4.4401],[24.3547,59.989,4.4436],[24.3642,59.9921,1.1438],[24.3669,59.9951,0.0],[24.3725,59.996,0.0],[24.3697,59.9982,0.2707]]],
[[[24.2081,59.9951,0.0],[24.2081,59.9965,0.6816],[24.2042,59.9976,2.9557],[24.1931,59.9968,0.0],[24.1964,59.9946,0.0],[24.2064,59.994,0.0],[24.2081,59.9951,0.0]]],
[[[24.1097,59.999,2.9039],[24.1164,59.9987,0.0],[24.1175,60.0,3.6054],[24.1086,59.9999,0.0],[24.1097,59.999,2.9039]]],
[[[24.2136,59.9993,2.8835],[24.2164,60.0,2.5723],[24.2075,60.0,0.8345],[24.2086,59.999,0.8345],[24.2136,59.9993,2.8835]]],
[[[24.2014,60.0,0.0],[24.2025,59.9993,2.389],[24.2047,59.9999,0.0],[24.2047,60.0,0.0],[24.2014,60.0,0.0]]],
[[[24.2258,59.9999,0.7359],[24.2258,59.9996,0.7359],[24.2275,59.9996,0.0],[24.2253,60.0,0.7359],[24.2258,59.9999,0.7359]]],
[[[24.1886,59.9999,0.0],[24.1886,60.0,0.0],[24.1869,60.0,0.0],[24.1875,59.9996,0.0],[24.1886,59.9999,0.0]]],
[[[24.1369,59.9996,0.0],[24.138,60.0016,16.2879],[24.1432,60.0036,14.6786],[24.1354,60.0062,14.399],[24.1297,60.0016,0.0],[24.1297,60.0,15.8212],[24.1242,60.0,7.4346],[24.1319,59.9974,0.0],[24.1369,59.9996,0.0]]],
[[[24.3547,60.0057,5.6599],[24.3547,60.0047,8.2415],[24.3578,60.0047,13.0155],[24.3563,60.0062,5.6599],[24.3547,60.0057,5.6599]]],
[[[24.0203,59.994,0.0],[24.0158,59.9954,1.3795],[24.0103,59.9929,2.1336],[24.0131,59.9924,2.1559],[24.0203,59.994,0.0]]],
[[[23.9853,59.9979,0.0],[23.9842,60.0,0.0],[23.9708,60.0,14.2006],[23.9745,60.0016,22.2479],[23.9667,60.0042,0.0],[23.9589,60.0016,0.0],[23.9625,60.0,4.7906],[23.9564,59.9987,0.0],[23.9742,59.9935,0.0],[23.9975,59.9918,0.0],[23.9953,59.9951,0.0],[23.9886,59.9943,3.2108],[23.9792,59.9957,8.9325],[23.9819,59.9965,0.0],[23.9814,59.9976,7.0867],[23.9853,59.9979,0.0]]],
[[[24.0016,60.0161,0.0],[23.9979,60.0187,12.6775],[23.9875,60.0187,9.8943],[23.9833,60.0208,0.0],[23.9755,60.0182,7.6185],[23.9734,60.0151,0.0],[23.9766,60.0141,21.7014],[23.9755,60.0109,0.0],[23.9776,60.0089,0.0],[23.9958,60.0062,0.0],[24.0016,60.013,7.051],[24.0016,60.0161,0.0]]],
[[[24.063,60.0182,21.3838],[24.063,60.0172,20.0906],[24.0661,60.0172,16.5622],[24.0661,60.0182,19.6741],[24.063,60.0182,21.3838]]],
[[[24.0182,60.013,9.6732],[24.0208,60.0146,20.2402],[24.0266,60.013,5.678],[24.0276,60.0161,0.0],[24.0328,60.0172,17.8408],[24.0349,60.0203,15.2101],[24.0313,60.0229,5.7609],[24.0068,60.0161,0.0],[24.0083,60.0146,4.6966],[24.0182,60.013,9.6732]]],
[[[24.5417,60.0208,5.2455],[24.5401,60.0193,11.5707],[24.5432,60.0193,6.8517],[24.5432,60.0203,9.2893],[24.5417,60.0208,5.2455]]],
[[[24.55,60.0229,8.6511],[24.5516,60.0245,0.9735],[24.5443,60.0244,15.6077],[24.5458,60.0229,8.603],[24.55,60.0229,8.6511]]],
[[[24.3438,60.0583,9.3971],[24.3422,60.0568,0.0],[24.3453,60.0568,0.0],[24.3453,60.0578,5.8406],[24.3438,60.0583,9.3971]]],
[[[24.3479,60.0604,0.0],[24.3536,60.063,0.0],[24.3557,60.0661,0.0],[24.3479,60.0687,0.0],[24.3375,60.0646,0.0],[24.3333,60.0646,0.0],[24.3354,60.0625,0.0],[24.3479,60.0604,0.0]]],
[[[23.9781,59.961,1.3402],[23.9758,59.9632,5.7106],[23.9714,59.9626,0.0],[23.9764,59.9593,0.0],[23.9786,59.9596,0.9076],[23.9781,59.961,1.3402]]],
[[[23.9542,59.9643,5.8465],[23.9492,59.9654,10.5338],[23.9453,59.9621,1.4322],[23.9508,59.9604,1.1355],[23.9592,59.9613,1.6365],[23.9669,59.9599,1.2697],[23.9647,59.9629,0.0],[23.9542,59.9643,5.8465]]],
[[[23.9947,59.9635,1.3366],[23.9981,59.9626,0.0],[23.9981,59.9643,0.0],[23.9936,59.9643,0.0],[23.9947,59.9635,1.3366]]],
[[[24.0031,59.9688,0.0],[23.9936,59.9696,0.0],[24.0047,59.964,6.1129],[24.0119,59.9635,0.0],[24.0081,59.9657,3.5834],[24.0131,59.9665,0.167],[24.0119,59.9682,5.5951],[24.0031,59.9688,0.0]]],
[[[24.0181,59.9721,0.6921],[24.0219,59.9718,0.0],[24.0225,59.9726,0.0],[24.0169,59.9729,0.0],[24.0181,59.9721,0.6921]]],
[[[24.0086,59.9707,3.9418],[24.0097,59.9707,0.0],[24.0108,59.9763,1.0261],[24.0058,59.9763,5.9189],[24.0025,59.9743,0.0],[24.0053,59.9715,1.1624],[24.0086,59.9707,3.9418]]],
[[[23.9847,59.9754,15.5785],[23.9736,59.9765,0.0],[23.9753,59.974,1.4875],[23.9842,59.9726,2.6373],[23.9853,59.9701,0.0],[23.9881,59.9704,0.0],[23.9869,59.9732,0.0],[23.9914,59.9735,0.0],[23.9897,59.9754,13.1366],[23.9847,59.9754,15.5785]]],
[[[23.9947,59.9751,0.0],[23.9964,59.9751,0.0],[23.9964,59.9768,0.0],[23.9892,59.9779,0.0],[23.9897,59.9762,0.0],[23.9947,59.9751,0.0]]],
[[[23.9508,59.9593,1.1355],[23.9375,59.9588,0.0],[23.9347,59.9565,1.7914],[23.9408,59.9551,4.1106],[23.9314,59.954,2.494],[23.9308,59.951,0.0],[23.9436,59.9513,1.3146],[23.9453,59.9543,2.964],[23.9586,59.9562,2.3101],[23.9569,59.959,0.0],[23.9508,59.9593,1.1355]]],
[[[23.9447,59.9637,9.7488],[23.9464,59.9649,2.4042],[23.9453,59.9663,0.6855],[23.9336,59.9649,0.0],[23.9403,59.9624,6.0299],[23.9447,59.9637,9.7488]]],
[[[24.5042,59.9863,5.3441],[24.5053,59.9874,0.2969],[24.5014,59.9879,1.3902],[24.4992,59.9854,0.0],[24.5025,59.9851,0.0],[24.5042,59.9863,5.3441]]],
[[[24.5669,59.9876,0.0],[24.5664,59.9904,0.0],[24.5631,59.9888,1.4716],[24.5636,59.9879,0.0],[24.5669,59.9876,0.0]]],
[[[24.3858,59.9899,0.6569],[24.3847,59.9915,0.45],[24.3803,59.9907,0.0],[24.3814,59.9888,1.2974],[24.3858,59.9899,0.6569]]],
[[[24.5047,59.9899,0.0],[24.5064,59.9912,0.6517],[24.5014,59.9907,0.8696],[24.5019,59.9893,0.0],[24.5047,59.9899,0.0]]],
[[[24.5747,59.9876,0.0],[24.5736,59.9899,0.6857],[24.5686,59.9882,2.3092],[24.5692,59.9871,2.3092],[24.5747,59.9876,0.0]]],
[[[24.5997,59.989,0.0],[24.5936,59.9904,1.55],[24.5908,59.9879,0.2029],[24.5997,59.9879,0.0],[24.5997,59.989,0.0]]],
[[[24.5803,59.9929,0.0],[24.5819,59.9946,0.6466],[24.5764,59.9946,1.1885],[24.5753,59.991,2.9278],[24.5769,59.9907,1.0154],[24.5803,59.9929,0.0]]],
[[[24.573,59.9949,0.8907],[24.5747,59.9965,0.0],[24.5703,59.9963,2.4071],[24.5708,59.9943,1.4669],[24.573,59.9949,0.8907]]],
[[[24.5697,59.991,0.0],[24.5708,59.9921,0.0],[24.5647,59.9918,0.8502],[24.5681,59.9904,0.0],[24.5697,59.991,0.0]]],
[[[24.3908,59.9965,1.5049],[24.393,59.9974,0.0],[24.3875,59.996,1.6527],[24.3903,59.9957,1.5049],[24.3908,59.9965,1.5049]]],
[[[24.5069,59.9985,0.0],[24.5047,60.0,0.0],[24.4986,60.0,5.606],[24.5008,59.9987,1.8709],[24.5014,59.9957,0.0],[24.5097,59.9946,0.0],[24.5069,59.9985,0.0]]],
[[[24.3786,59.9996,0.0],[24.383,59.9987,0.0],[24.3842,60.0,0.8024],[24.3786,60.0,0.0],[24.3786,59.9996,0.0]]],
[[[24.6016,60.0432,3.943],[24.5958,60.0438,20.0242],[24.5938,60.0417,0.0],[24.5943,60.0401,7.8736],[24.6,60.0396,8.192],[24.6016,60.0401,0.0],[24.6016,60.0432,3.943]]],
[[[24.612,60.0548,0.0],[24.612,60.0578,5.7467],[24.6104,60.0583,3.3607],[24.6042,60.0563,0.0],[24.6042,60.0542,0.0],[24.612,60.0548,0.0]]],
[[[24.7172,60.0651,10.0249],[24.7203,60.0651,10.7226],[24.7203,60.0661,10.2298],[24.7188,60.0667,0.0],[24.7172,60.0651,10.0249]]],
[[[24.6542,60.0792,8.5966],[24.6599,60.0818,0.0],[24.6641,60.087,18.7185],[24.6583,60.0854,0.0],[24.6526,60.087,15.9186],[24.6484,60.0818,0.0],[24.6542,60.0792,8.5966]]],
[[[25.0443,60.1036,8.1898],[25.0422,60.0984,9.9637],[25.0458,60.0958,6.4612],[25.0563,60.1,0.0],[25.0625,60.1,0.0],[25.0661,60.1026,1.7036],[25.0646,60.1042,4.8833],[25.0443,60.1036,8.1898]]],
[[[24.6755,60.1016,0.0],[24.6786,60.1057,0.0],[24.6713,60.1068,18.5164],[24.6667,60.1104,0.0],[24.663,60.1078,20.159],[24.6641,60.1026,9.7204],[24.6589,60.1016,10.5422],[24.6563,60.0979,9.8925],[24.6568,60.0964,11.7636],[24.6625,60.0958,0.0],[24.6755,60.1016,0.0]]],
[[[24.762,60.1047,6.4949],[24.7568,60.1036,7.6009],[24.7547,60.1005,16.7084],[24.762,60.1005,11.4722],[24.7661,60.1057,1.7342],[24.762,60.1047,6.4949]]],
[[[24.7214,60.1047,12.497],[24.7229,60.1042,8.1039],[24.7245,60.1057,13.6354],[24.7229,60.1063,15.7696],[24.7214,60.1047,12.497]]],
[[[24.7417,60.1125,10.9676],[24.7432,60.113,14.1739],[24.7432,60.1141,12.6773],[24.7401,60.1141,14.3116],[24.7417,60.1125,10.9676]]],
[[[24.6453,60.1276,0.0],[24.6437,60.1292,15.2801],[24.638,60.1286,9.7482],[24.6396,60.1271,1.8364],[24.6453,60.1276,0.0]]],
[[[24.8109,60.1297,10.6652],[24.8141,60.1297,0.3491],[24.8141,60.1307,1.7168],[24.8125,60.1312,14.9072],[24.8109,60.1297,10.6652]]],
[[[24.8896,60.1333,22.1445],[24.8818,60.1307,0.0],[24.8818,60.1297,0.0],[24.8932,60.1297,5.5528],[24.8896,60.1333,22.1445]]],
[[[24.7896,60.1312,0.0],[24.7917,60.1333,0.0],[24.7896,60.1354,15.6434],[24.7833,60.1354,16.8693],[24.7792,60.1375,0.0],[24.7755,60.1349,0.0],[24.7786,60.1328,21.9359],[24.7755,60.1286,0.0],[24.7771,60.1271,0.0],[24.7896,60.1312,0.0]]],
[[[25.0187,60.1375,0.0],[25.0151,60.1339,20.6597],[25.0187,60.1312,0.0],[25.0224,60.1349,6.9052],[25.0187,60.1375,0.0]]],
[[[24.9964,60.1391,9.9651],[24.9974,60.1339,5.8633],[24.9964,60.1318,0.0],[24.9979,60.1312,9.1255],[25.0099,60.1339,0.0],[25.012,60.1359,0.0],[25.0063,60.1396,8.6001],[24.9964,60.1391,9.9651]]],
[[[24.913,60.138,10.5711],[24.9161,60.138,16.651],[24.9161,60.1391,13.7494],[24.913,60.1391,7.8903],[24.913,60.138,10.5711]]],
[[[24.7625,60.1417,15.2745],[24.7547,60.138,0.0],[24.762,60.138,7.4285],[24.7641,60.1401,8.4786],[24.7625,60.1417,15.2745]]],
[[[24.9818,60.1443,8.617],[24.9849,60.1411,7.5769],[24.9839,60.138,0.0],[24.9854,60.1375,0.0],[24.9932,60.1453,6.7836],[24.9854,60.15,0.0],[24.9818,60.1474,1.7685],[24.9818,60.1443,8.617]]],
[[[25.0729,60.15,9.0834],[25.0667,60.1521,12.5715],[25.0604,60.1521,0.0],[25.0536,60.1557,17.3417],[25.0479,60.1563,0.0],[25.0453,60.1526,13.2826],[25.0318,60.1474,0.0],[25.0328,60.1422,0.0],[25.0297,60.138,10.8275],[25.0354,60.1354,2.9749],[25.0438,60.1354,0.0],[25.0479,60.1375,0.0],[25.0521,60.1375,13.7293],[25.0563,60.1354,0.0],[25.0651,60.1453,0.2997],[25.0807,60.1464,20.5847],[25.0786,60.1495,13.908],[25.0729,60.15,9.0834]]],
[[[24.8193,60.1464,4.2813],[24.8224,60.1464,10.1076],[24.8224,60.1474,13.1131],[24.8193,60.1474,0.0],[24.8193,60.1464,4.2813]]],
[[[25.013,60.1526,14.6709],[25.0146,60.1521,14.6709],[25.0161,60.1536,5.4959],[25.013,60.1536,14.3129],[25.013,60.1526,14.6709]]],
[[[24.8833,60.1646,8.2884],[24.8688,60.1646,0.0],[24.8646,60.1667,0.0],[24.8563,60.1667,0.0],[24.8526,60.163,0.0],[24.8578,60.1599,11.1089],[24.8547,60.1557,7.6698],[24.8568,60.1526,9.2146],[24.8708,60.1542,0.0],[24.8786,60.1495,11.5556],[24.8776,60.1464,12.6767],[24.8875,60.1458,6.2518],[24.8891,60.1464,10.3985],[24.888,60.1495,7.8088],[24.8896,60.1521,2.1783],[24.888,60.1557,0.0],[24.8953,60.1599,0.0],[24.8891,60.1641,4.4027],[24.8833,60.1646,8.2884]]],
[[[25.1417,60.1583,18.0904],[25.1333,60.1583,15.9854],[25.1318,60.1568,13.7358],[25.1432,60.1568,0.0],[25.1417,60.1583,18.0904]]],
[[[25.1125,60.1542,6.4394],[25.1208,60.1542,5.7426],[25.1224,60.1557,0.0],[25.1146,60.1604,26.3157],[25.1,60.1583,20.4249],[25.0979,60.1563,16.1421],[25.1,60.1542,0.0],[25.1042,60.1563,13.602],[25.1083,60.1563,0.0],[25.1125,60.1542,6.4394]]],
[[[24.8568,60.1693,11.2447],[24.8599,60.1693,13.5872],[24.8599,60.1703,0.0],[24.8568,60.1703,7.586],[24.8568,60.1693,11.2447]]],
[[[24.8672,60.1714,3.3603],[24.8688,60.1708,3.9822],[24.8703,60.1724,5.3101],[24.8688,60.1729,6.6148],[24.8672,60.1714,3.3603]]],
[[[24.9854,60.1771,0.0],[24.9797,60.1766,0.0],[24.9776,60.1734,0.0],[24.9891,60.1734,0.0],[24.9854,60.1771,0.0]]],
[[[24.85,60.1833,0.0],[24.8464,60.1828,0.0],[24.8443,60.1797,8.5853],[24.8521,60.175,10.0663],[24.8578,60.1776,0.0],[24.8568,60.1807,6.032],[24.8589,60.1828,0.0],[24.8682,60.1859,4.0434],[24.8703,60.1891,0.0],[24.8609,60.187,13.3883],[24.8542,60.1833,0.0],[24.85,60.1833,0.0]]],
[[[24.8813,60.1833,13.5516],[24.8797,60.1818,7.3761],[24.8854,60.1771,8.2978],[24.8911,60.1818,1.0892],[24.8875,60.1854,0.0],[24.8813,60.1833,13.5516]]],
[[[24.9911,60.1818,9.8283],[24.9833,60.1813,0.0],[24.9818,60.1797,4.217],[24.9974,60.1797,8.2261],[24.9953,60.1828,4.6802],[24.9911,60.1818,9.8283]]],
[[[25.1505,60.1859,4.0235],[25.1516,60.1891,0.0],[25.1464,60.1901,15.6364],[25.1453,60.1932,16.029],[25.1396,60.1917,15.7501],[25.1339,60.1932,7.3526],[25.1339,60.1901,0.0],[25.1359,60.188,11.3725],[25.15,60.1833,0.0],[25.1516,60.1839,10.4618],[25.1505,60.1859,4.0235]]],
[[[25.088,60.1964,0.0],[25.0911,60.1964,1.6216],[25.0911,60.1974,17.493],[25.088,60.1974,2.487],[25.088,60.1964,0.0]]]]}
,"properties": {"GID_2": "FIN.4.5_1","GID_0": "FIN","country": "Finland","GID_1": "FIN.4_1","province": "SouthernFinland","NL_NAME_1": "NA","county": "Uusimaa","VARNAME_2": "Uusimaa|Nyland","NL_NAME_2": "NA","TYPE_2": "Maakunta|landskap","ENGTYPE_2": "Region","CC_2": "NA","HASC_2": "NA","name": "Uusimaa.county","area_km2": 6778.999,"hist_schema_id": "Elevation0-9000","hist_area_km2": {"0": 585.028,"25": 1652.445,"50": 1696.728,"75": 1509.957,"100": 880.707,"125": 378.474,"150": 75.015,"175": 0.645}}}