{"type":"Feature","properties":{"GID_3":"FIN.5.3.1_1","GID_0":"FIN","country":"Finland","GID_1":"FIN.5_1","province":"WesternFinland","NL_NAME_1":"NA","GID_2":"FIN.5.3_1","county":"FinlandProper","NL_NAME_2":"NA","city":"Åboland-Turunmaa","VARNAME_3":"NA","NL_NAME_3":"NA","TYPE_3":"Seutukunta|Ekonomiskregion","ENGTYPE_3":"Sub-Region","CC_3":"NA","HASC_3":"FI.LS.AT","name":"Åboland-Turunmaa.city"},
"geometry":{"type": "MultiPolygon","coordinates": [[[[22.3919,59.7379,0.4887],[22.3958,59.7374,0.0],[22.3964,59.7385,0.0],[22.3919,59.739,0.0],[22.3919,59.7379,0.4887]]],
[[[22.3508,59.7788,0.5563],[22.3553,59.7785,0.0],[22.3558,59.7801,0.0],[22.3503,59.7801,0.5563],[22.3497,59.7788,0.0],[22.3508,59.7788,0.5563]]],
[[[22.3786,59.7826,1.5464],[22.3714,59.7843,0.0],[22.3692,59.7813,0.4746],[22.3725,59.781,0.4746],[22.3731,59.7796,0.0],[22.3703,59.7762,0.6384],[22.3758,59.7757,0.7158],[22.3858,59.7779,0.6315],[22.3847,59.7796,1.8581],[22.3803,59.7796,1.6477],[22.3808,59.7813,0.39],[22.3786,59.7826,1.5464]]],
[[[22.3797,59.7865,0.4129],[22.3803,59.7876,0.0],[22.3764,59.7885,0.0],[22.3764,59.786,0.0],[22.3797,59.7865,0.4129]]],
[[[22.3331,59.7785,0.0],[22.3331,59.7771,0.0],[22.3353,59.7768,0.0],[22.3364,59.7793,0.4049],[22.3342,59.7799,0.4049],[22.3331,59.7785,0.0]]],
[[[22.3247,59.7929,1.5445],[22.3253,59.7915,0.0],[22.3281,59.7915,0.0],[22.3292,59.7943,0.0],[22.3275,59.7946,0.0],[22.3247,59.7929,1.5445]]],
[[[22.3125,59.7957,0.8912],[22.3153,59.8001,0.0],[22.3125,59.7999,0.8838],[22.3092,59.7968,1.5325],[22.3103,59.7951,0.0],[22.3125,59.7957,0.8912]]],
[[[22.3253,59.7985,0.0],[22.3297,59.7985,0.0],[22.3297,59.7993,0.0],[22.3231,59.8001,0.0],[22.3253,59.7985,0.0]]],
[[[22.3397,59.7882,0.0],[22.3408,59.7899,0.0],[22.3419,59.7904,0.0],[22.3375,59.789,0.0],[22.3397,59.7882,0.0]]],
[[[22.3603,59.7929,0.0],[22.3603,59.7946,0.0],[22.3569,59.7954,0.5227],[22.3542,59.794,0.0],[22.3542,59.7929,0.0],[22.3603,59.7929,0.0]]],
[[[22.3781,59.7988,0.0],[22.3736,59.801,0.0],[22.3669,59.7993,1.6291],[22.3681,59.7938,0.8109],[22.3708,59.7913,0.4133],[22.3686,59.7893,0.0],[22.3731,59.7876,0.6752],[22.3764,59.7915,2.0747],[22.3814,59.7926,0.0],[22.3814,59.794,0.0],[22.3764,59.7935,2.817],[22.3753,59.7957,1.6449],[22.3725,59.7951,0.0],[22.3731,59.7932,1.6854],[22.3697,59.7938,0.0],[22.3719,59.7954,0.0],[22.3708,59.7974,0.6782],[22.3825,59.7957,0.0],[22.3808,59.7982,0.0],[22.3781,59.7988,0.0]]],
[[[22.3886,59.799,0.0],[22.3853,59.8007,0.0],[22.3831,59.7999,0.0],[22.3853,59.7976,0.4549],[22.3886,59.7979,0.0],[22.3886,59.799,0.0]]],
[[[22.3575,59.8015,0.0],[22.3531,59.8046,0.453],[22.3508,59.7999,0.0],[22.3564,59.8004,0.0],[22.3575,59.8015,0.0]]],
[[[22.3492,59.8032,0.1455],[22.3503,59.8049,0.0],[22.3442,59.8057,0.0],[22.3425,59.8012,0.7506],[22.3453,59.7993,0.0],[22.3447,59.8029,0.0],[22.3464,59.804,0.7463],[22.3469,59.8026,0.1455],[22.3492,59.8032,0.1455]]],
[[[22.3736,59.8015,0.0],[22.3764,59.8046,1.559],[22.3758,59.8057,0.0],[22.3697,59.8051,0.8796],[22.3669,59.8032,0.0],[22.3681,59.8018,0.0],[22.3736,59.8015,0.0]]],
[[[22.3614,59.8154,0.0],[22.3581,59.8179,0.0],[22.3536,59.8168,0.0],[22.3575,59.8132,0.0],[22.3592,59.8137,0.0],[22.3581,59.8154,0.0],[22.3614,59.8154,0.0]]],
[[[22.0858,59.7668,0.0],[22.0881,59.7693,0.0],[22.0825,59.7693,0.0],[22.0831,59.7676,2.3156],[22.0814,59.7676,0.0],[22.0803,59.7654,0.0],[22.0831,59.7649,0.0],[22.0836,59.7674,2.3156],[22.0858,59.7668,0.0]]],
[[[22.1081,59.7696,0.1353],[22.1075,59.7682,0.0],[22.1119,59.7685,0.0],[22.1108,59.7701,0.1874],[22.1081,59.7696,0.1353]]],
[[[22.1553,59.7726,0.1894],[22.1536,59.7713,0.0],[22.1581,59.7713,0.0],[22.1581,59.7726,0.0],[22.1553,59.7726,0.1894]]],
[[[22.0942,59.7793,0.0],[22.0897,59.7793,0.0],[22.0897,59.7807,0.0],[22.0853,59.7796,0.0],[22.0875,59.779,0.0],[22.0869,59.7774,0.4446],[22.0936,59.7779,0.0],[22.0936,59.7771,0.0],[22.0914,59.7768,0.0],[22.0919,59.7757,0.0],[22.0958,59.7771,0.0],[22.0958,59.7796,0.0],[22.0919,59.7799,0.0],[22.0942,59.7793,0.0]]],
[[[22.2164,59.781,0.4784],[22.2169,59.7818,0.0],[22.2136,59.7829,0.8681],[22.2114,59.7804,0.0],[22.2142,59.7799,0.0],[22.2164,59.781,0.4784]]],
[[[22.1986,59.7843,0.0],[22.2003,59.7843,0.0],[22.1997,59.7863,0.777],[22.1964,59.7865,0.777],[22.1964,59.7854,0.0],[22.1986,59.7843,0.0]]],
[[[22.2214,59.789,0.596],[22.2258,59.7893,0.0503],[22.2264,59.7907,0.0],[22.2203,59.7907,0.0],[22.2169,59.789,0.4478],[22.2164,59.7876,0.0],[22.2192,59.7857,0.7947],[22.2181,59.7846,0.0],[22.2214,59.7851,0.0],[22.2219,59.7871,0.0],[22.2203,59.7885,0.0],[22.2214,59.789,0.596]]],
[[[22.2058,59.789,0.0],[22.2008,59.7899,0.0],[22.2019,59.7879,0.0],[22.2053,59.7879,1.255],[22.2036,59.7863,0.0],[22.2047,59.7851,0.0],[22.2092,59.7863,0.4841],[22.2097,59.7893,0.2893],[22.2058,59.789,0.0]]],
[[[22.0958,59.8068,0.0],[22.0975,59.809,0.0],[22.0925,59.8099,0.7879],[22.0919,59.8065,1.5488],[22.0886,59.8065,0.1524],[22.0875,59.8049,0.0],[22.0925,59.8043,0.2749],[22.0958,59.8068,0.0]]],
[[[22.1242,59.8096,0.0],[22.1258,59.8115,0.0],[22.1247,59.8138,0.0],[22.1203,59.8107,0.0],[22.1214,59.8093,0.0],[22.1242,59.8096,0.0]]],
[[[22.1597,59.8135,0.0],[22.1619,59.8149,0.0],[22.1564,59.8154,0.0],[22.1553,59.814,0.0],[22.1569,59.8132,0.0],[22.1597,59.8135,0.0]]],
[[[22.1303,59.814,0.3026],[22.1319,59.8143,0.3026],[22.1314,59.8157,2.5879],[22.1336,59.8171,0.0],[22.1286,59.8163,0.0],[22.1303,59.814,0.3026]]],
[[[22.2286,59.8096,1.2412],[22.2308,59.8118,0.0],[22.2269,59.8112,2.2161],[22.2242,59.8088,0.0],[22.2269,59.8082,0.0],[22.2286,59.8096,1.2412]]],
[[[22.2258,59.8132,0.3788],[22.2286,59.8149,0.2703],[22.2281,59.8163,0.0],[22.2242,59.8143,0.0],[22.2258,59.8132,0.3788]]],
[[[22.1692,59.8254,0.0],[22.1675,59.8288,0.0],[22.1625,59.8285,0.0],[22.1642,59.8271,0.0],[22.1603,59.826,1.0732],[22.1597,59.8238,1.3887],[22.1647,59.8235,0.0],[22.1658,59.8221,1.1174],[22.1703,59.8232,0.0],[22.1692,59.8254,0.0]]],
[[[22.1719,59.8343,0.7886],[22.1736,59.8329,0.2402],[22.1764,59.8357,0.9398],[22.1742,59.8357,0.0],[22.1719,59.8343,0.7886]]],
[[[22.3803,59.8301,8.2182],[22.3781,59.8332,1.9222],[22.3742,59.8335,0.6256],[22.3736,59.829,0.0],[22.3703,59.8263,1.1579],[22.3725,59.8215,0.0],[22.3792,59.819,0.7091],[22.3786,59.8168,5.428],[22.3708,59.8143,0.0],[22.3714,59.811,0.0],[22.3769,59.8074,0.6116],[22.3769,59.806,0.0],[22.3808,59.8082,0.0],[22.3792,59.8093,0.0],[22.3803,59.8107,3.4163],[22.3825,59.8107,4.2094],[22.3831,59.8079,0.433],[22.3875,59.8076,2.8629],[22.393,59.8101,0.0],[22.3947,59.8096,0.7555],[22.3947,59.8071,5.6629],[22.3842,59.8051,0.0],[22.3892,59.804,2.6577],[22.3908,59.8012,0.4068],[22.3986,59.801,0.0],[22.4036,59.8029,0.0],[22.4036,59.8043,1.244],[22.3997,59.8046,1.8405],[22.397,59.8026,1.4726],[22.3969,59.8046,3.5269],[22.4042,59.8051,0.0],[22.4008,59.8085,2.0092],[22.4081,59.8135,0.0],[22.4169,59.8132,1.0216],[22.4186,59.8101,0.0],[22.4269,59.8112,0.0],[22.4236,59.8143,0.0],[22.4158,59.8138,0.0],[22.4075,59.8154,3.1476],[22.4097,59.8168,0.9973],[22.4164,59.8157,0.0],[22.4175,59.8168,0.0],[22.4125,59.8187,6.0359],[22.4125,59.8218,0.0],[22.4108,59.8229,0.0],[22.4042,59.8224,1.5216],[22.4042,59.8246,0.0],[22.4008,59.824,0.0],[22.4014,59.8224,0.0],[22.4042,59.8218,8.3419],[22.4036,59.8196,0.9103],[22.3986,59.8207,0.0],[22.3975,59.824,0.6637],[22.3947,59.8263,0.0],[22.3931,59.826,0.0],[22.3936,59.824,0.6637],[22.3869,59.8254,0.0],[22.3881,59.8235,3.7171],[22.3814,59.821,2.8957],[22.3808,59.8235,0.3749],[22.3831,59.8246,0.0],[22.3831,59.8263,0.9003],[22.3742,59.8274,0.7882],[22.3753,59.8288,7.6865],[22.3831,59.8282,0.0],[22.3831,59.8296,0.0],[22.3803,59.8301,8.2182]]],
[[[22.3408,59.824,0.0],[22.3336,59.8254,0.0],[22.3386,59.8238,0.8709],[22.3369,59.8213,0.0],[22.3386,59.8204,0.5084],[22.3386,59.8185,0.0],[22.3403,59.8182,0.0],[22.3397,59.8199,0.5084],[22.3414,59.8204,0.0],[22.3497,59.821,4.4415],[22.3475,59.8243,0.0],[22.3408,59.824,0.0]]],
[[[22.3486,59.8263,0.3419],[22.3503,59.8274,0.0],[22.3469,59.8276,2.2832],[22.3447,59.8257,2.2998],[22.3469,59.8251,0.0],[22.3486,59.8263,0.3419]]],
[[[22.3881,59.829,0.0],[22.3858,59.8279,0.0],[22.3903,59.8276,0.0],[22.3903,59.8293,0.0],[22.3881,59.829,0.0]]],
[[[22.2481,59.806,0.2738],[22.2497,59.8057,0.0],[22.2503,59.8074,0.0],[22.2464,59.8079,0.0],[22.2481,59.806,0.2738]]],
[[[22.3225,59.8264,1.315],[22.3192,59.8288,0.0],[22.3169,59.8276,0.0],[22.3203,59.8254,3.4487],[22.3192,59.8221,0.0],[22.3203,59.819,3.3374],[22.3175,59.8157,2.2185],[22.3175,59.8118,11.4065],[22.3136,59.8099,0.369],[22.3136,59.8068,4.8146],[22.3086,59.8051,0.0],[22.3081,59.8004,0.0],[22.3114,59.7999,0.8838],[22.3153,59.8024,4.2078],[22.3242,59.8032,0.0],[22.3203,59.8065,1.7813],[22.3219,59.8082,1.028],[22.3258,59.8071,5.4246],[22.3281,59.8043,0.951],[22.3369,59.8035,0.0],[22.3425,59.8071,0.0],[22.3397,59.8107,0.4951],[22.3369,59.8112,0.7822],[22.3386,59.814,0.0],[22.3286,59.8146,1.3259],[22.3297,59.8165,0.0],[22.3281,59.819,0.0],[22.3225,59.8207,0.0],[22.3258,59.8229,0.0],[22.3247,59.8232,0.0],[22.3253,59.8251,0.0],[22.3225,59.8264,1.315]]],
[[[22.3242,59.8307,0.0],[22.3203,59.8332,0.6323],[22.3181,59.8312,0.0],[22.3192,59.8304,0.0],[22.3242,59.8307,0.0]]],
[[[22.3336,59.8343,2.1235],[22.3286,59.8368,4.098],[22.3253,59.8368,0.8645],[22.3247,59.8351,1.883],[22.3253,59.8335,0.2785],[22.3297,59.8343,3.54],[22.3303,59.8329,0.8973],[22.3336,59.8343,2.1235]]],
[[[22.3508,59.8307,0.7188],[22.3503,59.8296,0.0],[22.3525,59.8296,0.0],[22.3531,59.8318,0.0],[22.3508,59.8318,0.7188],[22.3508,59.8307,0.7188]]],
[[[22.3514,59.8343,1.9476],[22.3458,59.836,0.0],[22.3469,59.8338,2.6731],[22.3425,59.8324,0.0],[22.3381,59.8346,1.2586],[22.3375,59.8326,0.0],[22.3408,59.8315,0.5003],[22.3414,59.8299,1.7233],[22.3369,59.8288,0.0],[22.3392,59.8274,0.0],[22.3442,59.8282,0.6183],[22.3442,59.8304,0.0],[22.348,59.8299,0.2823],[22.3475,59.8324,2.4308],[22.3525,59.8335,0.0],[22.3514,59.8343,1.9476]]],
[[[22.3875,59.8338,2.3836],[22.3897,59.8338,0.0],[22.3881,59.8374,0.0],[22.3836,59.8354,0.819],[22.3836,59.8349,0.819],[22.3875,59.8338,2.3836]]],
[[[22.3536,59.8351,0.0],[22.3558,59.8354,0.0],[22.3514,59.8363,0.0],[22.3514,59.8357,0.0],[22.3536,59.8351,0.0]]],
[[[22.3297,59.8385,0.0],[22.3286,59.8407,1.077],[22.3231,59.8399,0.0],[22.3247,59.8382,0.0],[22.3297,59.8385,0.0]]],
[[[22.3353,59.8413,1.5145],[22.3353,59.8393,0.5246],[22.3403,59.8401,0.0],[22.3386,59.8415,2.6766],[22.3353,59.8413,1.5145]]],
[[[22.2481,59.8421,0.1868],[22.2514,59.8413,0.0],[22.2519,59.8429,0.0],[22.2469,59.8432,0.0],[22.2481,59.8421,0.1868]]],
[[[22.3147,59.8443,0.0],[22.3158,59.8454,0.0],[22.3103,59.846,0.0],[22.3103,59.8449,0.0],[22.3147,59.8443,0.0]]],
[[[22.0958,59.8299,2.6065],[22.0925,59.8296,0.0],[22.0925,59.8285,0.0],[22.098,59.8285,0.0],[22.0958,59.8299,2.6065]]],
[[[22.1597,59.829,0.0],[22.1608,59.8299,0.0],[22.1536,59.8304,0.0],[22.1536,59.8299,0.0],[22.1597,59.829,0.0]]],
[[[22.1286,59.8332,0.0],[22.1303,59.8343,0.0],[22.1292,59.8363,0.0],[22.1275,59.8346,0.0],[22.1286,59.8332,0.0]]],
[[[22.143,59.8338,1.659],[22.1447,59.8365,0.0],[22.1403,59.8371,0.0],[22.1403,59.8346,0.5643],[22.143,59.8338,1.659]]],
[[[22.2181,59.834,0.4566],[22.2225,59.8351,0.0],[22.2225,59.836,0.3819],[22.2153,59.8351,0.0],[22.2181,59.834,0.4566]]],
[[[22.1619,59.8351,0.0],[22.1625,59.8374,0.0],[22.1575,59.8371,0.0],[22.1586,59.8346,0.6395],[22.1619,59.8351,0.0]]],
[[[22.2319,59.8357,2.4193],[22.2358,59.8368,0.0],[22.2364,59.8401,0.4139],[22.2342,59.8401,0.0],[22.2336,59.8376,0.616],[22.2292,59.8371,0.0],[22.2236,59.8332,0.2016],[22.2269,59.8329,0.0],[22.2319,59.8357,2.4193]]],
[[[22.1681,59.8354,0.0],[22.1708,59.8349,0.3757],[22.1719,59.8382,0.0],[22.1653,59.8374,0.7039],[22.1681,59.8354,0.0]]],
[[[22.1881,59.8363,0.5483],[22.1914,59.8363,1.0545],[22.1897,59.841,0.0],[22.1864,59.8382,0.0],[22.1881,59.8363,0.5483]]],
[[[22.2069,59.8374,0.0],[22.2069,59.8404,0.0],[22.2092,59.8418,0.0],[22.2042,59.841,0.4237],[22.2042,59.8387,0.0],[22.2069,59.8374,0.0]]],
[[[22.1986,59.8421,0.0],[22.1931,59.8435,0.9287],[22.1914,59.8415,0.0],[22.1947,59.8374,0.1571],[22.1969,59.8371,0.0],[22.1958,59.841,0.2956],[22.2003,59.8407,0.0],[22.1986,59.8421,0.0]]],
[[[22.1747,59.8418,1.9049],[22.1758,59.8432,0.0],[22.1703,59.844,0.0],[22.1692,59.8418,0.7062],[22.1642,59.8424,0.0],[22.1597,59.8404,0.0],[22.1658,59.839,0.6552],[22.1692,59.8407,0.7062],[22.1731,59.8401,0.0],[22.1747,59.8382,0.0],[22.1792,59.8393,1.2959],[22.1819,59.8382,0.0],[22.1808,59.8413,0.5557],[22.1758,59.8401,2.2966],[22.1747,59.8418,1.9049]]],
[[[22.2219,59.841,0.1986],[22.2247,59.8418,0.0],[22.2253,59.8426,0.0],[22.2203,59.8418,0.1986],[22.2219,59.841,0.1986]]],
[[[22.2292,59.8407,0.0],[22.2303,59.8424,0.0],[22.2269,59.8438,0.0],[22.2264,59.8407,0.0],[22.2292,59.8407,0.0]]],
[[[22.2125,59.8418,0.7271],[22.2153,59.8413,0.6759],[22.2153,59.8446,0.0],[22.2108,59.8438,0.0],[22.2125,59.8418,0.7271]]],
[[[22.2075,59.8462,0.0],[22.2042,59.8457,0.0],[22.2047,59.8479,0.4478],[22.2019,59.8482,0.0],[22.1992,59.8471,0.6821],[22.2014,59.844,0.0],[22.1992,59.8443,0.339],[22.1981,59.8457,0.0],[22.1936,59.8451,0.0],[22.1997,59.8438,0.339],[22.2008,59.8415,0.0],[22.2031,59.8413,0.0],[22.2031,59.8429,0.4793],[22.2064,59.8432,0.0],[22.2092,59.8454,0.0],[22.2075,59.8462,0.0]]],
[[[22.0708,59.7374,0.0],[22.0742,59.7363,0.0],[22.0764,59.7379,0.0],[22.0742,59.7382,0.0],[22.0708,59.7374,0.0]]],
[[[22.0614,59.7654,0.0],[22.0592,59.7646,0.0],[22.0664,59.7649,0.0],[22.0664,59.7657,0.0],[22.0614,59.7654,0.0]]],
[[[22.0369,59.7757,0.1878],[22.0392,59.7757,0.2973],[22.0408,59.7768,0.0],[22.0342,59.7771,0.0],[22.0369,59.7757,0.1878]]],
[[[22.0764,59.776,0.0],[22.0803,59.7757,0.0],[22.0814,59.7785,0.2136],[22.0769,59.7785,0.7321],[22.0769,59.7768,0.9302],[22.0753,59.7765,0.0],[22.0764,59.776,0.0]]],
[[[22.1253,59.7793,1.3428],[22.1286,59.7788,1.3097],[22.1297,59.7807,1.069],[22.1242,59.7807,0.8232],[22.1236,59.7793,0.0],[22.1253,59.7793,1.3428]]],
[[[22.1047,59.7821,0.0],[22.0997,59.7838,0.0],[22.1042,59.7813,0.4322],[22.1025,59.7796,0.0],[22.1042,59.7785,0.0],[22.1158,59.7807,0.0],[22.1153,59.7821,0.0],[22.1108,59.781,0.0],[22.1047,59.7821,0.0]]],
[[[22.0847,59.784,0.0659],[22.087,59.7865,0.0],[22.0831,59.7865,0.0],[22.0825,59.784,0.0],[22.0847,59.784,0.0659]]],
[[[22.0953,59.7868,0.0],[22.0958,59.7885,0.0],[22.0942,59.7893,0.0],[22.0914,59.7888,0.0],[22.0914,59.7882,0.4141],[22.0953,59.7868,0.0]]],
[[[22.0631,59.7821,0.0],[22.0653,59.7832,0.0],[22.0586,59.7832,0.0],[22.0597,59.7818,0.0],[22.0631,59.7821,0.0]]],
[[[22.0742,59.7832,0.0],[22.0747,59.7843,0.0],[22.0764,59.7851,0.0],[22.072,59.7851,0.0],[22.0742,59.7832,0.0]]],
[[[22.0603,59.8015,0.0],[22.0608,59.8035,0.0],[22.0586,59.804,0.0],[22.0586,59.8018,0.0],[22.0603,59.8015,0.0]]],
[[[22.0731,59.8029,0.0],[22.0736,59.804,0.0],[22.0714,59.8057,0.8242],[22.0675,59.806,1.4955],[22.0647,59.8004,0.0],[22.0681,59.801,0.4367],[22.0686,59.8029,0.9729],[22.0731,59.8029,0.0]]],
[[[22.0881,59.7912,0.0],[22.0914,59.7938,0.9322],[22.0875,59.7943,0.0],[22.0847,59.7918,0.0],[22.0881,59.7912,0.0]]],
[[[22.098,59.7949,0.0],[22.0997,59.7951,0.0],[22.098,59.7968,0.2189],[22.0925,59.7957,0.2244],[22.0931,59.794,0.9322],[22.098,59.7949,0.0]]],
[[[22.1103,59.7976,0.8647],[22.1125,59.7976,0.0],[22.1131,59.7993,0.0],[22.1097,59.7993,0.6395],[22.1103,59.7976,0.8647]]],
[[[22.1031,59.8057,0.0],[22.1047,59.8071,0.0],[22.0981,59.8068,0.0],[22.0986,59.8057,0.0],[22.1031,59.8057,0.0]]],
[[[21.8469,59.7776,0.0],[21.8492,59.7799,0.0],[21.8464,59.7804,0.0],[21.8436,59.7788,0.0],[21.8447,59.7776,0.1208],[21.8469,59.7776,0.0]]],
[[[21.8464,59.7899,0.0],[21.8464,59.791,0.0],[21.8414,59.791,0.0],[21.8447,59.7888,0.0],[21.8464,59.7899,0.0]]],
[[[21.8603,59.7921,0.0745],[21.8614,59.7929,0.0745],[21.8592,59.7938,0.0],[21.8508,59.7932,0.0945],[21.8492,59.7915,0.0],[21.8547,59.791,0.0],[21.8603,59.7921,0.0745]]],
[[[21.8858,59.7935,0.0],[21.8886,59.7943,0.0],[21.8847,59.7951,0.5258],[21.8792,59.7938,0.549],[21.8797,59.7929,0.0],[21.8858,59.7935,0.0]]],
[[[21.8969,59.7943,0.0],[21.8986,59.7957,0.0],[21.8936,59.7957,0.4093],[21.8942,59.7946,0.0],[21.8969,59.7943,0.0]]],
[[[21.8897,59.7985,0.4982],[21.893,59.7988,0.0],[21.8936,59.7999,0.0],[21.8875,59.7996,0.0],[21.8897,59.7985,0.4982]]],
[[[21.8842,59.8043,0.8735],[21.8853,59.8057,0.0],[21.8842,59.8063,0.1253],[21.8792,59.8057,0.1735],[21.8803,59.8043,0.1224],[21.8842,59.8043,0.8735]]],
[[[21.8825,59.809,0.1861],[21.8842,59.8112,0.5069],[21.8808,59.8121,0.3266],[21.8764,59.8099,0.0],[21.8803,59.8076,0.1885],[21.883,59.8082,0.0],[21.8825,59.809,0.1861]]],
[[[21.8292,59.801,0.0592],[21.8292,59.8018,0.0592],[21.8242,59.8015,0.1091],[21.8258,59.8001,0.0],[21.8292,59.801,0.0592]]],
[[[21.8164,59.8057,0.295],[21.8153,59.8071,0.0],[21.8119,59.8074,0.0],[21.8131,59.8054,0.2092],[21.8164,59.8057,0.295]]],
[[[21.8436,59.8071,0.5791],[21.8431,59.8088,0.0],[21.8397,59.809,0.0],[21.8414,59.8071,0.3486],[21.8436,59.8071,0.5791]]],
[[[21.8081,59.8101,0.0],[21.8103,59.8099,0.0],[21.8119,59.8112,0.0],[21.8058,59.811,0.0],[21.8081,59.8101,0.0]]],
[[[21.9314,59.7774,0.0],[21.9292,59.7788,0.0],[21.9264,59.7788,0.0],[21.9281,59.7771,0.7656],[21.9314,59.7774,0.0]]],
[[[21.9697,59.8182,0.0],[21.9708,59.8193,0.0],[21.9692,59.8201,0.5724],[21.9658,59.8196,0.0],[21.9675,59.8179,0.0],[21.9697,59.8182,0.0]]],
[[[21.9769,59.8215,0.0],[21.9797,59.8221,1.6257],[21.9803,59.8238,0.0],[21.9781,59.8243,0.0],[21.9725,59.8218,0.0],[21.973,59.8213,0.0],[21.9769,59.8215,0.0]]],
[[[21.9275,59.8326,0.6172],[21.9314,59.8335,0.0],[21.9314,59.8354,1.2171],[21.9269,59.8346,1.8783],[21.9275,59.8326,0.6172]]],
[[[22.0814,59.8063,0.5806],[22.0842,59.8082,0.0],[22.0819,59.8085,1.2502],[22.0792,59.8057,0.5806],[22.0814,59.8063,0.5806]]],
[[[22.0753,59.8096,0.0],[22.0786,59.8112,0.0],[22.0703,59.8107,0.0],[22.0708,59.8099,0.0],[22.0753,59.8096,0.0]]],
[[[22.0692,59.8126,0.0],[22.0719,59.8143,0.0],[22.0669,59.8143,0.0],[22.0669,59.8129,0.0],[22.0692,59.8126,0.0]]],
[[[22.0764,59.8185,0.0],[22.0792,59.8179,0.0],[22.0797,59.8199,0.0],[22.0786,59.8213,0.0],[22.0747,59.8207,0.7544],[22.0764,59.8185,0.0]]],
[[[22.0936,59.8168,0.0],[22.0908,59.8185,1.0775],[22.0886,59.8182,0.0],[22.0914,59.8143,0.0],[22.0936,59.8168,0.0]]],
[[[22.0853,59.8163,0.0],[22.0819,59.8182,0.0],[22.0797,59.8176,0.0],[22.0864,59.8157,0.0],[22.0853,59.8163,0.0]]],
[[[22.0869,59.8232,0.0],[22.0886,59.824,0.0],[22.087,59.8263,0.0],[22.0803,59.8243,1.0848],[22.0803,59.8224,1.227],[22.0819,59.8215,0.0],[22.0869,59.8232,0.0]]],
[[[22.1381,59.8235,0.0],[22.1386,59.8265,0.7074],[22.1319,59.8271,0.0],[22.1269,59.8254,2.8334],[22.1275,59.8238,2.8334],[22.1381,59.8235,0.0]]],
[[[22.0097,59.8226,0.5179],[22.0092,59.8207,1.9369],[22.0142,59.8204,0.0],[22.0142,59.8224,0.0],[22.0097,59.8226,0.5179]]],
[[[22.0536,59.8254,0.0],[22.0564,59.8249,0.0],[22.0547,59.8276,0.0],[22.0519,59.8276,0.0],[22.0508,59.826,0.0],[22.0536,59.8254,0.0]]],
[[[22.0725,59.8263,0.0],[22.0731,59.8301,0.4055],[22.0642,59.8276,1.662],[22.0675,59.826,0.1713],[22.0725,59.8263,0.0]]],
[[[22.0642,59.8282,1.662],[22.0658,59.8296,0.0],[22.0608,59.8301,0.0],[22.0614,59.8288,0.0],[22.0642,59.8282,1.662]]],
[[[22.0269,59.8282,0.3198],[22.0297,59.8293,0.0],[22.0297,59.831,0.0],[22.0253,59.8307,1.4251],[22.0247,59.8285,0.0],[22.0269,59.8282,0.3198]]],
[[[22.0436,59.8329,0.0],[22.0481,59.834,0.3315],[22.0403,59.834,0.0],[22.0331,59.8304,0.0],[22.0358,59.8299,0.0],[22.0436,59.8329,0.0]]],
[[[22.0697,59.8332,0.9272],[22.0719,59.8346,0.8364],[22.0686,59.8349,3.0685],[22.0636,59.8326,0.0],[22.0658,59.8324,2.556],[22.0697,59.8332,0.9272]]],
[[[22.0236,59.834,0.0],[22.0258,59.8354,0.0],[22.0236,59.836,0.0],[22.018,59.8321,0.0],[22.0208,59.8318,0.0],[22.0242,59.8332,0.0],[22.0236,59.834,0.0]]],
[[[21.8475,59.809,0.0],[21.8492,59.811,0.3888],[21.8442,59.8104,0.5503],[21.8453,59.8085,0.0],[21.8475,59.809,0.0]]],
[[[21.8825,59.8126,0.0],[21.8842,59.8143,0.2964],[21.8797,59.8138,0.5563],[21.8803,59.8126,0.3266],[21.8825,59.8126,0.0]]],
[[[21.8419,59.8135,0.0],[21.8453,59.8138,0.0],[21.8453,59.8151,0.0],[21.8425,59.8154,0.3157],[21.8419,59.8135,0.0]]],
[[[21.8475,59.8285,0.0],[21.8519,59.8293,1.02],[21.8519,59.8304,1.02],[21.8497,59.8312,0.5111],[21.8453,59.8299,0.0],[21.8475,59.8285,0.0]]],
[[[21.8569,59.8315,0.0],[21.8592,59.8329,0.0],[21.8592,59.834,0.0],[21.8547,59.8326,0.2922],[21.8569,59.8315,0.0]]],
[[[21.8492,59.8321,1.574],[21.8508,59.8351,0.0],[21.8458,59.8338,0.0],[21.8469,59.8321,1.574],[21.8492,59.8321,1.574]]],
[[[21.8497,59.8457,0.3505],[21.8514,59.8471,0.0],[21.8508,59.849,0.0],[21.8464,59.8485,1.0875],[21.8475,59.8462,0.3505],[21.8497,59.8457,0.3505]]],
[[[21.8992,59.849,0.4521],[21.9025,59.8482,0.0],[21.9031,59.8501,0.0],[21.8975,59.8499,0.4521],[21.8992,59.849,0.4521]]],
[[[21.8319,59.8379,0.0],[21.8336,59.8387,0.0],[21.8292,59.8396,0.0],[21.8292,59.8385,0.0],[21.8319,59.8379,0.0]]],
[[[21.8447,59.8396,0.0],[21.8447,59.8418,0.0],[21.8431,59.8426,0.0],[21.8403,59.841,0.5137],[21.8408,59.8401,0.0],[21.8447,59.8396,0.0]]],
[[[21.8386,59.8429,0.1191],[21.8386,59.8493,0.4769],[21.8342,59.849,1.6321],[21.8347,59.8432,0.0],[21.8386,59.8429,0.1191]]],
[[[21.7981,59.8682,0.5542],[21.7897,59.8688,0.0],[21.7964,59.8665,0.0],[21.7986,59.8671,0.5542],[21.7981,59.8682,0.5542]]],
[[[21.9781,59.8618,3.6414],[21.9803,59.8632,0.0],[21.9803,59.864,0.0],[21.9764,59.8632,0.0],[21.9781,59.8618,3.6414]]],
[[[21.9692,59.8699,4.1615],[21.9619,59.871,0.0],[21.9592,59.8699,0.0],[21.9608,59.8676,2.1533],[21.9597,59.8668,0.2085],[21.9608,59.8662,0.2085],[21.9608,59.8618,0.0],[21.9642,59.8615,0.3956],[21.9597,59.8593,0.9458],[21.9664,59.8587,0.2887],[21.9647,59.8571,0.0],[21.9619,59.8579,0.0],[21.9614,59.8563,0.2959],[21.9686,59.8554,0.0],[21.9831,59.8596,0.0],[21.9836,59.861,0.0],[21.9803,59.8621,0.0],[21.9697,59.859,1.7724],[21.9653,59.8593,3.9939],[21.9653,59.8601,3.9939],[21.9703,59.8613,0.0],[21.9725,59.8646,0.0],[21.9725,59.8668,0.0],[21.9692,59.8699,4.1615]]],
[[[21.9586,59.8646,0.1872],[21.9553,59.8638,0.0],[21.9603,59.8629,0.0],[21.9603,59.8649,0.8898],[21.9586,59.8646,0.1872]]],
[[[21.9347,59.8665,0.0],[21.9353,59.8679,0.0],[21.9331,59.8696,0.1487],[21.9292,59.869,0.0],[21.9331,59.866,0.0],[21.9347,59.8665,0.0]]],
[[[21.5897,59.7376,0.0],[21.5897,59.7388,0.0],[21.5808,59.7388,0.0],[21.5847,59.7365,0.0],[21.5897,59.7376,0.0]]],
[[[21.5986,59.7507,0.6942],[21.6014,59.7529,0.0],[21.5975,59.7535,1.8031],[21.5947,59.7513,0.0],[21.5953,59.7504,0.0],[21.5986,59.7507,0.6942]]],
[[[21.5625,59.7535,0.0],[21.5647,59.7535,0.0],[21.5653,59.7557,0.0],[21.5619,59.756,0.0],[21.5625,59.7535,0.0]]],
[[[21.5731,59.7599,0.0],[21.5753,59.7626,0.0],[21.5719,59.7629,0.0],[21.5697,59.7613,0.0],[21.5703,59.7601,0.0],[21.5731,59.7599,0.0]]],
[[[21.5542,59.7624,0.0],[21.5553,59.7632,0.0],[21.5536,59.7643,0.0],[21.5464,59.7629,0.0],[21.5508,59.761,0.0],[21.5542,59.7624,0.0]]],
[[[21.5403,59.7626,0.0],[21.5425,59.7654,0.0],[21.5364,59.7638,0.0],[21.5369,59.7626,0.0],[21.5403,59.7626,0.0]]],
[[[21.5719,59.7635,0.0],[21.5736,59.7635,0.4305],[21.5731,59.7657,0.0],[21.5692,59.7651,0.0],[21.5692,59.764,0.0],[21.5719,59.7635,0.0]]],
[[[21.5997,59.7657,0.5697],[21.6025,59.7665,0.0],[21.6025,59.7682,0.0],[21.5953,59.7679,0.2396],[21.5908,59.7651,0.0],[21.5931,59.7646,0.0],[21.5997,59.7657,0.5697]]],
[[[21.6319,59.7743,0.347],[21.6336,59.776,0.0],[21.6281,59.776,0.0],[21.6303,59.7743,0.347],[21.6319,59.7743,0.347]]],
[[[21.6336,59.7779,0.0],[21.6303,59.7801,0.0],[21.6281,59.7799,0.0],[21.6297,59.7782,0.0],[21.6336,59.7779,0.0]]],
[[[21.6675,59.7851,0.0],[21.6692,59.7863,0.0],[21.6642,59.7868,0.0],[21.6669,59.7851,0.0],[21.6675,59.7851,0.0]]],
[[[21.6797,59.7854,0.0],[21.6814,59.7865,0.4041],[21.6758,59.7865,0.0],[21.6764,59.7857,0.0],[21.6797,59.7854,0.0]]],
[[[21.5908,59.7671,0.0],[21.5931,59.769,0.0],[21.5819,59.7682,0.219],[21.5803,59.766,0.2344],[21.5825,59.7646,0.0],[21.5853,59.7657,0.0],[21.5842,59.7665,0.6015],[21.5908,59.7671,0.0]]],
[[[21.588,59.7743,0.0],[21.5869,59.776,0.0],[21.5881,59.7771,0.0],[21.5847,59.7771,0.0],[21.5853,59.7746,0.0],[21.588,59.7743,0.0]]],
[[[21.5819,59.7762,0.0],[21.5831,59.7774,0.0],[21.5786,59.7782,0.0],[21.5736,59.7768,0.0],[21.5764,59.7751,0.0],[21.5819,59.7762,0.0]]],
[[[21.6064,59.8099,0.0],[21.6031,59.8132,0.0],[21.5986,59.811,0.0],[21.6058,59.8074,0.0],[21.6075,59.8085,0.0],[21.6064,59.8099,0.0]]],
[[[21.8203,59.7726,0.4376],[21.8108,59.7738,0.0],[21.8181,59.7715,0.0],[21.8186,59.7699,0.0],[21.8214,59.7701,0.0],[21.8203,59.7726,0.4376]]],
[[[21.8347,59.7921,0.4822],[21.8369,59.7932,0.4822],[21.8303,59.7938,0.0],[21.8314,59.7926,0.0],[21.8347,59.7921,0.4822]]],
[[[21.8108,59.7951,0.0],[21.8125,59.7962,0.0],[21.8069,59.796,0.0],[21.8081,59.7949,0.0],[21.8108,59.7951,0.0]]],
[[[21.7897,59.8007,0.0],[21.7919,59.7993,0.0],[21.7925,59.8018,0.0],[21.7886,59.8015,0.0],[21.7897,59.8007,0.0]]],
[[[21.6547,59.7968,0.0],[21.6525,59.7988,0.0],[21.6486,59.7988,0.0],[21.6497,59.7974,1.2596],[21.6547,59.7968,0.0]]],
[[[21.6597,59.7985,0.0],[21.6581,59.8007,0.0],[21.6542,59.8004,0.0],[21.6575,59.7979,0.0],[21.6608,59.7979,0.0],[21.6597,59.7985,0.0]]],
[[[21.6731,59.8063,0.3129],[21.6719,59.8088,0.0],[21.6669,59.8085,0.0],[21.6686,59.8063,0.0],[21.6742,59.8054,0.0],[21.6731,59.8063,0.3129]]],
[[[21.6675,59.8104,0.0],[21.6642,59.811,0.0],[21.6636,59.8093,0.0],[21.6686,59.8093,0.0],[21.6675,59.8104,0.0]]],
[[[21.7536,59.7907,0.0],[21.7542,59.7913,0.0],[21.7564,59.7918,0.0],[21.7508,59.7915,0.0],[21.7536,59.7907,0.0]]],
[[[21.7847,59.7932,0.0],[21.7858,59.7935,0.0],[21.7808,59.7943,0.0],[21.7819,59.7929,0.0],[21.7847,59.7932,0.0]]],
[[[21.688,59.8043,0.0],[21.6908,59.8051,0.0],[21.6853,59.8057,0.0],[21.6858,59.8049,0.0],[21.688,59.8043,0.0]]],
[[[21.7114,59.8171,0.5914],[21.7125,59.8199,0.0],[21.7114,59.8204,1.2769],[21.7069,59.8185,0.371],[21.7086,59.8168,0.0],[21.7114,59.8171,0.5914]]],
[[[21.7981,59.8163,0.4182],[21.7992,59.8176,0.0],[21.7975,59.819,0.0],[21.7853,59.8176,0.0],[21.7881,59.814,1.1993],[21.7986,59.8135,0.6572],[21.7975,59.8115,0.0],[21.7997,59.811,0.0],[21.8008,59.8126,0.6462],[21.7969,59.8149,0.0],[21.7981,59.8163,0.4182]]],
[[[21.8086,59.8171,0.5325],[21.8092,59.8182,0.0],[21.8042,59.8193,0.0],[21.8064,59.8171,0.1979],[21.8036,59.8151,0.0],[21.8075,59.8143,0.0],[21.8142,59.816,0.2588],[21.8131,59.8174,0.0],[21.8086,59.8171,0.5325]]],
[[[21.8192,59.8182,0.0],[21.8158,59.8199,0.2843],[21.8142,59.8185,0.0],[21.8147,59.8176,0.0],[21.8192,59.8182,0.0]]],
[[[21.7931,59.8204,0.0],[21.7914,59.8224,0.0],[21.7881,59.8221,0.0],[21.7892,59.8193,0.0],[21.7931,59.8204,0.0]]],
[[[21.5636,59.8104,0.0],[21.5675,59.8129,0.0],[21.5603,59.8124,0.0],[21.5614,59.8101,0.0],[21.5636,59.8104,0.0]]],
[[[21.5592,59.8135,0.0],[21.5619,59.8143,0.3901],[21.5581,59.8151,0.3493],[21.5503,59.8118,0.0],[21.5575,59.8124,0.0],[21.5592,59.8135,0.0]]],
[[[21.6436,59.8346,0.1632],[21.6469,59.8363,0.0],[21.6364,59.8346,0.3195],[21.6247,59.8299,2.1078],[21.6053,59.8338,0.0],[21.5975,59.8332,0.0],[21.5958,59.8307,0.0],[21.5897,59.8287,5.8554],[21.5836,59.8299,0.0],[21.5814,59.8274,0.0],[21.5847,59.8263,1.5393],[21.5825,59.8246,0.1475],[21.5792,59.8265,0.0],[21.5764,59.8257,0.0],[21.5758,59.8243,0.0],[21.5797,59.8238,0.1475],[21.5786,59.8221,1.0156],[21.5725,59.821,0.0],[21.5642,59.8168,0.3574],[21.5564,59.8157,-0.1124],[21.5636,59.8151,0.0],[21.5731,59.819,0.7847],[21.5753,59.8171,0.5827],[21.5719,59.8137,0.0],[21.5747,59.8135,0.0],[21.5819,59.8157,0.2951],[21.5825,59.8193,-0.0047],[21.5875,59.819,0.3173],[21.5831,59.8163,-0.0943],[21.5858,59.8157,0.0332],[21.5958,59.8218,0.0],[21.6008,59.8221,1.5985],[21.6097,59.8263,0.9575],[21.6242,59.8238,0.0361],[21.6264,59.8257,0.0349],[21.6319,59.826,0.0519],[21.6342,59.8318,0.0],[21.6436,59.8346,0.1632]]],
[[[21.5458,59.8246,0.0],[21.5464,59.826,0.0],[21.5442,59.8274,0.0],[21.5392,59.826,0.0],[21.5425,59.824,2.7869],[21.5458,59.8246,0.0]]],
[[[21.6481,59.8137,0.0],[21.6469,59.8163,0.0],[21.6447,59.8165,0.5605],[21.6403,59.8132,0.0],[21.6419,59.8126,0.0],[21.6481,59.8137,0.0]]],
[[[21.6381,59.8235,0.0],[21.6353,59.8254,1.1087],[21.6308,59.8243,0.1746],[21.6314,59.8229,0.0],[21.6381,59.8235,0.0]]],
[[[21.6597,59.8396,0.0],[21.6619,59.8413,0.2233],[21.6564,59.841,0.0],[21.6525,59.8385,0.0],[21.6525,59.8368,0.0],[21.6547,59.8365,0.0],[21.6597,59.8396,0.0]]],
[[[21.6153,59.8751,0.0],[21.6125,59.8771,0.0],[21.6103,59.8765,0.0],[21.6136,59.8749,0.0],[21.6153,59.8751,0.0]]],
[[[21.5764,59.8332,2.134],[21.5747,59.8349,1.1513],[21.5697,59.8354,0.2886],[21.5647,59.8318,0.7087],[21.5697,59.8304,0.0],[21.5764,59.8332,2.134]]],
[[[21.6136,59.8371,0.0],[21.6119,59.8393,0.0],[21.6069,59.8382,0.0],[21.6119,59.8365,0.0],[21.6136,59.8371,0.0]]],
[[[21.5825,59.8688,0.0],[21.5853,59.869,0.0],[21.5853,59.8707,0.0],[21.5803,59.8701,0.0],[21.5825,59.8688,0.0]]],
[[[21.6086,59.8704,0.0],[21.6108,59.8707,0.0],[21.6114,59.8721,0.0],[21.6069,59.871,0.0],[21.6086,59.8704,0.0]]],
[[[21.5864,59.8726,0.0],[21.5881,59.8746,0.0],[21.5847,59.8751,1.8424],[21.5847,59.8735,0.0],[21.5864,59.8726,0.0]]],
[[[21.6131,59.8821,1.1808],[21.6147,59.8835,0.0],[21.6036,59.8829,0.9028],[21.6019,59.8821,0.9028],[21.6036,59.8812,2.4462],[21.6019,59.8796,6.9919],[21.6008,59.8796,2.6703],[21.6014,59.8815,2.4462],[21.5975,59.881,0.8249],[21.5986,59.8796,0.6295],[21.5975,59.8782,0.0],[21.6053,59.874,0.0],[21.6064,59.8765,1.3067],[21.6053,59.8774,0.2353],[21.6086,59.8779,0.0],[21.6075,59.8804,0.0],[21.6131,59.8821,1.1808]]],
[[[21.5914,59.8793,0.0],[21.5931,59.8807,0.0],[21.5886,59.8804,0.0],[21.5892,59.879,0.0],[21.5914,59.8793,0.0]]],
[[[21.6008,59.8818,1.6517],[21.6036,59.884,0.0],[21.598,59.8838,0.0],[21.5981,59.8818,0.8249],[21.6008,59.8818,1.6517]]],
[[[21.8042,59.8201,0.0],[21.8064,59.8201,0.0],[21.8075,59.8213,0.0],[21.8047,59.8221,0.0],[21.8042,59.8201,0.0]]],
[[[21.8086,59.8232,0.0],[21.8097,59.8243,0.0],[21.8069,59.8251,1.9322],[21.7986,59.824,0.0],[21.7997,59.8224,0.718],[21.8086,59.8232,0.0]]],
[[[21.8186,59.8229,0.0],[21.8208,59.8243,0.0],[21.8147,59.8243,0.0],[21.8153,59.8238,0.1019],[21.8186,59.8229,0.0]]],
[[[21.8114,59.8296,0.0],[21.8136,59.831,0.4194],[21.8131,59.8326,0.0],[21.8081,59.8324,0.0],[21.8086,59.8296,0.0],[21.8114,59.8296,0.0]]],
[[[21.6886,59.8343,0.2561],[21.6875,59.8363,0.9054],[21.6825,59.8368,0.1986],[21.6842,59.834,1.3486],[21.6886,59.8343,0.2561]]],
[[[21.7453,59.8357,0.0],[21.7481,59.8354,0.0],[21.7486,59.8374,0.0],[21.7425,59.8365,0.0],[21.7453,59.8357,0.0]]],
[[[21.7031,59.8387,0.0],[21.7003,59.8418,0.286],[21.6936,59.8401,0.0],[21.6992,59.8376,0.0],[21.7031,59.8387,0.0]]],
[[[21.7808,59.841,0.0],[21.7803,59.8426,0.0],[21.7764,59.8429,0.0],[21.7786,59.8413,0.0],[21.7808,59.841,0.0]]],
[[[21.7486,59.8679,0.0],[21.7486,59.8665,0.0],[21.7531,59.8668,0.0],[21.7525,59.8682,0.247],[21.7486,59.8679,0.0]]],
[[[21.7869,59.8674,0.0],[21.7875,59.8688,0.0],[21.7853,59.8704,0.0],[21.7775,59.869,0.8926],[21.7781,59.8679,0.0],[21.7847,59.8688,0.0],[21.7869,59.8674,0.0]]],
[[[21.7669,59.8688,3.9207],[21.7703,59.8699,0.0],[21.7642,59.871,0.1693],[21.7619,59.8699,0.7359],[21.7647,59.8685,0.0],[21.7669,59.8688,3.9207]]],
[[[21.6797,59.8735,0.0],[21.6836,59.8735,0.0],[21.6842,59.8743,0.0],[21.6803,59.8749,0.0],[21.6797,59.8735,0.0]]],
[[[21.8125,59.8688,0.0],[21.8086,59.8707,0.0],[21.8025,59.8685,0.0],[21.8142,59.8676,0.2636],[21.8125,59.8688,0.0]]],
[[[21.8019,59.8693,2.2258],[21.8019,59.8704,2.2258],[21.7964,59.871,0.0],[21.7969,59.8688,4.3112],[21.8019,59.8693,2.2258]]],
[[[21.8308,59.8707,0.3106],[21.8269,59.8729,0.9884],[21.8219,59.8724,0.348],[21.8269,59.8713,0.0],[21.8275,59.8696,0.0],[21.8308,59.8696,0.0],[21.8308,59.8707,0.3106]]],
[[[21.8297,59.8735,0.0],[21.8281,59.8754,1.7],[21.8219,59.8746,1.6258],[21.8236,59.8732,0.9884],[21.8297,59.8735,0.0]]],
[[[21.9986,59.8393,0.0],[22.0014,59.839,0.3201],[22.0025,59.8413,0.0],[22.0008,59.8415,0.2473],[21.9986,59.8393,0.0]]],
[[[21.973,59.8401,0.0],[21.9742,59.841,0.0],[21.9725,59.8424,0.0],[21.9686,59.8413,0.0],[21.9692,59.8407,0.0],[21.973,59.8401,0.0]]],
[[[21.9992,59.8418,0.0],[22.0003,59.8429,0.0],[21.9981,59.8454,0.9701],[21.9897,59.8438,1.3605],[21.9919,59.8418,0.0],[21.9992,59.8418,0.0]]],
[[[21.9692,59.8424,0.8979],[21.9664,59.8451,0.8756],[21.9642,59.8449,0.0],[21.9658,59.8426,0.7014],[21.9692,59.8424,0.8979]]],
[[[22.0281,59.8421,0.0],[22.0253,59.8424,0.0],[22.0242,59.8404,0.0],[22.0281,59.8404,0.0],[22.0281,59.8421,0.0]]],
[[[22.0792,59.8446,0.0],[22.0814,59.846,0.0],[22.0808,59.8474,0.0],[22.0781,59.8474,0.0],[22.0731,59.8438,0.0],[22.0764,59.8438,0.0],[22.0792,59.8446,0.0]]],
[[[22.0147,59.8465,0.0],[22.0153,59.846,0.1656],[22.0186,59.8457,0.0],[22.0175,59.8479,0.0],[22.0147,59.8465,0.0]]],
[[[22.0703,59.8474,0.0],[22.0708,59.8462,0.0],[22.0758,59.846,0.0],[22.0731,59.8479,0.0],[22.0703,59.8474,0.0]]],
[[[21.9953,59.8501,0.0],[21.9919,59.8526,0.0],[21.9869,59.8524,0.0],[21.9892,59.849,0.0],[21.9825,59.8485,0.8357],[21.9836,59.8468,0.6974],[21.9819,59.8446,0.6346],[21.9825,59.8421,1.3141],[21.9881,59.8387,0.0],[21.9942,59.8396,0.0],[21.9925,59.8413,0.0],[21.9881,59.8404,0.3119],[21.9881,59.8418,0.0],[21.9858,59.8424,0.6308],[21.9875,59.8429,0.0],[21.9864,59.8443,1.3605],[21.9919,59.8451,0.0],[21.9908,59.846,0.0],[21.9931,59.8474,0.0],[21.9914,59.8482,2.9402],[21.9942,59.8479,0.0],[21.9953,59.8501,0.0]]],
[[[21.9731,59.8479,0.0],[21.9697,59.8499,0.3606],[21.9681,59.8485,0.0],[21.9692,59.8468,0.0],[21.9731,59.8479,0.0]]],
[[[22.0047,59.8507,0.0],[21.9992,59.8524,0.0],[21.9953,59.8518,0.0],[21.9975,59.8499,0.0],[22.0047,59.8493,0.0],[22.0047,59.8507,0.0]]],
[[[21.9547,59.8504,0.0],[21.9558,59.8529,0.9511],[21.9525,59.8538,0.0],[21.9514,59.8518,0.4156],[21.9547,59.8504,0.0]]],
[[[22.0625,59.8488,0.1812],[22.0647,59.8479,0.0],[22.0642,59.849,0.2661],[22.0619,59.8493,0.0],[22.0581,59.8474,0.4433],[22.0592,59.8471,0.4433],[22.0625,59.8488,0.1812]]],
[[[22.0503,59.8507,0.5647],[22.0469,59.8521,1.353],[22.0469,59.8535,1.353],[22.0386,59.8504,1.9298],[22.0358,59.851,0.0],[22.0375,59.849,1.9298],[22.0342,59.8476,0.0],[22.0386,59.8454,0.5882],[22.0336,59.8462,2.6134],[22.0319,59.8443,4.6508],[22.0353,59.8432,0.0],[22.0419,59.8451,0.0],[22.0464,59.8504,0.6706],[22.0486,59.8507,0.466],[22.0486,59.849,0.4624],[22.0503,59.8488,0.5093],[22.0503,59.8507,0.5647]]],
[[[22.0681,59.8507,0.4745],[22.0686,59.8499,0.0],[22.0736,59.8501,0.0],[22.0703,59.8518,0.4745],[22.0681,59.8507,0.4745]]],
[[[22.0647,59.8521,2.2999],[22.0664,59.8538,0.0],[22.0631,59.8546,3.2915],[22.0542,59.8513,1.5161],[22.0631,59.8513,0.8099],[22.0647,59.8521,2.2999]]],
[[[22.0525,59.8529,0.4004],[22.0558,59.8549,0.8638],[22.0519,59.8549,5.0077],[22.0503,59.8524,0.8372],[22.0525,59.8529,0.4004]]],
[[[22.0875,59.8543,0.0],[22.0864,59.8549,0.5053],[22.0881,59.8565,0.0],[22.0842,59.8568,2.3238],[22.0808,59.8549,0.0],[22.0853,59.854,0.5053],[22.0764,59.8524,0.0],[22.0875,59.8513,0.0],[22.0886,59.8532,1.1737],[22.0875,59.8543,0.0]]],
[[[22.0497,59.8565,0.0],[22.0486,59.8549,0.3176],[22.0508,59.8549,0.0],[22.0525,59.8574,0.0],[22.0508,59.8574,0.0],[22.0497,59.8565,0.0]]],
[[[22.0269,59.8574,0.2765],[22.0253,59.8563,0.0],[22.0319,59.856,0.0],[22.0331,59.8579,0.0],[22.0286,59.8579,1.486],[22.0269,59.8574,0.2765]]],
[[[21.9675,59.8529,0.0],[21.9658,59.8549,1.8725],[21.9619,59.8538,0.3035],[21.9625,59.8532,0.0],[21.9675,59.8529,0.0]]],
[[[21.9942,59.856,0.0],[21.9931,59.859,0.0],[21.9875,59.8579,0.0],[21.9903,59.8576,0.5699],[21.9886,59.8557,0.0],[21.9825,59.8565,0.5132],[21.9836,59.8549,2.5058],[21.9786,59.8576,0.578],[21.9753,59.8565,1.7339],[21.9753,59.8551,3.7367],[21.9725,59.8554,3.6131],[21.9708,59.8529,0.0],[21.9764,59.8507,0.1966],[21.9792,59.8521,1.59],[21.9781,59.8538,4.5625],[21.9808,59.854,2.7633],[21.9803,59.8526,0.0],[21.9842,59.8513,0.0],[21.9853,59.8518,0.0],[21.9847,59.8546,1.8013],[21.9858,59.8532,0.0],[21.9897,59.8532,0.0],[21.9886,59.8554,4.0343],[21.9931,59.854,0.0],[21.9942,59.856,0.0]]],
[[[21.9458,59.859,0.7517],[21.9475,59.859,0.0],[21.9458,59.8618,0.0],[21.9392,59.8596,1.9615],[21.9397,59.8582,0.2789],[21.9458,59.859,0.7517]]],
[[[21.9431,59.8613,0.0],[21.9436,59.8624,0.0],[21.9414,59.8624,1.4973],[21.9408,59.864,0.0],[21.9342,59.8626,0.0],[21.9358,59.8604,0.0],[21.9431,59.8613,0.0]]],
[[[22.1075,59.8654,3.5112],[22.0947,59.8668,0.0],[22.0942,59.8646,1.793],[22.0842,59.8621,0.0],[22.0631,59.8607,0.0],[22.0597,59.8618,0.0],[22.0581,59.8599,0.0],[22.0708,59.8585,0.8292],[22.0669,59.8576,2.3545],[22.0681,59.8549,0.0],[22.0753,59.8568,0.0],[22.0758,59.8587,0.0],[22.0792,59.8571,3.5125],[22.087,59.8582,1.5143],[22.0931,59.8568,0.4738],[22.0942,59.8585,3.5905],[22.0931,59.8596,1.4951],[22.0975,59.8585,0.0],[22.0986,59.8596,0.0],[22.0964,59.8607,6.3269],[22.0997,59.8626,1.4392],[22.1058,59.8626,1.4359],[22.1097,59.8643,0.0],[22.1075,59.8654,3.5112]]],
[[[22.1297,59.8643,3.8508],[22.1208,59.866,0.0],[22.1192,59.8643,0.0],[22.1219,59.8618,0.0],[22.1175,59.8621,0.0],[22.1175,59.859,0.0],[22.1197,59.8587,0.0],[22.1236,59.8615,0.0],[22.1292,59.8593,0.0],[22.1386,59.8607,0.0],[22.1369,59.8568,0.0],[22.1386,59.8579,1.3633],[22.1453,59.856,1.938],[22.1503,59.856,1.1931],[22.1531,59.8576,0.9199],[22.1603,59.8571,0.0],[22.1581,59.8585,3.0762],[22.1603,59.8604,0.0],[22.1592,59.8618,0.0],[22.1536,59.8604,5.3612],[22.1469,59.8629,0.0],[22.1403,59.8604,5.1902],[22.1425,59.8626,0.0],[22.1297,59.8643,3.8508]]],
[[[22.1375,59.8688,0.0],[22.1347,59.869,0.0],[22.1342,59.8674,0.5742],[22.1386,59.8676,0.0],[22.1375,59.8688,0.0]]],
[[[22.1542,59.871,5.2147],[22.1575,59.8729,0.0],[22.1503,59.8724,0.0],[22.1475,59.8704,0.0],[22.1492,59.8685,6.4154],[22.143,59.8679,0.7872],[22.1425,59.8665,1.241],[22.1503,59.8643,0.0],[22.1547,59.8648,0.0],[22.1553,59.866,0.0],[22.1531,59.8668,1.8379],[22.1586,59.8679,1.1872],[22.1531,59.8693,0.0],[22.1542,59.871,5.2147]]],
[[[22.0664,59.8621,0.0],[22.0642,59.8643,0.0],[22.0597,59.8649,0.0],[22.0636,59.8621,0.5216],[22.0664,59.8621,0.0]]],
[[[22.0703,59.864,0.0],[22.0736,59.8643,0.0],[22.0664,59.8651,0.0],[22.0669,59.8646,0.0],[22.0703,59.864,0.0]]],
[[[22.0253,59.866,0.1557],[22.0286,59.8671,0.0],[22.0219,59.8671,0.0],[22.0219,59.8662,0.1702],[22.0253,59.866,0.1557]]],
[[[22.0792,59.8735,0.1489],[22.0736,59.8737,0.0],[22.0681,59.8715,0.9702],[22.0681,59.8699,0.0],[22.0825,59.8707,1.791],[22.0814,59.8729,0.1489],[22.0792,59.8735,0.1489]]],
[[[21.8775,59.8621,0.0],[21.8764,59.8638,0.0],[21.8731,59.8643,0.0],[21.8736,59.8626,0.0],[21.8775,59.8621,0.0]]],
[[[21.8414,59.8729,0.0],[21.8447,59.8721,0.0],[21.8458,59.8735,0.0],[21.8425,59.8737,0.5537],[21.8414,59.8729,0.0]]],
[[[21.9075,59.8729,0.0996],[21.9086,59.8743,0.0],[21.9036,59.8743,0.0],[21.9058,59.8726,0.0996],[21.9075,59.8729,0.0996]]],
[[[21.8542,59.8729,0.453],[21.8586,59.8735,0.0],[21.8586,59.8749,0.0],[21.8508,59.8757,0.0],[21.8464,59.8737,0.7706],[21.8486,59.8724,0.7706],[21.8542,59.8729,0.453]]],
[[[21.9431,59.8682,0.6597],[21.9397,59.8696,0.0],[21.9369,59.8685,1.1316],[21.9381,59.8668,0.0],[21.9475,59.8674,0.0],[21.9431,59.8682,0.6597]]],
[[[21.9314,59.874,0.6756],[21.9269,59.8765,0.0],[21.9231,59.8754,0.0],[21.9264,59.8726,0.8141],[21.9314,59.874,0.6756]]],
[[[21.9358,59.8776,0.356],[21.9369,59.8788,0.0],[21.9358,59.8793,0.0],[21.9308,59.8793,0.0],[21.9314,59.8776,0.0],[21.9358,59.8776,0.356]]],
[[[21.9442,59.8818,0.5469],[21.9431,59.881,0.5469],[21.9397,59.8826,0.0],[21.9381,59.8807,0.2918],[21.9408,59.8782,0.0],[21.9436,59.8788,0.6523],[21.9436,59.8804,0.6523],[21.9508,59.8804,0.0],[21.9503,59.8812,0.3502],[21.9442,59.8818,0.5469]]],
[[[21.9142,59.8732,0.0],[21.9164,59.8729,0.0],[21.9169,59.8743,0.0],[21.9103,59.8746,0.3698],[21.9108,59.8732,0.0],[21.9142,59.8732,0.0]]],
[[[21.8431,59.876,0.2475],[21.8458,59.8754,0.0],[21.8469,59.8771,0.0],[21.8442,59.8774,0.0],[21.8431,59.876,0.2475]]],
[[[21.9097,59.8763,0.0],[21.9108,59.8757,0.0],[21.9147,59.876,0.0],[21.9103,59.8771,1.4299],[21.9097,59.8763,0.0]]],
[[[21.9036,59.8785,0.0],[21.9203,59.8763,0.0],[21.9203,59.8782,0.3474],[21.9169,59.8796,0.0257],[21.9219,59.8793,-0.0556],[21.9147,59.8824,0.0],[21.9008,59.8812,0.0],[21.9036,59.8785,0.0]]],
[[[21.8408,59.8788,1.4351],[21.8419,59.8799,1.4351],[21.8403,59.8807,0.0],[21.8347,59.8799,1.4341],[21.8358,59.8776,0.0],[21.8408,59.8788,1.4351]]],
[[[21.8014,59.8838,0.0],[21.8042,59.8832,0.0],[21.8047,59.8843,1.2868],[21.8003,59.8846,0.0],[21.8014,59.8838,0.0]]],
[[[21.8147,59.8843,2.1904],[21.8147,59.886,2.4518],[21.8119,59.8868,2.4518],[21.8086,59.8857,0.0],[21.8114,59.8835,0.0],[21.8147,59.8843,2.1904]]],
[[[21.7953,59.8888,0.0],[21.7936,59.8904,1.9774],[21.7903,59.8907,0.0],[21.7931,59.8876,0.5561],[21.7953,59.8888,0.0]]],
[[[21.9208,59.8815,0.3702],[21.9247,59.8812,0.0],[21.9253,59.8818,0.0],[21.9192,59.8821,0.0],[21.9208,59.8815,0.3702]]],
[[[21.9297,59.8815,0.0],[21.9325,59.8807,0.4396],[21.9331,59.8832,0.0],[21.9303,59.8835,0.0],[21.9297,59.8815,0.0]]],
[[[21.9375,59.8893,0.32],[21.9397,59.8896,0.0],[21.9403,59.8901,0.0],[21.9353,59.8901,0.4449],[21.9375,59.8893,0.32]]],
[[[21.9475,59.8901,0.0],[21.9492,59.8915,0.0],[21.9442,59.8918,0.0756],[21.9436,59.8907,0.0756],[21.9453,59.8899,0.0],[21.9419,59.8893,0.0],[21.9492,59.8887,0.0],[21.9464,59.8899,0.0],[21.9475,59.8901,0.0]]],
[[[21.8514,59.8876,0.0],[21.8464,59.8888,0.725],[21.8436,59.8871,0.0],[21.8458,59.8865,0.0],[21.8514,59.8876,0.0]]],
[[[21.8953,59.8876,0.3851],[21.8981,59.8879,0.0],[21.8975,59.8904,0.0],[21.8936,59.8899,0.7397],[21.8953,59.8876,0.3851]]],
[[[21.9236,59.8887,0.0],[21.9208,59.891,0.0],[21.9181,59.8904,0.0],[21.9197,59.8899,0.0],[21.9192,59.8885,0.0],[21.9236,59.8887,0.0]]],
[[[21.8508,59.8887,0.0],[21.8531,59.8904,0.0],[21.8469,59.8899,0.725],[21.8481,59.8887,0.376],[21.8508,59.8887,0.0]]],
[[[21.9442,59.8929,0.6776],[21.9458,59.894,0.0],[21.9408,59.894,0.0],[21.9414,59.8932,0.0],[21.9442,59.8929,0.6776]]],
[[[21.9492,59.9024,0.0],[21.9486,59.9043,0.7864],[21.9458,59.9049,1.0769],[21.9447,59.9032,0.0],[21.9481,59.9021,1.6316],[21.9447,59.9004,0.0],[21.9508,59.9015,0.0],[21.9492,59.9024,0.0]]],
[[[21.9442,59.9043,0.4454],[21.9447,59.9054,0.4454],[21.9408,59.9063,0.0],[21.9414,59.9049,0.0],[21.9442,59.9043,0.4454]]],
[[[21.9247,59.9085,0.0],[21.9258,59.9099,0.0],[21.9219,59.9107,0.0],[21.9208,59.9079,0.2093],[21.9219,59.9076,0.2093],[21.9247,59.9085,0.0]]],
[[[21.8564,59.9043,0.0],[21.8597,59.9051,0.0],[21.8597,59.9065,0.0],[21.8553,59.9071,0.0],[21.8508,59.9054,0.0],[21.8525,59.9038,1.2905],[21.8564,59.9043,0.0]]],
[[[21.8414,59.9071,0.0],[21.8419,59.9063,0.0],[21.8453,59.9063,0.0],[21.8447,59.9082,0.0],[21.8414,59.9071,0.0]]],
[[[21.9069,59.9076,2.0738],[21.9075,59.9093,4.1002],[21.9053,59.9107,0.0],[21.8964,59.9104,0.0],[21.8975,59.9065,2.0771],[21.8925,59.9054,1.3923],[21.8925,59.904,1.3923],[21.8981,59.9043,0.6049],[21.9069,59.9076,2.0738]]],
[[[21.8803,59.9132,0.8522],[21.8786,59.9124,1.4338],[21.8792,59.9135,0.8522],[21.8764,59.914,0.0],[21.8692,59.9101,2.3958],[21.8703,59.9082,4.1032],[21.8681,59.9063,0.3421],[21.8731,59.9063,1.767],[21.8692,59.9038,3.5149],[21.8753,59.9035,0.0],[21.8881,59.9099,0.0],[21.8825,59.9113,0.8383],[21.8842,59.9126,0.0],[21.8825,59.9135,0.0],[21.8803,59.9132,0.8522]]],
[[[22.4997,59.7221,1.1494],[22.5008,59.7235,0.0],[22.4992,59.7243,0.0],[22.4936,59.7235,0.0],[22.4975,59.7224,1.1494],[22.4958,59.721,0.0],[22.4997,59.7221,1.1494]]],
[[[22.4786,59.7349,0.0],[22.4814,59.7343,0.0],[22.4831,59.7371,0.0],[22.4797,59.7365,0.0],[22.4786,59.7349,0.0]]],
[[[22.463,59.7368,0.0],[22.4631,59.7376,0.0],[22.4581,59.7376,0.0],[22.4592,59.7365,0.0],[22.463,59.7368,0.0]]],
[[[22.5092,59.7412,0.0],[22.5092,59.7396,0.0],[22.5125,59.7396,0.0],[22.5136,59.7421,0.0],[22.5103,59.7426,0.0],[22.5092,59.7412,0.0]]],
[[[22.4436,59.7379,0.0],[22.4442,59.7357,0.0],[22.4475,59.7365,0.0],[22.4475,59.7376,0.0],[22.4436,59.7379,0.0]]],
[[[22.4253,59.7446,0.0],[22.4275,59.744,0.0],[22.4264,59.746,0.0],[22.4236,59.7463,0.0],[22.4236,59.7446,0.0],[22.4253,59.7446,0.0]]],
[[[22.4014,59.7487,0.0],[22.4014,59.7482,0.0],[22.4058,59.7477,0.0],[22.4042,59.7493,0.0],[22.4014,59.7487,0.0]]],
[[[22.4314,59.7496,0.0],[22.4319,59.7479,0.0],[22.4358,59.7482,0.0],[22.4342,59.7501,0.4202],[22.4314,59.7496,0.0]]],
[[[22.4703,59.7438,0.0],[22.4736,59.7438,0.0],[22.4742,59.746,0.0],[22.4719,59.7457,0.0],[22.4703,59.7438,0.0]]],
[[[22.5069,59.7432,0.0],[22.5069,59.7463,0.0],[22.5031,59.7465,0.0],[22.5036,59.7432,0.0],[22.5069,59.7432,0.0]]],
[[[22.4869,59.7499,0.0],[22.4903,59.7499,0.0],[22.4908,59.751,0.0],[22.4847,59.751,0.0],[22.4869,59.7499,0.0]]],
[[[22.4875,59.7604,0.0],[22.4875,59.7593,0.0],[22.4919,59.7588,0.0],[22.4919,59.7599,0.0],[22.4875,59.7604,0.0]]],
[[[22.4258,59.754,0.0],[22.4297,59.7538,0.0],[22.4308,59.7562,0.0],[22.4264,59.7557,0.0],[22.4258,59.754,0.0]]],
[[[22.4542,59.7687,0.0],[22.4542,59.7674,0.0],[22.4597,59.7679,0.0],[22.4597,59.769,0.0],[22.4542,59.7687,0.0]]],
[[[22.4419,59.7815,0.6831],[22.4403,59.7799,1.0145],[22.4442,59.7796,0.2593],[22.4453,59.781,0.0],[22.4453,59.7818,0.0],[22.4419,59.7815,0.6831]]],
[[[22.4492,59.7899,0.0],[22.4453,59.7913,0.0],[22.4381,59.7915,0.0],[22.4481,59.7888,0.0],[22.4492,59.7899,0.0]]],
[[[22.5153,59.7829,0.0],[22.5186,59.7837,0.0],[22.5186,59.7846,0.3607],[22.5125,59.7843,0.0],[22.5153,59.7829,0.0]]],
[[[22.5058,59.7846,0.0],[22.5053,59.7865,0.0],[22.4986,59.7868,0.0],[22.5036,59.784,0.275],[22.5058,59.7846,0.0]]],
[[[22.4925,59.7968,1.5491],[22.4914,59.7951,0.0],[22.4969,59.7949,0.0],[22.4958,59.7971,0.0],[22.4925,59.7968,1.5491]]],
[[[22.5103,59.8004,0.0],[22.5108,59.799,0.0],[22.5153,59.7988,0.0],[22.5147,59.8004,0.0],[22.5103,59.8004,0.0]]],
[[[22.4397,59.7938,0.259],[22.4453,59.7929,0.0],[22.4436,59.7951,0.0854],[22.4397,59.7949,0.259],[22.4397,59.7938,0.259]]],
[[[22.4525,59.794,0.8568],[22.4531,59.7957,0.0],[22.4475,59.7965,0.0],[22.4481,59.7949,0.0],[22.4525,59.794,0.8568]]],
[[[22.4386,59.7957,0.4669],[22.4386,59.7985,0.0],[22.4408,59.7999,0.0],[22.4336,59.799,0.0],[22.4364,59.796,0.0],[22.4386,59.7957,0.4669]]],
[[[22.4158,59.799,0.0],[22.4147,59.8001,0.0],[22.4158,59.8007,0.0],[22.4114,59.8012,0.0],[22.4103,59.7982,0.0],[22.4158,59.7985,0.0],[22.4208,59.796,1.0507],[22.4253,59.7974,0.0],[22.4236,59.7988,0.0],[22.4158,59.799,0.0]]],
[[[22.4053,59.8029,0.5261],[22.4047,59.8021,0.5261],[22.4103,59.8024,0.0],[22.4092,59.8035,0.8696],[22.4053,59.8029,0.5261]]],
[[[22.4547,59.8032,0.0],[22.4553,59.8026,0.3897],[22.4597,59.8026,0.0],[22.4536,59.8043,0.0],[22.4547,59.8032,0.0]]],
[[[22.4325,59.8032,0.0],[22.4336,59.8088,0.0],[22.4275,59.8082,0.0],[22.4297,59.8068,1.1896],[22.4247,59.804,0.4641],[22.4253,59.801,0.5386],[22.4325,59.8032,0.0]]],
[[[22.4231,59.8071,0.0],[22.4269,59.809,0.0],[22.4208,59.8096,0.2391],[22.4197,59.8085,0.0],[22.4203,59.8068,0.0],[22.4231,59.8071,0.0]]],
[[[22.4525,59.811,0.0],[22.4536,59.8129,0.0],[22.4514,59.8143,0.0],[22.4447,59.8129,0.0],[22.4464,59.811,0.7131],[22.4525,59.811,0.0]]],
[[[22.4425,59.8129,0.0],[22.4453,59.8146,0.462],[22.4392,59.8146,1.6685],[22.4403,59.8129,0.0],[22.4425,59.8129,0.0]]],
[[[22.4286,59.8171,0.0],[22.4303,59.8154,0.0],[22.4325,59.8154,0.0],[22.4314,59.8174,0.0],[22.4286,59.8171,0.0]]],
[[[22.4436,59.8179,0.0],[22.4419,59.8163,0.0],[22.4475,59.8168,0.0],[22.447,59.8182,0.0],[22.4436,59.8179,0.0]]],
[[[22.7042,59.761,0.0],[22.7008,59.764,0.0],[22.6947,59.7624,0.0],[22.7008,59.7576,0.0],[22.7069,59.759,0.0],[22.7069,59.7607,0.0],[22.7042,59.761,0.0]]],
[[[22.7064,59.774,0.1121],[22.7069,59.7732,0.0],[22.7114,59.7735,0.0],[22.7086,59.7749,0.1121],[22.7064,59.774,0.1121]]],
[[[22.7508,59.8079,0.0],[22.7536,59.8096,0.0],[22.7475,59.8099,0.5185],[22.7475,59.8079,0.0],[22.7508,59.8079,0.0]]],
[[[22.7581,59.8124,0.0],[22.7614,59.8118,0.0],[22.7619,59.8135,0.0],[22.7586,59.8138,0.0],[22.7581,59.8124,0.0]]],
[[[22.5442,59.7843,1.2071],[22.5481,59.7851,0.0],[22.5386,59.7849,0.0],[22.5397,59.7838,0.0717],[22.5442,59.7843,1.2071]]],
[[[22.5397,59.8174,0.0],[22.5408,59.8157,0.0],[22.5442,59.8154,0.0],[22.5436,59.8171,0.0],[22.5397,59.8174,0.0]]],
[[[22.5431,59.826,0.0],[22.5436,59.8271,0.0],[22.5408,59.8285,0.3384],[22.5347,59.8268,0.0],[22.5364,59.8263,0.0],[22.5397,59.8268,0.2041],[22.5431,59.826,0.0]]],
[[[22.6186,59.8329,0.2722],[22.6158,59.8321,0.0],[22.6219,59.8321,0.0],[22.6214,59.8332,0.3705],[22.6186,59.8329,0.2722]]],
[[[22.7703,59.8151,0.0],[22.7731,59.8146,0.0],[22.7742,59.8168,0.0],[22.7714,59.8171,0.0],[22.7692,59.8157,0.0],[22.7703,59.8151,0.0]]],
[[[22.7425,59.8154,0.0],[22.7425,59.8168,0.0],[22.7447,59.8168,0.0],[22.7442,59.8179,0.0],[22.7386,59.8168,0.0],[22.7408,59.8157,0.0],[22.7408,59.814,0.0],[22.7442,59.814,0.0],[22.7425,59.8154,0.0]]],
[[[22.7975,59.8229,0.0],[22.7903,59.8243,0.2623],[22.7947,59.8213,0.0],[22.7986,59.8221,0.0],[22.7975,59.8229,0.0]]],
[[[22.7875,59.8335,0.0],[22.7908,59.8335,0.0],[22.7914,59.8349,0.0],[22.7869,59.8354,0.2348],[22.7875,59.8335,0.0]]],
[[[22.6336,59.8415,0.2499],[22.6297,59.8399,0.0],[22.6375,59.8404,0.0],[22.6375,59.8415,0.0],[22.6336,59.8415,0.2499]]],
[[[22.6486,59.8418,0.0],[22.6514,59.8426,0.0],[22.6481,59.8438,0.0],[22.6408,59.8429,0.0],[22.6447,59.8415,0.0],[22.6486,59.8418,0.0]]],
[[[22.6303,59.8415,0.0],[22.6314,59.8438,0.0],[22.6253,59.8426,0.8331],[22.6264,59.8415,0.0],[22.6303,59.8415,0.0]]],
[[[22.6608,59.8438,0.0],[22.6653,59.8432,0.0],[22.6647,59.8449,0.0],[22.6603,59.8449,0.0],[22.6608,59.8438,0.0]]],
[[[22.4636,59.8063,0.0],[22.4658,59.8071,0.0],[22.4592,59.8079,0.0],[22.4592,59.8068,0.0],[22.4636,59.8063,0.0]]],
[[[22.5014,59.8121,0.6497],[22.5031,59.8129,0.0],[22.4986,59.8135,0.0],[22.4992,59.8121,0.0],[22.5014,59.8121,0.6497]]],
[[[22.4753,59.8135,0.0],[22.4719,59.8151,0.0],[22.4664,59.8146,0.0],[22.4669,59.8132,0.0],[22.4753,59.8135,0.0]]],
[[[22.5219,59.8226,0.101],[22.5236,59.8215,0.0],[22.5264,59.8215,0.0],[22.5258,59.8238,0.0],[22.5219,59.8226,0.101]]],
[[[22.4386,59.8196,0.7084],[22.4397,59.8221,0.0],[22.4375,59.8229,0.9844],[22.4308,59.8213,0.0],[22.4358,59.8196,0.0],[22.4358,59.8179,0.0],[22.4386,59.8196,0.7084]]],
[[[22.4286,59.8246,0.0],[22.4297,59.8254,0.0],[22.4275,59.8268,0.2111],[22.4208,59.8257,0.0],[22.4219,59.8232,1.5637],[22.4175,59.8224,0.73],[22.4203,59.8196,0.0],[22.4175,59.8201,1.7218],[22.4164,59.8185,2.0175],[22.4203,59.8174,1.1156],[22.4275,59.8215,0.0],[22.4231,59.8243,0.6745],[22.4286,59.8246,0.0]]],
[[[22.4619,59.8226,0.0],[22.4553,59.8243,0.0],[22.4564,59.8213,0.0],[22.463,59.8215,0.0],[22.4619,59.8226,0.0]]],
[[[22.4186,59.8271,1.1394],[22.4197,59.8276,1.1394],[22.4169,59.829,0.0],[22.4097,59.8276,0.0],[22.4119,59.826,0.0],[22.4186,59.8271,1.1394]]],
[[[22.5336,59.824,0.0],[22.5347,59.8229,0.0],[22.5386,59.8229,0.0],[22.5375,59.8243,0.0],[22.5336,59.824,0.0]]],
[[[22.4842,59.8235,0.0],[22.4853,59.824,0.0],[22.4797,59.8243,0.0],[22.4803,59.8238,0.0],[22.4842,59.8235,0.0]]],
[[[22.5031,59.8274,0.0],[22.5064,59.829,0.0],[22.5014,59.8293,0.0],[22.4986,59.8271,0.0],[22.5031,59.8254,0.0],[22.5008,59.8265,0.0],[22.5031,59.8274,0.0]]],
[[[22.4647,59.8274,0.0],[22.4581,59.829,0.0],[22.4625,59.826,2.0417],[22.4664,59.8262,1.1202],[22.4647,59.8274,0.0]]],
[[[22.5192,59.8288,0.0],[22.5192,59.8274,0.0],[22.5219,59.8271,0.0],[22.5219,59.829,0.0],[22.5192,59.8288,0.0]]],
[[[22.4781,59.8326,0.0],[22.4825,59.8338,0.0],[22.4825,59.8351,0.0],[22.4725,59.8351,0.0],[22.4747,59.8326,1.1706],[22.4781,59.8326,0.0]]],
[[[22.5008,59.8343,0.0],[22.4981,59.8371,0.0],[22.4947,59.8368,0.8672],[22.4936,59.834,0.0],[22.4903,59.834,0.4097],[22.4919,59.836,0.6612],[22.4864,59.8354,2.2542],[22.4892,59.8326,0.0],[22.4931,59.8326,0.6855],[22.4969,59.8349,0.0],[22.5008,59.8343,0.0]]],
[[[22.4697,59.8338,0.0],[22.4703,59.8351,0.0],[22.4681,59.8363,0.7047],[22.4647,59.836,2.281],[22.4664,59.8338,0.6754],[22.4697,59.8338,0.0]]],
[[[22.4492,59.8307,5.1772],[22.4531,59.8299,0.0],[22.4519,59.8318,0.8444],[22.4481,59.8318,0.6682],[22.4492,59.8307,5.1772]]],
[[[22.4192,59.8407,0.0],[22.4119,59.8421,0.0],[22.4075,59.8401,0.0],[22.4075,59.8387,0.0],[22.4136,59.836,1.1166],[22.4131,59.834,0.5612],[22.4158,59.8318,0.0],[22.4219,59.8296,0.0],[22.4286,59.8299,0.0],[22.4264,59.8346,0.4097],[22.4292,59.8346,3.1541],[22.4292,59.8326,0.0],[22.4336,59.834,0.5526],[22.4353,59.829,0.7346],[22.4414,59.8296,0.0],[22.4425,59.8246,0.0],[22.447,59.8257,0.0],[22.4458,59.8276,0.0],[22.4481,59.8279,0.0],[22.4464,59.831,0.8676],[22.4408,59.8312,4.2806],[22.4408,59.8329,0.0],[22.4325,59.8376,0.0],[22.4231,59.841,0.0],[22.4192,59.8407,0.0]]],
[[[22.4581,59.8365,1.6964],[22.4475,59.8382,0.0],[22.4497,59.8332,0.6685],[22.4553,59.8315,0.0],[22.4569,59.8321,0.0],[22.4547,59.8346,5.5865],[22.4597,59.8351,0.0],[22.4581,59.8365,1.6964]]],
[[[22.4553,59.8393,0.0],[22.4558,59.8374,0.0],[22.4597,59.8379,0.0],[22.4597,59.839,0.0],[22.4553,59.8393,0.0]]],
[[[22.4653,59.8382,0.0],[22.4725,59.8376,0.0],[22.4719,59.8393,0.0],[22.4658,59.8393,0.0],[22.4653,59.8382,0.0]]],
[[[22.4569,59.8404,0.0],[22.4631,59.8399,0.0],[22.4603,59.8418,1.285],[22.4569,59.8418,0.0],[22.4569,59.8404,0.0]]],
[[[22.4769,59.8418,0.0],[22.4775,59.841,0.0],[22.4814,59.8407,0.0],[22.4803,59.8421,0.0],[22.4769,59.8418,0.0]]],
[[[22.4986,59.8429,0.0866],[22.4992,59.841,0.0],[22.5025,59.8421,0.0],[22.5025,59.8435,0.0],[22.4986,59.8429,0.0866]]],
[[[22.4436,59.8379,1.4152],[22.4436,59.8393,0.0],[22.4403,59.8407,0.0],[22.4381,59.8399,0.9705],[22.4397,59.8379,0.0],[22.4436,59.8379,1.4152]]],
[[[22.4275,59.8443,0.0],[22.4308,59.8435,0.0],[22.4319,59.8451,0.0],[22.4286,59.8457,0.0],[22.4275,59.8443,0.0]]],
[[[22.4164,59.8715,0.0],[22.4142,59.8732,0.0],[22.4103,59.8732,2.2599],[22.4092,59.871,0.0],[22.4053,59.8693,0.8529],[22.4058,59.8676,0.6726],[22.403,59.8665,0.0],[22.4042,59.8657,0.5465],[22.4031,59.8635,0.0],[22.4108,59.8638,4.0982],[22.4119,59.8654,4.0982],[22.4075,59.8668,0.5465],[22.4147,59.8671,0.0],[22.4181,59.8701,0.0],[22.4164,59.8715,0.0]]],
[[[22.4181,59.8685,0.0],[22.4208,59.8679,0.0],[22.4225,59.8701,0.0],[22.4203,59.8704,3.7927],[22.4181,59.8685,0.0]]],
[[[22.5047,59.8471,0.0],[22.4981,59.8493,0.0],[22.4847,59.8476,2.8692],[22.4853,59.8457,1.1824],[22.4908,59.8449,0.0],[22.5047,59.8471,0.0]]],
[[[22.5364,59.8568,0.0],[22.5364,59.8579,0.7185],[22.5219,59.8576,1.6284],[22.5225,59.8554,0.0],[22.5281,59.8535,0.0],[22.5308,59.8557,1.882],[22.5364,59.8568,0.0]]],
[[[22.5131,59.8613,0.7136],[22.5058,59.8624,0.0],[22.5069,59.8601,0.0],[22.5192,59.8593,0.0],[22.5186,59.8615,1.1675],[22.5131,59.8613,0.7136]]],
[[[22.5231,59.8638,0.7572],[22.5264,59.8648,0.0],[22.5258,59.8676,0.0],[22.5186,59.8646,0.0],[22.5142,59.8662,0.0],[22.5119,59.8649,0.0],[22.5125,59.8621,0.0],[22.5231,59.8638,0.7572]]],
[[[22.7586,59.8385,0.0],[22.7581,59.8376,0.0],[22.7631,59.8374,0.0],[22.7631,59.839,0.0],[22.7586,59.8385,0.0]]],
[[[22.7769,59.8462,0.0],[22.7769,59.8482,0.0],[22.7719,59.849,0.0],[22.7708,59.8479,0.0],[22.7714,59.846,0.0],[22.7769,59.8462,0.0]]],
[[[22.713,59.8599,0.0],[22.7136,59.8587,0.0],[22.7181,59.859,0.0],[22.7158,59.8604,0.0],[22.713,59.8599,0.0]]],
[[[22.7242,59.8604,0.0],[22.7253,59.8624,0.0],[22.7208,59.8621,0.0],[22.7208,59.8604,0.0],[22.7247,59.8593,0.0],[22.7242,59.8604,0.0]]],
[[[22.5942,59.8443,0.0],[22.5986,59.8438,0.0],[22.5969,59.8451,0.148],[22.5931,59.8449,0.0],[22.5942,59.8443,0.0]]],
[[[22.6175,59.8551,0.0],[22.6181,59.8532,0.0],[22.6214,59.8543,0.4403],[22.6214,59.8554,0.4403],[22.6175,59.8551,0.0]]],
[[[22.617,59.8604,0.0],[22.617,59.8599,0.0],[22.6242,59.8601,0.0],[22.6203,59.8613,0.0],[22.617,59.8604,0.0]]],
[[[22.5497,59.8601,0.6805],[22.5525,59.8621,0.0],[22.5419,59.8615,0.0],[22.5464,59.8593,1.1658],[22.5497,59.8601,0.6805]]],
[[[22.5864,59.8618,0.0],[22.5875,59.8607,0.1719],[22.5908,59.8613,0.0],[22.5903,59.8624,0.0],[22.5864,59.8618,0.0]]],
[[[22.6308,59.8601,0.0],[22.6325,59.8599,0.0],[22.6314,59.8635,0.0],[22.6292,59.8635,0.0],[22.6297,59.8618,0.0],[22.6225,59.8635,0.0],[22.6247,59.861,0.1267],[22.6308,59.8601,0.0]]],
[[[22.6136,59.8599,0.0],[22.6136,59.8621,0.0],[22.6114,59.864,0.0],[22.6058,59.8626,1.3879],[22.6064,59.8613,0.3215],[22.6114,59.8621,3.2344],[22.6092,59.8599,0.0],[22.6136,59.8599,0.0]]],
[[[22.6181,59.8638,0.0],[22.6147,59.8643,0.0],[22.6142,59.8632,0.0],[22.6175,59.8618,0.0],[22.6208,59.8626,0.0],[22.6203,59.864,0.0],[22.6181,59.8638,0.0]]],
[[[22.6119,59.8662,0.0],[22.6142,59.866,0.0],[22.6153,59.8671,0.0],[22.6097,59.8676,0.5631],[22.6119,59.8662,0.0]]],
[[[22.5558,59.8688,0.0],[22.5525,59.871,0.0],[22.5475,59.8699,0.0],[22.5486,59.8682,0.0],[22.5558,59.8688,0.0]]],
[[[22.5736,59.8713,0.0],[22.5764,59.8724,0.0],[22.5708,59.8732,0.3876],[22.5697,59.8721,0.0],[22.5714,59.8713,0.0],[22.5736,59.8713,0.0]]],
[[[22.5619,59.8737,0.0],[22.5636,59.8749,0.0],[22.5575,59.8754,0.592],[22.5631,59.8718,0.0],[22.5669,59.8724,0.0],[22.5664,59.8732,0.0],[22.5619,59.8737,0.0]]],
[[[22.5742,59.8654,0.6091],[22.5681,59.8648,0.0],[22.5769,59.8643,0.0],[22.5769,59.8654,0.0],[22.5742,59.8654,0.6091]]],
[[[22.5797,59.8649,0.1801],[22.5825,59.8638,0.1801],[22.5808,59.8671,0.0],[22.5775,59.8657,0.0],[22.5797,59.8649,0.1801]]],
[[[22.5453,59.8671,0.0],[22.5297,59.8676,0.0],[22.5342,59.8643,0.0],[22.5425,59.8657,6.3832],[22.5414,59.8632,0.0],[22.5425,59.8629,0.0],[22.5486,59.8649,0.0],[22.5592,59.8635,0.0],[22.5597,59.8654,0.183],[22.5642,59.8646,0.0],[22.5669,59.866,0.0],[22.5475,59.8662,6.3783],[22.5453,59.8671,0.0]]],
[[[22.6042,59.8643,0.922],[22.6053,59.8665,3.6763],[22.5997,59.866,0.0],[22.6014,59.8643,0.922],[22.6042,59.8643,0.922]]],
[[[22.3992,59.869,0.0],[22.4014,59.8685,0.0],[22.4036,59.8699,0.0],[22.3992,59.8701,0.0],[22.3992,59.869,0.0]]],
[[[22.5314,59.8996,0.0],[22.5297,59.9001,1.3901],[22.5308,59.9024,0.0],[22.5236,59.9026,0.0],[22.5231,59.8999,4.381],[22.5175,59.8982,0.0],[22.5169,59.9001,0.0],[22.5142,59.9004,0.0],[22.5081,59.8976,1.0549],[22.5008,59.8974,0.0],[22.4936,59.8949,0.0],[22.4892,59.8915,0.0],[22.4903,59.8882,5.9512],[22.4881,59.8882,0.0],[22.4875,59.8907,0.0],[22.4769,59.8901,0.0],[22.473,59.886,0.0],[22.4786,59.884,0.4673],[22.4719,59.884,0.0],[22.4747,59.8796,5.3505],[22.4708,59.8771,0.0],[22.4819,59.874,2.9626],[22.4808,59.8721,0.0],[22.4692,59.8746,0.0],[22.4714,59.8713,1.303],[22.4675,59.8696,0.0],[22.4542,59.8737,8.2379],[22.4481,59.8737,0.6662],[22.4469,59.8718,10.3796],[22.4414,59.8701,0.0],[22.4419,59.8685,0.0],[22.4458,59.8671,0.0],[22.4408,59.866,0.0],[22.4392,59.8632,9.5393],[22.4308,59.8632,4.3866],[22.4364,59.8651,0.0],[22.4342,59.8668,4.2397],[22.4297,59.8668,0.0],[22.4297,59.8654,0.0],[22.4275,59.8648,0.6245],[22.4292,59.8668,0.0],[22.4247,59.8674,0.0],[22.4186,59.8649,0.0],[22.4186,59.8635,0.0],[22.4219,59.8618,5.0854],[22.4169,59.8585,8.9313],[22.4158,59.8596,2.163],[22.418,59.8613,0.0],[22.4175,59.8643,0.0],[22.4136,59.8649,2.1417],[22.4103,59.8626,0.0],[22.4092,59.8596,0.0],[22.4158,59.8549,0.4266],[22.4114,59.8535,0.4635],[22.4081,59.8546,0.8636],[22.4086,59.8563,1.1554],[22.4036,59.8568,2.4795],[22.4003,59.8529,2.417],[22.3953,59.8524,0.0],[22.3992,59.8538,0.0],[22.3964,59.8563,5.4321],[22.4003,59.8568,0.0],[22.4036,59.8596,0.0],[22.3997,59.8615,1.1826],[22.3997,59.8635,0.0],[22.3969,59.8635,0.0],[22.3969,59.861,0.0],[22.3919,59.8604,13.2473],[22.3903,59.8604,14.513],[22.3897,59.864,0.0],[22.3775,59.8632,0.0],[22.3814,59.8601,0.0],[22.3864,59.8599,0.0],[22.3842,59.8587,7.7834],[22.3775,59.8607,0.0],[22.3797,59.8585,3.1881],[22.3769,59.8565,0.0],[22.3847,59.8535,5.6598],[22.3753,59.8521,0.0],[22.3719,59.8474,0.0],[22.3736,59.846,0.8837],[22.3858,59.8451,0.0],[22.3864,59.8429,0.0],[22.3958,59.8435,0.0],[22.3958,59.8421,0.0],[22.3992,59.8421,4.6921],[22.3997,59.8382,0.0],[22.4014,59.8376,0.0],[22.4014,59.8404,0.5287],[22.4031,59.841,0.0],[22.3986,59.8457,4.9013],[22.4047,59.8474,0.0],[22.4047,59.8501,0.0],[22.4086,59.8488,0.0],[22.4069,59.8513,3.501],[22.4086,59.8524,2.7859],[22.4103,59.8521,0.4635],[22.4114,59.8476,0.0],[22.4175,59.8468,0.0],[22.4264,59.849,0.0],[22.4264,59.8513,1.0313],[22.4419,59.8504,0.0],[22.4597,59.8549,1.078],[22.4636,59.8518,5.5782],[22.4569,59.8515,0.0],[22.4586,59.8499,0.0],[22.4453,59.8501,1.5354],[22.4447,59.8479,0.0],[22.4558,59.8468,0.0],[22.4586,59.8485,0.0],[22.4586,59.8457,0.0],[22.4603,59.8449,1.1955],[22.4775,59.8446,0.0],[22.4769,59.8465,2.8799],[22.4725,59.8454,0.0],[22.4692,59.8468,0.309],[22.4742,59.8479,0.0],[22.4731,59.8499,0.0],[22.4769,59.851,3.9699],[22.4764,59.8532,2.8948],[22.4697,59.8565,0.0],[22.4631,59.8563,0.0],[22.4664,59.8582,0.0],[22.4642,59.8604,1.6965],[22.4664,59.8621,12.0734],[22.4808,59.861,4.0485],[22.4831,59.8596,0.3614],[22.4919,59.8613,3.5696],[22.4908,59.859,0.0],[22.4869,59.859,0.0],[22.4853,59.8571,0.0],[22.4814,59.8565,0.0],[22.4853,59.854,2.1909],[22.4947,59.8532,2.9435],[22.4836,59.8524,0.0],[22.4842,59.8501,0.0],[22.4964,59.8513,0.0],[22.4975,59.8546,0.0],[22.4964,59.8568,2.7035],[22.4992,59.8551,0.0],[22.5197,59.8549,0.0],[22.5208,59.8568,0.4399],[22.5103,59.8576,0.359],[22.5086,59.8593,0.0],[22.4997,59.8613,2.7598],[22.5008,59.8629,0.0],[22.4953,59.8626,0.0],[22.5092,59.866,0.0],[22.5103,59.8679,0.0],[22.5064,59.8685,4.8422],[22.5069,59.8721,9.2809],[22.5164,59.8735,0.0],[22.5169,59.8751,0.0],[22.5119,59.876,9.6156],[22.5169,59.876,0.0],[22.5169,59.8785,0.0],[22.5014,59.8771,0.0],[22.5014,59.8785,0.0],[22.4986,59.8796,0.0],[22.4903,59.8785,3.7405],[22.4953,59.8796,0.0],[22.4969,59.8832,0.0],[22.5025,59.886,3.8254],[22.5153,59.8832,0.0],[22.5175,59.8849,0.0],[22.527,59.886,1.2316],[22.5275,59.8882,0.0],[22.5203,59.8888,2.9191],[22.5331,59.8904,0.0],[22.5325,59.8929,0.0],[22.5281,59.8926,0.0],[22.5286,59.8946,0.0],[22.5336,59.8954,0.0],[22.5314,59.8974,0.0],[22.5325,59.8993,0.0],[22.5314,59.8996,0.0]]],
[[[22.4381,59.8749,0.0],[22.4392,59.8768,0.0],[22.4353,59.8771,0.0],[22.4342,59.8737,0.0],[22.4375,59.8735,0.0],[22.4381,59.8749,0.0]]],
[[[22.4425,59.8785,0.0],[22.4458,59.8779,0.0],[22.4497,59.8796,0.0],[22.4431,59.8796,0.0],[22.4425,59.8785,0.0]]],
[[[22.5092,59.8701,0.0],[22.5114,59.8696,0.0],[22.5136,59.8721,2.5107],[22.5086,59.8715,0.0],[22.5092,59.8701,0.0]]],
[[[22.5347,59.871,3.9783],[22.5308,59.8726,0.0],[22.5258,59.8721,0.0],[22.5264,59.8704,0.0],[22.5297,59.8693,0.0],[22.5358,59.8699,0.0],[22.5347,59.871,3.9783]]],
[[[22.5292,59.8757,3.1288],[22.5258,59.8782,0.6134],[22.5186,59.8779,0.0],[22.5186,59.8765,0.0],[22.5214,59.876,3.1818],[22.5186,59.8751,0.0],[22.5197,59.8737,0.0],[22.5286,59.8743,2.1942],[22.5292,59.8757,3.1288]]],
[[[22.4797,59.8915,0.0],[22.4814,59.8924,0.0],[22.4803,59.8937,0.0],[22.4764,59.8929,0.0],[22.4764,59.891,0.0],[22.4797,59.8915,0.0]]],
[[[22.4208,59.904,0.0],[22.4231,59.9029,0.984],[22.4258,59.9029,0.0],[22.4253,59.9043,0.0],[22.4208,59.904,0.0]]],
[[[22.4586,59.9032,0.0],[22.4625,59.9051,0.0],[22.4597,59.9057,0.0],[22.4553,59.9026,0.7389],[22.4586,59.9032,0.0]]],
[[[22.4414,59.9051,0.7733],[22.4475,59.9076,0.0],[22.4436,59.9079,1.4042],[22.4381,59.906,1.3662],[22.4375,59.9043,0.0],[22.4336,59.9046,2.0962],[22.4325,59.9018,0.0],[22.4392,59.9015,0.0],[22.4414,59.9051,0.7733]]],
[[[22.4325,59.9049,2.0962],[22.4331,59.906,0.0],[22.4308,59.9071,0.0],[22.4269,59.9065,3.4185],[22.4269,59.9038,3.7923],[22.4325,59.9049,2.0962]]],
[[[22.7686,59.8629,1.3014],[22.7703,59.8638,0.0],[22.7636,59.8638,0.0],[22.7658,59.8624,1.7098],[22.7686,59.8629,1.3014]]],
[[[22.6725,59.8751,0.0],[22.6747,59.8763,0.0],[22.6742,59.8774,0.0],[22.6686,59.8765,0.0],[22.6697,59.8751,0.0],[22.6725,59.8751,0.0]]],
[[[22.7292,59.8776,0.0],[22.7275,59.8779,0.0],[22.7275,59.8763,0.4689],[22.7314,59.8763,0.0],[22.7314,59.8771,0.0],[22.7292,59.8776,0.0]]],
[[[22.7319,59.8796,0.0],[22.7342,59.879,0.0],[22.7347,59.8799,0.0],[22.7297,59.8804,0.0],[22.7319,59.8796,0.0]]],
[[[22.5914,59.8743,0.0],[22.5886,59.8771,0.0],[22.5797,59.8749,0.0],[22.5831,59.8737,0.0],[22.5864,59.8751,0.4534],[22.5892,59.8729,0.0],[22.5914,59.8743,0.0]]],
[[[22.6514,59.8754,0.0],[22.6514,59.8763,0.0],[22.6469,59.8765,0.5924],[22.6469,59.8749,0.0],[22.6514,59.8754,0.0]]],
[[[22.5531,59.8757,0.0],[22.5575,59.8776,0.0],[22.5386,59.8774,0.0],[22.5419,59.8746,1.3032],[22.5458,59.874,5.5843],[22.5536,59.8737,0.0],[22.5531,59.8757,0.0]]],
[[[22.5686,59.8776,0.8558],[22.5703,59.8785,0.8558],[22.5619,59.8785,0.0],[22.5642,59.8768,0.0],[22.5686,59.8776,0.8558]]],
[[[22.6097,59.8829,0.0],[22.6114,59.8843,0.0],[22.6075,59.8846,0.6127],[22.6019,59.8818,1.353],[22.6086,59.8801,0.0],[22.6097,59.8829,0.0]]],
[[[22.5675,59.884,0.9199],[22.5681,59.886,0.0],[22.5631,59.8854,0.4774],[22.5631,59.884,0.4774],[22.5675,59.884,0.9199]]],
[[[22.5575,59.8899,1.6331],[22.5558,59.891,0.0],[22.5575,59.8921,0.0],[22.5558,59.8921,0.0],[22.5519,59.891,0.0],[22.5519,59.8893,1.4812],[22.5358,59.8868,0.8115],[22.5319,59.8849,1.8848],[22.5386,59.8832,4.3331],[22.5292,59.8818,0.0],[22.5331,59.8801,0.0],[22.5519,59.8807,0.0],[22.5542,59.8821,0.0],[22.5469,59.884,5.8183],[22.5492,59.8857,0.1009],[22.5536,59.8843,0.0],[22.5547,59.8863,0.0],[22.5608,59.8868,0.0],[22.5592,59.8876,2.2525],[22.5597,59.8888,1.6331],[22.5642,59.8879,6.1803],[22.5636,59.8868,0.0],[22.5714,59.8882,0.0],[22.5708,59.8857,1.9946],[22.5725,59.8849,0.0],[22.5803,59.8854,0.0],[22.5836,59.8874,0.8001],[22.5836,59.8888,0.0],[22.5781,59.8904,4.0204],[22.5719,59.8887,0.0],[22.5731,59.8907,0.0],[22.5719,59.8913,0.0],[22.5625,59.8901,5.8049],[22.5597,59.8915,0.8655],[22.5575,59.8899,1.6331]]],
[[[22.6403,59.8863,0.0],[22.6425,59.8857,0.0],[22.643,59.8874,0.0],[22.6386,59.8879,0.0],[22.6403,59.8863,0.0]]],
[[[22.6581,59.8893,0.0],[22.6564,59.8888,0.0],[22.6569,59.8874,0.6409],[22.6603,59.8874,0.0],[22.6608,59.8893,0.0],[22.6581,59.8893,0.0]]],
[[[22.6453,59.889,0.0],[22.6419,59.8907,0.0],[22.6342,59.8901,0.0],[22.6414,59.889,0.5005],[22.6453,59.889,0.0]]],
[[[22.6569,59.8907,0.3405],[22.6597,59.8907,0.0],[22.6608,59.8918,0.0],[22.6569,59.8924,0.0],[22.6569,59.8907,0.3405]]],
[[[22.5775,59.8915,0.2566],[22.5825,59.8907,0.4666],[22.5825,59.8929,1.2256],[22.5781,59.8935,0.8855],[22.5764,59.8926,0.0],[22.5775,59.8915,0.2566]]],
[[[22.1031,59.8407,0.0],[22.1047,59.8418,0.0],[22.0969,59.8415,0.0],[22.0997,59.8393,0.5266],[22.1031,59.8407,0.0]]],
[[[22.1464,59.8451,0.0],[22.1458,59.8468,0.6931],[22.1419,59.8479,0.0],[22.1442,59.8446,0.0],[22.1464,59.8451,0.0]]],
[[[22.1025,59.8451,0.0],[22.1069,59.8454,0.0],[22.1069,59.8468,2.8465],[22.1042,59.8476,0.0],[22.1025,59.8451,0.0]]],
[[[22.1197,59.8532,3.367],[22.1203,59.8543,0.0],[22.1175,59.8554,2.6529],[22.1086,59.8535,0.6041],[22.1114,59.8507,1.4879],[22.1158,59.8507,0.1866],[22.1125,59.8485,2.73],[22.1142,59.8462,1.7957],[22.1236,59.846,1.567],[22.1169,59.8438,0.0],[22.1169,59.8418,0.0],[22.1214,59.8393,0.2408],[22.1269,59.839,0.0],[22.1281,59.8396,0.0],[22.1275,59.8424,4.07],[22.1358,59.8435,0.0],[22.1319,59.8468,9.4574],[22.1258,59.8465,1.8613],[22.1292,59.849,7.0647],[22.1325,59.8479,0.0],[22.1353,59.8507,0.0],[22.1353,59.8532,0.0],[22.1231,59.8535,5.0716],[22.1186,59.8521,3.367],[22.1197,59.8532,3.367]]],
[[[22.2208,59.8457,0.4511],[22.2236,59.8446,0.3306],[22.2225,59.8474,0.0633],[22.2147,59.8465,0.0],[22.2153,59.8454,0.0],[22.2208,59.8457,0.4511]]],
[[[22.1608,59.8457,0.8015],[22.1647,59.8451,0.0],[22.1642,59.8465,0.6144],[22.1592,59.8468,0.8015],[22.1608,59.8457,0.8015]]],
[[[22.1992,59.8482,0.6821],[22.2036,59.849,0.0],[22.2069,59.8479,0.0],[22.2092,59.8496,2.376],[22.1975,59.8499,0.8457],[22.1942,59.8515,0.0],[22.1853,59.8501,0.6562],[22.1853,59.849,0.6562],[22.1919,59.8474,2.9368],[22.1992,59.8482,0.6821]]],
[[[22.2342,59.8507,0.0],[22.2358,59.8524,0.0],[22.2331,59.8532,1.3939],[22.2308,59.8526,0.0],[22.2314,59.8513,0.0],[22.2242,59.8501,0.0],[22.223,59.8485,0.1083],[22.2269,59.8482,0.0],[22.2342,59.8507,0.0]]],
[[[22.3103,59.8485,0.3814],[22.3097,59.8476,0.3814],[22.3131,59.8474,1.0887],[22.3153,59.849,0.0],[22.3131,59.8485,1.0887],[22.3103,59.8485,0.3814]]],
[[[22.2464,59.8513,0.0],[22.2481,59.8529,0.0],[22.2442,59.8538,0.0],[22.2442,59.8524,0.0],[22.2464,59.8513,0.0]]],
[[[22.2619,59.8529,0.2955],[22.2642,59.8535,0.0],[22.2603,59.8546,0.0],[22.2608,59.8535,0.0],[22.2619,59.8529,0.2955]]],
[[[22.2775,59.8538,1.292],[22.2814,59.8529,0.0],[22.2803,59.8554,0.0],[22.2781,59.8554,1.292],[22.2775,59.8538,1.292]]],
[[[22.0869,59.8457,0.0],[22.0886,59.8496,1.4011],[22.0853,59.8501,1.6926],[22.0847,59.846,0.0],[22.0869,59.8457,0.0]]],
[[[22.1536,59.8518,3.0766],[22.1514,59.8543,0.9395],[22.1475,59.8543,2.4929],[22.1453,59.8526,4.3424],[22.1408,59.8538,0.0],[22.1392,59.8524,0.0],[22.1464,59.8501,0.0],[22.1508,59.8521,1.5075],[22.1514,59.8493,0.0],[22.1542,59.8499,1.3767],[22.1536,59.8518,3.0766]]],
[[[22.1092,59.8557,0.8314],[22.1092,59.8571,0.0],[22.1031,59.8579,1.3721],[22.0919,59.856,0.4738],[22.0914,59.854,3.6657],[22.1025,59.8546,0.0],[22.1053,59.8565,0.5808],[22.1092,59.8557,0.8314]]],
[[[22.1108,59.8604,0.0537],[22.1131,59.8621,0.0],[22.1064,59.8618,1.5111],[22.1036,59.8593,0.0],[22.1097,59.8587,0.0],[22.1108,59.8604,0.0537]]],
[[[22.3419,59.8363,0.0],[22.3431,59.8357,0.2706],[22.3425,59.8387,0.0],[22.3392,59.8382,0.0],[22.3392,59.8374,0.0],[22.3419,59.8363,0.0]]],
[[[22.348,59.8374,0.7757],[22.3519,59.8371,0.0],[22.3531,59.8401,0.0],[22.3475,59.8404,0.3489],[22.3469,59.8376,0.7757],[22.348,59.8374,0.7757]]],
[[[22.3542,59.8465,0.0],[22.3553,59.8488,0.0],[22.3497,59.8488,0.0],[22.3503,59.8457,0.0],[22.3542,59.8465,0.0]]],
[[[22.3697,59.852,0.0],[22.3708,59.8543,1.5501],[22.3697,59.8549,1.5501],[22.3619,59.8526,0.0],[22.3653,59.8476,2.9245],[22.3681,59.8479,0.0],[22.3681,59.851,1.6299],[22.3697,59.852,0.0]]],
[[[22.3208,59.8638,0.0],[22.3147,59.866,0.0],[22.3097,59.8635,5.7169],[22.3058,59.8635,0.5482],[22.3047,59.8618,0.0],[22.3103,59.8618,3.2883],[22.3086,59.861,0.0],[22.3097,59.8593,0.5732],[22.3075,59.8585,1.7662],[22.3092,59.8563,0.0],[22.3119,59.8568,0.0],[22.3114,59.8593,2.9026],[22.3131,59.8593,2.9026],[22.3225,59.856,1.5376],[22.3364,59.8557,3.1203],[22.3331,59.8535,2.4623],[22.3208,59.8557,1.1712],[22.3131,59.8549,0.7453],[22.3175,59.8543,1.9538],[22.3164,59.8524,0.0],[22.3203,59.851,4.7159],[22.3181,59.8493,0.0],[22.3197,59.8485,0.0],[22.3219,59.8485,0.6598],[22.3219,59.8499,1.809],[22.3275,59.8488,5.9517],[22.3286,59.8504,0.0],[22.3353,59.8524,1.5853],[22.3353,59.851,6.3534],[22.3297,59.8485,10.9798],[22.322,59.8479,0.6598],[22.3253,59.8457,2.9831],[22.3386,59.8451,0.0],[22.3392,59.8465,0.7491],[22.3375,59.8474,7.2403],[22.3392,59.8476,1.3162],[22.3408,59.8515,0.0],[22.348,59.8535,0.0],[22.3469,59.8551,0.0],[22.3403,59.8557,1.3922],[22.3414,59.8571,0.0],[22.3392,59.8596,1.4338],[22.3319,59.8615,4.2064],[22.3314,59.8629,1.4005],[22.3208,59.8638,0.0]]],
[[[22.2603,59.8607,0.3347],[22.2603,59.8626,0.0],[22.2553,59.8632,1.5553],[22.2575,59.861,0.0],[22.2603,59.8607,0.3347]]],
[[[22.3336,59.8693,2.045],[22.3336,59.871,1.8169],[22.3253,59.8718,8.6605],[22.3153,59.8685,0.0],[22.3219,59.8682,3.1836],[22.3247,59.8665,0.0],[22.3336,59.8693,2.045]]],
[[[22.2519,59.8715,0.0],[22.2519,59.8726,0.0],[22.2486,59.8726,0.0],[22.2497,59.8704,0.0],[22.2525,59.8704,0.0],[22.2519,59.8715,0.0]]],
[[[22.3586,59.8546,1.4014],[22.3625,59.854,1.4014],[22.3631,59.856,0.0],[22.3569,59.856,0.1208],[22.3586,59.8546,1.4014]]],
[[[22.3447,59.8615,0.0],[22.3408,59.8615,0.0],[22.3408,59.8601,0.0],[22.3447,59.8599,0.0],[22.3447,59.8615,0.0]]],
[[[22.3697,59.8632,0.0],[22.3642,59.8654,8.78],[22.3592,59.8651,1.5749],[22.3603,59.8646,1.5749],[22.3592,59.8613,2.0179],[22.3614,59.8599,0.0],[22.3642,59.8615,1.9451],[22.3725,59.8607,0.6518],[22.3681,59.8615,0.6938],[22.3697,59.8632,0.0]]],
[[[22.3536,59.8668,0.0],[22.3536,59.8651,0.0],[22.3581,59.8654,0.0],[22.3575,59.8668,0.0],[22.3536,59.8668,0.0]]],
[[[22.3842,59.8665,1.4969],[22.3808,59.869,0.0],[22.3758,59.8671,0.0],[22.3803,59.8654,0.0],[22.3842,59.8665,1.4969]]],
[[[22.3964,59.8665,0.0],[22.3981,59.8674,0.0],[22.3969,59.8693,0.0],[22.3853,59.8685,0.0],[22.3875,59.8662,0.0],[22.3964,59.8665,0.0]]],
[[[22.3592,59.8696,3.8794],[22.3625,59.8688,3.8794],[22.3642,59.8707,0.0],[22.3581,59.8707,0.0],[22.3592,59.8696,3.8794]]],
[[[22.3419,59.8696,0.0],[22.3425,59.871,0.0],[22.3369,59.8707,0.0],[22.3369,59.8696,0.0],[22.3419,59.8696,0.0]]],
[[[22.1803,59.8515,0.0],[22.1781,59.8535,2.3217],[22.1703,59.8538,0.0],[22.1736,59.8518,0.0],[22.1803,59.8515,0.0]]],
[[[22.2264,59.8529,0.0],[22.2269,59.8546,0.0],[22.2242,59.8557,0.0],[22.2236,59.8537,0.0],[22.2203,59.8524,0.7253],[22.2236,59.8532,0.0],[22.2264,59.8529,0.0]]],
[[[22.2164,59.8626,1.6396],[22.2186,59.864,0.0],[22.2092,59.8638,0.0],[22.2092,59.8624,0.0],[22.2058,59.8621,0.0],[22.2058,59.8604,5.8288],[22.2008,59.859,1.4155],[22.1842,59.8579,0.0],[22.1853,59.8599,0.0],[22.1914,59.8596,0.9727],[22.2036,59.8624,0.0],[22.1869,59.8618,0.0],[22.1803,59.8599,0.0],[22.1819,59.8587,0.7177],[22.1814,59.8563,1.3015],[22.1786,59.8549,0.0],[22.1836,59.8546,1.631],[22.1831,59.8565,1.6005],[22.1853,59.8568,1.1366],[22.1864,59.8554,1.631],[22.1831,59.8526,0.5641],[22.1853,59.8518,0.3868],[22.1936,59.8546,0.4923],[22.1925,59.8529,1.1843],[22.1958,59.8518,0.0],[22.2114,59.851,1.7692],[22.2164,59.8532,1.4462],[22.2036,59.8538,0.0],[22.2025,59.8551,0.0],[22.2069,59.8549,0.0],[22.2092,59.8574,5.4414],[22.2147,59.8557,0.0],[22.2153,59.8576,0.2956],[22.2131,59.8576,0.6103],[22.2136,59.8599,0.6075],[22.2114,59.861,0.3692],[22.2164,59.8626,1.6396]]],
[[[22.2275,59.8579,0.0],[22.2275,59.8593,0.0],[22.2297,59.8596,0.0],[22.2253,59.8607,0.0],[22.2253,59.8587,0.0],[22.2203,59.8604,0.4413],[22.2175,59.8593,0.5393],[22.2214,59.8585,0.0],[22.2181,59.8574,0.0],[22.2192,59.8557,2.1536],[22.223,59.8557,0.0],[22.2225,59.8574,0.0],[22.2275,59.8579,0.0]]],
[[[22.2369,59.859,1.8999],[22.2375,59.8613,0.0],[22.2325,59.8618,0.0],[22.2331,59.8593,0.3875],[22.2369,59.859,1.8999]]],
[[[22.1836,59.861,0.0],[22.1853,59.8629,0.0],[22.1775,59.8621,0.5578],[22.1797,59.8607,2.879],[22.1836,59.861,0.0]]],
[[[22.2097,59.8768,6.7108],[22.1858,59.8779,0.8273],[22.1792,59.8754,0.0],[22.1792,59.8726,0.0],[22.1764,59.8718,0.0],[22.1786,59.8699,3.0522],[22.1731,59.8699,2.8565],[22.1719,59.8679,1.2993],[22.1864,59.8665,0.0],[22.1969,59.8682,1.2137],[22.2042,59.8665,0.0],[22.2053,59.8676,0.0],[22.2031,59.8685,2.0829],[22.2058,59.8688,1.8767],[22.2064,59.8704,0.0],[22.2169,59.8724,0.0],[22.2147,59.876,0.0],[22.2097,59.8768,6.7108]]],
[[[22.1747,59.8724,4.2166],[22.1758,59.874,0.0],[22.1697,59.8746,0.7499],[22.1714,59.8718,0.0],[22.1747,59.8724,4.2166]]],
[[[22.143,59.8707,3.0075],[22.1453,59.8721,0.0],[22.1364,59.8726,1.0491],[22.1369,59.8715,0.0],[22.1403,59.8721,0.9073],[22.143,59.8707,3.0075]]],
[[[22.1064,59.8718,0.0],[22.1097,59.8713,0.0],[22.1103,59.8732,0.0],[22.1047,59.8737,0.0],[22.1047,59.8721,0.0],[22.1064,59.8718,0.0]]],
[[[22.1258,59.8763,0.4683],[22.1247,59.8776,0.0],[22.1186,59.8785,0.3555],[22.1147,59.8757,0.0],[22.1247,59.8751,0.0],[22.1258,59.8763,0.4683]]],
[[[22.1297,59.8785,0.0],[22.1297,59.8771,0.0],[22.1325,59.8771,0.0],[22.1314,59.8801,0.0],[22.1247,59.8793,0.0],[22.1253,59.8785,0.0],[22.1297,59.8785,0.0]]],
[[[22.3253,59.8729,1.0187],[22.3314,59.8724,0.0],[22.3297,59.874,0.0],[22.3236,59.8735,1.0187],[22.3253,59.8729,1.0187]]],
[[[22.2631,59.8735,0.0],[22.2503,59.8749,0.8327],[22.2503,59.8737,0.0],[22.2569,59.8726,0.0],[22.2742,59.8724,0.0],[22.2631,59.8735,0.0]]],
[[[22.2475,59.874,0.0],[22.2469,59.8751,0.7243],[22.2353,59.8754,0.8396],[22.2364,59.8737,0.0],[22.2475,59.874,0.0]]],
[[[22.3292,59.8804,0.0],[22.3308,59.8815,0.0],[22.3297,59.8826,0.0],[22.3208,59.8801,0.0],[22.3275,59.8799,0.0],[22.3292,59.8804,0.0]]],
[[[22.3458,59.8718,0.0],[22.3453,59.871,0.0],[22.3475,59.8704,0.0],[22.348,59.8726,0.0],[22.3442,59.8721,0.0],[22.3458,59.8718,0.0]]],
[[[22.3542,59.8715,0.7203],[22.3564,59.8729,0.0],[22.3531,59.8735,8.4143],[22.3492,59.8718,0.0],[22.3497,59.871,0.0],[22.3542,59.8715,0.7203]]],
[[[22.3397,59.8724,0.0],[22.3431,59.8718,0.0],[22.3436,59.8729,0.0],[22.3397,59.8729,0.0],[22.3397,59.8724,0.0]]],
[[[22.3847,59.8726,0.0],[22.3886,59.8726,0.0],[22.3886,59.8737,0.0],[22.3842,59.8737,0.0],[22.3847,59.8726,0.0]]],
[[[22.3469,59.8743,3.008],[22.3514,59.8757,3.1762],[22.3503,59.8768,3.1762],[22.3419,59.876,0.0],[22.3431,59.8749,0.0],[22.3469,59.8743,3.008]]],
[[[22.3858,59.8815,0.0],[22.3864,59.8829,0.6455],[22.3831,59.8843,0.0],[22.3692,59.8821,0.0],[22.3714,59.8801,0.0],[22.3753,59.8801,0.0],[22.3731,59.8768,0.0],[22.3747,59.8757,0.0],[22.3886,59.8746,0.0],[22.3881,59.8771,4.5861],[22.3897,59.8779,0.6098],[22.3936,59.8765,0.0],[22.393,59.8804,0.0],[22.3947,59.8812,0.0],[22.3897,59.8821,0.0],[22.3897,59.8807,1.9365],[22.3842,59.8804,12.014099999999999],[22.3858,59.8815,0.0]]],
[[[22.3469,59.8796,0.0],[22.3531,59.881,0.0],[22.348,59.8812,1.3085],[22.3425,59.879,0.9592],[22.3469,59.8796,0.0]]],
[[[22.3975,59.8871,0.0],[22.3981,59.8865,0.0],[22.4025,59.8865,0.0],[22.3986,59.8882,1.013],[22.3975,59.8871,0.0]]],
[[[22.4442,59.8815,0.0],[22.4442,59.8804,0.0],[22.4475,59.8804,0.0],[22.4492,59.8818,0.0],[22.4464,59.8821,0.0],[22.4442,59.8815,0.0]]],
[[[22.4203,59.8849,0.0],[22.4208,59.8857,0.0],[22.4169,59.8868,9.9757],[22.4108,59.8851,0.0],[22.4119,59.884,0.0],[22.4203,59.8849,0.0]]],
[[[22.4292,59.8965,4.2228],[22.4114,59.8963,1.4339],[22.4081,59.894,0.0],[22.4136,59.8929,0.0],[22.4131,59.8921,0.0],[22.3958,59.8929,1.1864],[22.3919,59.8907,3.1157],[22.3992,59.889,2.4646],[22.4097,59.8907,2.108],[22.4197,59.8901,0.0],[22.4231,59.8926,0.0],[22.4231,59.8943,1.5493],[22.428,59.8921,3.3919],[22.4375,59.8937,0.0],[22.4325,59.8968,0.0],[22.4292,59.8965,4.2228]]],
[[[22.4075,59.9024,2.1179],[22.4147,59.9032,0.0],[22.4158,59.904,0.0],[22.4036,59.9038,0.0],[22.4075,59.9024,2.1179]]],
[[[22.3897,59.8865,0.0],[22.3914,59.8876,0.0],[22.3864,59.8879,0.0],[22.3864,59.8865,0.0],[22.3897,59.8865,0.0]]],
[[[22.3764,59.889,0.9451],[22.3786,59.8907,0.0],[22.3736,59.8904,0.0],[22.3747,59.889,0.0],[22.3764,59.889,0.9451]]],
[[[22.3903,59.891,0.0],[22.3853,59.8926,0.63],[22.3797,59.8893,2.2144],[22.3903,59.8901,0.0],[22.3903,59.891,0.0]]],
[[[22.3653,59.8971,0.0],[22.3603,59.8985,0.6989],[22.3631,59.8974,0.0],[22.3625,59.8946,0.0],[22.3658,59.8951,0.0],[22.3653,59.8971,0.0]]],
[[[22.617,59.8932,0.0],[22.617,59.8918,0.0],[22.6225,59.8926,0.0],[22.6203,59.8935,0.0],[22.617,59.8932,0.0]]],
[[[22.5708,59.8924,0.0],[22.5725,59.894,0.0],[22.5658,59.8949,0.0],[22.5692,59.8932,0.7035],[22.5664,59.8918,0.0],[22.5708,59.8924,0.0]]],
[[[22.6231,59.8943,0.0],[22.6242,59.8926,0.0],[22.6269,59.8929,0.0],[22.6269,59.8946,0.0],[22.6231,59.8943,0.0]]],
[[[22.5625,59.8957,0.0],[22.5614,59.8979,3.8091],[22.5547,59.8988,0.0],[22.5564,59.8968,14.4488],[22.5536,59.8951,0.0],[22.5497,59.8957,0.0],[22.5481,59.8929,0.0],[22.5503,59.8913,0.0],[22.5542,59.8929,0.0],[22.5614,59.8921,0.0],[22.5625,59.8957,0.0]]],
[[[22.6158,59.8957,0.3132],[22.6175,59.8982,1.147],[22.6142,59.8988,0.0],[22.598,59.8946,0.4727],[22.6053,59.8937,0.0],[22.6075,59.8921,0.5827],[22.6142,59.8921,0.0],[22.6164,59.8937,0.0],[22.6158,59.8957,0.3132]]],
[[[22.6447,59.8963,1.3393],[22.6475,59.8988,0.0],[22.6442,59.8993,0.0],[22.6403,59.8943,0.0],[22.6458,59.8915,0.0],[22.6447,59.8937,0.5985],[22.6481,59.8951,0.0],[22.6447,59.8963,1.3393]]],
[[[22.6236,59.8963,0.6184],[22.6275,59.8968,0.0],[22.6281,59.8982,0.0],[22.6203,59.8976,0.0],[22.6236,59.8963,0.6184]]],
[[[22.5831,59.8965,0.0],[22.5842,59.8968,0.0],[22.5831,59.8996,0.0],[22.5803,59.8999,0.4123],[22.5797,59.8965,0.0],[22.5831,59.8965,0.0]]],
[[[22.7314,59.8826,3.2965],[22.7364,59.8821,1.6312],[22.7369,59.8832,1.6312],[22.7314,59.884,0.0],[22.7314,59.8826,3.2965]]],
[[[22.7603,59.8832,0.0],[22.7625,59.884,0.0],[22.7619,59.8854,0.0],[22.7564,59.8843,0.0],[22.7569,59.8832,0.0],[22.7603,59.8832,0.0]]],
[[[22.6853,59.9137,0.0],[22.6869,59.9129,0.0],[22.6892,59.9129,0.0],[22.6881,59.9143,0.0],[22.6853,59.9137,0.0]]],
[[[22.7342,59.9143,1.5103],[22.7314,59.9163,0.0],[22.7269,59.9151,0.309],[22.7286,59.9135,0.0],[22.7353,59.9135,0.0],[22.7342,59.9143,1.5103]]],
[[[22.5703,59.8982,0.0],[22.5742,59.8976,0.0],[22.5742,59.9001,3.6096],[22.5675,59.8988,0.0],[22.5703,59.8982,0.0]]],
[[[22.5931,59.9085,8.5144],[22.5825,59.9101,0.0],[22.5786,59.9082,4.9117],[22.5786,59.9068,5.9463],[22.5819,59.9038,0.0],[22.5903,59.9029,4.1693],[22.5903,59.8963,0.8328],[22.5953,59.8943,0.0],[22.5975,59.8971,0.0],[22.5942,59.899,1.1241],[22.5958,59.9007,3.0634],[22.6108,59.8999,0.0],[22.6203,59.901,0.0],[22.6203,59.9026,0.0],[22.6181,59.9035,5.6968],[22.6014,59.9054,3.5471],[22.6203,59.9057,0.0],[22.6203,59.9071,0.0],[22.5931,59.9085,8.5144]]],
[[[22.5719,59.9035,2.3327],[22.5675,59.9054,1.2759],[22.5631,59.8999,0.0],[22.5664,59.8999,0.0],[22.5681,59.9024,4.6656],[22.5719,59.9035,2.3327]]],
[[[22.5614,59.9083,3.5742],[22.5586,59.9093,0.0],[22.5581,59.9113,0.0],[22.5553,59.9101,0.0],[22.5569,59.9085,6.5683],[22.5547,59.9079,1.3748],[22.5514,59.9107,0.0],[22.5458,59.9113,0.0],[22.5453,59.9099,0.0],[22.5475,59.909,0.0],[22.5464,59.9068,4.6697],[22.5447,59.9079,0.0],[22.5369,59.9074,0.0],[22.5353,59.9051,0.4798],[22.5319,59.9049,0.4798],[22.5314,59.9026,0.0],[22.5364,59.9012,0.0],[22.5375,59.9024,0.0],[22.5364,59.9038,0.0],[22.5397,59.9032,10.3351],[22.5403,59.9001,5.2968],[22.5342,59.899,0.0],[22.5336,59.8971,0.0],[22.5381,59.8968,0.0],[22.5375,59.8988,0.0],[22.5397,59.899,5.2968],[22.5397,59.8963,2.1061],[22.5458,59.8951,0.0],[22.5586,59.9024,2.1034],[22.5603,59.906,2.0801],[22.5614,59.9035,0.0],[22.5658,59.9051,0.0],[22.5647,59.9068,0.0],[22.5614,59.9065,2.0801],[22.5614,59.9083,3.5742]]],
[[[22.4864,59.9035,0.0],[22.4864,59.9063,3.5071],[22.4803,59.9068,1.0627],[22.4797,59.9046,1.5387],[22.4714,59.9032,0.0],[22.4703,59.8993,1.3136],[22.4758,59.8996,0.0],[22.4775,59.9001,0.0],[22.4775,59.9021,2.9273],[22.4831,59.9015,0.0],[22.4864,59.9035,0.0]]],
[[[22.5164,59.9015,1.5047],[22.5197,59.9049,0.0],[22.5103,59.9029,2.1789],[22.5108,59.901,0.3865],[22.5164,59.9015,1.5047]]],
[[[22.5275,59.9038,0.0],[22.5275,59.9046,0.0],[22.5225,59.9046,0.8041],[22.5242,59.9035,0.0],[22.5275,59.9038,0.0]]],
[[[22.4986,59.9087,0.0],[22.4997,59.9101,4.5927],[22.4947,59.911,0.968],[22.4892,59.9087,1.3381],[22.4853,59.909,0.3012],[22.4847,59.9074,4.4541],[22.4931,59.9049,0.0],[22.4986,59.9087,0.0]]],
[[[22.428,59.9085,0.0],[22.4303,59.9099,0.0],[22.4258,59.9107,0.0],[22.4169,59.909,2.1966],[22.4186,59.9074,3.128],[22.428,59.9085,0.0]]],
[[[22.4475,59.9087,0.0],[22.4514,59.9079,0.0],[22.4519,59.9096,0.0],[22.4475,59.9101,1.7294],[22.4464,59.9087,1.0043],[22.4475,59.9087,0.0]]],
[[[22.4592,59.9082,0.0],[22.4586,59.9113,1.3123],[22.4525,59.911,1.052],[22.4558,59.9082,0.0],[22.4592,59.9082,0.0]]],
[[[22.4475,59.9132,0.0],[22.4508,59.9137,0.0],[22.4497,59.9165,0.0],[22.4475,59.9168,0.0],[22.4481,59.9146,2.8967],[22.4347,59.9146,4.1615],[22.4347,59.9126,1.9349],[22.4381,59.9118,1.6619],[22.4358,59.9099,2.0646],[22.4375,59.9074,6.2894],[22.4408,59.9082,0.0],[22.4419,59.9121,7.2976],[22.4475,59.9132,0.0]]],
[[[22.4692,59.9124,0.0],[22.4686,59.914,1.3066],[22.4703,59.9151,0.0],[22.4675,59.9157,0.0],[22.4636,59.911,1.5724],[22.4664,59.911,1.5724],[22.4692,59.9124,0.0]]],
[[[22.4858,59.914,0.9772],[22.4892,59.9165,0.0],[22.4819,59.916,1.333],[22.4775,59.9124,0.0],[22.4781,59.9107,0.0],[22.4853,59.9099,0.3012],[22.4936,59.9113,0.0],[22.4858,59.914,0.9772]]],
[[[22.5247,59.9176,8.2003],[22.5258,59.9193,0.0],[22.5242,59.9207,0.0],[22.5186,59.9207,0.0],[22.5158,59.9188,0.0],[22.5164,59.9165,0.7794],[22.5136,59.9165,0.0],[22.5108,59.9137,0.0],[22.5136,59.9132,0.0],[22.5181,59.916,1.3876],[22.5219,59.9151,0.0],[22.5247,59.9176,8.2003]]],
[[[22.5369,59.9171,2.6794],[22.5403,59.9196,0.0],[22.5297,59.9188,0.0],[22.5308,59.9149,0.0],[22.5369,59.9171,2.6794]]],
[[[22.4103,59.914,0.0],[22.4119,59.9151,0.0],[22.4075,59.9157,0.0],[22.4075,59.9149,0.0],[22.4103,59.914,0.0]]],
[[[22.4181,59.9146,0.0],[22.4208,59.9157,0.8711],[22.4208,59.9163,0.8711],[22.4158,59.9151,0.0],[22.4181,59.9146,0.0]]],
[[[22.4219,59.9182,0.0],[22.4275,59.9204,0.0],[22.4275,59.9218,0.0],[22.4181,59.9215,2.8954],[22.4131,59.9182,1.4563],[22.4131,59.9168,0.677],[22.4175,59.9165,2.2738],[22.4219,59.9182,0.0]]],
[[[22.4419,59.9263,0.0],[22.4458,59.9274,0.0],[22.4431,59.9279,0.0],[22.4414,59.9274,0.0],[22.4419,59.9263,0.0]]],
[[[22.5653,59.9099,1.7801],[22.5631,59.9101,0.0],[22.5631,59.9082,0.0],[22.5681,59.9079,0.0],[22.5681,59.9099,0.0],[22.5653,59.9099,1.7801]]],
[[[22.6019,59.9096,0.0],[22.6042,59.9115,1.097],[22.5997,59.9124,0.0],[22.598,59.9113,0.0],[22.598,59.9107,0.0],[22.6019,59.9096,0.0]]],
[[[22.5914,59.9115,0.0],[22.5942,59.9104,0.0],[22.5936,59.9124,0.0],[22.5903,59.9124,0.0],[22.5914,59.9115,0.0]]],
[[[22.5436,59.9212,1.7374],[22.5408,59.9218,1.1756],[22.5397,59.9201,0.0],[22.5442,59.9199,0.0],[22.5436,59.9212,1.7374]]],
[[[22.7047,59.9179,0.3274],[22.7058,59.9165,0.0],[22.7092,59.9165,0.0],[22.7081,59.919,0.0],[22.7047,59.9179,0.3274]]],
[[[22.677,59.919,0.0],[22.6797,59.9204,0.0],[22.6764,59.9212,0.0],[22.6758,59.9193,0.0],[22.677,59.919,0.0]]],
[[[22.7103,59.9224,0.0],[22.7114,59.9229,0.0],[22.7097,59.9246,0.2477],[22.7058,59.9243,0.0],[22.7081,59.9224,0.0],[22.7103,59.9224,0.0]]],
[[[22.7297,59.9251,0.0],[22.7331,59.9249,0.0],[22.7336,59.9265,0.0],[22.7286,59.9263,0.0],[22.7297,59.9251,0.0]]],
[[[22.7036,59.9257,0.0],[22.7058,59.9254,0.0],[22.7036,59.9274,0.0],[22.7019,59.9268,0.0],[22.7036,59.9257,0.0]]],
[[[22.7247,59.9293,2.2674],[22.7253,59.9276,0.0],[22.7303,59.9282,0.0],[22.7297,59.9301,0.0],[22.7247,59.9293,2.2674]]],
[[[22.6886,59.9285,0.0],[22.6903,59.929,0.0],[22.6836,59.9301,0.0],[22.6858,59.9285,0.0],[22.6886,59.9285,0.0]]],
[[[22.7464,59.9304,0.0],[22.7431,59.9324,0.0],[22.7353,59.9313,0.0],[22.7364,59.9299,0.0],[22.7397,59.9307,0.9555],[22.7447,59.9274,0.0],[22.7469,59.9274,1.6234],[22.7442,59.929,1.0377],[22.7464,59.9304,0.0]]],
[[[22.6586,59.9193,1.781],[22.6608,59.9199,0.0],[22.6603,59.9218,0.0],[22.6536,59.9215,0.0],[22.6536,59.9201,0.0],[22.6586,59.9193,1.781]]],
[[[22.6519,59.9279,1.3893],[22.6508,59.9299,0.0],[22.6447,59.9301,3.2853],[22.6442,59.9287,3.358],[22.6469,59.9274,3.9912],[22.6397,59.9285,1.7843],[22.6358,59.9274,0.0],[22.6358,59.9257,0.0],[22.6314,59.9263,0.0],[22.6314,59.9249,0.0],[22.6425,59.9229,0.0],[22.6553,59.9254,0.0],[22.6519,59.9279,1.3893]]],
[[[22.6058,59.9296,0.0],[22.6058,59.9285,0.0],[22.6158,59.929,0.0],[22.6131,59.9307,0.0],[22.6058,59.9296,0.0]]],
[[[22.5764,59.9368,0.0],[22.5769,59.9385,0.0],[22.5714,59.9399,1.3953],[22.5669,59.9385,0.9111],[22.5703,59.9374,0.9111],[22.5714,59.9351,0.0],[22.5758,59.9351,0.0],[22.5764,59.9368,0.0]]],
[[[22.4886,59.9212,0.0],[22.4908,59.921,0.0],[22.4908,59.9226,0.0],[22.4869,59.9226,0.0],[22.4886,59.9212,0.0]]],
[[[22.5358,59.9224,0.0],[22.5364,59.9235,0.0],[22.5325,59.9246,0.0],[22.5269,59.9235,0.0],[22.5292,59.9215,0.0],[22.5358,59.9224,0.0]]],
[[[22.5214,59.9229,0.0],[22.5236,59.924,1.5486],[22.5231,59.9263,0.0],[22.5203,59.9265,0.0],[22.5197,59.9232,0.0],[22.5214,59.9229,0.0]]],
[[[22.4975,59.9315,0.0],[22.4947,59.9349,0.0],[22.4908,59.934,0.0],[22.4908,59.929,0.0],[22.4936,59.9271,2.6646],[22.4975,59.9282,0.0],[22.4986,59.9313,0.0],[22.4975,59.9315,0.0]]],
[[[22.4308,59.9263,0.0],[22.4308,59.9249,0.0],[22.4336,59.9257,0.3105],[22.4336,59.9293,0.0],[22.4308,59.9287,0.0],[22.4308,59.9263,0.0]]],
[[[22.4408,59.9324,5.3422],[22.4436,59.9324,1.583],[22.4436,59.934,0.0],[22.4397,59.9346,2.5603],[22.4392,59.9329,5.3422],[22.4408,59.9324,5.3422]]],
[[[22.4336,59.9343,0.0],[22.4381,59.9332,0.0],[22.4369,59.936,0.0],[22.4336,59.936,0.0],[22.4325,59.9346,0.0],[22.4336,59.9343,0.0]]],
[[[22.4397,59.9413,4.1454],[22.4442,59.9401,0.0],[22.4442,59.9432,2.2293],[22.4386,59.9421,0.0],[22.4397,59.9413,4.1454]]],
[[[22.5025,59.9538,0.0],[22.4986,59.9554,3.4578],[22.4958,59.9538,0.0],[22.4964,59.9512,15.1317],[22.4936,59.9493,0.0],[22.4903,59.9376,0.0],[22.4908,59.9357,0.0],[22.4969,59.936,3.9767],[22.4969,59.934,2.2006],[22.5008,59.931,0.0],[22.5003,59.9276,0.0],[22.4897,59.9249,0.0],[22.4953,59.9221,0.6989],[22.4875,59.919,1.2584],[22.4886,59.9174,2.9194],[22.4953,59.9188,2.6236],[22.5036,59.9229,0.6419],[22.5053,59.9229,0.0],[22.5075,59.919,3.4874],[22.5119,59.9179,0.0],[22.5114,59.919,7.5373],[22.5158,59.9235,0.0],[22.5119,59.9243,0.0],[22.5092,59.9229,2.2673],[22.5092,59.924,0.0],[22.5175,59.9279,0.0],[22.5164,59.9301,4.9047],[22.5181,59.9329,0.0],[22.5153,59.9346,0.0],[22.5219,59.9365,0.0],[22.5192,59.9415,0.0],[22.5147,59.9429,11.8139],[22.5158,59.9451,0.0],[22.5031,59.9515,2.5114],[22.5058,59.9532,0.0],[22.5053,59.9543,0.0],[22.5025,59.9538,0.0]]],
[[[22.4631,59.9601,3.3761],[22.4603,59.9629,2.1733],[22.4569,59.9621,0.0],[22.4569,59.9574,0.0],[22.4497,59.9549,7.8226],[22.4475,59.9521,1.792],[22.4492,59.949,7.3631],[22.4547,59.9493,0.0],[22.4547,59.9476,0.456],[22.4508,59.9476,0.0],[22.4497,59.9463,3.6378],[22.4542,59.9415,0.0],[22.4542,59.9393,0.0],[22.4581,59.9371,1.5621],[22.4642,59.9379,5.3618],[22.4592,59.9332,0.0],[22.4597,59.9304,10.3125],[22.4564,59.9285,0.0],[22.4581,59.924,1.2825],[22.4642,59.9249,12.7021],[22.4658,59.9232,0.0],[22.4614,59.924,0.0],[22.4569,59.9226,7.9532],[22.4542,59.9265,1.3143],[22.4458,59.9229,0.0],[22.4453,59.9188,1.9566],[22.4464,59.9182,0.0],[22.4553,59.9207,4.2039],[22.4553,59.919,2.7549],[22.4525,59.9179,6.2706],[22.4525,59.9149,2.6318],[22.4581,59.9126,0.0],[22.4592,59.9163,1.7523],[22.4669,59.919,10.7716],[22.4692,59.9215,0.9195],[22.473,59.921,1.1231],[22.4714,59.9174,0.0],[22.4758,59.9185,0.0],[22.4781,59.9163,0.776],[22.4803,59.9165,0.0],[22.4808,59.9188,0.0],[22.4847,59.9193,0.0],[22.4825,59.9212,0.0],[22.4864,59.9238,0.0],[22.4864,59.9254,0.0],[22.4825,59.9268,2.9852],[22.4786,59.9243,0.0],[22.4775,59.926,7.7733],[22.4814,59.9265,0.0],[22.4831,59.9285,0.0],[22.4892,59.9282,2.4248],[22.4875,59.9318,1.1849],[22.4853,59.9326,0.0],[22.4869,59.9357,0.0],[22.4819,59.9346,0.7122],[22.4825,59.9379,0.0],[22.4808,59.9407,4.0483],[22.4831,59.9407,1.8614],[22.4819,59.9424,0.0],[22.4792,59.941,0.0],[22.4714,59.9418,2.4588],[22.4697,59.939,1.5861],[22.4653,59.9435,1.3651],[22.4614,59.9404,4.6285],[22.4608,59.9426,5.0667],[22.463,59.9451,0.0],[22.4608,59.9488,0.0],[22.4642,59.9501,0.0],[22.4625,59.9515,0.7397],[22.463,59.9535,0.0],[22.4597,59.9549,0.0],[22.4647,59.9571,0.0],[22.4653,59.9588,0.0],[22.4631,59.9601,3.3761]]],
[[[22.4681,59.9432,0.0],[22.4714,59.9426,0.0],[22.4736,59.944,0.0],[22.4697,59.9451,0.0],[22.4681,59.9432,0.0]]],
[[[22.4786,59.9435,0.0],[22.4819,59.9443,0.0],[22.4781,59.9457,0.0],[22.4758,59.944,0.0],[22.4786,59.9435,0.0]]],
[[[22.5419,59.9435,0.0],[22.5369,59.946,0.0],[22.5331,59.9451,0.0],[22.5397,59.9429,0.0],[22.5419,59.9435,0.0]]],
[[[22.4847,59.9465,0.0],[22.4836,59.9454,0.0],[22.4881,59.9463,0.0],[22.4881,59.9465,0.0],[22.4847,59.9465,0.0]]],
[[[22.4703,59.949,2.0097],[22.473,59.9476,0.0],[22.4714,59.9507,0.0],[22.4692,59.9499,0.0],[22.4703,59.949,2.0097]]],
[[[22.4803,59.9543,0.0],[22.4792,59.9571,0.0],[22.4753,59.9579,2.7671],[22.4725,59.9568,4.8807],[22.4719,59.9535,1.9469],[22.4781,59.9496,1.3447],[22.4847,59.949,0.0],[22.4847,59.9515,0.0],[22.4797,59.9524,5.9935],[22.4803,59.9543,0.0]]],
[[[22.0208,59.8726,1.2588],[22.0247,59.8724,0.8959],[22.0247,59.8735,0.8959],[22.0219,59.8749,0.9277],[22.0186,59.874,0.0],[22.0208,59.8726,1.2588]]],
[[[22.0303,59.8743,0.0],[22.0342,59.874,0.4803],[22.0353,59.8757,0.0],[22.0325,59.8763,0.0],[22.0303,59.8743,0.0]]],
[[[22.0442,59.8788,0.0],[22.0425,59.8776,1.2212],[22.0397,59.8799,1.0605],[22.0358,59.8793,0.0],[22.0375,59.8776,2.2727],[22.0353,59.8729,0.0],[22.0403,59.874,0.7202],[22.0419,59.8721,4.7327],[22.0464,59.8715,0.0],[22.0508,59.8729,0.7966],[22.0681,59.8729,0.0],[22.0714,59.874,0.0],[22.0697,59.8757,3.9642],[22.0742,59.8771,0.0],[22.0553,59.8788,0.0],[22.0542,59.8779,1.2694],[22.0647,59.876,3.8654],[22.0569,59.8732,0.0],[22.0531,59.8737,0.3985],[22.0542,59.876,0.0],[22.0519,59.8771,0.0],[22.0519,59.879,0.0],[22.0486,59.8768,6.1685],[22.0458,59.8793,0.0],[22.0442,59.8788,0.0]]],
[[[22.0225,59.8763,0.0],[22.0242,59.8768,0.0],[22.0219,59.8782,0.0],[22.0197,59.8774,0.664],[22.0203,59.8763,0.3782],[22.0225,59.8763,0.0]]],
[[[22.0681,59.8799,0.4654],[22.072,59.879,2.1296],[22.0731,59.8807,0.0],[22.0669,59.8807,0.0],[22.0681,59.8799,0.4654]]],
[[[22.0492,59.8846,0.0],[22.0547,59.884,0.0],[22.0558,59.8851,0.0],[22.0492,59.8854,0.0],[22.0492,59.8846,0.0]]],
[[[22.0514,59.8985,0.6683],[22.0536,59.9004,0.0],[22.053,59.9018,1.2612],[22.0481,59.8999,0.2462],[22.0492,59.8976,0.0],[22.0514,59.8985,0.6683]]],
[[[22.0564,59.9057,0.1436],[22.0547,59.9051,1.7619],[22.0547,59.9035,0.0],[22.0603,59.904,0.0],[22.0603,59.9063,0.0],[22.0564,59.9057,0.1436]]],
[[[22.0914,59.8793,0.0],[22.0919,59.8776,0.81],[22.0975,59.8788,0.0],[22.0958,59.8799,0.3462],[22.0914,59.8793,0.0]]],
[[[22.0992,59.8812,0.0],[22.1003,59.8799,0.0],[22.1047,59.8799,0.0],[22.1042,59.8815,0.0],[22.0992,59.8812,0.0]]],
[[[22.133,59.9051,0.6705],[22.1319,59.9071,0.0],[22.1342,59.9085,0.0],[22.1319,59.9087,0.0],[22.1297,59.9057,0.0],[22.1231,59.9043,0.0],[22.1269,59.9018,0.0],[22.1342,59.9046,0.0],[22.1358,59.9046,0.0],[22.1364,59.9029,0.0],[22.1392,59.904,0.5872],[22.1358,59.906,0.0],[22.133,59.9051,0.6705]]],
[[[22.0808,59.9087,0.0],[22.0825,59.9079,0.0],[22.0858,59.9082,0.0],[22.0847,59.9093,0.0],[22.0808,59.9087,0.0]]],
[[[21.9331,59.9235,0.0],[21.9336,59.9246,0.0],[21.9319,59.9254,6.6355],[21.9275,59.9257,0.5974],[21.9203,59.9218,0.0],[21.9258,59.9204,0.0],[21.9331,59.9235,0.0]]],
[[[21.9969,59.9235,0.4932],[22.0003,59.9226,0.0],[22.0008,59.9249,0.0],[21.9975,59.9246,1.1302],[21.9969,59.9235,0.4932]]],
[[[21.9358,59.9243,0.4731],[21.9392,59.9243,0.0],[21.9397,59.9257,0.0],[21.9331,59.9257,0.0],[21.9358,59.9243,0.4731]]],
[[[21.9297,59.9274,0.1039],[21.9225,59.9282,2.7795],[21.9208,59.9263,0.0],[21.9242,59.9249,0.0],[21.9297,59.9274,0.1039]]],
[[[21.9203,59.9085,0.2093],[21.9186,59.9113,0.6567],[21.9081,59.9104,0.5422],[21.9081,59.909,0.5422],[21.9119,59.9068,0.0],[21.9158,59.9099,0.3316],[21.9203,59.9085,0.2093]]],
[[[21.8469,59.9093,1.2803],[21.8492,59.9093,1.2803],[21.8503,59.911,0.0],[21.8458,59.9099,0.0],[21.8469,59.9093,1.2803]]],
[[[21.8964,59.914,3.2044],[21.8992,59.916,0.9232],[21.8903,59.916,0.0],[21.8897,59.9149,10.6578],[21.8853,59.9137,0.0],[21.8875,59.9135,3.397],[21.8875,59.911,0.7751],[21.8925,59.9121,1.0974],[21.8903,59.9096,0.0],[21.8942,59.9096,0.0],[21.8953,59.9129,0.0],[21.8936,59.9135,0.0],[21.8964,59.914,3.2044]]],
[[[21.8469,59.9132,0.0],[21.848,59.9149,0.1151],[21.8447,59.9154,1.7818],[21.8447,59.9132,0.0],[21.8469,59.9132,0.0]]],
[[[21.9386,59.9085,0.0],[21.9397,59.9104,0.0],[21.9381,59.9115,2.4802],[21.9347,59.9099,1.1888],[21.9375,59.9085,0.0],[21.9386,59.9085,0.0]]],
[[[21.9225,59.9126,0.5503],[21.9214,59.9115,0.0],[21.9258,59.9104,0.0],[21.9303,59.9121,0.0],[21.928,59.9126,0.0],[21.9258,59.9118,1.3464],[21.9225,59.9126,0.5503]]],
[[[21.9536,59.9137,0.0],[21.9558,59.9129,0.0],[21.9564,59.9146,1.6563],[21.9525,59.9149,1.8626],[21.9536,59.9137,0.0]]],
[[[21.9458,59.9165,1.5587],[21.9403,59.9176,0.0],[21.9381,59.916,0.5219],[21.9397,59.9146,0.6472],[21.9458,59.9146,0.0],[21.9469,59.9157,0.0],[21.9458,59.9165,1.5587]]],
[[[21.8731,59.9137,1.0883],[21.8758,59.9165,0.0],[21.8703,59.9163,0.8912],[21.8686,59.9143,0.0],[21.8697,59.9135,0.0],[21.8731,59.9137,1.0883]]],
[[[21.8642,59.9149,0.0],[21.8669,59.916,0.0],[21.8669,59.9163,0.0],[21.8619,59.916,0.0],[21.8642,59.9149,0.0]]],
[[[21.8542,59.9151,3.5653],[21.8569,59.9165,0.0],[21.8569,59.9185,0.0],[21.8547,59.919,0.0],[21.8542,59.9174,0.0],[21.8514,59.9168,0.108],[21.8508,59.9126,0.0],[21.8547,59.9132,0.0],[21.8542,59.9151,3.5653]]],
[[[21.9075,59.9149,0.0],[21.9103,59.9163,0.0],[21.9064,59.9171,0.0],[21.9014,59.9157,0.0],[21.9047,59.9146,0.0],[21.9075,59.9149,0.0]]],
[[[21.8897,59.916,0.0],[21.8914,59.9196,0.0],[21.8897,59.9204,1.8563],[21.8836,59.9168,0.0],[21.8847,59.9149,0.0],[21.8897,59.916,0.0]]],
[[[21.9125,59.9196,0.0],[21.9086,59.919,1.5035],[21.9086,59.9174,0.1377],[21.9125,59.9176,0.0],[21.9125,59.9196,0.0]]],
[[[21.9053,59.9204,1.786],[21.9058,59.9185,0.0],[21.9086,59.919,1.5035],[21.9069,59.9212,0.4593],[21.9053,59.9204,1.786]]],
[[[21.8508,59.9199,-0.0681],[21.8536,59.9224,0.3597],[21.8475,59.9215,1.8439],[21.8447,59.9174,0.4438],[21.8469,59.9171,0.0694],[21.8508,59.9199,-0.0681]]],
[[[21.8242,59.9146,0.0],[21.8253,59.9157,0.0],[21.8214,59.9154,0.5739],[21.8225,59.9137,0.0],[21.8242,59.9146,0.0]]],
[[[21.8325,59.9149,0.8608],[21.8353,59.9149,0.0],[21.8364,59.9171,0.0],[21.8319,59.9163,3.5396],[21.8325,59.9149,0.8608]]],
[[[21.8186,59.9165,0.0],[21.8208,59.9151,0.0],[21.8219,59.9176,0.0],[21.8197,59.9179,1.1418],[21.8186,59.9165,0.0]]],
[[[21.8308,59.9193,1.54],[21.8303,59.9257,0.0],[21.8275,59.9249,0.0],[21.8264,59.921,0.4618],[21.8231,59.9201,0.147],[21.8242,59.9179,0.0],[21.8264,59.9185,0.0],[21.8269,59.9163,0.0],[21.8308,59.9193,1.54]]],
[[[21.9164,59.9199,0.0],[21.9186,59.9226,0.0],[21.9125,59.9215,2.0465],[21.9131,59.9199,0.0],[21.9164,59.9199,0.0]]],
[[[21.8564,59.9224,0.0],[21.8581,59.9235,0.0],[21.8564,59.9249,0.0],[21.8531,59.9235,0.3597],[21.8547,59.9221,0.5517],[21.8564,59.9224,0.0]]],
[[[21.9136,59.9254,0.0],[21.9147,59.9238,2.1903],[21.9192,59.924,1.0475],[21.9186,59.9257,0.0],[21.9136,59.9254,0.0]]],
[[[21.9053,59.9271,0.4719],[21.9081,59.9287,0.0],[21.9019,59.9279,0.4328],[21.9036,59.9268,0.0],[21.9053,59.9271,0.4719]]],
[[[21.9397,59.9279,0.0],[21.9358,59.9296,0.6685],[21.9297,59.929,0.0],[21.9314,59.9271,1.3233],[21.9397,59.9279,0.0]]],
[[[21.9375,59.9354,0.0],[21.9392,59.9393,0.0],[21.9325,59.936,0.0],[21.9342,59.934,0.4281],[21.9375,59.9354,0.0]]],
[[[21.9575,59.9388,0.0],[21.9586,59.9401,0.0],[21.9558,59.941,0.0],[21.9525,59.9399,0.6173],[21.9536,59.9385,0.0],[21.9575,59.9388,0.0]]],
[[[21.9547,59.9446,3.3603],[21.9558,59.9463,0.0],[21.9525,59.9471,0.0],[21.9503,59.9454,0.7087],[21.9514,59.9446,3.3603],[21.9481,59.9429,0.0],[21.9519,59.9426,0.0],[21.9547,59.9446,3.3603]]],
[[[21.9069,59.9329,0.8134],[21.9069,59.9346,0.579],[21.9031,59.9332,0.0],[21.9053,59.9324,0.8134],[21.9069,59.9329,0.8134]]],
[[[21.8981,59.9324,3.8025],[21.9053,59.9343,0.579],[21.9069,59.9374,1.1826],[21.9008,59.9376,0.0],[21.8969,59.9351,0.4365],[21.8936,59.9351,0.4365],[21.8958,59.9332,2.0414],[21.893,59.9321,0.0],[21.8981,59.9324,3.8025]]],
[[[21.9053,59.9429,0.0],[21.9047,59.9451,0.0],[21.8992,59.9449,1.1331],[21.8892,59.9418,0.0],[21.8869,59.9385,0.0],[21.8914,59.9376,0.0],[21.8947,59.9399,0.0],[21.9047,59.9415,0.0],[21.9053,59.9429,0.0]]],
[[[21.8686,59.9432,0.0],[21.8708,59.946,0.0],[21.8642,59.9451,0.0],[21.8658,59.9429,0.0],[21.8686,59.9432,0.0]]],
[[[22.0814,59.9049,0.0],[22.0786,59.9071,0.0],[22.0758,59.9063,0.0],[22.0769,59.9046,0.0],[22.0814,59.9049,0.0]]],
[[[22.0814,59.9124,0.0],[22.0797,59.9096,0.0],[22.0842,59.9107,0.4209],[22.0842,59.9124,0.0],[22.0814,59.9124,0.0]]],
[[[22.0819,59.9153,0.3856],[22.0747,59.9171,0.0],[22.0714,59.9146,0.0],[22.0714,59.9129,0.0],[22.0753,59.9124,0.9385],[22.0819,59.9153,0.3856]]],
[[[22.0369,59.9426,0.0],[22.0419,59.9429,0.0],[22.0419,59.9465,0.0],[22.0375,59.946,0.5038],[22.0369,59.9426,0.0]]],
[[[22.0169,59.9529,0.0],[22.0186,59.9543,0.0],[22.0136,59.954,0.0],[22.0136,59.9526,0.0],[22.0169,59.9529,0.0]]],
[[[22.0736,59.9551,0.8258],[22.0736,59.9571,0.0],[22.0697,59.9579,0.0],[22.0631,59.9549,2.5896],[22.0614,59.9521,0.0],[22.0703,59.9524,9.4308],[22.0736,59.9551,0.8258]]],
[[[22.0569,59.9646,0.7798],[22.0547,59.9637,0.0],[22.0603,59.9637,0.0],[22.0597,59.9649,0.7798],[22.0569,59.9646,0.7798]]],
[[[22.0553,59.9649,0.2333],[22.0575,59.9657,0.0],[22.0519,59.9663,0.3258],[22.0525,59.9649,0.0],[22.0553,59.9649,0.2333]]],
[[[22.0014,59.9468,0.0],[22.0014,59.9457,0.0],[22.0047,59.9457,0.0],[22.0064,59.9474,0.0],[22.0025,59.9476,0.0],[22.0014,59.9468,0.0]]],
[[[21.9603,59.9521,0.0],[21.9581,59.9546,0.0],[21.9553,59.954,0.0],[21.9558,59.9515,0.0],[21.9597,59.949,3.2612],[21.9653,59.9493,2.4811],[21.9642,59.9513,1.1343],[21.9603,59.9521,0.0]]],
[[[22.0092,59.9637,0.0],[22.0103,59.966,0.0],[22.0058,59.9657,0.0],[22.0031,59.9624,0.0],[22.0058,59.9624,2.6141],[22.0092,59.9637,0.0]]],
[[[21.9242,59.9818,0.0],[21.9236,59.9837,1.9964],[21.9181,59.9837,0.0],[21.9186,59.9824,0.0],[21.9242,59.9818,0.0]]],
[[[22.0303,59.9657,2.23],[22.0331,59.9665,0.0],[22.0331,59.9679,0.0],[22.0286,59.9685,1.4205],[22.0264,59.9663,0.0],[22.0208,59.9649,0.0],[22.0264,59.9632,0.0],[22.0303,59.9657,2.23]]],
[[[22.0742,59.9682,0.0],[22.0731,59.9696,1.7048],[22.0742,59.9718,3.9092],[22.0725,59.9724,0.0],[22.0692,59.9715,0.0],[22.0647,59.9674,0.6385],[22.0719,59.9665,0.0],[22.0742,59.9682,0.0]]],
[[[22.0381,59.974,1.0467],[22.0414,59.9726,0.0],[22.0408,59.9754,0.0],[22.0369,59.9754,0.0],[22.0381,59.974,1.0467]]],
[[[22.0536,59.9774,1.8739],[22.0547,59.9796,0.0],[22.0481,59.9804,2.3655],[22.0447,59.9757,0.7976],[22.0492,59.9754,0.0],[22.0536,59.9774,1.8739]]],
[[[22.2242,59.8743,0.9521],[22.2253,59.8768,0.0],[22.2192,59.8754,1.0855],[22.2219,59.874,1.0855],[22.2242,59.8743,0.9521]]],
[[[22.1692,59.874,0.7499],[22.1681,59.8779,0.0],[22.1614,59.8774,3.4442],[22.1647,59.876,0.0],[22.1647,59.8743,0.0],[22.1692,59.874,0.7499]]],
[[[22.1631,59.8949,0.3458],[22.1692,59.8957,0.0],[22.1697,59.8974,0.0],[22.1631,59.896,0.0],[22.1631,59.8949,0.3458]]],
[[[22.1919,59.8965,0.0],[22.1953,59.8974,0.0],[22.1914,59.8979,0.0],[22.1892,59.8963,0.0],[22.1919,59.8965,0.0]]],
[[[22.2381,59.8985,0.0],[22.2397,59.9001,0.0],[22.2347,59.9004,0.3345],[22.2314,59.899,0.0],[22.2303,59.8968,0.5632],[22.2325,59.8963,0.5632],[22.2381,59.8985,0.0]]],
[[[22.1575,59.9001,0.0],[22.1603,59.8996,0.0],[22.1619,59.9024,0.0],[22.1586,59.9018,0.0],[22.1575,59.9001,0.0]]],
[[[22.1686,59.9007,1.0348],[22.1697,59.9032,0.0],[22.1658,59.9035,1.057],[22.1636,59.9018,0.0],[22.1658,59.9004,0.0],[22.1686,59.9007,1.0348]]],
[[[22.1947,59.9021,0.8601],[22.1986,59.9029,0.1928],[22.1992,59.9038,0.0],[22.1919,59.9029,1.2966],[22.1947,59.9021,0.8601]]],
[[[22.2336,59.9024,0.0],[22.2369,59.9021,3.7875],[22.2386,59.9038,0.0],[22.2325,59.904,0.0],[22.2336,59.9024,0.0]]],
[[[22.1625,59.9035,0.0],[22.1631,59.9051,0.0],[22.1614,59.906,0.3855],[22.1575,59.9057,0.0],[22.1592,59.9029,0.0],[22.1625,59.9035,0.0]]],
[[[22.1764,59.9038,1.3694],[22.178,59.9051,0.0],[22.1769,59.9071,0.0],[22.1703,59.9049,1.9535],[22.1714,59.9035,0.0],[22.1764,59.9038,1.3694]]],
[[[22.2303,59.9068,0.6634],[22.2314,59.9057,0.6634],[22.2353,59.9057,0.0],[22.2353,59.9068,0.0],[22.2303,59.9068,0.6634]]],
[[[22.1869,59.909,3.252],[22.1858,59.9118,1.6076],[22.1836,59.9126,0.0],[22.178,59.9104,1.0689],[22.1803,59.9082,0.0],[22.1869,59.909,3.252]]],
[[[22.1908,59.9113,1.2739],[22.1925,59.9126,0.0],[22.1914,59.9146,1.2402],[22.1864,59.9132,0.0],[22.1864,59.9118,1.6076],[22.1908,59.9113,1.2739]]],
[[[22.1697,59.9143,0.3765],[22.1714,59.9151,0.0],[22.1708,59.9163,0.9553],[22.1669,59.9165,0.0],[22.1642,59.9146,0.0],[22.1647,59.9137,0.0],[22.1697,59.9143,0.3765]]],
[[[22.2003,59.9154,1.5223],[22.1992,59.9137,0.0],[22.2036,59.9143,0.0],[22.2036,59.9174,0.0],[22.2014,59.9174,0.0],[22.2019,59.9157,0.0],[22.2003,59.9154,1.5223]]],
[[[22.3753,59.9029,0.0],[22.3736,59.9035,0.0],[22.3742,59.9057,0.0],[22.3681,59.9043,0.0],[22.3703,59.901,3.9964],[22.3681,59.8999,3.7866],[22.3669,59.8965,1.9725],[22.3714,59.8957,5.6032],[22.3681,59.8949,1.5924],[22.3697,59.8901,0.0],[22.3742,59.8926,5.4052],[22.3842,59.8932,0.0],[22.3858,59.8946,0.0],[22.3958,59.8943,0.583],[22.3992,59.8982,1.9423],[22.4008,59.8979,1.915],[22.4014,59.8957,0.7575],[22.4047,59.8963,0.0],[22.4047,59.8979,0.0],[22.4019,59.8985,3.6658],[22.4031,59.8999,0.0],[22.3981,59.9018,4.4881],[22.3919,59.8999,14.4351],[22.3836,59.9018,3.4706],[22.3814,59.8999,11.2113],[22.3742,59.8996,3.0521],[22.3764,59.9024,0.0],[22.3753,59.9029,0.0]]],
[[[22.3581,59.9001,3.5318],[22.3553,59.9021,0.0],[22.3525,59.9012,2.8092],[22.3525,59.8999,1.3458],[22.3553,59.8988,9.9458],[22.3586,59.8988,0.0],[22.3581,59.9001,3.5318]]],
[[[22.3647,59.8993,1.7717],[22.3675,59.9001,3.7866],[22.3675,59.9015,0.0],[22.3642,59.9021,0.0],[22.3603,59.9001,0.0],[22.3614,59.8993,0.0],[22.3647,59.8993,1.7717]]],
[[[22.3819,59.9029,0.0],[22.3847,59.9051,0.0],[22.3775,59.9038,0.0],[22.3786,59.9024,0.8485],[22.3819,59.9029,0.0]]],
[[[22.3364,59.8935,0.0],[22.3392,59.8926,0.1743],[22.3414,59.8949,0.5201],[22.3403,59.8949,0.5201],[22.3364,59.8935,0.0]]],
[[[22.2436,59.8993,0.0],[22.2481,59.9001,0.0],[22.2486,59.9015,0.5947],[22.2419,59.9004,0.0],[22.2436,59.8993,0.0]]],
[[[22.3369,59.8999,0.0],[22.3381,59.901,0.0],[22.3358,59.9018,6.9157],[22.3297,59.901,0.8372],[22.3336,59.8996,0.0],[22.3369,59.8999,0.0]]],
[[[22.3358,59.9032,0.0],[22.3336,59.9051,5.35],[22.3297,59.9038,0.0],[22.3308,59.9026,1.9465],[22.3358,59.9032,0.0]]],
[[[22.3886,59.9049,0.6662],[22.3914,59.9043,0.0],[22.3925,59.9054,0.0],[22.3875,59.9054,0.6662],[22.3886,59.9049,0.6662]]],
[[[22.3803,59.9054,0.0],[22.3814,59.9063,0.0],[22.3753,59.9071,0.0],[22.3769,59.9057,0.0],[22.3803,59.9054,0.0]]],
[[[22.3847,59.9235,11.4749],[22.3742,59.9251,1.0711],[22.3708,59.9218,9.2854],[22.3631,59.9185,0.0],[22.3631,59.9165,8.1377],[22.3542,59.9129,0.0],[22.3547,59.9104,9.6668],[22.3497,59.9079,0.0],[22.3492,59.9063,0.0],[22.3564,59.9035,0.0],[22.3647,59.904,1.1977],[22.3664,59.9049,1.1977],[22.3664,59.9074,7.962],[22.3731,59.9079,0.0],[22.3786,59.9129,0.0],[22.3775,59.9093,1.4472],[22.3797,59.9076,1.5465],[22.3997,59.9051,0.0],[22.4008,59.9099,0.0],[22.4047,59.911,0.0],[22.4036,59.9146,0.0],[22.3958,59.9154,4.9094],[22.3892,59.9135,2.0268],[22.3897,59.9146,0.0],[22.3864,59.9157,0.0],[22.382,59.9151,1.6041],[22.3825,59.9171,4.884],[22.3853,59.9182,0.0],[22.3842,59.9215,1.7782],[22.3869,59.9224,1.5322],[22.3847,59.9235,11.4749]]],
[[[22.3908,59.9171,0.0],[22.3942,59.9165,0.0],[22.3958,59.9185,0.0],[22.3869,59.9179,0.0],[22.3908,59.9171,0.0]]],
[[[22.3214,59.9063,0.0],[22.3242,59.906,0.0],[22.3253,59.9074,0.0],[22.3192,59.9071,0.0],[22.3214,59.9063,0.0]]],
[[[22.2753,59.9168,0.0],[22.2792,59.9168,0.0],[22.2792,59.9188,0.0],[22.2714,59.9182,0.0],[22.2753,59.9168,0.0]]],
[[[22.2708,59.9212,0.9812],[22.2753,59.921,0.0],[22.2764,59.9226,0.0],[22.2575,59.9218,0.0],[22.2619,59.9204,0.0],[22.2708,59.9212,0.9812]]],
[[[22.2686,59.9249,0.0],[22.2725,59.9246,0.0],[22.2714,59.926,0.0],[22.2669,59.9257,0.0],[22.2686,59.9249,0.0]]],
[[[22.1731,59.9182,0.0],[22.1747,59.919,1.8655],[22.1742,59.9201,1.8655],[22.1697,59.9199,1.2165],[22.1708,59.9182,0.0],[22.1731,59.9182,0.0]]],
[[[22.1797,59.9274,0.6968],[22.1825,59.9301,0.0],[22.1692,59.9271,0.0],[22.1658,59.924,0.3442],[22.1753,59.9249,1.7794],[22.178,59.924,1.1665],[22.1775,59.9221,2.8563],[22.1803,59.921,0.6062],[22.1853,59.9221,1.7982],[22.1875,59.9207,0.0],[22.1947,59.921,1.1245],[22.1964,59.9226,0.0],[22.1875,59.9254,3.7903],[22.1881,59.9279,0.0],[22.1858,59.9287,7.4181],[22.1797,59.9274,0.6968]]],
[[[22.1697,59.9282,0.0],[22.1731,59.9313,0.0],[22.1675,59.9296,0.0],[22.1675,59.9282,0.0],[22.1697,59.9282,0.0]]],
[[[22.1864,59.9318,0.0],[22.1908,59.9315,0.0],[22.1925,59.9335,0.0],[22.1864,59.9329,0.0],[22.1864,59.9318,0.0]]],
[[[22.1397,59.919,0.3156],[22.143,59.9204,0.0],[22.1425,59.9215,0.0],[22.1397,59.9221,0.0],[22.1375,59.9204,0.3156],[22.1397,59.919,0.3156]]],
[[[22.1114,59.9276,0.0],[22.1164,59.9271,0.3351],[22.1186,59.9293,0.0],[22.1164,59.9282,0.3351],[22.1114,59.9276,0.0]]],
[[[22.1158,59.931,0.308],[22.1175,59.9321,0.0],[22.1136,59.9324,0.0],[22.1103,59.9299,1.127],[22.1125,59.9293,0.8231],[22.1158,59.931,0.308]]],
[[[22.1219,59.9326,0.0],[22.1242,59.9324,0.5992],[22.1264,59.9335,0.0],[22.1247,59.934,0.0],[22.1219,59.9326,0.0]]],
[[[22.2647,59.9307,0.5909],[22.2669,59.9332,3.103],[22.2575,59.9315,0.0],[22.2536,59.9282,3.8614],[22.2575,59.9265,0.5528],[22.2647,59.9307,0.5909]]],
[[[22.2919,59.931,3.8636],[22.2942,59.9332,3.3499],[22.2869,59.9321,0.9445],[22.2875,59.9304,0.0],[22.2919,59.931,3.8636]]],
[[[22.2814,59.936,2.1098],[22.2747,59.9379,0.0],[22.2714,59.9371,0.0],[22.2725,59.9332,0.0],[22.2781,59.9335,0.0],[22.2814,59.936,2.1098]]],
[[[22.2564,59.9351,0.0],[22.2592,59.9346,1.0068],[22.2608,59.9371,0.0],[22.2575,59.9368,0.0],[22.2564,59.9351,0.0]]],
[[[22.2142,59.9385,2.6312],[22.2164,59.941,0.0],[22.2069,59.9399,0.6338],[22.2069,59.9388,0.6338],[22.2125,59.9388,0.9768],[22.2125,59.9374,2.6312],[22.2092,59.9357,0.0],[22.2097,59.9343,0.0],[22.2175,59.9354,0.0],[22.2175,59.9374,0.0],[22.2142,59.9385,2.6312]]],
[[[22.2347,59.9379,0.0],[22.2347,59.9393,0.0],[22.2319,59.9393,0.0],[22.2314,59.9371,0.0],[22.2342,59.9374,0.0],[22.2347,59.9379,0.0]]],
[[[22.1875,59.9388,1.9657],[22.1886,59.9404,0.0],[22.1819,59.9413,0.0],[22.1847,59.9393,1.9657],[22.1808,59.9388,0.0],[22.1786,59.9362,0.0],[22.1853,59.9351,0.0],[22.1958,59.9376,0.4965],[22.1931,59.9385,2.9898],[22.1892,59.9374,0.8057],[22.1875,59.9388,1.9657]]],
[[[22.1803,59.9435,0.0],[22.1842,59.9426,0.0],[22.1858,59.9437,0.0],[22.1808,59.944,0.0],[22.1803,59.9435,0.0]]],
[[[22.2669,59.9385,0.0],[22.2703,59.9385,0.0],[22.2703,59.9393,0.0],[22.2664,59.9401,0.0],[22.2669,59.9385,0.0]]],
[[[22.2664,59.9535,0.0],[22.2653,59.9524,0.0],[22.2703,59.9529,0.0],[22.2686,59.9538,0.0],[22.2664,59.9535,0.0]]],
[[[22.2925,59.9618,4.0208],[22.2925,59.9637,10.7406],[22.2903,59.9646,0.0],[22.2869,59.9632,8.9485],[22.2864,59.9615,1.0225],[22.2892,59.9601,11.1017],[22.2847,59.9599,3.6584],[22.2819,59.9557,0.0],[22.2731,59.954,0.0],[22.2731,59.9518,0.0],[22.2769,59.9524,9.6052],[22.2764,59.9513,1.0166],[22.2792,59.9504,0.0],[22.2858,59.9521,9.1158],[22.2831,59.9488,3.0489],[22.2886,59.9485,0.0],[22.2897,59.9526,1.5437],[22.2947,59.9543,2.6184],[22.3075,59.9543,0.0],[22.3064,59.9554,2.1141],[22.3075,59.9568,0.0],[22.3003,59.956,0.0],[22.2981,59.9585,3.5462],[22.2875,59.9554,12.0188],[22.2919,59.959,11.1017],[22.2986,59.961,0.0],[22.2992,59.9626,0.0],[22.2925,59.9618,4.0208]]],
[[[22.268,59.9582,0.0],[22.2714,59.9615,1.9811],[22.2619,59.9601,9.222],[22.2642,59.9576,1.2746],[22.268,59.9582,0.0]]],
[[[22.1075,59.9321,3.6483],[22.1108,59.9326,0.0],[22.1108,59.9346,0.0],[22.1081,59.9349,1.6012],[22.1058,59.9329,0.0],[22.1075,59.9321,3.6483]]],
[[[22.0836,59.9437,0.0],[22.0858,59.9435,0.0],[22.0864,59.9449,0.0],[22.0825,59.9457,0.0],[22.0819,59.9437,0.0],[22.0836,59.9437,0.0]]],
[[[22.1003,59.9735,0.0],[22.1014,59.9771,0.0],[22.0925,59.9749,6.0358],[22.0875,59.9704,0.0],[22.0958,59.9704,0.0],[22.1003,59.9735,0.0]]],
[[[22.1453,59.9735,0.0],[22.1486,59.976,0.0],[22.1458,59.9765,0.6337],[22.1425,59.9743,0.0],[22.1453,59.9735,0.0]]],
[[[22.1858,59.946,2.1237],[22.1886,59.9471,0.0],[22.1836,59.9474,0.5692],[22.1792,59.9451,0.0],[22.1814,59.9449,0.0],[22.1858,59.946,2.1237]]],
[[[22.2053,59.9476,0.0],[22.2031,59.9479,1.2469],[22.2042,59.9501,0.0],[22.2003,59.9485,2.3077],[22.1947,59.949,0.0],[22.1908,59.9451,0.0],[22.1981,59.9432,0.0],[22.2058,59.9468,0.0],[22.2053,59.9476,0.0]]],
[[[22.2153,59.9468,0.0],[22.2158,59.9493,0.0],[22.213,59.9499,1.6292],[22.2092,59.9476,0.0],[22.2092,59.9457,0.0],[22.2131,59.9451,0.0],[22.2153,59.9468,0.0]]],
[[[22.2325,59.9746,5.0064],[22.2242,59.9754,0.0],[22.2242,59.9724,0.0],[22.2269,59.9712,2.5383],[22.2186,59.969,0.0],[22.2186,59.9671,2.5503],[22.2308,59.9671,3.6755],[22.2342,59.9696,0.0],[22.2275,59.9707,2.5383],[22.2342,59.9724,3.1945],[22.2342,59.9743,1.8733],[22.2325,59.9746,5.0064]]],
[[[22.1169,59.9763,0.0],[22.1164,59.9749,0.0],[22.1208,59.9751,0.0],[22.1208,59.9771,0.0],[22.1169,59.9763,0.0]]],
[[[22.1108,59.9807,0.0],[22.1103,59.9793,0.2607],[22.1147,59.9801,0.0],[22.1147,59.981,0.0],[22.1108,59.9807,0.0]]],
[[[22.1464,59.9813,0.0],[22.1453,59.9799,0.0],[22.1497,59.9799,0.0],[22.1497,59.9813,0.0],[22.1464,59.9813,0.0]]],
[[[22.1525,59.9837,0.0],[22.1514,59.9818,0.0],[22.1536,59.9815,0.0],[22.1569,59.9843,0.0],[22.1547,59.9843,0.0],[22.1525,59.9837,0.0]]],
[[[22.3475,59.9196,0.0],[22.3497,59.9218,3.5659],[22.3442,59.9212,2.774],[22.3447,59.9199,1.2556],[22.3475,59.9196,0.0]]],
[[[22.3419,59.9238,0.0],[22.3458,59.9229,0.0],[22.3464,59.9246,1.1505],[22.3431,59.9263,0.0],[22.3419,59.9238,0.0]]],
[[[22.3803,59.9449,0.0],[22.3758,59.9468,2.3539],[22.3747,59.9437,0.0],[22.3758,59.9424,0.0],[22.3736,59.9418,0.0],[22.3747,59.941,0.0],[22.3736,59.9376,0.0],[22.3658,59.9388,0.0],[22.3619,59.9365,2.7774],[22.3625,59.9382,2.2599],[22.3575,59.9379,1.0565],[22.3547,59.9362,1.9703],[22.3575,59.9338,1.3401],[22.3442,59.9276,7.0161],[22.3469,59.9249,1.1505],[22.3514,59.9243,0.0],[22.3497,59.9226,0.0],[22.3608,59.919,1.8257],[22.3664,59.9229,0.0],[22.3625,59.9257,5.6199],[22.3703,59.9251,0.0],[22.3731,59.9304,0.0],[22.3775,59.9324,0.0],[22.3775,59.9351,0.0],[22.3825,59.936,0.0],[22.3825,59.941,0.0],[22.3769,59.9413,0.0],[22.3803,59.9432,0.0],[22.3803,59.9449,0.0]]],
[[[22.3753,59.9974,0.0],[22.3731,59.9987,4.1743],[22.3636,59.999,0.0],[22.3575,59.9982,0.7757],[22.3536,59.9954,0.0],[22.3603,59.9946,3.7892],[22.3597,59.9921,0.8403],[22.3442,59.9932,1.8331],[22.3442,59.9921,1.8331],[22.3475,59.9918,2.3732],[22.3486,59.9896,0.0],[22.3464,59.9874,4.581],[22.3503,59.9818,3.6677],[22.3497,59.9779,4.0114],[22.3453,59.9804,8.3216],[22.3425,59.979,1.7396],[22.3414,59.9746,0.0],[22.3425,59.9735,5.1025],[22.3369,59.9699,0.0],[22.3369,59.9665,0.0],[22.3475,59.966,3.1482],[22.3497,59.9643,0.0],[22.3447,59.9637,2.0265],[22.3458,59.9615,2.1335],[22.3442,59.961,2.1335],[22.3347,59.9621,1.2429],[22.3336,59.9538,0.0],[22.3314,59.9521,0.0],[22.3319,59.9501,16.6596],[22.3297,59.9493,3.8638],[22.3325,59.9443,5.6196],[22.3325,59.941,2.5878],[22.3375,59.9382,0.0],[22.3369,59.9365,0.0],[22.3408,59.9326,0.4242],[22.348,59.9329,0.0],[22.348,59.9346,0.0],[22.3525,59.9385,0.0],[22.3614,59.9415,0.0],[22.3736,59.949,2.0196],[22.3731,59.9524,0.0],[22.3686,59.9532,0.0],[22.3708,59.9543,0.0],[22.3703,59.9618,0.0],[22.3725,59.9649,7.1191],[22.3669,59.966,0.0],[22.3647,59.9646,5.8649],[22.3664,59.9615,6.4047],[22.3547,59.961,1.0756],[22.3525,59.9649,0.0],[22.3592,59.9635,0.0],[22.3636,59.9657,0.0],[22.3619,59.9663,8.6094],[22.3619,59.9685,9.1975],[22.3569,59.9696,0.0],[22.3586,59.9715,0.3566],[22.3547,59.9732,0.2382],[22.3558,59.9749,0.0],[22.3542,59.9754,2.9503],[22.3558,59.9774,8.5553],[22.3586,59.9774,22.287],[22.3625,59.9746,0.0],[22.3664,59.9746,0.0],[22.3669,59.9813,0.0],[22.3647,59.9829,0.0],[22.3653,59.9863,0.0],[22.3636,59.9882,10.2661],[22.3714,59.9888,6.2274],[22.3753,59.9912,0.0],[22.3753,59.9934,0.0],[22.3908,59.9954,0.0],[22.3886,59.9979,1.7753],[22.3853,59.9963,6.5843],[22.3753,59.9974,0.0]]],
[[[22.3108,59.9596,0.0],[22.3136,59.959,0.0],[22.3142,59.9629,0.0],[22.3092,59.9613,0.0],[22.3108,59.9596,0.0]]],
[[[22.3081,59.9668,0.0],[22.3069,59.9685,0.0],[22.303,59.9685,0.0],[22.303,59.9674,0.0],[22.3081,59.9668,0.0]]],
[[[22.2831,59.9679,0.0],[22.2825,59.9674,0.0],[22.2886,59.9671,0.0],[22.2875,59.9688,0.0],[22.2831,59.9679,0.0]]],
[[[22.2692,59.969,0.0],[22.2725,59.9674,0.0],[22.2708,59.9701,0.0],[22.2686,59.9701,0.0],[22.2692,59.969,0.0]]],
[[[22.3181,59.9696,0.0],[22.3181,59.9688,0.0],[22.3236,59.9688,0.0],[22.3225,59.971,0.0],[22.3181,59.9696,0.0]]],
[[[22.2997,59.9718,0.9879],[22.3003,59.9701,0.0],[22.3058,59.9707,0.0],[22.3047,59.9721,0.0],[22.2997,59.9718,0.9879]]],
[[[22.3214,59.9718,0.0],[22.3275,59.9715,0.0],[22.3286,59.9729,0.0],[22.3242,59.9729,2.349],[22.3214,59.9718,0.0]]],
[[[22.3225,59.9751,1.6802],[22.3181,59.9768,4.3793],[22.3147,59.9754,0.0],[22.3131,59.9726,1.1594],[22.3158,59.9715,0.0],[22.3203,59.9746,0.0],[22.3275,59.974,2.5203],[22.3225,59.9751,1.6802]]],
[[[22.3786,59.9715,0.0],[22.3786,59.9704,0.0],[22.3814,59.971,0.0],[22.3797,59.9718,0.0],[22.3786,59.9715,0.0]]],
[[[22.3703,59.9701,2.8351],[22.3703,59.9735,0.0],[22.3675,59.9738,0.0],[22.3686,59.9688,0.6075],[22.3719,59.9685,0.0],[22.3703,59.9701,2.8351]]],
[[[22.3892,59.9832,3.8719],[22.3853,59.9843,1.1723],[22.3831,59.9826,1.6418],[22.382,59.9779,4.9389],[22.3858,59.9749,0.1636],[22.3847,59.9724,0.0],[22.3908,59.9685,1.6648],[22.4019,59.9718,0.0],[22.3992,59.9771,0.0],[22.3903,59.9754,5.6631],[22.3908,59.979,3.7827],[22.3892,59.9832,3.8719]]],
[[[22.4008,59.9871,0.0],[22.4003,59.9893,0.0],[22.393,59.9904,3.1623],[22.3908,59.9851,1.0694],[22.3992,59.9846,1.5442],[22.4008,59.9871,0.0]]],
[[[22.3042,59.9757,0.7647],[22.3058,59.9765,0.0],[22.2997,59.9765,0.6722],[22.3008,59.9754,0.0],[22.3042,59.9757,0.7647]]],
[[[22.3292,59.9774,6.439],[22.3308,59.9782,0.0],[22.3297,59.9807,0.0],[22.3225,59.9779,1.9556],[22.3247,59.9765,0.0],[22.3292,59.9774,6.439]]],
[[[22.2664,59.9818,6.6749],[22.2631,59.9843,0.0],[22.2586,59.9837,1.2155],[22.2597,59.9793,8.3874],[22.2575,59.9782,0.0],[22.2636,59.9779,1.3786],[22.2664,59.9818,6.6749]]],
[[[22.3142,59.981,0.5738],[22.3114,59.9832,0.0],[22.3075,59.9826,0.0],[22.3114,59.9818,0.5738],[22.3114,59.9796,0.0],[22.3153,59.9793,0.0],[22.3142,59.981,0.5738]]],
[[[22.4042,59.9649,0.0],[22.4053,59.9685,0.0],[22.4036,59.9696,2.5404],[22.3986,59.9674,0.0],[22.3986,59.9643,0.0],[22.4003,59.9635,0.0],[22.4042,59.9649,0.0]]],
[[[22.4008,59.9793,3.5753],[22.4036,59.9793,1.4969],[22.4042,59.9815,0.0],[22.4014,59.9821,0.0],[22.4008,59.9793,3.5753]]],
[[[22.4364,59.9854,0.0],[22.4375,59.9863,0.0],[22.4358,59.9874,0.0],[22.4325,59.9865,2.2019],[22.4331,59.9849,0.0],[22.4364,59.9854,0.0]]],
[[[22.4347,59.9949,9.9455],[22.433,59.997,0.0],[22.4253,59.997,7.0679],[22.4242,59.9999,4.6054],[22.4158,60.0,0.6258],[22.4125,59.9929,4.4997],[22.4142,59.9904,13.3072],[22.4108,59.9893,0.0],[22.4103,59.9876,0.8162],[22.4114,59.9851,2.0636],[22.4097,59.9843,0.0],[22.4103,59.9807,5.1479],[22.4069,59.9788,0.0],[22.4086,59.9729,0.0],[22.4158,59.9738,0.0],[22.4142,59.9774,0.0],[22.4231,59.9807,1.1241],[22.4292,59.9846,0.0],[22.4331,59.9893,0.0],[22.4408,59.9915,0.0],[22.4403,59.9949,0.0],[22.4347,59.9949,9.9455]]],
[[[22.3992,59.9918,0.0],[22.4019,59.9918,0.0],[22.4008,59.9946,1.005],[22.3969,59.9938,0.0],[22.3992,59.9918,0.0]]],
[[[22.3836,59.9979,1.0312],[22.3858,59.9979,0.0],[22.3864,60.0,3.7697],[22.3808,60.0,1.2902],[22.3836,59.9979,1.0312]]],
[[[22.3942,59.999,1.6391],[22.4008,59.9985,0.0],[22.4025,60.0,0.0],[22.3925,60.0,0.9368],[22.3942,59.999,1.6391]]],
[[[22.3521,60.0146,5.859],[22.3505,60.013,23.6999],[22.3536,60.013,19.3366],[22.3536,60.0141,15.473],[22.3521,60.0146,5.859]]],
[[[22.2708,59.9854,0.0],[22.2703,59.984,0.0],[22.2753,59.9846,0.0],[22.2742,59.9857,0.0],[22.2708,59.9854,0.0]]],
[[[22.2681,59.9921,0.0],[22.2686,59.9896,0.0],[22.2731,59.9896,0.0],[22.2731,59.9918,0.0],[22.2681,59.9921,0.0]]],
[[[22.3164,59.9987,0.0],[22.3192,59.9982,0.0],[22.3181,59.9999,0.0],[22.3147,60.0,0.0],[22.3164,59.9987,0.0]]],
[[[22.2849,60.0286,18.9487],[22.2828,60.0307,0.0],[22.2771,60.0313,3.4205],[22.2734,60.0276,10.7299],[22.2833,60.0271,0.0],[22.2849,60.0286,18.9487]]],
[[[22.1458,59.9824,0.0],[22.1475,59.9849,0.0],[22.1425,59.9846,1.3117],[22.1419,59.9818,0.0],[22.1458,59.9824,0.0]]],
[[[22.1303,59.984,0.0],[22.1292,59.986,0.0],[22.1231,59.9857,0.0],[22.1214,59.9871,0.0],[22.1192,59.9851,3.7261],[22.1136,59.9846,1.6893],[22.1125,59.9829,0.9854],[22.1231,59.9824,0.4631],[22.1303,59.984,0.0]]],
[[[22.1286,59.9901,0.0],[22.1303,59.9921,0.0],[22.1292,59.9935,3.707],[22.1258,59.9929,0.5085],[22.1242,59.9907,1.6763],[22.1247,59.9899,0.0],[22.1286,59.9901,0.0]]],
[[[22.1086,59.9968,0.0],[22.1119,59.9982,0.0],[22.1125,60.0,0.0],[22.1042,59.9993,0.0],[22.1064,59.9968,0.0943],[22.1086,59.9968,0.0]]],
[[[22.1919,59.9893,1.8473],[22.1919,59.9874,1.9859],[22.1969,59.9885,0.0],[22.1964,59.9899,0.0],[22.1919,59.9893,1.8473]]],
[[[22.1897,59.9935,0.0],[22.1847,59.9949,0.9935],[22.1869,59.9924,0.0],[22.1903,59.9924,0.0],[22.1897,59.9935,0.0]]],
[[[22.1664,59.9965,0.0],[22.1703,59.9957,0.0],[22.1708,59.9979,0.0],[22.1658,59.9979,0.0],[22.1664,59.9965,0.0]]],
[[[22.1625,60.1,8.9568],[22.1667,60.1,0.0],[22.1682,60.1016,20.723],[22.1609,60.1016,20.3892],[22.1625,60.1,8.9568]]],
[[[22.0911,60.087,9.5701],[22.0771,60.0875,8.1843],[22.0755,60.0859,10.1817],[22.0896,60.0854,0.0],[22.0911,60.087,9.5701]]],
[[[22.0812,60.0917,0.0],[22.0854,60.0917,18.2897],[22.087,60.0932,0.0],[22.0797,60.0932,4.5144],[22.0812,60.0917,0.0]]],
[[[22.1599,60.1036,0.0],[22.1568,60.1036,12.9973],[22.1568,60.1026,19.5683],[22.1599,60.1026,16.6301],[22.1599,60.1036,0.0]]],
[[[22.0938,60.1333,0.0],[22.1,60.1333,6.5419],[22.1016,60.1349,0.0],[22.0938,60.1375,9.3906],[22.0755,60.137,13.6608],[22.0792,60.1333,0.0],[22.0938,60.1333,0.0]]],
[[[22.1807,60.1266,24.9374],[22.1792,60.1271,19.6929],[22.1776,60.1255,17.8141],[22.1807,60.1255,24.4328],[22.1807,60.1266,24.9374]]],
[[[22.1786,60.1297,0.0],[22.1771,60.1312,13.2787],[22.1714,60.1307,0.0],[22.175,60.1271,17.4771],[22.1786,60.1297,0.0]]],
[[[22.1943,60.1318,0.0],[22.1958,60.1312,0.0],[22.1974,60.1328,6.612],[22.1958,60.1333,14.774],[22.1943,60.1318,0.0]]],
[[[22.1891,60.1328,15.9214],[22.1875,60.1333,0.0],[22.1859,60.1318,18.4769],[22.1875,60.1312,9.1848],[22.1891,60.1328,15.9214]]],
[[[22.363,60.0203,0.0],[22.3646,60.0187,11.0709],[22.3661,60.0193,12.2358],[22.3646,60.0208,7.2315],[22.363,60.0203,0.0]]],
[[[22.3542,60.0187,14.9753],[22.3568,60.0224,11.7917],[22.362,60.0245,10.5791],[22.3505,60.0266,15.7618],[22.3484,60.0214,3.0912],[22.3505,60.0172,13.4275],[22.3536,60.0172,12.8506],[22.3542,60.0187,14.9753]]],
[[[22.3786,60.112,17.8702],[22.3755,60.112,20.0761],[22.3755,60.1109,14.7864],[22.3786,60.1109,12.326],[22.3786,60.112,17.8702]]],
[[[22.3964,60.1182,0.0],[22.4016,60.1203,16.5802],[22.3922,60.1214,18.0115],[22.3896,60.125,11.0373],[22.3839,60.1245,0.0],[22.3776,60.1203,20.9977],[22.3828,60.1182,4.1159],[22.3839,60.1151,0.0],[22.3875,60.1125,14.4348],[22.3995,60.1151,15.2681],[22.3964,60.1182,0.0]]],
[[[22.3307,60.0349,19.3865],[22.3271,60.0375,0.0],[22.3214,60.0318,18.6905],[22.3245,60.0318,6.3573],[22.3307,60.0349,19.3865]]],
[[[22.3146,60.1042,12.7445],[22.3161,60.1057,0.0],[22.3125,60.1083,0.0],[22.3089,60.1057,0.0],[22.3104,60.1042,5.9353],[22.3146,60.1042,12.7445]]],
[[[22.2589,60.1245,0.0],[22.2599,60.1266,0.0],[22.2542,60.1271,4.0552],[22.2505,60.1234,14.8668],[22.2563,60.1229,0.0],[22.2589,60.1245,0.0]]],
[[[22.3172,60.1281,17.0242],[22.3188,60.1271,0.0],[22.3203,60.1286,3.845],[22.3188,60.1292,23.68],[22.3172,60.1281,17.0242]]],
[[[22.4104,60.1208,0.0],[22.412,60.1214,0.0],[22.412,60.1245,0.0],[22.4047,60.1245,0.0],[22.4047,60.1214,18.8157],[22.4104,60.1208,0.0]]],
[[[22.4021,60.1271,0.0],[22.4125,60.1271,30.3716],[22.4182,60.1255,25.6348],[22.4146,60.1292,0.0],[22.4005,60.1286,15.109],[22.4021,60.1271,0.0]]],
[[[22.4042,60.1375,22.8317],[22.3964,60.1349,18.9632],[22.3943,60.1318,22.7585],[22.4078,60.1359,0.0],[22.4042,60.1375,22.8317]]],
[[[22.4182,60.138,18.3211],[22.4089,60.1349,0.0],[22.4068,60.1318,0.0],[22.4182,60.1318,20.9563],[22.4224,60.1391,10.9258],[22.4182,60.138,18.3211]]],
[[[22.3661,60.1307,7.1728],[22.3646,60.1312,7.1728],[22.363,60.1297,10.77],[22.3661,60.1297,8.2084],[22.3661,60.1307,7.1728]]],
[[[22.388,60.1307,24.0327],[22.388,60.1297,19.4174],[22.3911,60.1297,12.2888],[22.3898,60.1312,23.8115],[22.388,60.1307,24.0327]]],
[[[22.3839,60.1432,5.7071],[22.3849,60.1453,15.4257],[22.3776,60.1453,4.3892],[22.3797,60.1422,7.2164],[22.3839,60.1432,5.7071]]],
[[[22.3563,60.1542,14.7552],[22.3599,60.1578,19.0457],[22.3568,60.1578,20.0778],[22.3547,60.1557,15.6879],[22.3563,60.1542,14.7552]]],
[[[21.8119,59.9479,0.0],[21.8142,59.9501,2.2475],[21.8036,59.9488,0.0],[21.8053,59.9471,4.5966],[21.8119,59.9479,0.0]]],
[[[21.8264,59.949,5.2658],[21.8281,59.9504,0.0],[21.8264,59.9515,3.523],[21.8208,59.9501,0.0],[21.8214,59.949,5.0845],[21.8264,59.949,5.2658]]],
[[[21.8286,59.9574,1.2242],[21.8308,59.9585,0.0],[21.8264,59.9588,0.0],[21.8269,59.9576,0.0],[21.8286,59.9574,1.2242]]],
[[[21.8092,59.9574,0.0],[21.8075,59.961,0.0],[21.8019,59.9601,0.0],[21.8036,59.9576,0.0],[21.8092,59.9574,0.0]]],
[[[21.8658,59.9582,0.0],[21.8614,59.961,0.0],[21.8575,59.9607,0.0],[21.8553,59.9596,0.0],[21.8575,59.9582,8.1299],[21.8542,59.9585,2.0078],[21.8514,59.9562,0.0],[21.8581,59.9543,0.8576],[21.8603,59.9551,0.0],[21.8603,59.9582,0.0],[21.8658,59.9582,0.0]]],
[[[21.9008,59.9579,0.0],[21.9031,59.9601,0.0],[21.8992,59.9601,0.0],[21.8986,59.9585,0.0],[21.9008,59.9579,0.0]]],
[[[21.883,59.9599,0.7362],[21.8825,59.9629,0.0],[21.8803,59.9635,1.245],[21.8792,59.9626,1.245],[21.8797,59.9585,5.1158],[21.8725,59.9588,0.0],[21.8719,59.9565,0.0],[21.8803,59.9562,0.0],[21.8836,59.9582,0.5163],[21.883,59.9599,0.7362]]],
[[[21.8753,59.9601,0.0],[21.8775,59.9599,0.0],[21.8781,59.9618,0.0],[21.8747,59.9615,0.0],[21.8753,59.9601,0.0]]],
[[[21.8192,59.9585,0.0],[21.8219,59.959,0.0],[21.8225,59.9599,0.0],[21.8169,59.9596,0.0],[21.8192,59.9585,0.0]]],
[[[21.8331,59.959,0.6462],[21.8336,59.9607,0.0],[21.8308,59.9618,3.8723],[21.8281,59.9604,0.0],[21.8308,59.959,1.9242],[21.8331,59.959,0.6462]]],
[[[21.8442,59.9704,0.0],[21.8364,59.9715,0.0],[21.8403,59.9688,2.7915],[21.8431,59.9688,1.4397],[21.8442,59.9704,0.0]]],
[[[21.8397,59.9749,1.7158],[21.8408,59.9765,0.0],[21.8392,59.9774,0.0],[21.8314,59.9768,1.5958],[21.8292,59.9738,0.0],[21.8336,59.9729,0.6606],[21.8397,59.9749,1.7158]]],
[[[21.9175,59.9674,0.5637],[21.9186,59.9685,0.5637],[21.9164,59.9696,0.0],[21.9086,59.9676,3.8541],[21.9058,59.9693,0.0],[21.9047,59.9679,1.732],[21.8947,59.9696,1.3556],[21.8908,59.9679,0.0],[21.8908,59.966,0.8613],[21.8875,59.9632,2.2284],[21.8881,59.9612,0.4174],[21.8908,59.961,1.2765],[21.8931,59.966,2.0762],[21.8969,59.9668,0.7454],[21.8936,59.9637,4.2541],[21.8942,59.9615,0.7145],[21.8975,59.9599,0.0],[21.8981,59.9613,0.7451],[21.9025,59.9615,0.0],[21.9036,59.9649,0.9238],[21.9092,59.9632,0.0],[21.9108,59.9665,2.1658],[21.9175,59.9674,0.5637]]],
[[[21.8875,59.9657,0.0],[21.8881,59.9676,0.0],[21.8858,59.9688,0.0],[21.8814,59.9674,1.8036],[21.8825,59.9651,0.0],[21.8875,59.9657,0.0]]],
[[[21.8836,59.9724,0.0],[21.8836,59.9712,0.0],[21.8881,59.9715,0.0],[21.8875,59.9726,0.0],[21.8836,59.9724,0.0]]],
[[[21.9136,59.9751,6.211],[21.9119,59.9754,6.211],[21.9136,59.9774,0.4451],[21.9119,59.9788,0.0],[21.9108,59.9776,0.7843],[21.9031,59.9782,0.5852],[21.8947,59.9749,1.9805],[21.8964,59.9735,0.5137],[21.8958,59.9712,0.0],[21.9075,59.969,0.0],[21.9081,59.9712,4.0696],[21.9147,59.9726,0.0],[21.9153,59.9743,0.0],[21.9136,59.9751,6.211]]],
[[[21.9358,59.9854,0.0],[21.9375,59.9865,0.0],[21.9319,59.9871,0.0],[21.9325,59.986,0.3181],[21.9358,59.9854,0.0]]],
[[[21.9608,59.9876,0.0],[21.9597,59.9888,0.303],[21.9625,59.989,0.0],[21.9619,59.9907,0.0],[21.9519,59.9896,1.1839],[21.9531,59.9874,0.6075],[21.9608,59.9876,0.0]]],
[[[21.9942,59.9921,2.0237],[21.9981,59.9921,0.0],[21.9986,59.9932,0.0],[21.9953,59.994,0.0],[21.9942,59.9921,2.0237]]],
[[[21.9447,59.9971,1.7537],[21.9464,59.9979,0.5269],[21.9458,59.9993,0.0],[21.9419,59.9987,0.0],[21.9425,59.9974,0.0],[21.9447,59.9971,1.7537]]],
[[[22.0542,60.0583,10.8483],[22.0583,60.0583,5.7748],[22.0599,60.0599,20.5182],[22.0526,60.0599,21.6439],[22.0542,60.0583,10.8483]]],
[[[22.0828,60.062,9.4362],[22.0797,60.062,15.0278],[22.0797,60.0609,8.3606],[22.0812,60.0604,0.0],[22.0828,60.062,9.4362]]],
[[[22.0161,60.0641,10.611],[22.0146,60.0646,3.9619],[22.013,60.063,0.0],[22.0161,60.063,9.7666],[22.0161,60.0641,10.611]]],
[[[22.0557,60.0724,7.3757],[22.05,60.0729,1.6567],[22.0422,60.0693,7.8052],[22.0578,60.0693,3.4202],[22.0557,60.0724,7.3757]]],
[[[22.0125,60.0812,8.6053],[22.0146,60.0792,0.0],[22.0167,60.0812,3.1348],[22.0146,60.0833,7.5405],[22.0125,60.0812,8.6053]]],
[[[22.0703,60.0953,3.5674],[22.0688,60.0958,0.0],[22.0672,60.0943,11.7427],[22.0703,60.0943,5.2989],[22.0703,60.0953,3.5674]]],
[[[22.0474,60.0974,12.9613],[22.0458,60.0979,12.9613],[22.0443,60.0964,2.8935],[22.0474,60.0964,6.3925],[22.0474,60.0974,12.9613]]],
[[[22.0458,60.1146,23.442],[22.05,60.1146,16.7242],[22.0516,60.1161,22.627],[22.0443,60.1161,18.2171],[22.0458,60.1146,23.442]]],
[[[21.9786,60.0891,2.8424],[21.9755,60.0891,7.3691],[21.9755,60.088,16.5658],[21.9771,60.0875,10.6478],[21.9786,60.0891,2.8424]]],
[[[21.9688,60.0875,9.8326],[21.9703,60.0891,15.0047],[21.9589,60.0891,3.7512],[21.9604,60.0875,5.3661],[21.9688,60.0875,9.8326]]],
[[[22.0083,60.1333,0.0],[22.0146,60.1375,23.142],[22.0203,60.1359,0.0],[22.0276,60.1411,6.7911],[22.0328,60.1422,0.0],[22.0328,60.1453,19.7272],[22.0021,60.1458,0.0],[21.9979,60.1437,23.2494],[21.9896,60.1437,13.6908],[21.9792,60.1396,0.0],[21.9646,60.1396,0.0],[21.9604,60.1354,20.5967],[21.9458,60.1354,0.0],[21.9292,60.1292,20.6071],[21.9234,60.1286,10.4501],[21.9214,60.1266,11.1931],[21.9224,60.1234,10.8967],[21.9208,60.1229,1.5506],[21.9109,60.1245,0.0],[21.9068,60.1172,12.8721],[21.925,60.1146,11.2804],[21.9266,60.1161,9.1643],[21.9234,60.1182,17.77],[21.9255,60.1203,5.875],[21.9276,60.1224,6.2195],[21.9333,60.1229,3.8996],[21.9411,60.1203,9.9543],[21.9396,60.1167,0.0],[21.9417,60.1146,15.2364],[21.9479,60.1146,12.755],[21.9521,60.1125,0.0],[21.9646,60.1125,4.8554],[21.9688,60.1104,0.0],[21.9771,60.1104,0.0],[21.9813,60.1125,16.0508],[21.9854,60.1104,0.0],[22.012,60.1172,23.7333],[22.0161,60.1193,20.3942],[22.0182,60.1224,0.0],[22.0146,60.125,0.0],[21.9958,60.1271,6.4134],[21.9854,60.1312,2.1387],[21.9813,60.1292,11.0905],[21.9771,60.1292,10.238],[21.9714,60.1318,0.0],[21.9734,60.1349,5.1862],[21.9875,60.1354,6.3309],[21.9917,60.1333,0.0],[22.0083,60.1333,0.0]]],
[[[21.9354,60.1396,11.6497],[21.9396,60.1375,0.0],[21.95,60.1417,0.0],[21.9604,60.1417,0.0],[21.962,60.1432,15.3931],[21.9589,60.1443,13.0643],[21.9542,60.15,0.0],[21.938,60.1453,0.0],[21.9333,60.1417,13.3788],[21.9234,60.1422,2.347],[21.9245,60.1453,25.1422],[21.9229,60.1458,26.2337],[21.9188,60.1417,0.0],[21.9229,60.1375,0.0],[21.9354,60.1396,11.6497]]],
[[[21.8947,59.979,0.0],[21.8903,59.9813,0.0],[21.8819,59.9796,1.7616],[21.8836,59.9774,1.3489],[21.8947,59.979,0.0]]],
[[[21.8936,59.981,0.0],[21.8947,59.9821,0.0],[21.8903,59.9826,0.3257],[21.8919,59.981,0.8741],[21.8936,59.981,0.0]]],
[[[21.8745,60.0109,31.1836],[21.863,60.0068,8.3816],[21.8771,60.0062,0.0],[21.8807,60.0089,14.8096],[21.8771,60.0125,14.0155],[21.8745,60.0109,31.1836]]],
[[[21.8771,60.0729,18.0864],[21.8792,60.0708,8.8355],[21.8813,60.0729,23.6452],[21.8792,60.075,0.0],[21.8771,60.0729,18.0864]]],
[[[21.9319,59.9999,0.0],[21.9358,59.9996,0.405],[21.9364,60.0,0.405],[21.9314,60.0,0.0],[21.9319,59.9999,0.0]]],
[[[21.9724,60.0286,8.4142],[21.9693,60.0286,0.0],[21.9693,60.0276,0.0],[21.9708,60.0271,0.0],[21.9724,60.0286,8.4142]]],
[[[21.962,60.0328,11.9525],[21.9604,60.0333,14.2376],[21.9589,60.0318,0.0],[21.962,60.0318,5.4246],[21.962,60.0328,11.9525]]],
[[[21.9703,60.0682,0.0],[21.9688,60.0687,16.1573],[21.9672,60.0672,20.818],[21.9703,60.0672,0.0],[21.9703,60.0682,0.0]]],
[[[21.8708,60.0979,0.0],[21.8724,60.0984,0.0],[21.8714,60.1005,19.1289],[21.8672,60.1016,9.6051],[21.8693,60.0984,0.0],[21.8708,60.0979,0.0]]],
[[[21.8771,60.1,7.2786],[21.8813,60.1,17.3122],[21.8828,60.1016,4.9727],[21.8755,60.1016,8.1643],[21.8771,60.1,7.2786]]],
[[[21.8937,60.1,0.0],[21.8953,60.1016,0.0],[21.8932,60.1036,22.3729],[21.8901,60.1036,19.7413],[21.8901,60.1026,17.6566],[21.8937,60.1,0.0]]],
[[[21.875,60.1146,8.3463],[21.8792,60.1146,0.0],[21.8807,60.1161,4.7905],[21.8734,60.1161,14.2052],[21.875,60.1146,8.3463]]],
[[[21.8896,60.1292,17.601],[21.8917,60.1271,0.0],[21.8937,60.1292,13.4308],[21.8917,60.1312,0.0],[21.8896,60.1292,17.601]]],
[[[21.912,60.1318,0.0],[21.9182,60.1349,13.8563],[21.9026,60.137,5.5398],[21.9036,60.1318,0.0],[21.9026,60.1297,14.0332],[21.9083,60.1292,0.0],[21.912,60.1318,0.0]]],
[[[21.9078,60.1641,8.5344],[21.9063,60.1646,0.0],[21.9047,60.163,8.4132],[21.9063,60.1625,13.3696],[21.9078,60.1641,8.5344]]],
[[[21.9203,60.2193,25.103],[21.9151,60.2182,10.3675],[21.9109,60.2151,29.6079],[21.9146,60.2125,0.0],[21.9229,60.2125,0.0],[21.9266,60.2151,0.0],[21.9286,60.2203,0.0],[21.9229,60.2208,0.0],[21.9203,60.2193,25.103]]],
[[[22.1542,60.1437,5.9018],[22.1563,60.1458,23.3046],[22.1542,60.1479,27.5726],[22.1521,60.1458,21.9246],[22.1542,60.1437,5.9018]]],
[[[22.1172,60.137,0.0],[22.1266,60.138,13.933],[22.1349,60.1443,0.0],[22.137,60.1495,0.0],[22.1339,60.1547,0.0],[22.1349,60.1578,0.0],[22.1208,60.1583,3.4371],[22.113,60.1557,28.1429],[22.1109,60.1526,0.0],[22.1141,60.1505,1.7272],[22.1083,60.1458,17.1141],[22.0755,60.1453,16.8088],[22.0833,60.1396,0.0],[22.0917,60.1396,13.2904],[22.0958,60.1417,16.5884],[22.1,60.1417,0.0],[22.1042,60.1396,0.0],[22.112,60.1391,20.1205],[22.1146,60.1354,0.0],[22.1172,60.137,0.0]]],
[[[22.0747,60.1522,0.0],[22.0792,60.1542,20.6809],[22.0833,60.1521,0.0],[22.0875,60.1542,19.6736],[22.0938,60.1542,1.7645],[22.0953,60.1557,0.0],[22.0771,60.1563,0.0],[22.0734,60.1536,17.9461],[22.0747,60.1522,0.0]]],
[[[22.1479,60.1542,4.4602],[22.1521,60.1542,0.0],[22.1536,60.1557,19.5183],[22.1464,60.1557,4.2312],[22.1479,60.1542,4.4602]]],
[[[22.0422,60.138,15.2684],[22.0396,60.1396,0.0],[22.0339,60.1391,0.0],[22.0318,60.1339,0.0],[22.0375,60.1333,0.0],[22.0453,60.1359,6.2718],[22.0422,60.138,15.2684]]],
[[[22.0625,60.1521,20.2783],[22.0667,60.1521,2.2025],[22.0682,60.1536,7.6265],[22.0609,60.1536,14.1032],[22.0625,60.1521,20.2783]]],
[[[22.1021,60.2125,10.0396],[22.0964,60.212,26.2311],[22.0917,60.2083,14.9702],[22.0875,60.2083,0.0],[22.0859,60.2099,2.6504],[22.0932,60.2203,32.786],[22.0771,60.2208,37.8332],[22.0688,60.2167,31.905],[22.0484,60.2161,6.2205],[22.0453,60.2109,26.6237],[22.0401,60.2099,0.0],[22.0328,60.2047,9.2707],[22.0276,60.2036,5.9101],[22.0229,60.1979,10.7059],[22.0187,60.1979,5.3307],[22.0146,60.2,19.9663],[21.9938,60.2,0.0],[21.9896,60.1979,31.8422],[21.9708,60.1979,14.7125],[21.9646,60.1937,7.8818],[21.9568,60.1932,13.1418],[21.9599,60.1911,0.0],[21.9562,60.1854,28.596],[21.9604,60.1792,0.0],[21.9578,60.1755,0.0],[21.9479,60.175,9.2847],[21.9464,60.1755,0.0],[21.9474,60.1786,0.0],[21.9375,60.1813,0.0],[21.9151,60.1724,7.827],[21.9109,60.1682,30.205],[21.9141,60.1651,14.4119],[21.9109,60.1609,0.0],[21.9266,60.1609,6.9936],[21.9297,60.1641,0.0],[21.9349,60.1651,0.0],[21.9359,60.1682,25.8653],[21.9417,60.1729,0.0],[21.9432,60.1714,12.2062],[21.9401,60.1672,25.7092],[21.9464,60.163,0.0],[21.9542,60.1625,9.288],[21.9599,60.1599,0.0],[21.962,60.1578,4.4682],[21.9609,60.1547,1.3738],[21.9641,60.1536,1.8867],[21.9625,60.15,0.0],[21.9646,60.1479,0.0],[21.9766,60.1526,0.0],[21.9755,60.1557,10.3962],[21.9771,60.1563,12.6688],[21.9807,60.1537,3.6526],[21.9797,60.1505,0.0],[21.9813,60.15,9.7864],[21.9891,60.1526,0.0],[21.987,60.1557,2.9925],[21.9839,60.1568,9.2069],[21.9849,60.1599,0.0],[21.9797,60.163,0.3475],[21.9813,60.1646,0.0],[21.9995,60.1641,4.7148],[21.9995,60.1609,2.3298],[21.9943,60.1599,18.2852],[21.9922,60.1568,4.1505],[21.9953,60.1557,10.9548],[21.9943,60.1526,14.2508],[21.9964,60.1505,0.0],[22.0021,60.1479,0.0],[22.0063,60.1479,0.0],[22.0104,60.15,23.2235],[22.0146,60.1479,0.0],[22.0187,60.15,7.4916],[22.0271,60.15,22.6317],[22.0375,60.1542,0.0],[22.0438,60.1542,0.0],[22.0516,60.1589,13.9873],[22.0495,60.162,0.0],[22.0464,60.163,0.0],[22.0484,60.1661,3.053],[22.0542,60.1646,0.0],[22.0667,60.1646,10.3394],[22.0682,60.1661,10.251],[22.063,60.1693,6.5131],[22.0667,60.175,13.9425],[22.0641,60.1786,26.3654],[22.0521,60.1833,4.772],[22.0443,60.1839,35.6254],[22.0422,60.1859,10.8008],[22.0422,60.1891,3.5766],[22.0479,60.1875,0.0],[22.0604,60.1875,6.3038],[22.0646,60.1854,0.0],[22.0807,60.1901,0.0],[22.0896,60.1958,4.6502],[22.0958,60.1958,0.0],[22.1036,60.1984,10.1889],[22.1057,60.2016,19.0535],[22.1026,60.2036,23.7337],[22.1078,60.2057,0.0],[22.1026,60.2089,10.7394],[22.1036,60.212,0.0],[22.1021,60.2125,10.0396]]],
[[[22.0286,60.212,0.0],[22.0271,60.2125,28.2196],[22.0255,60.2109,14.7105],[22.0271,60.2104,0.0],[22.0286,60.212,0.0]]],
[[[22.1526,60.1599,10.0426],[22.1536,60.162,0.0],[22.1464,60.162,0.0],[22.1484,60.1589,4.2978],[22.1526,60.1599,10.0426]]],
[[[22.0896,60.1604,0.0],[22.0911,60.1609,0.0],[22.0911,60.1641,4.5984],[22.0839,60.1641,0.0],[22.0839,60.1609,0.0],[22.0896,60.1604,0.0]]],
[[[22.1484,60.1911,14.1922],[22.1536,60.1932,12.2671],[22.1375,60.1958,0.0],[22.1297,60.1932,0.0],[22.1234,60.188,4.4386],[22.1313,60.1875,0.1835],[22.1328,60.1859,15.0337],[22.1193,60.1849,0.0],[22.1203,60.1797,0.0],[22.1188,60.1792,17.0306],[22.113,60.1797,17.9861],[22.1083,60.1833,25.5231],[22.0979,60.1792,19.6503],[22.0938,60.1813,21.9638],[22.0854,60.1813,22.4146],[22.0812,60.1833,0.0],[22.0688,60.1833,32.2046],[22.0672,60.1818,0.0],[22.0724,60.1786,20.7997],[22.0714,60.1755,0.0],[22.0771,60.1729,27.6618],[22.0896,60.1729,0.0],[22.0953,60.1745,12.0262],[22.0922,60.1703,0.0],[22.0922,60.1672,0.0],[22.1021,60.1667,0.0],[22.1099,60.1693,0.0],[22.1068,60.1714,16.8047],[22.1083,60.1729,10.5705],[22.1146,60.1729,0.0],[22.1188,60.175,15.9681],[22.1349,60.1755,7.476],[22.1349,60.1786,19.0097],[22.1318,60.1828,15.7538],[22.1375,60.1854,15.1185],[22.1453,60.1859,0.0],[22.1484,60.1911,14.1922]]],
[[[22.0854,60.1875,29.3441],[22.0896,60.1875,19.5845],[22.0911,60.1891,35.4927],[22.0839,60.1891,0.0],[22.0854,60.1875,29.3441]]],
[[[21.9875,60.1458,3.4579],[21.9891,60.1474,0.0],[21.9854,60.15,3.172],[21.9818,60.1474,9.4889],[21.9833,60.1458,0.0],[21.9875,60.1458,3.4579]]],
[[[21.9391,60.1599,0.0],[21.9375,60.1604,0.0],[21.9359,60.1589,11.472],[21.9391,60.1589,0.0],[21.9391,60.1599,0.0]]],
[[[21.9443,60.1905,8.242],[21.9458,60.1896,4.0762],[21.9474,60.1911,0.0],[21.9458,60.1917,17.9321],[21.9443,60.1905,8.242]]],
[[[21.9979,60.2083,23.4928],[22.0016,60.2089,5.9198],[22.0036,60.212,19.7753],[21.9938,60.2125,7.8546],[21.9896,60.2146,0.0],[21.9771,60.2146,0.0],[21.9729,60.2125,7.9646],[21.9688,60.2125,24.8861],[21.9646,60.2146,13.1278],[21.9604,60.2146,0.0],[21.9562,60.2125,13.2581],[21.9375,60.2125,0.0],[21.9292,60.2083,20.5451],[21.9146,60.2083,23.4358],[21.913,60.2068,13.8471],[21.9167,60.2021,0.0],[21.9354,60.2,16.4335],[21.937,60.2016,0.9843],[21.9318,60.2036,21.3474],[21.9557,60.2026,0.0],[21.9557,60.2057,3.8561],[21.9526,60.2089,1.7416],[21.9542,60.2104,0.0],[21.9599,60.2099,0.0],[21.9589,60.2068,0.0],[21.9625,60.2042,0.0],[21.9771,60.2042,0.0],[21.9813,60.2062,21.6521],[21.9896,60.2062,0.0],[21.9938,60.2083,13.8422],[21.9979,60.2083,23.4928]]],
[[[22.7614,59.9313,3.0052],[22.7558,59.9338,0.0],[22.7486,59.9313,0.0],[22.7486,59.9293,0.0],[22.7525,59.9276,3.6717],[22.7686,59.9276,0.9787],[22.7614,59.9313,3.0052]]],
[[[22.723,59.9315,2.5335],[22.7169,59.9324,0.0],[22.7169,59.9349,0.0],[22.7142,59.9351,0.0],[22.7147,59.9301,0.0],[22.7186,59.9274,0.0],[22.723,59.9282,0.0],[22.723,59.9315,2.5335]]],
[[[22.7331,59.9329,2.4708],[22.7292,59.9343,0.0],[22.7258,59.9321,0.0],[22.7336,59.931,0.0],[22.7347,59.9324,2.4708],[22.7331,59.9329,2.4708]]],
[[[22.7381,59.9343,0.0],[22.7392,59.9357,0.0],[22.7369,59.9368,0.0],[22.7347,59.9351,0.0],[22.7358,59.9335,0.0],[22.7381,59.9343,0.0]]],
[[[22.7519,59.9346,0.4502],[22.7542,59.936,0.0],[22.7486,59.9374,1.2872],[22.7447,59.9354,0.0],[22.7469,59.9338,2.1527],[22.7519,59.9346,0.4502]]],
[[[22.7258,59.9396,1.5256],[22.7275,59.9401,0.0],[22.7214,59.9413,0.0],[22.7153,59.9379,1.6751],[22.7258,59.9346,0.0],[22.7275,59.9351,0.0],[22.7275,59.9371,0.0],[22.723,59.9388,8.3684],[22.7258,59.9396,1.5256]]],
[[[22.6731,59.9382,0.0],[22.6725,59.9379,0.0],[22.6775,59.9374,0.0],[22.6775,59.9388,0.0],[22.6731,59.9382,0.0]]],
[[[22.7886,59.9376,0.0],[22.7908,59.9404,0.0],[22.7825,59.9382,3.1853],[22.7842,59.9371,3.1853],[22.7886,59.9376,0.0]]],
[[[22.7014,59.9396,0.0],[22.6981,59.941,0.0],[22.6953,59.941,0.0],[22.6975,59.9385,0.0],[22.7014,59.9396,0.0]]],
[[[22.7419,59.9399,0.0],[22.7436,59.9415,0.0],[22.7414,59.9421,0.0],[22.7369,59.939,0.0],[22.7408,59.9382,0.0],[22.7419,59.9399,0.0]]],
[[[22.7247,59.9468,0.0],[22.7169,59.9482,5.1941],[22.7092,59.946,0.0],[22.7064,59.9429,13.9991],[22.7025,59.9421,0.0],[22.7025,59.9404,0.0],[22.7075,59.9401,2.4475],[22.7075,59.939,2.4475],[22.7025,59.9388,0.0],[22.7019,59.9343,0.0],[22.7069,59.9332,0.0],[22.7081,59.9349,0.0],[22.7064,59.9368,0.0],[22.7142,59.9385,0.0],[22.7136,59.9415,0.6081],[22.7197,59.9415,0.0],[22.7247,59.9468,0.0]]],
[[[22.7347,59.9413,0.0],[22.7381,59.9413,0.0],[22.7392,59.9424,0.0],[22.7342,59.9424,0.0],[22.7347,59.9413,0.0]]],
[[[22.6047,59.9482,8.6152],[22.5953,59.9496,0.0],[22.5908,59.9482,0.0],[22.5903,59.9451,0.0],[22.5981,59.9437,0.0],[22.6036,59.9407,1.6969],[22.6036,59.939,0.0],[22.6114,59.9376,0.9733],[22.6131,59.936,0.0],[22.6208,59.9371,10.2015],[22.6214,59.936,0.0],[22.617,59.9354,0.0],[22.6164,59.9338,0.0],[22.6208,59.9321,6.4662],[22.6281,59.9321,0.0],[22.6286,59.934,5.3266],[22.6319,59.9349,0.0],[22.6314,59.9368,2.3411],[22.6275,59.9388,0.0],[22.6175,59.9415,7.7662],[22.6047,59.9482,8.6152]]],
[[[22.5836,59.9432,0.0],[22.5892,59.9432,0.0],[22.5897,59.944,0.0],[22.5831,59.9451,0.0],[22.5836,59.9432,0.0]]],
[[[22.5869,59.9543,0.0],[22.588,59.9557,0.0],[22.5864,59.9568,2.3702],[22.5831,59.9565,0.0],[22.5831,59.9546,2.6411],[22.5686,59.9562,0.0],[22.5675,59.9551,2.6938],[22.5692,59.9546,2.6938],[22.5647,59.954,0.0],[22.5658,59.9526,0.0],[22.5592,59.9521,2.1494],[22.5614,59.9507,0.0],[22.5558,59.9501,0.9834],[22.5542,59.9474,1.2759],[22.5503,59.9471,0.0],[22.5492,59.9451,0.0],[22.5547,59.9457,2.6504],[22.5558,59.944,0.7218],[22.5619,59.944,0.9798],[22.5708,59.9451,0.0],[22.5875,59.9499,0.0],[22.5825,59.9521,5.9659],[22.5869,59.9543,0.0]]],
[[[22.6408,59.9554,1.2527],[22.6458,59.956,0.0],[22.6458,59.9571,0.0],[22.6447,59.9582,0.0],[22.6414,59.9571,0.0],[22.6325,59.9579,0.0],[22.6325,59.9571,0.0],[22.6408,59.9554,1.2527]]],
[[[22.4436,59.946,0.0],[22.4386,59.9482,0.0],[22.4386,59.9465,0.0],[22.4414,59.9463,0.0],[22.4414,59.9449,0.0],[22.4442,59.9449,0.0],[22.4436,59.946,0.0]]],
[[[22.4369,59.9482,0.0],[22.4386,59.9513,1.7733],[22.4319,59.9513,0.0],[22.4336,59.949,0.5572],[22.4314,59.9479,0.0],[22.4314,59.9443,0.0],[22.4342,59.9424,0.0],[22.4381,59.9426,0.0],[22.4358,59.9457,0.9679],[22.4369,59.9482,0.0]]],
[[[22.4503,59.9857,0.0],[22.4481,59.9876,0.0],[22.4408,59.9879,0.0],[22.4369,59.9846,3.7213],[22.4347,59.9771,0.0],[22.4364,59.9693,0.0],[22.4336,59.9715,8.5833],[22.4319,59.9774,0.0],[22.4269,59.9785,5.9825],[22.428,59.9804,0.0],[22.4319,59.981,3.192],[22.4308,59.9826,1.6941],[22.4247,59.9813,4.8648],[22.4208,59.976,1.2579],[22.4169,59.9746,5.8641],[22.4125,59.9685,1.0063],[22.4164,59.966,12.6885],[22.4114,59.9671,0.0],[22.4097,59.9649,0.0],[22.4153,59.9637,1.1701],[22.4136,59.9618,1.2181],[22.4169,59.9607,3.9895],[22.4114,59.9613,0.0],[22.4042,59.9588,2.4991],[22.4025,59.9574,2.8739],[22.4036,59.9535,1.894],[22.4019,59.9518,19.089],[22.3953,59.9513,1.2911],[22.3925,59.9479,0.5542],[22.3975,59.939,0.0],[22.3947,59.9371,0.0],[22.3964,59.9335,1.496],[22.3919,59.9313,2.5558],[22.3925,59.9296,1.2821],[22.3953,59.9293,0.0],[22.3992,59.9324,0.9916],[22.3992,59.9296,0.0],[22.4019,59.9274,10.5291],[22.4008,59.9246,0.0],[22.4042,59.9235,10.0869],[22.4053,59.919,0.0],[22.4136,59.9204,0.0],[22.4153,59.924,0.0],[22.4258,59.9238,0.0],[22.4264,59.9246,0.0],[22.4236,59.9254,0.0],[22.4264,59.9276,0.0],[22.4286,59.9332,0.0],[22.4264,59.946,0.0],[22.4297,59.9463,0.0],[22.4292,59.9482,0.0],[22.4303,59.9485,0.0],[22.4269,59.9496,0.0],[22.4264,59.9518,0.0],[22.4364,59.9526,0.0],[22.4375,59.954,0.0],[22.4375,59.9557,0.0],[22.4319,59.9557,10.9959],[22.4331,59.9588,1.9835],[22.4369,59.9576,0.0],[22.4397,59.9596,0.0],[22.4453,59.9601,1.1753],[22.4575,59.969,5.1531],[22.4603,59.9688,6.9733],[22.4603,59.966,1.313],[22.4631,59.9643,1.9313],[22.463,59.9626,1.9051],[22.4697,59.9624,0.0],[22.4686,59.9668,5.8306],[22.4708,59.9688,0.0],[22.4681,59.9768,0.0],[22.4625,59.979,0.0],[22.4592,59.9835,0.0],[22.4564,59.9793,0.0],[22.4614,59.9776,6.2242],[22.4614,59.9754,11.1161],[22.4581,59.9771,0.0],[22.4547,59.9768,0.9182],[22.4531,59.9746,3.5906],[22.4503,59.9751,6.3785],[22.4508,59.9785,3.2336],[22.4542,59.9813,0.0],[22.4542,59.9837,0.0],[22.4503,59.9857,0.0]]],
[[[22.4453,59.959,1.1753],[22.4442,59.9576,0.0],[22.4486,59.9576,0.0],[22.4475,59.9596,0.0],[22.4453,59.959,1.1753]]],
[[[22.4931,59.9568,0.0],[22.4969,59.9562,0.0],[22.4969,59.9579,0.0],[22.4925,59.9588,0.0],[22.4931,59.9568,0.0]]],
[[[22.4931,59.9599,0.0],[22.4964,59.9596,0.0],[22.4964,59.961,0.0],[22.4931,59.9618,1.0402],[22.4931,59.9599,0.0]]],
[[[22.4831,59.966,0.0],[22.4836,59.9676,0.9476],[22.4814,59.9693,0.0],[22.4747,59.9668,2.5983],[22.4769,59.961,0.0],[22.4803,59.9593,2.9324],[22.4825,59.9596,0.0],[22.4831,59.966,0.0]]],
[[[22.4903,59.9657,3.1956],[22.4925,59.9671,0.0],[22.4919,59.9693,0.0],[22.4897,59.9696,0.0],[22.4869,59.9668,3.0076],[22.4869,59.9657,3.0076],[22.4903,59.9657,3.1956]]],
[[[22.4692,59.9815,2.2557],[22.4664,59.9843,0.0],[22.4608,59.9837,0.0],[22.4647,59.9801,0.0],[22.4692,59.9799,0.0],[22.4692,59.9815,2.2557]]],
[[[22.4675,59.9885,2.1867],[22.4603,59.9901,0.0],[22.4597,59.989,0.0],[22.4631,59.9888,1.0083],[22.4631,59.9876,0.0],[22.4597,59.9876,0.0],[22.4597,59.9865,0.0],[22.4692,59.9857,2.4352],[22.4697,59.9835,0.0],[22.4736,59.9854,0.0],[22.4675,59.9885,2.1867]]],
[[[22.4875,59.9907,1.1826],[22.4903,59.9901,0.0],[22.4908,59.9924,0.0],[22.4864,59.9924,0.0],[22.4875,59.9907,1.1826]]],
[[[22.5314,59.9921,1.1904],[22.5342,59.9924,1.1904],[22.5353,59.9938,0.0],[22.5319,59.9938,0.0],[22.5314,59.9921,1.1904]]],
[[[22.4664,59.991,0.0],[22.4686,59.9915,0.0],[22.4686,59.9949,0.0],[22.4636,59.9957,0.0],[22.4614,59.9938,5.7559],[22.4619,59.9915,0.0],[22.4664,59.991,0.0]]],
[[[22.5025,59.9954,0.0],[22.5058,59.996,0.0],[22.5053,59.9976,0.0],[22.5014,59.9974,0.0],[22.5025,59.9954,0.0]]],
[[[22.5369,59.999,0.0],[22.5225,60.0,2.3424],[22.5231,59.9985,0.0],[22.518,59.9974,0.0],[22.5175,59.996,2.1503],[22.5214,59.994,6.8244],[22.5281,59.9954,0.0],[22.5442,59.994,1.7578],[22.553,59.9951,0.0],[22.5519,59.9971,0.0],[22.5369,59.999,0.0]]],
[[[22.5391,60.0026,12.2907],[22.537,60.0057,11.9704],[22.5339,60.0057,0.0],[22.5359,60.0026,12.353],[22.5391,60.0026,12.2907]]],
[[[22.7558,59.9426,3.6743],[22.7525,59.946,1.8534],[22.7469,59.9435,0.0],[22.7497,59.9401,0.0],[22.7558,59.941,3.7296],[22.7558,59.9426,3.6743]]],
[[[22.7464,59.946,1.2281],[22.7481,59.9479,0.0],[22.7453,59.9485,6.3603],[22.7397,59.9457,2.0374],[22.7397,59.9443,5.0853],[22.7442,59.9437,0.0],[22.7464,59.946,1.2281]]],
[[[22.7164,59.9496,2.1389],[22.7153,59.9513,0.0],[22.7114,59.9515,0.0],[22.7125,59.9496,2.0479],[22.7164,59.9496,2.1389]]],
[[[22.7247,59.9562,0.0],[22.7136,59.9576,0.7069],[22.7119,59.9565,0.0],[22.7119,59.954,0.0],[22.7186,59.9504,0.0],[22.7208,59.9501,0.0],[22.7219,59.9518,1.8624],[22.7286,59.9488,1.0648],[22.7314,59.949,0.0],[22.7303,59.9524,0.0],[22.7247,59.9562,0.0]]],
[[[22.6997,59.9518,0.0],[22.7014,59.9524,5.2645],[22.7003,59.9565,0.0],[22.6947,59.954,1.2908],[22.6975,59.9515,0.0],[22.6997,59.9518,0.0]]],
[[[22.7708,59.9538,0.0],[22.7719,59.9546,0.0],[22.7703,59.9571,0.0],[22.7669,59.9571,1.4417],[22.7647,59.9549,3.4458],[22.7658,59.9538,3.4458],[22.7708,59.9538,0.0]]],
[[[22.7247,59.9593,0.0],[22.7197,59.9613,0.0],[22.7125,59.961,0.0],[22.7147,59.9585,0.0],[22.7219,59.9571,2.2331],[22.7253,59.9571,0.0],[22.7247,59.9593,0.0]]],
[[[22.7708,59.9585,0.0],[22.7692,59.9618,0.0],[22.7669,59.9618,0.0],[22.7653,59.9599,2.3265],[22.7653,59.9582,1.4417],[22.7708,59.9585,0.0]]],
[[[22.7625,59.9624,0.0],[22.7547,59.9649,0.0],[22.7547,59.9621,4.2621],[22.7625,59.9607,0.0],[22.7625,59.9624,0.0]]],
[[[22.7392,59.9643,0.0],[22.7414,59.966,0.0],[22.7347,59.9651,0.0],[22.7358,59.9632,0.0],[22.7392,59.9643,0.0]]],
[[[22.7153,59.9704,0.0],[22.7081,59.9718,4.0552],[22.7047,59.9693,0.561],[22.7142,59.9676,3.2717],[22.7164,59.9696,0.0],[22.7153,59.9704,0.0]]],
[[[22.6836,59.971,2.9991],[22.6769,59.9724,0.0],[22.6747,59.9712,0.0],[22.6786,59.9685,0.0],[22.6875,59.9699,3.0689],[22.6836,59.971,2.9991]]],
[[[22.6486,59.9557,0.0],[22.6531,59.9571,0.0],[22.6531,59.9585,0.0],[22.6469,59.9579,0.0],[22.6486,59.9557,0.0]]],
[[[22.5814,59.9571,0.0],[22.5853,59.9576,0.0],[22.5853,59.9588,0.0],[22.5792,59.9593,0.0],[22.5814,59.9571,0.0]]],
[[[22.6147,59.9963,0.0],[22.6103,59.9954,3.1433],[22.6075,59.9968,1.7696],[22.6053,59.996,0.0],[22.6058,59.994,0.0],[22.6042,59.994,0.0],[22.6025,59.9965,0.0],[22.6008,59.9965,0.0],[22.5975,59.9924,0.0],[22.5986,59.9907,0.0],[22.6019,59.9904,4.7858],[22.6003,59.9879,0.0],[22.6019,59.9863,0.0],[22.6092,59.9863,0.0],[22.607,59.9829,1.8431],[22.6003,59.9821,0.0],[22.5992,59.9804,2.7437],[22.6003,59.979,2.7437],[22.5986,59.9788,0.0],[22.5997,59.9765,0.8425],[22.6025,59.9757,8.1477],[22.6003,59.974,0.0],[22.6003,59.9712,0.0],[22.6036,59.9693,0.0],[22.6092,59.9699,0.0],[22.6069,59.9682,0.0],[22.6092,59.9651,5.0621],[22.6036,59.9657,0.0],[22.5958,59.9637,0.0],[22.5947,59.9615,4.6988],[22.5864,59.9607,0.0],[22.5869,59.9571,1.6407],[22.5886,59.9562,0.0],[22.5903,59.9579,1.6796],[22.5914,59.9565,10.1847],[22.5897,59.9554,0.0],[22.5953,59.9521,1.5045],[22.6031,59.9515,0.0],[22.6047,59.9488,0.0],[22.6347,59.9362,0.0],[22.6447,59.9379,2.8728],[22.6536,59.9374,1.2623],[22.6519,59.9404,5.4071],[22.6603,59.9407,0.0],[22.6608,59.939,0.0],[22.6642,59.939,1.3427],[22.6719,59.9407,0.0],[22.6575,59.9471,0.0],[22.6447,59.9463,2.3072],[22.6408,59.9437,10.7128],[22.6247,59.949,4.2188],[22.6264,59.9496,6.2802],[22.6414,59.9474,4.8375],[22.6569,59.9479,0.0],[22.6569,59.9493,0.0],[22.6536,59.9504,1.0338],[22.6575,59.9521,0.0],[22.6486,59.9546,0.0],[22.6219,59.9549,5.4528],[22.6303,59.9571,0.0],[22.6303,59.959,0.0],[22.6264,59.9613,2.3559],[22.6336,59.9613,0.0],[22.6308,59.9593,0.0],[22.6347,59.9588,0.0],[22.6486,59.9618,0.0],[22.6492,59.9635,0.0],[22.6447,59.9665,0.0],[22.6442,59.9693,0.0],[22.6408,59.9699,0.0],[22.6408,59.9715,0.4581],[22.6436,59.9724,0.0],[22.6403,59.9763,3.8249],[22.633,59.9788,0.0],[22.6325,59.9807,0.0],[22.6247,59.9843,0.0],[22.6281,59.9863,0.0],[22.6286,59.9888,0.0],[22.633,59.9896,0.0],[22.6319,59.9921,0.0],[22.6231,59.9926,0.0],[22.6231,59.9943,0.7253],[22.6258,59.9951,0.0],[22.6247,59.9963,0.0],[22.6169,59.9943,4.1316],[22.6147,59.9963,0.0]]],
[[[22.6547,59.9682,0.0],[22.6525,59.9704,2.1492],[22.6492,59.969,2.1492],[22.6525,59.9674,0.0],[22.6547,59.9682,0.0]]],
[[[22.5364,59.989,3.9847],[22.5381,59.9901,0.0],[22.5308,59.9901,8.5016],[22.5308,59.9918,0.0],[22.5281,59.9921,0.0],[22.5269,59.9901,0.0],[22.5281,59.9874,0.0],[22.5175,59.9885,10.5223],[22.5086,59.9865,0.0],[22.5175,59.989,0.0],[22.5175,59.9904,0.0],[22.5131,59.9915,5.6902],[22.5064,59.9912,0.0],[22.5003,59.9888,0.0],[22.5019,59.9868,0.0],[22.5058,59.9876,0.5296],[22.5036,59.9868,0.0],[22.5047,59.9849,4.9516],[22.4997,59.9829,0.0],[22.5008,59.9815,2.1909],[22.4997,59.9799,0.0],[22.5025,59.9793,8.1125],[22.5014,59.9771,0.0],[22.5058,59.9763,1.186],[22.4992,59.971,0.0],[22.5019,59.9701,0.0],[22.5019,59.9685,0.0],[22.4997,59.9679,0.0],[22.5019,59.9671,0.0],[22.5008,59.9629,0.0],[22.5025,59.9615,1.8113],[22.5014,59.9604,0.0],[22.5058,59.9601,0.0],[22.5086,59.9579,0.0],[22.5136,59.9579,0.0],[22.5208,59.9593,0.0],[22.5203,59.9607,1.0868],[22.5219,59.9618,0.0],[22.5269,59.9613,0.0],[22.5219,59.9607,0.0],[22.5231,59.9585,8.5197],[22.5153,59.9582,1.0524],[22.5131,59.9549,0.0],[22.5225,59.9529,0.7763],[22.5219,59.9515,1.4695],[22.5269,59.9499,0.0],[22.5264,59.9465,0.0],[22.5297,59.946,0.0],[22.5397,59.9471,0.0],[22.5419,59.9543,2.469],[22.5503,59.9538,0.0],[22.5481,59.9524,0.0],[22.5497,59.9515,0.0],[22.5619,59.9532,0.0],[22.5575,59.9549,0.0],[22.5692,59.9571,4.5827],[22.5708,59.9579,0.0],[22.5686,59.9593,1.3152],[22.5697,59.9601,1.3152],[22.5769,59.9607,0.0],[22.5764,59.9632,1.588],[22.5725,59.9637,1.0744],[22.5892,59.9665,0.0],[22.5797,59.9693,0.0],[22.5725,59.969,0.0],[22.5725,59.9674,0.0],[22.5686,59.969,0.0],[22.5558,59.9671,0.0],[22.5547,59.9682,0.0],[22.5558,59.9699,0.0],[22.5603,59.971,0.0],[22.5603,59.9735,0.0],[22.5569,59.9749,0.2021],[22.5603,59.9774,2.0076],[22.5664,59.9774,5.5196],[22.5614,59.9735,0.0],[22.5703,59.9718,0.0],[22.5819,59.9729,0.8046],[22.5875,59.9774,0.0],[22.5864,59.979,0.0],[22.5747,59.9793,0.0],[22.5775,59.9776,4.6764],[22.5753,59.9762,7.7573],[22.5703,59.9793,0.0],[22.5742,59.981,0.0],[22.5725,59.9837,0.0],[22.5614,59.9801,5.1043],[22.5603,59.9824,1.7311],[22.5542,59.9843,3.1524],[22.5608,59.9843,6.86],[22.5597,59.9832,1.5503],[22.5631,59.9826,0.0],[22.5653,59.984,0.0],[22.5653,59.9871,0.0],[22.5569,59.9912,0.0],[22.5486,59.9912,0.0],[22.5369,59.9879,1.2193],[22.5469,59.9846,7.2649],[22.5314,59.9871,5.3276],[22.5364,59.989,3.9847]]],
[[[22.6514,59.9799,0.0],[22.6486,59.9813,0.0],[22.6436,59.9807,0.0],[22.6486,59.9785,0.0],[22.6514,59.9799,0.0]]],
[[[22.5653,59.9885,0.0],[22.5719,59.9885,0.0],[22.5725,59.991,0.0],[22.5653,59.9921,0.0],[22.5631,59.991,0.0],[22.5631,59.9893,1.5052],[22.5653,59.9885,0.0]]],
[[[22.6586,59.9912,0.4848],[22.6581,59.994,0.0],[22.6531,59.9926,1.2039],[22.6603,59.9899,0.0],[22.6586,59.9912,0.4848]]],
[[[22.7414,59.9701,0.0],[22.7392,59.9724,0.0],[22.7358,59.9718,0.9103],[22.7369,59.9704,0.0],[22.7414,59.9701,0.0]]],
[[[22.7292,59.9724,0.0],[22.723,59.974,0.0],[22.7242,59.9715,0.0],[22.7286,59.9704,0.0],[22.7342,59.9715,0.0],[22.7325,59.9729,0.0],[22.7292,59.9724,0.0]]],
[[[22.7153,59.9726,1.8196],[22.7169,59.9732,0.0],[22.7025,59.9735,1.3998],[22.7042,59.9721,7.0686],[22.7153,59.9726,1.8196]]],
[[[22.6908,59.9743,0.0],[22.6842,59.9757,0.0],[22.6764,59.9751,0.0],[22.6769,59.9735,0.0],[22.6853,59.9712,2.9991],[22.6908,59.9715,0.0],[22.692,59.974,0.0],[22.6908,59.9743,0.0]]],
[[[22.7386,59.9793,1.6777],[22.7353,59.9807,0.0],[22.7181,59.9801,0.7539],[22.7181,59.9787,0.0],[22.7225,59.9779,0.0],[22.7236,59.976,1.7556],[22.7342,59.9768,0.0],[22.7358,59.9757,2.3526],[22.7347,59.9732,0.0],[22.7453,59.974,0.0],[22.7453,59.9771,0.0],[22.7386,59.9793,1.6777]]],
[[[22.7131,59.9818,2.1956],[22.7103,59.9824,0.7384],[22.7092,59.9843,0.0],[22.7019,59.9829,0.0],[22.6986,59.9799,0.0],[22.7058,59.9779,2.5465],[22.6992,59.9776,0.0],[22.6986,59.9749,0.0],[22.7064,59.9746,0.0],[22.7081,59.9754,0.0],[22.7069,59.9765,0.0],[22.7092,59.9768,0.0],[22.7114,59.976,0.6501],[22.7092,59.9749,0.0],[22.7131,59.9746,1.15],[22.7147,59.9815,0.0],[22.7131,59.9818,2.1956]]],
[[[22.6864,59.9799,0.8854],[22.6881,59.9807,0.0],[22.6797,59.9804,1.176],[22.6808,59.9793,1.176],[22.6864,59.9799,0.8854]]],
[[[22.7269,59.9815,2.6681],[22.7314,59.981,0.0],[22.7319,59.9821,0.0],[22.7269,59.9824,0.0],[22.7269,59.9815,2.6681]]],
[[[22.7525,59.9832,0.0],[22.7531,59.984,0.0],[22.7497,59.9849,1.5327],[22.7425,59.9837,1.2165],[22.7475,59.9818,0.0],[22.7525,59.9832,0.0]]],
[[[22.7397,59.9926,0.0],[22.7353,59.9924,0.0],[22.7353,59.9915,0.0],[22.7403,59.9912,0.0],[22.7397,59.9926,0.0]]],
[[[22.7581,59.9932,0.0],[22.7586,59.996,0.0],[22.7564,59.9987,2.9742],[22.7508,59.9987,7.5839],[22.7403,59.9957,0.0],[22.7397,59.9943,1.5403],[22.7425,59.9915,0.0],[22.7475,59.9915,0.0],[22.7453,59.994,2.5936],[22.7464,59.9946,2.5936],[22.7581,59.9932,0.0]]],
[[[22.6986,59.996,2.6267],[22.6997,59.9974,2.1075],[22.6975,59.9987,2.1075],[22.6936,59.9988,0.0],[22.6953,59.9954,0.0],[22.6986,59.996,2.6267]]],
[[[22.6114,59.9982,0.0],[22.6169,59.9982,0.0],[22.6229,60.0021,0.0],[22.6307,60.0026,0.0],[22.6255,60.0078,12.3169],[22.6333,60.0104,14.4509],[22.6375,60.0083,0.0],[22.6417,60.0104,12.0925],[22.6474,60.0089,12.9059],[22.6453,60.012,23.1219],[22.638,60.013,37.5897],[22.6359,60.0161,5.6464],[22.6557,60.0193,0.0],[22.6526,60.0214,18.4527],[22.6536,60.0245,4.7238],[22.6521,60.0271,0.0],[22.6542,60.0292,1.018],[22.6641,60.0286,0.0],[22.6568,60.0255,0.0],[22.6661,60.0245,28.5501],[22.662,60.0172,25.7219],[22.6505,60.0141,20.7648],[22.65,60.0125,10.2322],[22.6547,60.0068,0.0],[22.6578,60.0057,12.7651],[22.6568,60.0026,5.3001],[22.6613,60.0007,24.2739],[22.6575,60.0,0.0],[22.6581,59.9965,0.0],[22.6608,59.9951,0.0],[22.6608,59.9935,0.0],[22.6786,59.991,3.6979],[22.6858,59.9918,0.0],[22.6819,59.9942,0.0],[22.6872,59.9954,0.0],[22.6833,60.0021,0.0],[22.6776,60.0026,0.0],[22.6828,60.0057,0.0],[22.6797,60.0068,9.7569],[22.6807,60.0099,0.0],[22.6755,60.0141,0.0],[22.6807,60.0151,12.8628],[22.6875,60.0208,9.9677],[22.6891,60.0193,20.6409],[22.6859,60.0151,2.1767],[22.6953,60.012,0.0],[22.6901,60.0099,0.0],[22.6938,60.0062,0.0],[22.7021,60.0062,8.0157],[22.7057,60.0089,0.0],[22.7047,60.012,0.0],[22.7146,60.0125,0.0],[22.725,60.0167,0.0],[22.7396,60.0146,13.0891],[22.7453,60.012,16.7159],[22.7505,60.0068,0.0],[22.7578,60.0068,4.1212],[22.7557,60.0099,7.7351],[22.7505,60.0109,13.0738],[22.7484,60.0151,0.0],[22.7521,60.0208,7.8372],[22.7505,60.0234,0.0],[22.7516,60.0266,0.0],[22.7484,60.0286,0.0],[22.7521,60.0313,16.2185],[22.762,60.0307,8.1081],[22.7589,60.0234,5.3369],[22.762,60.0182,18.6806],[22.7609,60.0151,0.0],[22.763,60.013,0.0],[22.7786,60.0172,4.7181],[22.7807,60.0203,6.1362],[22.7776,60.0214,25.2167],[22.7755,60.0245,0.0],[22.7891,60.0276,0.0],[22.7875,60.0292,22.2689],[22.7797,60.0297,19.3188],[22.7776,60.0318,0.0],[22.7849,60.0349,18.042],[22.7729,60.0438,3.9082],[22.7687,60.0438,0.0],[22.7646,60.0417,0.0],[22.7563,60.0417,4.7392],[22.7547,60.0432,0.0],[22.7599,60.0443,0.0],[22.7625,60.0479,6.7435],[22.775,60.0458,0.0],[22.7766,60.0464,0.0],[22.7755,60.0495,18.0931],[22.7807,60.0505,0.0],[22.7792,60.0542,0.0],[22.7807,60.0578,0.0],[22.7755,60.0589,6.1587],[22.7708,60.0667,0.0],[22.7724,60.0693,0.0],[22.7714,60.0724,2.3567],[22.7745,60.0734,0.0],[22.7797,60.0786,3.47],[22.7849,60.0797,0.0],[22.7875,60.0833,15.3231],[22.7917,60.0812,0.0],[22.8021,60.0854,3.0373],[22.8167,60.0854,0.0],[22.8193,60.0891,12.0757],[22.8271,60.0917,9.1611],[22.8333,60.0917,0.0],[22.8391,60.0943,4.8247],[22.8453,60.1005,0.0],[22.8464,60.1036,7.4926],[22.8516,60.1047,1.8701],[22.85,60.1083,0.0807],[22.8599,60.1234,0.0],[22.8589,60.1266,0.0],[22.8625,60.1292,0.777],[22.8688,60.1292,0.0],[22.8688,60.1312,0.0],[22.8745,60.1318,0.0],[22.8807,60.1359,9.1172],[22.8792,60.1375,5.7887],[22.8688,60.1375,5.6672],[22.8646,60.1396,0.0],[22.8568,60.1401,2.2999],[22.8568,60.1432,0.0],[22.8724,60.1495,21.6599],[22.8672,60.1505,0.0],[22.8641,60.1536,0.0],[22.8547,60.1568,5.2945],[22.8557,60.1599,7.4583],[22.8464,60.1609,11.1118],[22.8505,60.1641,4.4504],[22.8557,60.1651,0.2707],[22.8505,60.1672,30.3004],[22.8495,60.1703,0.0],[22.8375,60.1708,0.4462],[22.8297,60.1766,0.0299],[22.8333,60.1792,0.0],[22.8583,60.1813,1.0565],[22.865,60.1847,6.2361],[22.8568,60.1901,0.7716],[22.8547,60.1922,0.7747],[22.8557,60.1953,0.0],[22.8526,60.1964,2.0245],[22.8625,60.2104,6.6028],[22.862,60.212,0.0],[22.8568,60.213,5.0925],[22.8547,60.2161,0.0],[22.8771,60.2167,0.0],[22.8953,60.2234,14.9136],[22.8974,60.2255,0.0],[22.8964,60.2286,0.0],[22.8974,60.2307,0.0],[22.8943,60.2328,7.269],[22.9026,60.2453,5.9373],[22.9078,60.2464,27.8707],[22.9047,60.2516,4.6608],[22.9231,60.2554,0.0],[22.916,60.2556,29.7946],[22.9168,60.2645,57.6234],[22.9078,60.2647,52.7212],[22.9074,60.2602,29.344],[22.8983,60.2604,30.6945],[22.8975,60.2515,28.5076],[22.8885,60.2517,48.9562],[22.8881,60.2472,41.3037],[22.8703,60.2476,20.4495],[22.8641,60.2422,27.051],[22.8563,60.2396,35.4509],[22.8521,60.2417,0.0],[22.8458,60.2375,5.2276],[22.8417,60.2375,11.0164],[22.8375,60.2396,0.0],[22.8333,60.2375,45.0108],[22.825,60.2375,30.7667],[22.8188,60.2417,2.3127],[22.8141,60.238,7.665],[22.8063,60.2354,28.8352],[22.7813,60.2354,22.7175],[22.775,60.2396,0.0],[22.7604,60.2354,16.6095],[22.7563,60.2375,0.0],[22.7521,60.2354,6.471],[22.7438,60.2354,24.9984],[22.7396,60.2375,19.0833],[22.7313,60.2375,6.6447],[22.7271,60.2354,14.7536],[22.7167,60.2354,0.0],[22.7125,60.2333,26.6832],[22.7083,60.2333,33.3031],[22.7042,60.2354,28.4147],[22.7,60.2313,36.4817],[22.6958,60.2313,13.7343],[22.6917,60.2333,18.148],[22.675,60.2333,0.0],[22.6708,60.2313,19.475],[22.6646,60.2313,0.0],[22.65,60.2271,11.7192],[22.6458,60.2292,0.0],[22.6141,60.2292,7.3564],[22.6003,60.226,0.0],[22.5995,60.2234,16.5907],[22.5943,60.2224,0.0],[22.5891,60.2172,0.0],[22.5755,60.2141,0.0],[22.5625,60.2083,14.3308],[22.5521,60.2083,3.3626],[22.5479,60.2062,19.2695],[22.5354,60.2062,0.0562],[22.5313,60.2083,0.0],[22.5146,60.2083,0.0],[22.5104,60.2062,13.3274],[22.4797,60.2068,0.0],[22.4839,60.2099,11.9426],[22.4953,60.213,0.0],[22.4943,60.2182,-0.0349],[22.5057,60.2276,10.5068],[22.5099,60.2349,0.0],[22.5,60.2333,8.1865],[22.4932,60.237,4.0968],[22.4854,60.2375,21.1205],[22.4813,60.2396,11.101],[22.4693,60.237,13.8479],[22.4661,60.2318,16.518],[22.4547,60.2224,0.0],[22.4578,60.2193,36.9009],[22.4547,60.2151,0.0],[22.4578,60.213,13.2403],[22.4547,60.2089,0.0],[22.4578,60.2078,0.0],[22.462,60.2026,21.7387],[22.4557,60.1984,31.9311],[22.4401,60.1932,4.5978],[22.4349,60.188,10.701],[22.4276,60.187,0.0],[22.4245,60.1839,16.5759],[22.4193,60.1828,0.0],[22.413,60.1786,0.0],[22.4146,60.175,24.2028],[22.413,60.1714,8.267],[22.4188,60.1625,6.8088],[22.4172,60.1589,8.3377],[22.4229,60.1583,0.0],[22.4271,60.1604,10.0057],[22.4333,60.1604,0.0],[22.4417,60.1646,4.7429],[22.4583,60.1646,4.5362],[22.4625,60.1625,0.0],[22.4813,60.1604,10.2316],[22.4875,60.1563,0.0],[22.4979,60.1604,9.9285],[22.5104,60.1583,0.0],[22.5208,60.1625,1.4333],[22.525,60.1625,11.0935],[22.5292,60.1604,0.0],[22.5438,60.1604,1.7244],[22.5453,60.1599,1.7244],[22.5443,60.1568,0.0],[22.5458,60.1563,0.0],[22.6,60.1542,0.0],[22.6042,60.1563,31.588],[22.6083,60.1542,0.0],[22.6161,60.1536,0.0407],[22.6203,60.1505,5.4131],[22.6146,60.15,0.0],[22.6104,60.1521,0.0],[22.6063,60.15,30.3696],[22.5771,60.15,1.6692],[22.5729,60.1521,0.0],[22.5604,60.1521,6.6867],[22.5563,60.1542,0.0],[22.5521,60.1521,29.507],[22.5375,60.1521,19.3336],[22.525,60.1479,43.2113],[22.5208,60.15,0.0],[22.5083,60.15,7.0919],[22.5042,60.1479,41.3856],[22.4937,60.1479,0.0],[22.488,60.1464,0.0],[22.4901,60.1516,7.0573],[22.4995,60.1526,0.0],[22.4958,60.1563,0.0],[22.4917,60.1542,17.6142],[22.4813,60.1542,7.3641],[22.4734,60.1516,0.0],[22.475,60.15,3.0127],[22.4807,60.1495,21.1961],[22.4849,60.1443,15.674],[22.4667,60.1437,21.9155],[22.4651,60.1422,20.3017],[22.4703,60.1401,44.3083],[22.4521,60.1375,0.0],[22.4479,60.1354,33.8852],[22.4438,60.1375,35.1616],[22.4396,60.1375,22.3004],[22.4339,60.1349,0.0],[22.4349,60.1318,25.8632],[22.4297,60.1234,12.7885],[22.437,60.1224,0.0],[22.4401,60.1193,0.0],[22.4453,60.1182,30.5092],[22.4542,60.1125,0.0],[22.4891,60.1078,0.0],[22.4813,60.1042,0.0],[22.4708,60.1042,20.7888],[22.4708,60.1021,0.0],[22.4766,60.1016,6.8422],[22.4714,60.0922,3.9811],[22.4849,60.0891,12.7978],[22.487,60.087,1.4334],[22.487,60.0839,0.0],[22.4818,60.0786,0.0],[22.4807,60.0755,6.4866],[22.4693,60.0755,0.0],[22.4651,60.0786,11.2342],[22.4703,60.0797,5.1606],[22.4745,60.0849,0.0],[22.4651,60.088,0.0],[22.4661,60.0911,0.0],[22.463,60.0922,17.4052],[22.4641,60.0953,0.0],[22.462,60.0974,0.0],[22.45,60.1021,0.0],[22.4458,60.1021,0.0],[22.4417,60.1,8.3707],[22.4229,60.1104,14.632],[22.4188,60.1104,0.0],[22.4047,60.1057,0.0],[22.4078,60.1036,16.2412],[22.4068,60.1005,0.0],[22.4078,60.0984,0.0],[22.4005,60.0995,0.0],[22.3995,60.0964,5.31],[22.3958,60.0938,17.6383],[22.3833,60.0896,19.6138],[22.3776,60.0901,24.0354],[22.3786,60.0932,0.0],[22.3771,60.0938,0.0],[22.3729,60.0917,22.0105],[22.3651,60.0911,0.0],[22.3661,60.0859,3.7884],[22.3651,60.0839,0.0],[22.3682,60.0818,24.9655],[22.3651,60.0776,0.0],[22.3682,60.0766,0.0],[22.3703,60.0734,23.5481],[22.363,60.0609,4.0497],[22.3682,60.0578,15.4202],[22.3672,60.0547,15.8786],[22.3724,60.0516,18.7837],[22.3714,60.0484,12.876],[22.3766,60.0453,21.6373],[22.3755,60.0422,0.0],[22.3776,60.038,15.3026],[22.3828,60.037,0.0],[22.3849,60.0349,3.3404],[22.3776,60.0224,19.7083],[22.3792,60.0187,37.4168],[22.3776,60.0151,8.9539],[22.3797,60.0109,0.0],[22.3849,60.0099,0.0],[22.3839,60.0047,0.0],[22.3917,60.0021,13.4758],[22.4125,60.0104,23.1602],[22.4203,60.0109,0.0],[22.4234,60.0161,15.3899],[22.4328,60.0193,0.0],[22.4318,60.0224,24.2536],[22.4333,60.025,21.0511],[22.4318,60.0286,10.7631],[22.4354,60.0313,0.0],[22.4391,60.0286,22.6796],[22.438,60.0255,0.0],[22.4411,60.0245,47.9217],[22.4401,60.0214,0.0],[22.4453,60.0182,35.5676],[22.4422,60.013,0.0],[22.4453,60.0109,10.0711],[22.4359,60.0026,0.0],[22.4417,60.0042,19.6379],[22.4458,60.0021,12.0608],[22.45,60.0021,24.644],[22.45,60.0,16.3008],[22.4599,60.0026,4.2209],[22.4625,60.0062,5.4692],[22.4609,60.0089,25.1608],[22.462,60.012,4.5986],[22.4589,60.0141,7.1268],[22.4646,60.0187,7.9635],[22.4682,60.0161,19.7814],[22.4672,60.013,0.0],[22.4688,60.0125,11.3939],[22.4771,60.0125,7.3825],[22.4813,60.0146,9.0011],[22.4953,60.0141,0.0],[22.4943,60.0089,19.2857],[22.5078,60.0078,5.4782],[22.5047,60.0047,16.4856],[22.5083,60.0021,6.3325],[22.5187,60.0062,4.8222],[22.5286,60.0068,3.9368],[22.5307,60.0099,15.4797],[22.5187,60.0104,0.0],[22.5146,60.0125,31.3166],[22.5104,60.0125,13.2598],[22.5063,60.0104,20.4771],[22.5005,60.013,0.0],[22.4984,60.0161,0.0],[22.5208,60.0229,3.3552],[22.5313,60.0229,0.0],[22.5417,60.0271,17.1434],[22.5458,60.025,0.0],[22.5516,60.0276,8.3755],[22.5505,60.0307,0.0],[22.5521,60.0313,12.6403],[22.5667,60.0333,19.8328],[22.5708,60.0313,0.0],[22.5776,60.0349,4.9926],[22.6,60.0417,0.0],[22.6021,60.0396,9.5188],[22.5995,60.0359,6.918],[22.5859,60.0349,0.0],[22.5891,60.0318,12.6748],[22.5797,60.0307,19.5296],[22.5734,60.0255,0.0],[22.5812,60.025,16.4566],[22.5859,60.0214,0.0],[22.5917,60.0208,0.0],[22.6125,60.0292,21.7777],[22.6193,60.0214,0.0],[22.6286,60.0182,19.9315],[22.6266,60.0151,0.0],[22.6214,60.0141,0.0],[22.6161,60.0047,23.9103],[22.6125,60.0021,8.6992],[22.6125,60.0,15.2831],[22.6097,60.0,1.0903],[22.6114,59.9982,0.0]]],
[[[22.6514,59.9999,0.0],[22.6553,59.9993,0.0],[22.6564,60.0,0.0],[22.6514,60.0,0.0],[22.6514,59.9999,0.0]]],
[[[22.6042,60.0229,8.365],[22.6026,60.0214,0.0],[22.6057,60.0214,7.9427],[22.6057,60.0224,6.5542],[22.6042,60.0229,8.365]]],
[[[22.7069,59.9971,10.2726],[22.7136,59.996,0.0],[22.7153,60.0,0.0],[22.7081,59.9999,5.7042],[22.7058,59.9982,0.0],[22.7069,59.9971,10.2726]]],
[[[22.7453,60.0016,7.4866],[22.737,60.0078,25.9173],[22.7292,60.0104,14.7837],[22.7208,60.0104,16.6704],[22.7172,60.0068,0.0],[22.7203,60.0057,17.9945],[22.7193,60.0026,3.7922],[22.7242,59.9985,12.4274],[22.7175,59.999,0.0],[22.7164,59.9968,0.0],[22.7247,59.9912,0.0],[22.7336,59.9921,0.9836],[22.7381,59.9946,0.0],[22.7308,59.9971,0.0],[22.7435,59.997,2.0299],[22.7445,59.999,4.7556],[22.7486,59.9999,0.0],[22.7432,60.0009,0.7114],[22.7453,60.0016,7.4866]]],
[[[22.7078,60.0016,9.6681],[22.7047,60.0016,10.5577],[22.7047,60.0,0.0],[22.7078,60.0,5.7042],[22.7078,60.0016,9.6681]]],
[[[22.8151,60.0641,14.2046],[22.8203,60.0651,14.2325],[22.8224,60.0703,8.0972],[22.8104,60.0729,3.1314],[22.7964,60.0682,10.5298],[22.7958,60.0667,14.5414],[22.7979,60.0646,7.8125],[22.8036,60.0661,28.8291],[22.8026,60.063,0.0],[22.8042,60.0625,0.0],[22.8125,60.0625,9.885],[22.8151,60.0641,14.2046]]],
[[[22.8693,60.1234,0.0],[22.8724,60.1234,0.0],[22.8745,60.1266,19.3276],[22.8724,60.1286,0.0],[22.8688,60.1292,0.0],[22.8688,60.1271,1.1179],[22.8703,60.1266,0.1662],[22.8693,60.1234,0.0]]],
[[[22.8875,60.1333,30.717],[22.8797,60.1328,0.9264],[22.8776,60.1297,0.0],[22.8833,60.1292,0.0],[22.8911,60.1318,11.8007],[22.8875,60.1333,30.717]]],
[[[22.4619,59.9949,5.7559],[22.4619,59.9974,5.5089],[22.4669,59.9982,0.0],[22.4669,59.9997,9.0094],[22.45,60.0,16.3008],[22.4486,60.0,4.8952],[22.4492,59.9982,2.4812],[22.4528,59.9971,2.2322],[22.4447,59.9946,0.0],[22.4431,59.9896,0.0],[22.4486,59.9896,0.0],[22.4553,59.9843,1.076],[22.4586,59.9863,0.0285],[22.4569,59.9868,7.5222],[22.4564,59.9918,5.5054],[22.4542,59.9932,2.6099],[22.4619,59.9949,5.7559]]],
[[[22.4075,59.994,6.6062],[22.4086,59.9963,0.0],[22.4075,59.9979,0.8044],[22.4025,59.9979,0.0],[22.4042,59.9943,6.6062],[22.4075,59.994,6.6062]]],
[[[22.4495,60.1047,12.86],[22.4458,60.1083,3.739],[22.4422,60.1057,0.0],[22.4438,60.1042,0.0],[22.4495,60.1047,12.86]]],
[[[22.4349,60.1193,4.0402],[22.4333,60.1208,14.0332],[22.4292,60.1208,4.8083],[22.4255,60.1172,0.0],[22.4271,60.1167,0.0],[22.4349,60.1193,4.0402]]],
[[[22.4854,60.0083,18.6093],[22.4839,60.0068,16.3035],[22.487,60.0068,15.2005],[22.487,60.0078,22.0466],[22.4854,60.0083,18.6093]]],
[[[22.4688,60.1063,7.7099],[22.4672,60.1047,2.9599],[22.4708,60.1042,20.7888],[22.4708,60.1063,0.0],[22.4688,60.1063,7.7099]]],
[[[22.4604,60.1063,10.2485],[22.4589,60.1057,15.4587],[22.4589,60.1047,6.0376],[22.462,60.1047,0.0],[22.4604,60.1063,10.2485]]],
[[[22.4505,60.1474,0.0],[22.4505,60.1464,0.0],[22.4536,60.1464,0.0],[22.4536,60.1474,7.9666],[22.4505,60.1474,0.0]]],
[[[22.4089,60.1536,26.625],[22.4104,60.1521,21.6353],[22.412,60.1526,16.7228],[22.412,60.1536,10.6581],[22.4089,60.1536,26.625]]],
[[[22.5229,60.1521,8.3186],[22.5245,60.1536,24.9869],[22.5172,60.1536,16.3154],[22.5187,60.1521,7.4722],[22.5229,60.1521,8.3186]]],
[[[22.5125,60.35,0.0],[22.5208,60.35,0.0],[22.5224,60.3516,0.0],[22.5146,60.3542,0.0],[22.5104,60.3521,19.2151],[22.5026,60.3516,5.3223],[22.5042,60.35,5.8816],[22.5125,60.35,0.0]]],
[[[22.2911,60.1297,7.2295],[22.2932,60.1328,7.0874],[22.2901,60.1328,0.0],[22.288,60.1307,1.0294],[22.2911,60.1297,7.2295]]],
[[[22.2828,60.1464,0.0],[22.2818,60.1516,1.4404],[22.2833,60.1542,16.5329],[22.2818,60.1578,0.0],[22.2828,60.1599,0.0],[22.2771,60.1625,15.4299],[22.2687,60.1583,5.0803],[22.2604,60.1625,12.9405],[22.2583,60.1604,0.0],[22.2599,60.1568,9.9317],[22.2547,60.1557,13.6986],[22.2484,60.1474,0.0],[22.2516,60.1443,4.6659],[22.2474,60.1401,4.7344],[22.2375,60.1417,7.1004],[22.2333,60.1396,10.5366],[22.2208,60.1396,0.0],[22.213,60.1359,15.6599],[22.2208,60.1312,0.0],[22.2234,60.1349,6.8702],[22.2313,60.1375,17.6975],[22.237,60.137,0.0],[22.2359,60.1339,15.3212],[22.2375,60.1333,0.0],[22.2422,60.137,10.2425],[22.2479,60.1375,0.0],[22.2583,60.1333,12.3684],[22.2667,60.1333,0.0],[22.2745,60.1359,0.0],[22.2828,60.1464,0.0]]],
[[[22.2417,60.1479,11.1144],[22.2401,60.1474,3.2296],[22.2401,60.1464,12.9052],[22.2432,60.1464,7.736],[22.2417,60.1479,11.1144]]],
[[[22.2375,60.1521,19.6847],[22.2359,60.1505,3.7076],[22.2391,60.1505,0.0],[22.2391,60.1516,0.0],[22.2375,60.1521,19.6847]]],
[[[22.1937,60.15,13.2302],[22.1922,60.1484,3.9549],[22.1953,60.1484,0.0],[22.1953,60.1495,0.0],[22.1937,60.15,13.2302]]],
[[[22.1682,60.1526,16.2146],[22.1651,60.1516,16.9995],[22.1609,60.1464,7.421],[22.1729,60.15,12.862],[22.1833,60.15,0.0],[22.1891,60.1536,0.0],[22.187,60.1557,0.0],[22.1813,60.1563,0.0],[22.1682,60.1526,16.2146]]],
[[[22.2125,60.1563,8.9479],[22.2026,60.1536,19.9784],[22.2026,60.1505,0.0],[22.2161,60.1547,11.7238],[22.2125,60.1563,8.9479]]],
[[[22.1604,60.1625,12.6126],[22.1589,60.162,5.2819],[22.1589,60.1609,0.0],[22.162,60.1609,0.0],[22.1604,60.1625,12.6126]]],
[[[22.2542,60.1708,0.0],[22.262,60.1714,0.0],[22.262,60.1745,10.5256],[22.2563,60.1792,4.4561],[22.2521,60.1771,0.0],[22.2375,60.175,13.3563],[22.2313,60.1792,0.0],[22.2167,60.1792,0.0],[22.2125,60.1771,24.1177],[22.2026,60.1766,20.1953],[22.2036,60.1734,0.0],[22.1958,60.1708,16.8566],[22.1917,60.1708,6.201],[22.1875,60.1688,10.003],[22.1771,60.1688,0.0],[22.1729,60.1646,0.0],[22.175,60.1625,12.9066],[22.1792,60.1625,13.2412],[22.1833,60.1646,3.2347],[22.1958,60.1667,10.4649],[22.1974,60.1651,0.0],[22.1943,60.163,20.2987],[22.1979,60.1604,0.0],[22.2125,60.1646,0.0],[22.225,60.1625,0.0],[22.2292,60.1646,24.9789],[22.2375,60.1646,0.0],[22.2542,60.1708,0.0]]],
[[[22.2099,60.337,0.0],[22.2,60.3375,17.2818],[22.1984,60.3359,21.602],[22.2083,60.3354,0.0],[22.2099,60.337,0.0]]],
[[[22.1411,60.2057,0.0],[22.1375,60.2083,5.7355],[22.1339,60.2047,16.9636],[22.1396,60.2042,0.0],[22.1411,60.2057,0.0]]],
[[[22.1521,60.3354,6.3668],[22.1354,60.3354,15.772],[22.1313,60.3375,0.0],[22.1151,60.3318,16.2141],[22.1292,60.3312,0.0],[22.1333,60.3333,2.0645],[22.1458,60.3333,12.5604],[22.15,60.3312,0.0],[22.1536,60.3339,0.0],[22.1521,60.3354,6.3668]]],
[[[22.2734,60.1703,11.3708],[22.2672,60.1661,0.0],[22.2693,60.163,17.8766],[22.2724,60.163,10.4979],[22.2755,60.1682,7.6313],[22.2807,60.1693,7.9525],[22.2792,60.1708,0.0],[22.2734,60.1703,11.3708]]],
[[[22.3891,60.2047,10.4898],[22.3891,60.2078,12.7371],[22.387,60.2099,0.0],[22.3797,60.2089,0.0],[22.3849,60.2141,25.0805],[22.3792,60.2146,17.0367],[22.3734,60.212,11.1932],[22.3745,60.2089,0.0],[22.3708,60.2062,22.5385],[22.3625,60.2062,9.781],[22.3479,60.2021,0.0],[22.3375,60.2021,5.8874],[22.3328,60.1964,17.2022],[22.3188,60.1917,0.0],[22.3146,60.1937,18.4869],[22.3089,60.1911,0.0],[22.3036,60.1839,23.4122],[22.2984,60.1828,15.1749],[22.2964,60.1807,6.3836],[22.2995,60.1786,19.8767],[22.2984,60.1755,16.6934],[22.2995,60.1714,0.9715],[22.2943,60.1703,11.5188],[22.2917,60.1667,4.4868],[22.2958,60.1604,0.0],[22.2922,60.1547,0.0],[22.3062,60.1542,2.8681],[22.3078,60.1526,20.6355],[22.2896,60.15,14.8664],[22.2875,60.1479,8.5447],[22.2896,60.1458,0.0],[22.2979,60.1458,0.0],[22.3021,60.1479,0.0],[22.3062,60.1479,0.0],[22.3141,60.1443,3.3339],[22.3005,60.1411,5.9183],[22.2922,60.1359,7.6406],[22.2995,60.1349,0.0],[22.3042,60.1312,0.0],[22.3161,60.1297,31.4963],[22.313,60.1349,27.153],[22.3266,60.138,3.1632],[22.3328,60.1422,6.3515],[22.3349,60.1443,16.3823],[22.3339,60.1474,9.1795],[22.337,60.1484,21.0626],[22.3359,60.1516,14.887],[22.338,60.1557,8.4637],[22.3453,60.1599,11.5465],[22.338,60.1609,10.9097],[22.3391,60.1641,13.0095],[22.3375,60.1646,0.0],[22.3271,60.1604,0.0],[22.3104,60.1604,0.0],[22.3062,60.1583,7.3041],[22.3047,60.1589,3.4904],[22.3047,60.162,17.8198],[22.3125,60.1625,0.0],[22.3167,60.1646,16.5024],[22.3312,60.1646,0.0],[22.3396,60.1688,21.2923],[22.3458,60.1688,0.0],[22.35,60.1708,0.0],[22.3661,60.1714,14.4462],[22.3714,60.1786,0.0],[22.3766,60.1797,0.0],[22.3807,60.1859,11.346],[22.3797,60.1911,0.0],[22.3818,60.1953,0.0],[22.3891,60.2047,10.4898]]],
[[[22.2479,60.1854,17.5853],[22.2464,60.1849,18.0509],[22.2464,60.1839,7.5526],[22.2495,60.1839,17.0332],[22.2479,60.1854,17.5853]]],
[[[22.2479,60.1875,0.0],[22.2583,60.1875,0.0],[22.2599,60.1891,0.0],[22.2521,60.1917,6.798],[22.238,60.1859,3.5004],[22.2438,60.1854,10.9679],[22.2479,60.1875,0.0]]],
[[[22.3703,60.2286,23.1975],[22.3646,60.2271,-0.0374],[22.3542,60.2313,0.0],[22.3458,60.2313,0.0],[22.3354,60.2271,2.3846],[22.3312,60.2292,0.0],[22.3234,60.2266,0.0],[22.3203,60.2214,2.5457],[22.3109,60.2182,0.0],[22.3068,60.2141,14.9989],[22.3078,60.2089,11.3633],[22.3068,60.2068,0.0],[22.3104,60.2042,5.9046],[22.3208,60.2042,0.0],[22.325,60.2062,2.0926],[22.3349,60.2068,0.0],[22.338,60.2099,11.3931],[22.3432,60.2109,5.2474],[22.3464,60.2161,16.2297],[22.3583,60.2167,8.1888],[22.3672,60.2224,0.0],[22.3724,60.2234,0.0],[22.3724,60.2266,36.3708],[22.3703,60.2286,23.1975]]],
[[[22.3828,60.2276,0.0],[22.3807,60.2234,9.7841],[22.3755,60.2214,27.8249],[22.3813,60.2208,0.0],[22.3854,60.2229,0.0],[22.3917,60.2229,0.0],[22.3953,60.2255,0.0],[22.3896,60.2292,20.7455],[22.3828,60.2276,0.0]]],
[[[22.3182,60.2016,0.0],[22.3089,60.1995,15.477],[22.3089,60.1964,0.0],[22.3161,60.1984,0.0],[22.3182,60.2016,0.0]]],
[[[22.3292,60.2021,4.6453],[22.3276,60.2005,11.225],[22.3307,60.2005,5.0975],[22.3307,60.2016,2.7356],[22.3292,60.2021,4.6453]]],
[[[22.3,60.2021,0.0],[22.2984,60.2005,0.0],[22.3016,60.2005,9.8294],[22.3016,60.2016,9.0021],[22.3,60.2021,0.0]]],
[[[22.4349,60.3641,5.6455],[22.4292,60.3667,10.5987],[22.4234,60.3651,30.8588],[22.4214,60.3672,0.0],[22.4224,60.3724,0.0722],[22.4188,60.375,0.0],[22.4042,60.3708,17.5062],[22.3896,60.3708,0.0],[22.3854,60.3667,5.3888],[22.3667,60.3667,0.0],[22.3625,60.3646,0.0],[22.3563,60.3646,0.0],[22.35,60.3604,1.5614],[22.3458,60.3625,20.2443],[22.3359,60.362,0.2161],[22.337,60.3568,4.7334],[22.3359,60.3547,0.0],[22.3391,60.3526,0.0],[22.3193,60.3495,0.0],[22.3224,60.3464,0.0],[22.3172,60.3453,0.0],[22.3151,60.3432,0.0],[22.3161,60.3401,0.0],[22.312,60.338,0.0],[22.3109,60.3359,0.0],[22.312,60.3339,0.0],[22.3068,60.3307,6.4485],[22.3146,60.3271,21.0945],[22.3271,60.3271,26.7351],[22.3349,60.3234,27.1702],[22.3292,60.3229,30.1413],[22.325,60.325,0.0],[22.3208,60.325,0.0],[22.3146,60.3187,43.0491],[22.2984,60.3182,8.0754],[22.3,60.3146,0.0],[22.2979,60.3125,5.1339],[22.2922,60.313,14.9596],[22.2901,60.3172,0.0],[22.2911,60.3203,0.0],[22.288,60.3214,36.6],[22.2891,60.3245,0.0],[22.263,60.3318,0.0],[22.2641,60.337,15.3492],[22.2625,60.3375,17.6125],[22.2568,60.337,9.1865],[22.2521,60.3333,0.0],[22.2401,60.3328,14.5477],[22.2313,60.3271,0.0],[22.2229,60.3271,1.3332],[22.2083,60.3312,0.0],[22.2042,60.3292,6.3842],[22.2,60.3292,15.9646],[22.1875,60.3333,0.0],[22.1792,60.3333,0.0],[22.1646,60.3292,8.21],[22.1479,60.3292,1.675],[22.1437,60.3271,4.8316],[22.1396,60.3292,0.0],[22.1271,60.3292,4.5916],[22.1229,60.3271,12.2237],[22.1083,60.3271,0.0],[22.1026,60.3224,0.0],[22.1026,60.3193,0.0],[22.112,60.3182,0.0],[22.1141,60.3151,11.4335],[22.1078,60.3109,9.3516],[22.1026,60.3099,3.5742],[22.0974,60.3005,3.2918],[22.0922,60.2995,7.4149],[22.0901,60.2974,0.0],[22.0932,60.2943,21.4792],[22.088,60.2859,12.0585],[22.0901,60.2839,0.0],[22.0974,60.2828,6.13],[22.1026,60.2776,0.0],[22.1083,60.275,17.1205],[22.1141,60.2755,0.0],[22.1151,60.2786,14.5395],[22.1188,60.2813,0.0],[22.1313,60.2729,0.0],[22.1583,60.2708,0.0],[22.1599,60.2693,14.6229],[22.1547,60.2672,23.8862],[22.1688,60.2667,0.0],[22.1729,60.2687,5.0258],[22.1917,60.2687,0.0],[22.1953,60.2714,0.0],[22.1995,60.2776,15.0748],[22.1964,60.2807,0.0699],[22.1984,60.2828,0.0],[22.2036,60.2839,2.2443],[22.2057,60.2891,0.0],[22.1901,60.2953,6.6054],[22.2042,60.2958,6.3249],[22.2083,60.2938,2.0701],[22.2167,60.2938,0.3769],[22.2229,60.2979,8.7988],[22.2307,60.2953,7.2419],[22.2307,60.2922,0.0],[22.2193,60.2891,15.2471],[22.2161,60.2859,16.5195],[22.2089,60.2849,4.7606],[22.2099,60.2818,5.5754],[22.2047,60.2776,6.9544],[22.2099,60.2755,0.0],[22.2047,60.2682,0.0],[22.2057,60.263,0.0],[22.2021,60.2604,0.0],[22.1964,60.2609,13.8546],[22.1917,60.2646,0.0],[22.1875,60.2625,2.1584],[22.1729,60.2625,0.0],[22.1688,60.2604,0.398],[22.1646,60.2604,21.2276],[22.1604,60.2625,15.9327],[22.1479,60.2625,0.0],[22.1375,60.2583,30.775],[22.1333,60.2604,16.6207],[22.1214,60.2609,4.6979],[22.1307,60.2641,0.0],[22.1208,60.2646,3.6799],[22.1167,60.2667,8.3423],[22.1146,60.2646,8.475],[22.1161,60.2609,0.0],[22.1141,60.2568,28.3665],[22.1026,60.2526,0.0],[22.1099,60.2516,9.4951],[22.1146,60.2479,0.0],[22.1188,60.2479,0.0],[22.1229,60.25,13.5936],[22.1437,60.2479,0.0],[22.1479,60.25,24.2978],[22.1708,60.25,0.0],[22.1854,60.2542,0.0],[22.1979,60.2542,20.4136],[22.2021,60.2521,26.5202],[22.2208,60.2521,26.8623],[22.2224,60.2505,0.0],[22.2188,60.2479,9.8414],[22.2146,60.25,0.0],[22.2021,60.2479,4.0563],[22.1979,60.25,31.4343],[22.1896,60.25,20.217],[22.1813,60.2458,15.248],[22.1729,60.2458,17.1677],[22.1688,60.2479,17.8754],[22.1646,60.2458,15.7757],[22.1375,60.2458,0.0],[22.1313,60.2417,18.3441],[22.1234,60.2411,8.1161],[22.1193,60.2391,2.4356],[22.1172,60.2359,29.627],[22.1271,60.2375,10.84],[22.1333,60.2333,2.93],[22.1349,60.2339,7.983],[22.1339,60.237,0.0],[22.1417,60.2396,27.9574],[22.1458,60.2396,29.2487],[22.15,60.2375,7.2603],[22.1542,60.2396,9.018],[22.1557,60.238,0.0],[22.1516,60.2339,0.0],[22.1443,60.2328,24.3342],[22.1422,60.2297,8.0667],[22.1479,60.2292,0.0],[22.1521,60.2313,26.9398],[22.1563,60.2292,0.0],[22.1609,60.2328,4.6944],[22.1682,60.2339,7.8335],[22.1755,60.2411,0.0],[22.1786,60.2411,0.0],[22.187,60.2339,1.1717],[22.1818,60.2328,15.3852],[22.1828,60.2297,5.998],[22.1776,60.2286,9.5641],[22.1734,60.2224,29.4379],[22.1734,60.2193,0.0],[22.1813,60.2167,0.0],[22.1854,60.2167,0.0],[22.1896,60.2188,15.196],[22.2021,60.2188,9.3814],[22.2078,60.2151,1.4519],[22.2021,60.2104,14.7287],[22.1917,60.2104,0.0],[22.1875,60.2083,8.2728],[22.1833,60.2083,0.0],[22.1792,60.2104,0.0],[22.1693,60.2068,5.514],[22.1771,60.2062,14.8487],[22.1813,60.2042,0.0],[22.1854,60.2062,11.2222],[22.1896,60.2062,0.0],[22.1974,60.2036,0.0],[22.1995,60.1995,3.7533],[22.1984,60.1943,0.0],[22.2042,60.1937,0.0],[22.2099,60.1953,5.4644],[22.2161,60.1911,12.1647],[22.2151,60.188,6.2978],[22.2167,60.1875,0.0],[22.2313,60.1937,1.2921],[22.2458,60.1937,0.0],[22.25,60.1958,33.8094],[22.2578,60.1964,22.1572],[22.2646,60.2,3.5908],[22.2687,60.1979,0.0],[22.2729,60.1979,0.0],[22.2807,60.2005,0.0],[22.288,60.212,9.5706],[22.2958,60.2125,0.0],[22.3036,60.2151,0.0],[22.3109,60.2245,9.7187],[22.3203,60.2276,0.0],[22.3276,60.237,0.0],[22.3417,60.2375,0.0],[22.3521,60.2417,0.0],[22.3833,60.2438,0.0],[22.3849,60.2422,0.0],[22.3797,60.2411,0.0],[22.3786,60.238,28.3964],[22.3708,60.2375,29.1784],[22.3693,60.2359,3.2435],[22.3729,60.2333,4.0896],[22.3896,60.2333,0.0],[22.3953,60.2391,0.0],[22.3922,60.2401,22.6493],[22.388,60.2453,0.0],[22.3937,60.2479,6.6821],[22.4125,60.2479,0.0],[22.4203,60.2505,0.0],[22.4245,60.2578,0.0],[22.4214,60.2589,0.0],[22.4193,60.262,17.5457],[22.4245,60.263,0.0],[22.4266,60.2651,0.0],[22.4214,60.2703,0.0],[22.4333,60.275,0.3741],[22.4453,60.2755,0.0],[22.4443,60.2807,12.8444],[22.4464,60.2828,19.8692],[22.4516,60.2839,0.0],[22.4484,60.287,10.3987],[22.4516,60.2911,0.0],[22.4484,60.2932,9.8966],[22.4604,60.2938,0.0],[22.4682,60.2964,7.741],[22.4667,60.3,7.0767],[22.4682,60.3026,0.0],[22.4672,60.3078,4.1452],[22.4724,60.3089,0.0],[22.4745,60.312,0.0],[22.4646,60.3125,0.0],[22.463,60.3141,3.483],[22.4771,60.3187,0.0],[22.4833,60.3146,15.8566],[22.4891,60.3151,0.0],[22.4859,60.3193,16.6211],[22.4891,60.3214,0.0],[22.488,60.3245,3.1121],[22.4932,60.3255,0.0],[22.4964,60.3307,0.0],[22.5042,60.3312,0.0],[22.5161,60.3359,0.0],[22.5224,60.3443,4.3123],[22.5187,60.3479,13.9253],[22.5083,60.3479,10.4629],[22.5042,60.3458,0.0],[22.4958,60.3458,0.0],[22.4917,60.3438,4.5457],[22.4875,60.3458,0.0],[22.4833,60.3438,29.5151],[22.4792,60.3458,0.0],[22.475,60.3438,14.014099999999999],[22.4625,60.3438,-0.3889],[22.4583,60.3479,0.0],[22.4479,60.3479,15.1606],[22.4354,60.3521,0.0],[22.4313,60.35,48.9289],[22.4271,60.3521,15.509],[22.4208,60.3521,6.4266],[22.4109,60.3589,0.0],[22.413,60.3641,0.0],[22.4167,60.3667,5.5827],[22.4229,60.3604,0.0],[22.4271,60.3604,0.1304],[22.4349,60.3641,5.6455]]],
[[[22.3078,60.3224,2.3414],[22.3057,60.3245,16.6394],[22.3026,60.3245,0.0],[22.3047,60.3214,0.0],[22.3078,60.3224,2.3414]]],
[[[22.2888,60.3274,31.699],[22.2911,60.3276,0.0],[22.288,60.3328,6.5416],[22.2911,60.3339,8.2827],[22.2901,60.337,9.0897],[22.2911,60.3391,1.1002],[22.2854,60.3396,18.8517],[22.2807,60.3359,19.2924],[22.2755,60.3349,0.0],[22.2771,60.3333,11.5213],[22.2828,60.3328,7.8164],[22.2888,60.3274,31.699]]],
[[[21.4142,59.7343,1.387],[21.4175,59.7337,0.0],[21.4186,59.7365,0.2119],[21.4086,59.7349,0.0],[21.4092,59.7343,0.0],[21.4142,59.7343,1.387]]],
[[[21.428,59.736,0.5744],[21.4308,59.7382,0.0],[21.4275,59.7385,2.5141],[21.4247,59.7368,0.4357],[21.428,59.736,0.5744]]],
[[[21.3653,59.7868,0.2768],[21.3614,59.789,0.0],[21.3569,59.7879,0.7593],[21.3653,59.7846,3.3729],[21.3581,59.7832,1.1482],[21.3564,59.781,2.1909],[21.3714,59.7793,1.3639],[21.3681,59.7774,0.0],[21.3675,59.774,0.0],[21.3781,59.776,0.4694],[21.3797,59.7735,1.0456],[21.3781,59.7724,0.0],[21.3836,59.7721,1.2565],[21.3914,59.7743,0.0],[21.3869,59.7762,0.0],[21.3797,59.7757,0.2141],[21.3842,59.7771,0.58],[21.3842,59.7804,0.9178],[21.3808,59.7813,0.6374],[21.3803,59.7824,0.3321],[21.3825,59.7838,-0.5494],[21.3803,59.7849,0.0982],[21.3792,59.7835,0.3321],[21.3714,59.7826,0.0],[21.3697,59.7868,0.0],[21.3653,59.7868,0.2768]]],
[[[21.4003,59.7854,0.0],[21.3953,59.7874,0.0],[21.3931,59.7843,0.095],[21.3986,59.7843,0.0],[21.4003,59.7854,0.0]]],
[[[21.4464,59.7726,1.0353],[21.4475,59.774,0.0],[21.4447,59.7749,0.4112],[21.4397,59.774,0.0],[21.4419,59.7718,0.0],[21.4464,59.7726,1.0353]]],
[[[21.5142,59.7865,0.0],[21.5086,59.7882,0.0],[21.5036,59.7876,0.0],[21.5103,59.7854,0.0],[21.5153,59.786,0.0],[21.5142,59.7865,0.0]]],
[[[21.5086,59.7888,0.0],[21.5136,59.7882,0.0],[21.5142,59.7893,0.0],[21.5075,59.7893,0.0],[21.5086,59.7888,0.0]]],
[[[21.5036,59.7901,0.0],[21.5008,59.7918,0.0],[21.4992,59.791,0.0],[21.5025,59.7893,0.0],[21.5036,59.7901,0.0]]],
[[[21.4081,59.789,0.0],[21.4092,59.7901,0.0],[21.4069,59.791,0.0],[21.4036,59.789,0.0],[21.4031,59.7868,0.0],[21.4069,59.7846,0.0],[21.4103,59.7874,0.0],[21.4081,59.789,0.0]]],
[[[21.4208,59.7874,1.0493],[21.4236,59.7874,0.0],[21.4236,59.7899,0.0],[21.4192,59.7885,0.0],[21.4208,59.7874,1.0493]]],
[[[21.3931,59.7929,0.0],[21.3903,59.7957,0.0],[21.3853,59.7938,-0.1742],[21.3892,59.7904,3.6242],[21.3836,59.7915,-0.5132],[21.3842,59.7865,0.0145],[21.3808,59.7871,0.9781],[21.383,59.7904,-0.3917],[21.3819,59.7946,-0.172],[21.3786,59.7946,-0.3244],[21.3786,59.7932,0.3536],[21.3708,59.7938,0.0],[21.3642,59.7918,0.0],[21.3642,59.7901,0.0],[21.3714,59.7888,1.5427],[21.3747,59.7863,0.0],[21.3819,59.7865,0.0145],[21.3836,59.7849,-0.5494],[21.3897,59.7843,0.0],[21.3919,59.7851,0.095],[21.3914,59.7865,0.0],[21.3931,59.7868,0.0],[21.3936,59.789,0.2134],[21.3897,59.7924,0.4608],[21.3931,59.7929,0.0]]],
[[[21.4164,59.8051,0.0],[21.4181,59.8063,0.0],[21.4125,59.806,0.0],[21.4131,59.8051,0.0],[21.4164,59.8051,0.0]]],
[[[21.5086,59.7901,0.0],[21.5114,59.7907,0.0],[21.5119,59.7918,0.0],[21.5075,59.7913,0.0],[21.5086,59.7901,0.0]]],
[[[21.5231,59.8024,0.0],[21.5197,59.8054,0.0],[21.5114,59.8007,0.0],[21.518,59.8026,0.0],[21.5192,59.8015,0.0],[21.5231,59.8024,0.0]]],
[[[21.4614,59.8082,0.0],[21.4625,59.8107,0.0],[21.4614,59.8118,0.0],[21.4569,59.8104,0.0],[21.4581,59.8088,0.0],[21.4614,59.8082,0.0]]],
[[[21.4636,59.8146,0.0],[21.4697,59.816,0.0],[21.4708,59.8171,0.0],[21.4597,59.8149,0.0],[21.4636,59.8146,0.0]]],
[[[21.4275,59.8104,0.0],[21.4286,59.8112,0.0],[21.4269,59.8124,0.0],[21.4236,59.8115,-0.0465],[21.4242,59.8107,-0.2772],[21.4275,59.8104,0.0]]],
[[[21.3881,59.8154,0.0],[21.3853,59.8179,0.0],[21.383,59.8171,0.0],[21.3842,59.8151,0.0],[21.3881,59.8154,0.0]]],
[[[21.3808,59.8174,0.0],[21.3792,59.8193,0.0],[21.3725,59.8185,0.0],[21.3764,59.8163,0.0],[21.3808,59.8174,0.0]]],
[[[21.3669,59.8179,0.0],[21.3653,59.8193,0.0],[21.3586,59.819,0.0],[21.3608,59.8176,0.2715],[21.3669,59.8179,0.0]]],
[[[21.4597,59.8229,0.0],[21.4631,59.8224,0.0],[21.4636,59.8243,0.0],[21.4586,59.8238,0.0],[21.4597,59.8229,0.0]]],
[[[21.4753,59.8238,3.4934],[21.4786,59.8235,0.0],[21.4792,59.8251,1.8312],[21.4736,59.8254,3.4934],[21.4753,59.8238,3.4934]]],
[[[21.4336,59.8276,0.5193],[21.4342,59.8288,0.0],[21.4325,59.8296,0.0],[21.4253,59.8293,0.1253],[21.4275,59.8271,0.7396],[21.4336,59.8276,0.5193]]],
[[[21.4492,59.8318,0.0],[21.4536,59.834,0.0],[21.4425,59.8329,0.0],[21.4447,59.8315,0.0],[21.4492,59.8318,0.0]]],
[[[21.4203,59.8279,0.0],[21.4186,59.8299,0.2463],[21.4136,59.829,0.0],[21.4158,59.8268,0.0],[21.4203,59.8279,0.0]]],
[[[21.3825,59.8357,1.0476],[21.3847,59.8354,0.0],[21.3864,59.8363,0.0],[21.3814,59.8365,1.0476],[21.3825,59.8357,1.0476]]],
[[[21.4253,59.8376,0.0],[21.4275,59.8371,0.0],[21.4286,59.839,0.0],[21.4231,59.839,0.0],[21.4253,59.8376,0.0]]],
[[[21.3542,59.8387,0.0],[21.3564,59.8404,0.0],[21.3492,59.8404,0.0],[21.3519,59.8385,0.0],[21.3542,59.8387,0.0]]],
[[[21.3742,59.8404,0.0],[21.3747,59.8429,1.2109],[21.3731,59.8435,1.2109],[21.3697,59.841,0.3898],[21.3714,59.8401,0.0],[21.3742,59.8404,0.0]]],
[[[21.3397,59.8424,1.385],[21.3375,59.8446,1.0508],[21.3319,59.8435,0.4712],[21.3325,59.8424,0.4712],[21.3369,59.8432,0.0],[21.3364,59.8413,0.0],[21.3408,59.8415,0.0],[21.3397,59.8424,1.385]]],
[[[21.3658,59.8432,0.0],[21.3686,59.8424,0.0],[21.3692,59.8443,0.0],[21.3597,59.8435,0.0],[21.3603,59.8429,0.0],[21.3658,59.8432,0.0]]],
[[[21.3242,59.8529,0.0],[21.3264,59.8546,0.8766],[21.3231,59.8551,1.344],[21.3225,59.8532,0.0],[21.3242,59.8529,0.0]]],
[[[21.4369,59.8343,0.0],[21.4375,59.836,0.0],[21.4353,59.8374,0.0],[21.4325,59.836,2.8325],[21.4236,59.8371,0.0],[21.4219,59.8354,0.0],[21.4258,59.8332,0.0],[21.4281,59.8346,0.3227],[21.4314,59.8335,0.0],[21.4369,59.8343,0.0]]],
[[[21.4647,59.9115,5.4982],[21.4592,59.9137,4.3326],[21.4525,59.9104,0.0],[21.4581,59.909,1.2874],[21.4553,59.9082,0.3638],[21.4553,59.906,0.8317],[21.4608,59.9026,0.0],[21.4664,59.9068,0.825],[21.4697,59.9068,0.0],[21.4681,59.9115,0.092],[21.4647,59.9115,5.4982]]],
[[[21.5136,59.9274,0.0],[21.5092,59.929,0.0],[21.5064,59.9287,0.0],[21.5092,59.926,0.0],[21.5136,59.9274,0.0]]],
[[[21.4908,59.9443,0.0],[21.4914,59.9479,0.0],[21.4897,59.9485,0.0],[21.4892,59.9457,0.0],[21.4847,59.9435,0.997],[21.4875,59.9421,1.5167],[21.4908,59.9443,0.0]]],
[[[21.3558,59.9204,0.5646],[21.3569,59.9226,0.0],[21.3519,59.9226,0.0],[21.3503,59.9215,0.0],[21.3525,59.9201,3.7526],[21.3508,59.9174,0.218],[21.3536,59.9171,1.0027],[21.3558,59.9204,0.5646]]],
[[[21.3419,59.936,0.0],[21.3447,59.934,0.1111],[21.348,59.9349,0.0],[21.348,59.9357,0.0],[21.3419,59.936,0.0]]],
[[[21.3381,59.9346,0.0],[21.3386,59.9357,0.0],[21.3358,59.9379,0.3866],[21.3314,59.9374,0.0],[21.3358,59.9346,0.0],[21.3381,59.9346,0.0]]],
[[[21.3647,59.9421,0.0],[21.3631,59.9432,0.7352],[21.3653,59.9437,0.0],[21.3614,59.9443,0.0],[21.3597,59.9418,0.0],[21.3631,59.9399,0.0],[21.3658,59.941,0.0],[21.3647,59.9421,0.0]]],
[[[21.3381,59.9454,0.0],[21.3347,59.9474,0.0],[21.3325,59.9471,0.0],[21.3375,59.9443,0.0],[21.3381,59.9454,0.0]]],
[[[21.3653,59.9449,0.0],[21.3675,59.9471,0.0],[21.3603,59.9465,0.0],[21.3608,59.9457,0.0],[21.3653,59.9449,0.0]]],
[[[21.3275,59.9457,0.7082],[21.3292,59.9476,0.9016],[21.3231,59.9468,0.0],[21.3236,59.946,1.8358],[21.3275,59.9457,0.7082]]],
[[[21.3575,59.9465,0.0],[21.3575,59.9476,0.0],[21.3514,59.9482,0.0],[21.3519,59.9471,0.0],[21.3575,59.9465,0.0]]],
[[[21.3253,59.949,0.7442],[21.3275,59.9507,0.0],[21.3225,59.9501,1.1045],[21.3231,59.949,1.1045],[21.3253,59.949,0.7442]]],
[[[21.3369,59.9507,0.0],[21.3403,59.9504,0.0],[21.3392,59.9518,0.0],[21.3353,59.9515,0.0],[21.3369,59.9507,0.0]]],
[[[21.3286,59.9532,0.175],[21.3258,59.9538,0.0],[21.3247,59.9521,0.4903],[21.3331,59.9524,0.0],[21.3319,59.9532,0.0],[21.3286,59.9532,0.175]]],
[[[21.3475,59.956,1.517],[21.3519,59.9557,0.0],[21.3525,59.9565,0.0],[21.3442,59.9568,0.0],[21.3475,59.956,1.517]]],
[[[21.3008,59.9049,0.0],[21.3036,59.9046,0.6415],[21.303,59.9068,0.0],[21.3003,59.9063,0.0],[21.3008,59.9049,0.0]]],
[[[21.2919,59.9226,0.0],[21.2947,59.9218,0.0],[21.2964,59.9238,0.0],[21.2942,59.9238,0.0],[21.2919,59.9226,0.0]]],
[[[21.2742,59.9338,0.4611],[21.2714,59.9357,0.0],[21.2642,59.9349,3.1892],[21.2653,59.9332,0.0],[21.2742,59.9338,0.4611]]],
[[[21.2958,59.9362,0.3012],[21.2975,59.9357,0.0],[21.2981,59.9371,0.0],[21.2919,59.9374,0.0],[21.2925,59.9365,0.0],[21.2958,59.9362,0.3012]]],
[[[21.2831,59.9396,0.5968],[21.2803,59.9418,0.9292],[21.2769,59.9415,3.0073],[21.2742,59.939,1.5351],[21.2758,59.9376,1.3821],[21.2742,59.9365,2.245],[21.2747,59.9346,0.4611],[21.2831,59.9376,0.2809],[21.2831,59.9396,0.5968]]],
[[[21.2736,59.9426,1.1354],[21.2747,59.9446,0.0],[21.2714,59.9454,0.0],[21.2708,59.9429,0.0],[21.2736,59.9426,1.1354]]],
[[[21.2531,59.9488,0.8099],[21.2547,59.9504,0.0],[21.2508,59.9504,0.0],[21.2514,59.9488,0.8099],[21.2531,59.9488,0.8099]]],
[[[21.3214,59.9504,1.1045],[21.3242,59.951,0.3361],[21.3247,59.9521,0.4903],[21.3197,59.9521,1.9313],[21.3214,59.9504,1.1045]]],
[[[21.3164,59.9507,0.4511],[21.3197,59.9515,1.3005],[21.3164,59.9535,3.0137],[21.3131,59.9529,0.0],[21.3136,59.9512,0.0],[21.3164,59.9507,0.4511]]],
[[[21.2686,59.9504,0.0],[21.2697,59.9504,0.0],[21.2697,59.9529,2.7506],[21.2636,59.9532,0.0],[21.2669,59.9521,0.5816],[21.2686,59.9504,0.0]]],
[[[21.2481,59.9524,0.0],[21.2503,59.9529,2.5617],[21.2503,59.9515,0.0],[21.2525,59.951,0.0],[21.2553,59.9518,0.0],[21.2553,59.9538,0.0],[21.2464,59.9551,0.0],[21.2481,59.9532,0.0],[21.2436,59.9535,0.0],[21.2481,59.9524,0.0]]],
[[[21.3175,59.9535,0.3243],[21.3214,59.9526,0.3848],[21.3225,59.9543,0.0],[21.3186,59.9546,0.0],[21.3175,59.9535,0.3243]]],
[[[21.2619,59.9524,0.0],[21.2636,59.9562,1.1805],[21.2592,59.9565,0.0],[21.2597,59.9554,4.9854],[21.258,59.9546,0.0],[21.2597,59.9532,2.0703],[21.2575,59.9515,0.0],[21.2619,59.9524,0.0]]],
[[[21.2997,59.9532,0.0],[21.3019,59.9546,0.913],[21.2953,59.954,0.0],[21.2969,59.9532,0.0],[21.2997,59.9532,0.0]]],
[[[21.3131,59.954,0.0],[21.3169,59.9546,0.0],[21.3147,59.9557,0.0],[21.3108,59.9549,0.0],[21.3131,59.954,0.0]]],
[[[21.3014,59.9557,0.0],[21.3047,59.9551,0.0],[21.3053,59.9565,0.2317],[21.3014,59.9568,0.0],[21.3014,59.9557,0.0]]],
[[[21.7586,59.8771,1.4118],[21.7603,59.8776,0.0],[21.758,59.879,0.0],[21.7503,59.8782,0.9912],[21.7464,59.8746,0.0],[21.7525,59.876,1.5357],[21.7564,59.8749,0.0],[21.7558,59.8768,0.3106],[21.7586,59.8771,1.4118]]],
[[[21.7758,59.8771,0.0],[21.7747,59.8785,0.0],[21.7708,59.8785,0.0],[21.7719,59.8771,0.0],[21.7758,59.8771,0.0]]],
[[[21.7547,59.8804,0.0],[21.7569,59.8804,0.0],[21.7569,59.8818,0.0],[21.7525,59.8818,0.0],[21.7547,59.8804,0.0]]],
[[[21.7831,59.8824,0.0],[21.7781,59.8829,0.4205],[21.7731,59.8799,0.0],[21.7775,59.8793,0.5278],[21.7814,59.8812,0.601],[21.783,59.8793,0.4646],[21.7881,59.8796,0.0],[21.7881,59.8815,0.0],[21.7831,59.8824,0.0]]],
[[[21.6731,59.8793,0.2193],[21.6725,59.8804,0.2193],[21.6664,59.8807,0.0],[21.6686,59.879,1.6082],[21.6731,59.8793,0.2193]]],
[[[21.6553,59.8815,1.5658],[21.6497,59.8835,1.5604],[21.6519,59.8796,0.0],[21.6575,59.8788,0.1102],[21.6575,59.8807,0.5531],[21.6553,59.8815,1.5658]]],
[[[21.6614,59.8812,0.754],[21.6597,59.8829,0.0],[21.6569,59.8832,0.7288],[21.6592,59.8807,0.754],[21.6614,59.8812,0.754]]],
[[[21.6792,59.8865,0.0],[21.6814,59.8879,0.2122],[21.6786,59.8885,0.5805],[21.6764,59.8871,0.0],[21.6769,59.8863,0.0],[21.6792,59.8865,0.0]]],
[[[21.7636,59.8882,2.8736],[21.7664,59.8896,0.0],[21.7631,59.8896,0.0],[21.7575,59.8865,0.0],[21.7592,59.8829,1.4073],[21.7575,59.8835,0.0],[21.7569,59.8821,0.0],[21.7642,59.8812,3.7164],[21.7658,59.879,0.5087],[21.7686,59.8804,0.1039],[21.7714,59.879,1.4678],[21.7708,59.881,1.5663],[21.7736,59.8835,0.5384],[21.7792,59.884,1.014],[21.7781,59.886,0.1909],[21.7719,59.8857,2.5671],[21.7714,59.8871,0.0],[21.7636,59.8882,2.8736]]],
[[[21.7758,59.889,0.7496],[21.7781,59.8893,0.0],[21.7736,59.8901,0.0],[21.7747,59.889,0.7496],[21.7758,59.889,0.7496]]],
[[[21.7881,59.8985,0.0],[21.7886,59.9004,0.0087],[21.7842,59.901,0.0],[21.7808,59.8976,0.0],[21.7847,59.8971,0.0],[21.7881,59.8985,0.0]]],
[[[21.6886,59.9012,0.0],[21.6908,59.9007,0.0],[21.6931,59.9018,0.0],[21.6886,59.9021,0.0],[21.6886,59.9012,0.0]]],
[[[21.8247,59.8904,0.0],[21.8275,59.8907,1.2151],[21.8297,59.8926,0.0],[21.8203,59.891,0.3046],[21.8247,59.8904,0.0]]],
[[[21.7981,59.8913,0.0],[21.8003,59.8932,-0.0465],[21.7931,59.8924,0.1216],[21.7942,59.8913,0.0],[21.7981,59.8913,0.0]]],
[[[21.7886,59.8929,0.1204],[21.7892,59.8924,0.1204],[21.7931,59.8926,0.1216],[21.7903,59.8935,0.1204],[21.7886,59.8929,0.1204]]],
[[[21.7908,59.8949,0.0],[21.7847,59.8965,2.5059],[21.783,59.8943,0.4657],[21.7869,59.8935,0.0],[21.7908,59.8949,0.0]]],
[[[21.8181,59.9021,0.8829],[21.8197,59.9035,2.1336],[21.8186,59.906,0.9017],[21.8086,59.9038,0.0425],[21.7958,59.9057,0.7437],[21.7875,59.9032,0.8342],[21.7919,59.9024,4.3227],[21.7903,59.901,0.814],[21.7936,59.8988,1.698],[21.7964,59.9012,2.1389],[21.803,59.9029,3.1116],[21.8092,59.8996,0.0],[21.8181,59.9021,0.8829]]],
[[[21.8236,59.9024,0.0],[21.8242,59.9038,1.1033],[21.8214,59.9051,0.0],[21.8197,59.901,1.5545],[21.8231,59.9007,0.0],[21.8236,59.9024,0.0]]],
[[[21.8019,59.9057,0.0],[21.8053,59.9057,0.0],[21.8064,59.9071,0.4143],[21.8036,59.9071,0.0],[21.8019,59.9057,0.0]]],
[[[21.8108,59.9071,2.2842],[21.8169,59.9065,0.0],[21.8175,59.9079,0.0],[21.8164,59.9082,1.1611],[21.8108,59.9071,2.2842]]],
[[[21.7464,59.9079,0.0],[21.7481,59.9093,0.0],[21.7481,59.9129,0.0],[21.7347,59.9085,0.0],[21.7342,59.9063,2.8271],[21.7292,59.9063,1.089],[21.7308,59.9057,1.089],[21.7297,59.9043,2.218],[21.7308,59.9038,2.218],[21.7408,59.9024,2.2486],[21.7431,59.9071,10.1277],[21.7464,59.9079,0.0]]],
[[[21.6925,59.9135,9.6522],[21.6892,59.9163,1.0613],[21.6858,59.9163,0.0],[21.6864,59.9149,4.1434],[21.6825,59.9132,6.6112],[21.6742,59.9135,0.0],[21.6719,59.9121,0.0],[21.6703,59.9049,0.0],[21.6736,59.9035,1.4427],[21.6747,59.9057,3.8633],[21.6775,59.9057,1.5022],[21.6819,59.9093,6.1289],[21.6814,59.9069,10.3674],[21.6753,59.904,-0.0878],[21.6758,59.9018,0.0],[21.6831,59.901,2.1313],[21.6858,59.9026,0.1883],[21.6847,59.9046,0.1885],[21.6869,59.9054,0.1885],[21.6919,59.9054,1.0993],[21.6903,59.9043,0.0],[21.6953,59.9026,0.0],[21.6964,59.9049,3.2084],[21.7003,59.906,0.0],[21.6964,59.9079,7.5578],[21.6986,59.9085,0.0488],[21.6969,59.9099,7.0611],[21.6997,59.911,6.3134],[21.6964,59.9132,4.5907],[21.6925,59.9135,9.6522]]],
[[[21.7253,59.9082,0.0],[21.7275,59.9101,0.0],[21.7225,59.9099,0.0],[21.7225,59.9082,0.0],[21.7253,59.9082,0.0]]],
[[[21.7058,59.9135,0.0],[21.7019,59.9151,0.0],[21.6997,59.9124,0.0],[21.7025,59.9115,0.0],[21.7025,59.9129,0.0],[21.7058,59.9135,0.0]]],
[[[21.8303,59.9082,0.0],[21.8319,59.9093,0.0],[21.8308,59.9121,0.0],[21.8247,59.9107,1.2329],[21.8236,59.9063,6.7144],[21.8258,59.9051,1.1033],[21.8247,59.9032,0.0],[21.8281,59.9035,0.0],[21.8303,59.9082,0.0]]],
[[[21.8086,59.9093,0.492],[21.8069,59.9099,3.5604],[21.8075,59.9115,0.0],[21.8036,59.911,0.0],[21.8042,59.909,0.0],[21.8019,59.9079,0.0],[21.8136,59.9082,0.0],[21.8086,59.9093,0.492]]],
[[[21.8008,59.9087,0.0],[21.8014,59.9099,2.077],[21.7986,59.9113,0.2286],[21.7953,59.9096,1.4221],[21.7975,59.9082,0.0],[21.8008,59.9087,0.0]]],
[[[21.8153,59.9132,0.6989],[21.8158,59.9151,0.141],[21.8119,59.9137,0.6456],[21.8136,59.9121,0.6456],[21.8164,59.9124,0.6989],[21.8153,59.9132,0.6989]]],
[[[21.6542,59.9115,7.247],[21.6486,59.9135,0.7694],[21.6492,59.9115,7.1601],[21.6453,59.9113,0.623],[21.6453,59.909,0.0],[21.6508,59.9093,2.336],[21.6531,59.9054,0.0],[21.6553,59.906,0.0],[21.6547,59.9076,1.692],[21.6603,59.9076,0.0],[21.6564,59.9087,1.692],[21.6542,59.9115,7.247]]],
[[[21.6592,59.9096,0.2121],[21.6608,59.9104,0.2121],[21.6558,59.9107,0.2844],[21.6569,59.9093,0.451],[21.6592,59.9096,0.2121]]],
[[[21.6508,59.9157,0.0],[21.6508,59.9168,0.0],[21.6458,59.9179,0.0],[21.643,59.9174,0.0],[21.643,59.916,0.0],[21.6469,59.9146,0.0],[21.6508,59.9157,0.0]]],
[[[21.6736,59.9174,0.0],[21.6686,59.9185,0.0],[21.6681,59.9154,0.0],[21.6714,59.9143,0.0],[21.6736,59.916,0.0],[21.6703,59.9168,0.0],[21.6736,59.9174,0.0]]],
[[[21.6719,59.8899,0.0],[21.6664,59.8904,4.9342],[21.6631,59.8893,0.0],[21.6631,59.8879,0.0],[21.6714,59.8874,0.0],[21.6719,59.8899,0.0]]],
[[[21.6636,59.8921,3.6944],[21.6614,59.891,0.0],[21.6675,59.8907,1.1713],[21.6686,59.894,0.0],[21.6531,59.8954,0.0],[21.6553,59.8924,1.5119],[21.6503,59.8907,0.0647],[21.6531,59.8896,0.0],[21.6553,59.8913,0.0573],[21.6636,59.8921,3.6944]]],
[[[21.6164,59.8932,0.0],[21.6119,59.8963,0.0],[21.6092,59.8951,0.0],[21.6136,59.8929,0.0],[21.6164,59.8932,0.0]]],
[[[21.6725,59.9015,0.0],[21.6747,59.9026,1.4427],[21.6697,59.9026,0.3129],[21.6703,59.9021,0.3129],[21.6725,59.9015,0.0]]],
[[[21.5931,59.8932,0.0],[21.5819,59.894,0.0],[21.5869,59.8915,0.0],[21.5931,59.8918,0.0],[21.5931,59.8932,0.0]]],
[[[21.5953,59.8957,0.0],[21.5892,59.8979,0.0],[21.5869,59.8971,0.0],[21.5886,59.896,0.0],[21.5847,59.8951,0.0],[21.5947,59.8943,0.7645],[21.5964,59.8921,0.7884],[21.5992,59.8924,0.0],[21.5953,59.8957,0.0]]],
[[[21.5297,59.9024,0.0],[21.5325,59.904,0.0],[21.5264,59.904,0.0],[21.5264,59.9032,0.0],[21.5297,59.9024,0.0]]],
[[[21.5642,59.9315,0.0],[21.5664,59.9343,0.0],[21.5608,59.9338,0.0],[21.5608,59.9324,0.0],[21.5642,59.9315,0.0]]],
[[[21.6708,59.931,0.8843],[21.6681,59.9332,1.1183],[21.6658,59.9324,0.1053],[21.6675,59.9299,0.0],[21.6697,59.9296,1.4319],[21.6681,59.9279,0.0],[21.6719,59.9282,0.0],[21.6725,59.9299,0.0],[21.6708,59.931,0.8843]]],
[[[21.6164,59.9338,0.3453],[21.6142,59.9357,0.0],[21.6069,59.9357,0.0],[21.6108,59.9332,0.0],[21.6164,59.9338,0.3453]]],
[[[21.6453,59.9396,0.0],[21.6469,59.9415,0.0],[21.6464,59.9446,0.0],[21.6369,59.9446,0.0],[21.6347,59.944,0.7848],[21.6336,59.9399,0.2962],[21.6258,59.9407,0.0],[21.6203,59.9385,3.4052],[21.6169,59.9385,0.3353],[21.6153,59.9365,0.0],[21.6186,59.9362,0.6799],[21.6186,59.9349,0.0],[21.6319,59.934,1.4471],[21.6264,59.9329,1.1072],[21.6308,59.9315,0.0],[21.6408,59.9354,0.0],[21.6403,59.9374,3.1708],[21.6453,59.9396,0.0]]],
[[[21.6164,59.9432,3.7246],[21.6142,59.9429,3.7246],[21.6142,59.9415,0.0],[21.6181,59.9413,0.7724],[21.6192,59.9429,1.1697],[21.6186,59.9435,1.1697],[21.6164,59.9432,3.7246]]],
[[[21.5986,59.9357,0.0],[21.5997,59.9385,0.0],[21.5969,59.9388,0.0],[21.5914,59.934,0.856],[21.5964,59.9332,0.0],[21.5997,59.9343,0.0],[21.5986,59.9357,0.0]]],
[[[21.5936,59.941,1.1472],[21.5947,59.9424,1.1772],[21.5903,59.9429,0.4871],[21.5903,59.9418,0.0],[21.5936,59.941,1.1472]]],
[[[21.5808,59.9432,0.0],[21.5769,59.9454,1.1605],[21.5725,59.9437,0.0],[21.5764,59.9421,1.7383],[21.5808,59.9432,0.0]]],
[[[21.5936,59.9437,1.1772],[21.5964,59.9454,0.0],[21.5897,59.9451,1.5233],[21.5897,59.9437,0.4871],[21.5936,59.9437,1.1772]]],
[[[21.7503,59.9212,0.7685],[21.7414,59.9226,1.9608],[21.7347,59.9199,5.5932],[21.7292,59.921,0.0],[21.7264,59.919,1.3356],[21.7242,59.9207,0.0],[21.7192,59.919,0.0],[21.7219,59.9179,1.7735],[21.7181,59.9168,1.3153],[21.7186,59.9154,13.7318],[21.7081,59.916,0.0],[21.7042,59.9113,0.0],[21.7153,59.9124,2.2676],[21.7036,59.909,0.0],[21.7069,59.9082,0.0],[21.7169,59.9107,0.0],[21.7275,59.9154,0.0],[21.7281,59.9171,6.7649],[21.7325,59.916,3.1736],[21.7358,59.9171,6.5039],[21.7364,59.9157,0.0],[21.7325,59.9135,7.6238],[21.7292,59.9137,7.6238],[21.7258,59.911,0.0],[21.7292,59.9099,0.0],[21.7353,59.911,4.8001],[21.7336,59.9099,0.0],[21.7364,59.9093,0.6501],[21.7436,59.9124,1.3284],[21.7431,59.914,7.566],[21.7475,59.9165,0.0],[21.7469,59.919,8.9192],[21.7536,59.9185,0.0],[21.7536,59.9204,0.0],[21.7503,59.9212,0.7685]]],
[[[21.6997,59.9157,0.0],[21.6969,59.9179,2.0441],[21.6919,59.9174,0.0],[21.6975,59.9151,0.0],[21.6997,59.9157,0.0]]],
[[[21.7892,59.9315,1.4042],[21.7797,59.9326,0.0],[21.7714,59.9304,0.0],[21.7742,59.9274,9.8574],[21.7769,59.9268,5.2558],[21.7781,59.924,3.0133],[21.7669,59.921,0.0],[21.7814,59.9165,7.6194],[21.7758,59.9149,4.2153],[21.7642,59.919,0.0],[21.7603,59.9165,0.0],[21.7653,59.9163,1.8259],[21.7642,59.9149,7.9997],[21.7553,59.916,0.0],[21.7542,59.9146,4.348],[21.7581,59.9126,11.3595],[21.7514,59.9132,11.4448],[21.7486,59.909,0.0],[21.7503,59.9071,4.1181],[21.7453,59.9071,0.0],[21.7481,59.9054,10.0162],[21.7447,59.9043,0.0],[21.7442,59.9026,0.0],[21.7486,59.9021,0.0],[21.7486,59.9038,10.0162],[21.7575,59.9046,2.5264],[21.7592,59.9074,5.2095],[21.7575,59.9085,16.6775],[21.7597,59.9099,4.4425],[21.7603,59.9076,6.5026],[21.7592,59.9049,0.0],[21.7614,59.9046,0.0],[21.7686,59.9074,2.7809],[21.7714,59.9101,1.1896],[21.7775,59.9115,0.0],[21.7769,59.9129,0.0],[21.7669,59.914,7.9997],[21.7781,59.9137,0.0],[21.7836,59.9118,0.0],[21.7853,59.9124,0.0],[21.7842,59.9137,1.2332],[21.7864,59.9143,0.0],[21.7847,59.9154,1.5988],[21.7869,59.9182,2.3294],[21.7919,59.9168,0.0],[21.7981,59.9182,0.0],[21.7936,59.9193,3.2393],[21.7953,59.9238,0.0],[21.7931,59.9238,0.352],[21.7925,59.929,8.5118],[21.7892,59.9315,1.4042]]],
[[[21.7653,59.9224,0.0],[21.7664,59.924,0.0],[21.7636,59.9251,2.9164],[21.7603,59.9235,0.0],[21.7625,59.9226,3.2727],[21.7569,59.9201,0.0],[21.7631,59.9188,0.0],[21.7636,59.9199,0.0],[21.7603,59.921,1.8982],[21.7664,59.9218,0.0],[21.7653,59.9224,0.0]]],
[[[21.6658,59.9174,0.0],[21.6625,59.9188,0.0],[21.6525,59.9182,0.0],[21.6631,59.9163,0.0],[21.6658,59.9174,0.0]]],
[[[21.6669,59.9212,0.0],[21.6714,59.9212,0.0],[21.6719,59.9221,0.0],[21.6653,59.9218,0.0],[21.6669,59.9212,0.0]]],
[[[21.6642,59.9226,0.0],[21.6603,59.9254,0.0],[21.6575,59.9232,0.0],[21.6603,59.9221,0.0],[21.6642,59.9226,0.0]]],
[[[21.678,59.9268,0.0],[21.6803,59.9279,0.0],[21.6803,59.929,0.0],[21.6764,59.9282,0.0],[21.678,59.9268,0.0]]],
[[[21.758,59.9221,2.1576],[21.7597,59.9243,0.0],[21.7525,59.924,0.0],[21.7547,59.9221,7.5437],[21.758,59.9221,2.1576]]],
[[[21.6953,59.9276,0.0],[21.6936,59.9293,2.1646],[21.6875,59.9285,0.0],[21.6903,59.9274,2.926],[21.6953,59.9276,0.0]]],
[[[21.7475,59.9279,0.0],[21.7492,59.9276,0.0],[21.7503,59.929,0.0],[21.7469,59.9299,3.4967],[21.7475,59.9279,0.0]]],
[[[21.7525,59.9329,1.2746],[21.7503,59.9335,4.6592],[21.7508,59.9346,0.7477],[21.7475,59.9346,1.5108],[21.7325,59.9265,0.0],[21.7353,59.9249,0.0],[21.7419,59.9249,0.0],[21.7442,59.926,3.1769],[21.7436,59.9276,8.7378],[21.7458,59.9301,3.4967],[21.7547,59.9315,0.0],[21.7525,59.9329,1.2746]]],
[[[21.6969,59.9287,0.0],[21.6981,59.9296,0.0],[21.6969,59.9304,2.4175],[21.6936,59.9304,2.1646],[21.6936,59.9296,2.1646],[21.6969,59.9287,0.0]]],
[[[21.6925,59.9307,-0.1437],[21.6892,59.9326,0.0],[21.6869,59.9315,0.0],[21.6897,59.9304,3.2982],[21.6925,59.9307,-0.1437]]],
[[[21.7219,59.9318,0.0],[21.7253,59.9324,0.0],[21.7258,59.9329,0.0],[21.7203,59.9324,0.0],[21.7219,59.9318,0.0]]],
[[[21.7308,59.9343,1.5526],[21.7319,59.936,3.094],[21.7297,59.9368,3.094],[21.723,59.9357,0.0],[21.7264,59.934,0.7431],[21.7308,59.9343,1.5526]]],
[[[21.3114,59.9576,0.0],[21.3053,59.9588,0.0],[21.3025,59.9582,0.0],[21.3136,59.9562,0.0],[21.3114,59.9576,0.0]]],
[[[21.2964,59.9565,0.0],[21.2953,59.9582,0.0],[21.2925,59.9579,0.0],[21.2931,59.9574,0.0],[21.2964,59.9565,0.0]]],
[[[21.2564,59.9593,0.0],[21.2581,59.9568,0.0],[21.2608,59.9574,0.0],[21.2603,59.959,0.0],[21.2564,59.9593,0.0]]],
[[[21.3192,59.959,0.0],[21.3208,59.9604,0.0],[21.3125,59.9596,0.0],[21.3136,59.9582,0.0],[21.3192,59.959,0.0]]],
[[[21.2642,59.9613,0.9171],[21.2608,59.9632,3.1273],[21.2586,59.9626,0.0],[21.2631,59.9604,1.0053],[21.2642,59.9568,0.6994],[21.2681,59.9562,0.0],[21.2664,59.961,0.9171],[21.2642,59.9613,0.9171]]],
[[[21.3025,59.9596,2.5946],[21.3058,59.9588,0.0],[21.3069,59.959,0.0],[21.3014,59.9607,0.0],[21.3025,59.9596,2.5946]]],
[[[21.2992,59.9582,0.0],[21.3014,59.9585,0.0],[21.3014,59.9604,2.5946],[21.2958,59.9618,0.0],[21.2969,59.9593,4.331],[21.2958,59.9588,0.0],[21.2992,59.9582,0.0]]],
[[[21.2397,59.9593,1.6299],[21.2436,59.9607,0.4781],[21.2381,59.961,0.0],[21.2375,59.9593,0.0],[21.2397,59.9593,1.6299]]],
[[[21.2936,59.9612,0.6114],[21.2931,59.9643,0.0],[21.2853,59.9613,2.3057],[21.2803,59.9624,0.0],[21.2831,59.9596,0.0],[21.2881,59.9588,0.5188],[21.2892,59.959,0.0],[21.2886,59.961,1.3383],[21.2936,59.9612,0.6114]]],
[[[21.2458,59.9632,0.0],[21.2408,59.9657,0.0],[21.2397,59.9626,1.0644],[21.2419,59.9624,1.1998],[21.2458,59.9632,0.0]]],
[[[21.3025,59.9618,0.0],[21.3114,59.9585,0.0],[21.3119,59.9604,0.0],[21.3103,59.9613,0.0],[21.3153,59.9626,0.0],[21.3153,59.9613,0.0],[21.3208,59.9612,0.0],[21.3231,59.9646,0.298],[21.3197,59.9654,3.0471],[21.3181,59.9643,0.0686],[21.3136,59.9696,0.9294],[21.3114,59.9701,0.9294],[21.3103,59.9696,0.7177],[21.3108,59.9668,0.0],[21.3092,59.9679,0.0],[21.3047,59.9671,0.0],[21.3036,59.9646,0.632],[21.3053,59.964,4.0606],[21.3025,59.9618,0.0]]],
[[[21.3014,59.9635,0.0],[21.3031,59.964,0.632],[21.303,59.9676,0.0],[21.2969,59.9668,1.6599],[21.2975,59.9649,0.0],[21.3014,59.9635,0.0]]],
[[[21.2547,59.9665,0.0],[21.2514,59.9688,0.0],[21.2447,59.9676,0.0],[21.2492,59.9635,0.0],[21.2531,59.9637,0.0],[21.2547,59.9665,0.0]]],
[[[21.2603,59.966,0.0],[21.2619,59.9668,0.0],[21.2608,59.969,0.0],[21.2569,59.9674,0.0],[21.2575,59.966,0.0],[21.2603,59.966,0.0]]],
[[[21.2575,59.9685,0.0],[21.2597,59.9693,0.0],[21.258,59.9715,0.0],[21.2536,59.9693,1.3071],[21.2542,59.9676,0.0],[21.2575,59.9685,0.0]]],
[[[21.2675,59.9688,6.7463],[21.2647,59.9715,1.0225],[21.2619,59.9699,4.7371],[21.2642,59.9679,0.0],[21.2675,59.9688,6.7463]]],
[[[21.3375,59.9571,0.0],[21.3381,59.9585,0.0],[21.3353,59.9599,0.0],[21.3269,59.9579,0.0],[21.3347,59.9557,1.0194],[21.3375,59.9571,0.0]]],
[[[21.3492,59.9576,0.0],[21.3503,59.9582,0.0],[21.3458,59.9588,0.0],[21.3464,59.9579,0.0],[21.3492,59.9576,0.0]]],
[[[21.3442,59.964,0.0],[21.3403,59.9657,0.0],[21.3325,59.9635,4.0324],[21.3247,59.9651,1.7493],[21.3242,59.9615,0.0],[21.3381,59.9607,1.3684],[21.3503,59.9626,0.0],[21.3492,59.964,0.0],[21.3442,59.964,0.0]]],
[[[21.3303,59.9682,0.0],[21.3253,59.9699,1.0014],[21.3192,59.9696,0.0],[21.3225,59.9676,0.0],[21.3264,59.9679,0.0],[21.3292,59.9654,0.0],[21.3336,59.9657,0.0],[21.3292,59.9676,1.1196],[21.3303,59.9682,0.0]]],
[[[21.4719,59.9571,0.0],[21.4714,59.9582,0.3757],[21.473,59.959,0.0],[21.4697,59.9588,0.0],[21.4697,59.9574,0.3757],[21.4719,59.9571,0.0]]],
[[[21.4475,59.9626,0.691],[21.4503,59.9626,0.0],[21.4508,59.9637,0.0],[21.4458,59.9635,0.0],[21.4475,59.9626,0.691]]],
[[[21.4647,59.9665,0.0],[21.4647,59.9679,0.0],[21.4575,59.9674,0.0],[21.4586,59.9665,0.0],[21.4647,59.9665,0.0]]],
[[[21.4981,59.9668,0.0],[21.4975,59.9685,0.0],[21.4936,59.9682,0.0],[21.4947,59.9668,0.0],[21.4981,59.9668,0.0]]],
[[[21.4914,59.9671,0.0],[21.4925,59.9688,0.0],[21.4881,59.9693,0.0],[21.4892,59.9679,0.0],[21.4914,59.9671,0.0]]],
[[[21.4964,59.9726,0.0],[21.4958,59.9751,0.0],[21.4942,59.9754,0.0],[21.4875,59.9718,0.0],[21.4936,59.9707,0.0],[21.4942,59.9724,0.0],[21.4964,59.9726,0.0]]],
[[[21.4831,59.9732,0.0],[21.4819,59.976,0.0],[21.4786,59.9754,0.0],[21.4797,59.9735,0.0],[21.4831,59.9732,0.0]]],
[[[21.4708,59.9757,0.0],[21.473,59.9762,0.0],[21.473,59.9776,0.0],[21.4686,59.9771,0.0],[21.4708,59.9757,0.0]]],
[[[21.3419,59.9699,0.0],[21.3414,59.9712,0.4538],[21.3375,59.9715,0.0],[21.3392,59.9699,0.0],[21.3419,59.9699,0.0]]],
[[[21.3392,59.9743,0.696],[21.3369,59.9765,3.9784],[21.3325,59.9768,0.0],[21.3386,59.9729,0.0],[21.3419,59.9729,0.0],[21.3392,59.9743,0.696]]],
[[[21.3231,59.9771,0.0],[21.3164,59.9782,0.0],[21.3197,59.976,0.0],[21.3208,59.9729,0.8863],[21.3253,59.9735,0.0],[21.3292,59.9718,0.0],[21.3314,59.974,1.6693],[21.3319,59.9721,0.899],[21.3353,59.9715,0.0],[21.3347,59.9749,0.0],[21.3331,59.9757,0.0],[21.3231,59.9771,0.0]]],
[[[21.3386,59.9779,0.0],[21.3397,59.979,0.0],[21.3386,59.9796,0.0],[21.3325,59.9788,0.8533],[21.3336,59.9771,0.8697],[21.3386,59.9779,0.0]]],
[[[21.2369,59.9637,0.0],[21.2392,59.9663,0.0],[21.2353,59.9654,1.5968],[21.2353,59.9637,0.0],[21.2369,59.9637,0.0]]],
[[[21.2392,59.9671,0.0],[21.2397,59.9682,0.0],[21.2364,59.9693,0.0],[21.2336,59.9688,0.0],[21.2342,59.9671,0.0],[21.2392,59.9671,0.0]]],
[[[21.2314,59.9701,3.303],[21.223,59.9712,0.0],[21.2253,59.9688,2.7137],[21.2325,59.9696,3.303],[21.2314,59.9701,3.303]]],
[[[21.2386,59.9726,0.8984],[21.2369,59.9721,5.8754],[21.2336,59.9754,1.0086],[21.2303,59.9718,0.0],[21.2386,59.969,2.8362],[21.2419,59.9704,4.4213],[21.2431,59.9685,0.0],[21.2458,59.9685,1.1699],[21.2481,59.9704,0.0],[21.2475,59.9729,0.0],[21.2442,59.9729,0.0],[21.2436,59.9715,4.8553],[21.2419,59.9715,4.8553],[21.2425,59.9729,0.0],[21.2386,59.9726,0.8984]]],
[[[21.1947,59.9718,0.0],[21.1975,59.9721,0.0],[21.1914,59.9724,0.0],[21.1925,59.9715,0.0],[21.1947,59.9718,0.0]]],
[[[21.2136,59.9724,0.0],[21.2108,59.9738,0.0],[21.2064,59.9732,0.0],[21.2103,59.9715,0.0],[21.2136,59.9724,0.0]]],
[[[21.2269,59.9729,4.2628],[21.2292,59.9721,0.0],[21.2297,59.9743,0.0],[21.2253,59.9738,0.0],[21.2269,59.9729,4.2628]]],
[[[21.1936,59.9738,0.0],[21.2008,59.974,1.3307],[21.2025,59.9751,0.0],[21.1886,59.9749,0.0],[21.1936,59.9738,0.0]]],
[[[21.2414,59.9735,0.0],[21.2442,59.974,0.5303],[21.2397,59.9749,2.0918],[21.2375,59.9732,0.8984],[21.2392,59.9729,2.6321],[21.2414,59.9735,0.0]]],
[[[21.3181,59.9743,0.0],[21.3153,59.9765,0.0],[21.3097,59.9751,2.901],[21.3125,59.9724,0.0],[21.3203,59.9718,0.0],[21.3181,59.9743,0.0]]],
[[[21.3008,59.9757,2.2176],[21.2997,59.9793,0.0],[21.2881,59.9796,1.1123],[21.2864,59.979,1.1123],[21.2847,59.9749,1.6859],[21.2881,59.9726,0.0],[21.2919,59.9724,1.4712],[21.2953,59.9765,0.3248],[21.2981,59.9743,0.9001],[21.3008,59.9743,0.7715],[21.3008,59.9757,2.2176]]],
[[[21.2814,59.976,0.0],[21.2836,59.9749,0.0],[21.2847,59.9771,0.0],[21.2831,59.9774,0.0],[21.2814,59.976,0.0]]],
[[[21.2419,59.976,0.0],[21.2392,59.9763,1.0049],[21.2369,59.9751,0.0],[21.2397,59.9749,2.0918],[21.2419,59.976,0.0]]],
[[[21.2186,59.9765,0.0],[21.2203,59.9757,0.0],[21.2208,59.9776,0.0],[21.2136,59.9776,0.0],[21.2119,59.9762,0.0],[21.2169,59.9751,0.0],[21.2186,59.9765,0.0]]],
[[[21.1769,59.9768,0.0],[21.1747,59.9788,0.0],[21.1719,59.9788,0.0],[21.1742,59.9768,0.0],[21.1769,59.9768,0.0]]],
[[[21.1758,59.9821,0.0],[21.1708,59.9826,0.0],[21.1697,59.9815,1.1825],[21.1753,59.9804,0.0],[21.1747,59.979,0.0],[21.1914,59.9776,1.7897],[21.1903,59.9813,0.0],[21.1869,59.9804,3.5678],[21.1758,59.9821,0.0]]],
[[[21.2536,59.9771,0.0],[21.2558,59.9776,0.0],[21.2514,59.9785,0.646],[21.2514,59.9779,0.646],[21.2536,59.9771,0.0]]],
[[[21.2597,59.9782,0.0],[21.258,59.9788,1.5887],[21.2586,59.9813,0.0],[21.2531,59.9793,0.0],[21.2575,59.9785,0.0],[21.2564,59.9765,0.0],[21.2586,59.9757,1.5471],[21.2614,59.9762,2.0189],[21.2597,59.9782,0.0]]],
[[[21.3075,59.9779,0.0],[21.3147,59.9774,3.1956],[21.3147,59.9793,2.2207],[21.3086,59.9801,0.0],[21.3058,59.9788,0.0],[21.3075,59.9779,0.0]]],
[[[21.3042,59.9801,0.0],[21.3042,59.9824,0.0],[21.2964,59.9821,0.0],[21.3008,59.9799,0.0],[21.3042,59.9801,0.0]]],
[[[21.2314,59.979,1.0131],[21.2308,59.9804,1.0131],[21.2269,59.9807,0.0],[21.2281,59.9793,0.9138],[21.2314,59.979,1.0131]]],
[[[21.2064,59.9799,1.6992],[21.2042,59.9818,0.0],[21.2008,59.9815,0.0],[21.2031,59.9793,1.1628],[21.2092,59.9782,0.0],[21.2064,59.9799,1.6992]]],
[[[21.2369,59.981,1.9727],[21.2364,59.9832,0.0],[21.2303,59.9818,0.0],[21.2381,59.9801,0.0],[21.2369,59.981,1.9727]]],
[[[21.2158,59.9829,0.0],[21.2186,59.9826,0.0],[21.2192,59.9832,0.0],[21.2142,59.9837,0.0],[21.2158,59.9829,0.0]]],
[[[21.2064,59.9824,0.8998],[21.2086,59.9824,0.8998],[21.2069,59.986,0.0],[21.2003,59.9837,0.0],[21.2008,59.9829,0.0],[21.2064,59.9824,0.8998]]],
[[[21.1808,59.9882,0.0],[21.1797,59.9901,0.0],[21.1753,59.9893,0.0],[21.1769,59.9879,0.0],[21.1808,59.9882,0.0]]],
[[[21.1597,59.9935,0.5016],[21.1542,59.9949,0.0],[21.1564,59.9935,0.0],[21.1558,59.9907,0.0],[21.1636,59.9904,0.0],[21.1636,59.9926,0.0],[21.1597,59.9935,0.5016]]],
[[[21.2075,59.9946,0.0],[21.2092,59.9935,0.0],[21.213,59.9938,0.0],[21.2125,59.9954,0.0],[21.2075,59.9946,0.0]]],
[[[21.2914,59.9857,0.179],[21.2931,59.9857,0.0],[21.2931,59.9879,0.0],[21.2881,59.9876,0.0],[21.2881,59.9868,0.0],[21.2914,59.9857,0.179]]],
[[[21.3008,59.9896,0.0],[21.3003,59.9868,0.2559],[21.3047,59.9874,2.5167],[21.3047,59.989,0.8574],[21.3008,59.9896,0.0]]],
[[[21.2975,59.9882,0.0],[21.2986,59.9901,0.0],[21.2958,59.9907,0.0],[21.2958,59.9893,0.0],[21.2975,59.9882,0.0]]],
[[[21.2508,59.9893,0.8647],[21.2497,59.9906,0.0],[21.2532,59.9906,0.0],[21.2538,59.994,0.0],[21.2428,59.9988,0.0],[21.2397,59.996,0.0],[21.2442,59.9915,4.5679],[21.2386,59.994,0.0],[21.2303,59.9935,1.03],[21.2375,59.9896,5.3956],[21.2386,59.9865,0.0],[21.2447,59.9829,0.0],[21.2503,59.9832,0.0],[21.2531,59.9815,0.0],[21.2531,59.9835,1.2051],[21.2558,59.9837,0.0],[21.2553,59.9854,0.0],[21.2481,59.9846,2.2421],[21.2492,59.9865,5.1675],[21.2531,59.9876,0.0],[21.2508,59.9893,0.8647]]],
[[[21.6114,59.9404,0.0],[21.6136,59.941,0.0],[21.6131,59.9426,0.0],[21.6147,59.9435,3.7246],[21.6086,59.944,0.0],[21.6092,59.9418,0.0],[21.6114,59.9404,0.0]]],
[[[21.6231,59.9437,8.3813],[21.6142,59.9393,1.2901],[21.6197,59.9388,1.1943],[21.6269,59.9415,0.0],[21.6286,59.9437,0.0],[21.6275,59.9471,0.9411],[21.6297,59.9476,0.9411],[21.6225,59.9463,2.5598],[21.6231,59.9437,8.3813]]],
[[[21.6342,59.944,0.7848],[21.6358,59.9468,0.0],[21.6336,59.9474,0.0],[21.6292,59.9449,2.6331],[21.6292,59.9426,0.0],[21.6319,59.9418,0.0],[21.6342,59.944,0.7848]]],
[[[21.6353,59.9513,0.0],[21.6364,59.9529,4.8773],[21.6353,59.9535,1.4927],[21.6303,59.9526,0.7418],[21.6308,59.9513,0.0],[21.6353,59.9513,0.0]]],
[[[21.5064,59.946,0.0],[21.508,59.9474,0.0],[21.5058,59.9482,0.0],[21.5042,59.9463,0.0],[21.5064,59.946,0.0]]],
[[[21.4831,59.9476,0.0],[21.4842,59.9488,0.0],[21.4831,59.9496,0.0],[21.4797,59.9496,0.0],[21.4814,59.9485,0.0],[21.4803,59.9474,0.0],[21.4831,59.9476,0.0]]],
[[[21.5242,59.9482,0.0],[21.5225,59.9499,0.0],[21.5192,59.9496,0.7136],[21.5208,59.9482,0.0],[21.5242,59.9482,0.0]]],
[[[21.4981,59.9504,0.0],[21.4997,59.9546,3.5023],[21.4925,59.954,0.0],[21.4919,59.951,0.0],[21.4942,59.9499,3.6651],[21.4919,59.9493,0.0],[21.4931,59.9485,2.1603],[21.4919,59.9435,0.0],[21.4942,59.9432,0.0],[21.4964,59.9451,0.0],[21.4981,59.9504,0.0]]],
[[[21.6419,59.9515,0.8973],[21.6403,59.9549,0.0],[21.6364,59.954,0.0],[21.6369,59.9524,4.8773],[21.6397,59.9518,0.0],[21.6397,59.9501,0.0],[21.6419,59.9501,0.0],[21.6419,59.9515,0.8973]]],
[[[21.6275,59.9515,0.0],[21.6331,59.9549,0.0],[21.6186,59.9549,0.0],[21.6192,59.9532,1.4834],[21.6158,59.9518,1.4379],[21.6158,59.9504,1.8619],[21.6214,59.9496,0.0],[21.6275,59.9515,0.0]]],
[[[21.6458,59.9538,1.087],[21.6469,59.9549,0.0],[21.6458,59.9554,1.087],[21.6419,59.9551,0.0],[21.6425,59.9543,0.0],[21.6458,59.9538,1.087]]],
[[[21.6247,59.9557,0.0],[21.6292,59.9554,4.3301],[21.6297,59.9562,0.0],[21.6247,59.9571,0.0],[21.6247,59.9557,0.0]]],
[[[21.5019,59.949,2.9761],[21.5047,59.9504,0.0],[21.5047,59.9526,0.0],[21.4992,59.9518,0.0],[21.4986,59.9482,0.0],[21.5019,59.949,2.9761]]],
[[[21.5264,59.9501,0.0],[21.5281,59.9515,0.0],[21.5225,59.9515,0.0],[21.5231,59.9507,0.0],[21.5264,59.9501,0.0]]],
[[[21.5231,59.9532,0.0],[21.5253,59.9529,0.0],[21.5258,59.954,0.0],[21.5214,59.9546,1.2895],[21.5231,59.9532,0.0]]],
[[[21.5192,59.956,0.0],[21.5203,59.9576,0.0],[21.5186,59.9604,1.0534],[21.5114,59.9576,0.0],[21.5114,59.9549,0.0],[21.5131,59.954,2.0727],[21.5192,59.956,0.0]]],
[[[21.8125,59.9424,0.0],[21.8119,59.946,0.0],[21.8092,59.9468,3.6598],[21.803,59.9437,1.4966],[21.803,59.941,0.7817],[21.8058,59.9399,3.0971],[21.8031,59.9396,0.5355],[21.8025,59.9376,0.0],[21.7997,59.9393,0.0],[21.7975,59.9385,0.4797],[21.8019,59.9365,0.0],[21.8086,59.9365,0.7965],[21.8058,59.9357,0.0],[21.8058,59.9343,0.0],[21.8147,59.9318,0.0],[21.8186,59.9351,1.5087],[21.8125,59.9362,6.8702],[21.8097,59.9385,4.6018],[21.8114,59.939,0.0],[21.8108,59.9407,7.9014],[21.8125,59.9424,0.0]]],
[[[21.7953,59.9388,1.6927],[21.7969,59.9407,0.0],[21.7914,59.9401,0.0],[21.7919,59.939,0.0],[21.7953,59.9388,1.6927]]],
[[[21.8197,59.941,0.0],[21.8214,59.9437,0.0],[21.8142,59.944,0.0],[21.8142,59.9421,0.0],[21.8197,59.941,0.0]]],
[[[21.8175,59.9457,0.0],[21.8158,59.9446,0.0],[21.8214,59.9446,0.0],[21.8203,59.946,0.0],[21.8175,59.9457,0.0]]],
[[[21.7569,59.9393,8.1799],[21.7536,59.9413,0.0],[21.7386,59.9404,9.0494],[21.7347,59.9374,0.0],[21.7347,59.9351,0.0],[21.7436,59.9371,18.4652],[21.7625,59.9374,0.0],[21.7608,59.939,0.0],[21.7569,59.9393,8.1799]]],
[[[21.7347,59.9413,1.8825],[21.7347,59.9443,3.7862],[21.7297,59.9446,2.3777],[21.7236,59.944,0.0],[21.7242,59.9418,7.1311],[21.7192,59.9424,0.0],[21.7169,59.9407,1.1642],[21.7247,59.9388,1.205],[21.7347,59.9413,1.8825]]],
[[[21.7436,59.9532,3.492],[21.7408,59.956,0.0],[21.7375,59.956,0.0],[21.7353,59.9543,0.0],[21.7381,59.9529,1.0871],[21.7336,59.9529,0.0],[21.7325,59.9515,0.0],[21.7392,59.9496,0.0],[21.7442,59.9521,3.492],[21.7436,59.9532,3.492]]],
[[[21.7219,59.9551,0.7237],[21.7203,59.9576,0.0],[21.7175,59.9568,2.5614],[21.7203,59.954,0.7237],[21.7219,59.9551,0.7237]]],
[[[21.7947,59.979,0.0],[21.7903,59.9801,1.7267],[21.7908,59.9782,9.0628],[21.7814,59.9771,0.0],[21.7808,59.9735,7.8527],[21.7786,59.9732,0.0],[21.7775,59.9712,2.379],[21.7703,59.9718,7.854],[21.7669,59.9674,0.0],[21.7647,59.9676,0.0],[21.7664,59.9679,0.0],[21.7669,59.9704,5.5124],[21.7636,59.971,0.0],[21.7592,59.9699,0.0],[21.7603,59.9688,8.4059],[21.7586,59.9682,6.2877],[21.7547,59.9682,3.1605],[21.7542,59.9665,2.8512],[21.7592,59.9665,0.0],[21.7597,59.9646,6.9772],[21.7447,59.966,0.0],[21.7442,59.9626,0.0],[21.7475,59.9618,14.8531],[21.7458,59.9607,0.0],[21.7464,59.9588,0.0],[21.7425,59.9576,0.7339],[21.7431,59.9554,0.0],[21.7481,59.9535,0.0],[21.7492,59.9543,0.6672],[21.7481,59.9571,6.8174],[21.7497,59.9574,6.8061],[21.7508,59.9543,1.0954],[21.7553,59.9554,0.0],[21.7564,59.954,0.0],[21.7542,59.9532,5.6734],[21.7542,59.9515,13.5013],[21.7492,59.9499,4.2938],[21.7408,59.949,0.0],[21.7442,59.9468,5.6148],[21.7386,59.9479,0.0],[21.7325,59.9457,0.0],[21.7364,59.9446,4.7129],[21.7375,59.9426,3.2166],[21.7408,59.9432,0.0],[21.7397,59.9446,3.2445],[21.7425,59.9446,2.8657],[21.7481,59.9415,3.321],[21.7542,59.9421,0.0],[21.7553,59.9443,0.0],[21.7536,59.9449,0.0],[21.7542,59.9468,0.0],[21.7586,59.9468,0.4252],[21.7614,59.9449,0.0],[21.7658,59.9479,2.14],[21.7625,59.9504,1.0318],[21.7708,59.9504,0.0],[21.7792,59.9535,0.0],[21.7803,59.959,0.0],[21.7792,59.9613,11.0197],[21.7819,59.9632,0.0],[21.783,59.961,0.3931],[21.7853,59.9607,1.3537],[21.7908,59.9651,0.0],[21.7919,59.9693,4.6996],[21.7908,59.9701,4.6996],[21.7925,59.9718,8.3307],[21.7903,59.9738,5.0665],[21.7958,59.976,0.0],[21.7947,59.979,0.0]]],
[[[21.7486,59.9663,0.0],[21.7514,59.9657,0.0],[21.7525,59.9671,0.0],[21.7475,59.9671,0.0],[21.7486,59.9663,0.0]]],
[[[21.758,59.976,1.1816],[21.7553,59.9774,0.0],[21.7508,59.9768,5.3284],[21.7447,59.9738,0.0],[21.7536,59.9718,0.0],[21.7636,59.9735,0.0],[21.7603,59.9765,2.6302],[21.758,59.976,1.1816]]],
[[[21.7775,59.9751,0.0],[21.7781,59.9776,0.0],[21.7758,59.9782,0.0],[21.7714,59.9757,0.0],[21.7747,59.9754,0.0],[21.7736,59.9735,0.0],[21.7775,59.9751,0.0]]],
[[[21.8264,59.9738,5.187],[21.8269,59.9774,0.0],[21.8225,59.9774,0.0],[21.8219,59.9743,2.8855],[21.8264,59.9738,5.187]]],
[[[21.8292,59.9804,0.0],[21.8303,59.9832,0.0],[21.8247,59.9832,3.4476],[21.8208,59.9824,0.0],[21.8186,59.9796,0.0],[21.8231,59.979,4.27],[21.8292,59.9804,0.0]]],
[[[21.7969,59.9818,0.0],[21.7936,59.9826,0.8451],[21.7936,59.9843,0.0],[21.7919,59.9849,0.0],[21.7897,59.9835,0.0],[21.7936,59.981,0.0],[21.7969,59.9818,0.0]]],
[[[21.8358,59.9829,0.6186],[21.8392,59.9835,0.0],[21.8392,59.9846,0.6267],[21.8347,59.984,0.0],[21.8358,59.9829,0.6186]]],
[[[21.6036,59.956,0.0],[21.5958,59.9557,0.4775],[21.5969,59.9535,2.559],[21.5947,59.9515,2.2389],[21.6014,59.9501,8.4061],[21.5947,59.9501,4.085],[21.5936,59.9521,0.0],[21.5914,59.9524,0.0],[21.5892,59.9496,0.8486],[21.5958,59.9465,0.0],[21.5981,59.9482,0.7885],[21.6008,59.9454,0.0],[21.6031,59.9457,0.8043],[21.6047,59.9482,4.3208],[21.6103,59.9485,2.2497],[21.6108,59.9471,2.2497],[21.6086,59.9468,0.0],[21.6097,59.9454,0.0],[21.6158,59.9465,0.3212],[21.6164,59.9446,0.0],[21.6197,59.9451,0.0],[21.6197,59.949,0.0],[21.6125,59.9499,7.1127],[21.6147,59.9524,0.0],[21.6092,59.9535,1.3577],[21.6069,59.956,0.0],[21.6036,59.956,0.0]]],
[[[21.5364,59.9626,0.0],[21.5408,59.9635,0.0],[21.5408,59.9649,0.0],[21.5386,59.9649,0.2642],[21.5364,59.9626,0.0]]],
[[[21.5353,59.9676,0.0],[21.5386,59.9674,0.0],[21.5403,59.9682,0.0],[21.5353,59.9688,0.0],[21.5353,59.9676,0.0]]],
[[[21.5353,59.976,0.0],[21.5364,59.976,0.0],[21.5358,59.9774,0.0],[21.5325,59.9776,0.0],[21.5325,59.9768,0.0],[21.5353,59.976,0.0]]],
[[[21.6347,59.9618,0.0],[21.6381,59.9629,0.0],[21.6347,59.9635,0.0],[21.6336,59.9621,0.0],[21.6347,59.9618,0.0]]],
[[[21.6297,59.966,1.5839],[21.6275,59.9682,0.0],[21.6208,59.9679,0.0],[21.6269,59.9632,0.0],[21.6325,59.9646,0.0],[21.6297,59.966,1.5839]]],
[[[21.6297,59.9688,0.0],[21.6319,59.969,0.0],[21.6264,59.9696,0.0],[21.6275,59.9688,0.0],[21.6297,59.9688,0.0]]],
[[[21.6286,59.9704,0.0],[21.6319,59.9699,0.0],[21.6331,59.971,0.0],[21.6286,59.9712,0.0],[21.6286,59.9704,0.0]]],
[[[21.6181,59.9743,0.0],[21.6064,59.9746,0.0],[21.6186,59.9724,0.3364],[21.6192,59.9707,0.0],[21.6053,59.9726,0.0],[21.6003,59.9724,0.0],[21.598,59.9707,0.0],[21.6075,59.9688,4.3494],[21.6108,59.9688,0.5461],[21.6103,59.9704,0.5461],[21.6119,59.9704,4.3225],[21.6119,59.9688,4.3225],[21.6158,59.9682,0.0],[21.6164,59.9696,2.6275],[21.6275,59.971,0.0],[21.6214,59.9718,1.2003],[21.6208,59.9735,0.2558],[21.6181,59.9743,0.0]]],
[[[21.6542,59.971,0.0],[21.6547,59.9721,0.0],[21.6519,59.9735,0.0],[21.6497,59.9729,0.0],[21.6525,59.971,0.0],[21.6542,59.971,0.0]]],
[[[21.6575,59.974,0.0],[21.6603,59.9754,0.0],[21.6603,59.976,0.0],[21.6553,59.9754,0.0],[21.6575,59.974,0.0]]],
[[[21.6319,59.9746,0.443],[21.6314,59.9768,1.0583],[21.6236,59.9754,0.0],[21.6253,59.9738,0.3583],[21.6319,59.9746,0.443]]],
[[[21.6231,59.9774,0.0],[21.6231,59.9799,0.0],[21.6214,59.981,0.0],[21.6125,59.979,0.4782],[21.6153,59.9757,1.38],[21.6231,59.9774,0.0]]],
[[[21.6308,59.981,0.7663],[21.6331,59.9835,0.0],[21.6292,59.9835,0.0],[21.6281,59.981,0.2998],[21.6308,59.981,0.7663]]],
[[[21.6553,59.9874,0.0],[21.6503,59.989,0.0],[21.6525,59.9854,2.7162],[21.6475,59.9857,0.0],[21.6447,59.9837,4.4699],[21.6453,59.9821,4.4699],[21.6486,59.9818,7.3695],[21.6458,59.9807,0.0],[21.6486,59.9771,5.8555],[21.6536,59.976,0.0],[21.6519,59.9793,2.9339],[21.6575,59.9782,0.0],[21.6658,59.9801,0.0],[21.6636,59.9821,1.4079],[21.6675,59.9818,0.0],[21.6653,59.9843,0.0],[21.6497,59.9821,1.2383],[21.6514,59.9843,2.7162],[21.6575,59.9849,0.0],[21.6553,59.9874,0.0]]],
[[[21.6225,59.9865,0.8413],[21.6214,59.9865,4.961],[21.6231,59.9874,0.0],[21.6225,59.9888,0.0],[21.6125,59.9879,0.0],[21.6114,59.9857,0.0],[21.6147,59.9837,9.1441],[21.6069,59.984,1.1161],[21.6047,59.9854,0.0],[21.6036,59.9832,0.0],[21.6008,59.9826,0.0],[21.6019,59.981,0.0],[21.6003,59.9799,0.0],[21.6042,59.9804,0.0],[21.6053,59.9813,0.0],[21.6031,59.9818,0.0],[21.6081,59.9829,2.2317],[21.6058,59.9821,0.0],[21.6075,59.9804,0.0],[21.6031,59.9793,0.0],[21.6053,59.9774,0.0],[21.6119,59.979,0.4782],[21.6086,59.9807,0.0],[21.6169,59.9804,1.8187],[21.6197,59.9835,0.0],[21.6264,59.9826,0.0],[21.6247,59.9857,0.6056],[21.6269,59.9871,0.0],[21.6225,59.9865,0.8413]]],
[[[21.6836,59.9776,0.0],[21.6803,59.9799,0.0],[21.6758,59.9796,0.0],[21.6786,59.9776,0.0],[21.6836,59.9776,0.0]]],
[[[21.7597,59.9793,0.0],[21.7597,59.9807,0.0],[21.7564,59.9815,3.8938],[21.7519,59.9801,3.3705],[21.7531,59.9785,0.0],[21.7597,59.9793,0.0]]],
[[[21.6814,59.9829,0.6355],[21.6831,59.9835,0.0],[21.6819,59.986,0.0],[21.6758,59.9849,0.0],[21.6742,59.9832,0.0],[21.6814,59.981,0.4094],[21.6858,59.9821,0.0],[21.6814,59.9829,0.6355]]],
[[[21.7208,59.9868,0.0],[21.7181,59.9893,0.0],[21.7164,59.9888,0.0],[21.7175,59.9863,0.0],[21.7208,59.9868,0.0]]],
[[[21.6842,59.9921,0.0],[21.6825,59.9935,0.0],[21.6797,59.9924,0.0],[21.6858,59.9907,0.0],[21.6842,59.9921,0.0]]],
[[[21.6936,59.9954,0.0],[21.6881,59.9971,0.0],[21.6858,59.9968,0.0],[21.6897,59.9946,0.0],[21.6936,59.9954,0.0]]],
[[[21.7469,59.9974,0.0],[21.7514,59.9971,0.0],[21.7519,59.9985,0.0],[21.7497,59.9987,1.1971],[21.7469,59.9974,0.0]]],
[[[21.7242,59.9982,0.0],[21.7236,60.0,0.0],[21.7208,59.9987,0.0],[21.7253,59.9971,0.0],[21.7242,59.9982,0.0]]],
[[[21.8269,59.9846,0.0],[21.8303,59.9837,0.0],[21.8314,59.9851,0.0],[21.8303,59.9854,0.0],[21.8269,59.9846,0.0]]],
[[[21.7864,59.9849,0.0],[21.7892,59.9871,0.0],[21.7858,59.9871,0.0],[21.7853,59.9851,0.0],[21.7864,59.9849,0.0]]],
[[[21.7947,59.9879,0.0],[21.7947,59.9888,0.0],[21.7903,59.9888,0.0],[21.7919,59.9868,0.0],[21.7947,59.9879,0.0]]],
[[[21.7932,60.0349,17.5963],[21.7917,60.0354,21.0134],[21.7901,60.0339,13.0101],[21.7932,60.0339,16.6374],[21.7932,60.0349,17.5963]]],
[[[21.7319,59.9996,0.9293],[21.7319,60.0,0.9293],[21.7264,60.0,0.0],[21.7275,59.9993,1.0866],[21.7319,59.9996,0.9293]]],
[[[21.7729,60.0229,8.9621],[21.775,60.025,11.7848],[21.7729,60.0271,0.0],[21.7708,60.025,3.8931],[21.7729,60.0229,8.9621]]],
[[[21.7125,60.0313,12.3827],[21.7146,60.0292,0.0],[21.7167,60.0313,0.0],[21.7146,60.0333,9.4151],[21.7125,60.0313,12.3827]]],
[[[21.7697,60.0357,0.0],[21.7651,60.0349,0.0],[21.763,60.0318,0.0],[21.7687,60.0292,0.0],[21.7786,60.0297,9.6899],[21.7734,60.0339,22.9188],[21.7745,60.037,13.6961],[21.7697,60.0357,0.0]]],
[[[21.8047,60.1078,0.0],[21.8026,60.1047,15.3581],[21.8099,60.1026,12.7698],[21.812,60.1078,3.4935],[21.8047,60.1078,0.0]]],
[[[21.8875,60.2104,0.0],[21.8891,60.212,18.6347],[21.8849,60.2182,27.5209],[21.8813,60.2208,0.0],[21.8438,60.2188,4.8232],[21.8396,60.2208,13.8124],[21.838,60.2203,8.8317],[21.8391,60.2172,0.0],[21.8312,60.2167,0.0],[21.8271,60.2146,0.0],[21.7797,60.2141,0.0],[21.7734,60.212,13.7394],[21.7755,60.2089,2.7707],[21.7786,60.2078,17.3496],[21.7755,60.2036,0.0],[21.7786,60.2016,0.0],[21.7771,60.2,23.1537],[21.7714,60.2005,0.0],[21.7682,60.2057,4.8428],[21.762,60.2099,12.5961],[21.7563,60.2083,28.9136],[21.7505,60.2099,0.0],[21.7432,60.2047,12.3797],[21.7318,60.2016,5.3745],[21.7266,60.1984,3.3076],[21.7255,60.1964,0.0],[21.7271,60.1937,12.7796],[21.7255,60.1901,0.0],[21.7286,60.188,11.5281],[21.7234,60.187,0.0],[21.7214,60.1849,0.0],[21.7245,60.1818,23.6162],[21.7193,60.1807,7.1166],[21.7203,60.1755,18.7218],[21.7151,60.1745,10.0662],[21.7167,60.1729,1.977],[21.7396,60.1729,0.0],[21.7495,60.1693,0.0],[21.7396,60.1646,19.3027],[21.7354,60.1667,0.0],[21.7229,60.1667,6.014],[21.7146,60.1625,2.2788],[21.7089,60.1641,2.4852],[21.7068,60.1609,0.0],[21.712,60.1599,0.0],[21.7182,60.1495,13.6797],[21.7161,60.1443,9.2569],[21.7083,60.1437,8.7756],[21.7047,60.1411,8.6985],[21.7047,60.138,10.7854],[21.7099,60.1359,5.6155],[21.6938,60.1354,16.4025],[21.6922,60.1339,15.8861],[21.7021,60.1312,0.0],[21.7167,60.1312,12.7337],[21.7229,60.1271,0.0],[21.7271,60.1292,26.335],[21.7313,60.1292,17.6589],[21.7354,60.1271,0.0],[21.7563,60.1271,3.5905],[21.7604,60.125,0.0],[21.7708,60.1312,0.0],[21.7734,60.1276,0.0],[21.7813,60.1271,9.4283],[21.7917,60.1229,0.0],[21.7953,60.1255,13.228],[21.7943,60.1286,0.0],[21.7958,60.1292,0.0],[21.8036,60.1266,9.3579],[21.8021,60.1229,14.2859],[21.8042,60.1208,0.0],[21.8125,60.1208,12.7212],[21.8167,60.1229,0.0],[21.8208,60.1229,11.4719],[21.8286,60.1203,5.4779],[21.8318,60.1172,15.03],[21.8417,60.1146,0.0],[21.8516,60.1151,18.8944],[21.8484,60.1182,9.9242],[21.8625,60.1229,0.0],[21.8813,60.1208,0.5661],[21.8917,60.1167,0.0],[21.8995,60.1193,4.9355],[21.9016,60.1224,0.0],[21.8958,60.125,0.0],[21.8813,60.125,13.0419],[21.8771,60.1271,0.0],[21.8729,60.125,16.9502],[21.8714,60.1266,0.0],[21.8734,60.1307,0.0],[21.8849,60.1339,20.8929],[21.8922,60.1391,17.4801],[21.9016,60.1422,10.4266],[21.9,60.1437,11.5612],[21.8839,60.1443,2.6814],[21.8859,60.1474,0.0],[21.8917,60.15,11.813],[21.9,60.15,0.0],[21.9042,60.1479,0.0],[21.9167,60.1479,0.0],[21.9229,60.1542,0.0],[21.9208,60.1563,11.7443],[21.9167,60.1542,1.5219],[21.9125,60.1563,0.0],[21.8922,60.1568,14.0423],[21.8974,60.1589,0.0],[21.8979,60.1604,0.0],[21.8964,60.163,0.0],[21.8974,60.1661,0.0],[21.8917,60.1688,0.0],[21.8755,60.1641,0.0],[21.8766,60.1589,1.9373],[21.8646,60.1583,0.1161],[21.8526,60.1536,22.4919],[21.8495,60.1505,19.8969],[21.8443,60.1495,23.6338],[21.8432,60.1464,23.2019],[21.838,60.1453,21.0403],[21.8359,60.1432,13.5921],[21.8339,60.1391,19.2945],[21.8349,60.1339,11.6983],[21.8271,60.1333,20.2005],[21.8193,60.1307,11.3082],[21.8203,60.1255,20.2229],[21.813,60.1255,8.8117],[21.8141,60.1307,26.6509],[21.8089,60.1318,22.3765],[21.8068,60.1339,0.0],[21.8141,60.1401,0.0],[21.8161,60.1443,6.5332],[21.8141,60.1495,15.6144],[21.8089,60.1536,6.3424],[21.8125,60.1542,6.6173],[21.8203,60.1516,11.03],[21.825,60.1479,0.0],[21.8297,60.1516,13.5656],[21.8349,60.1526,0.0],[21.8401,60.1599,1.9315],[21.8458,60.1583,0.0],[21.8557,60.1609,0.0],[21.8589,60.1641,2.2747],[21.8641,60.1651,0.0],[21.8625,60.1667,0.0],[21.8568,60.1672,4.1171],[21.8582,60.1687,0.0],[21.8729,60.1688,0.0],[21.8771,60.1708,11.9944],[21.8813,60.1688,0.0],[21.8854,60.1708,0.0],[21.8917,60.1708,0.0],[21.9,60.175,7.6614],[21.9078,60.1755,2.8896],[21.9057,60.1786,17.9173],[21.8958,60.1813,0.0],[21.8688,60.1813,0.0],[21.8672,60.1818,0.0],[21.8682,60.1849,0.0],[21.8651,60.187,5.4],[21.8833,60.1875,8.1188],[21.8958,60.1833,0.0],[21.9,60.1854,15.2013],[21.9104,60.1813,0.0],[21.9146,60.1833,2.8796],[21.9229,60.1833,5.9394],[21.9271,60.1813,23.2221],[21.9313,60.1813,0.0],[21.9391,60.1859,0.0],[21.9349,60.1911,13.4977],[21.9307,60.1932,15.3601],[21.9229,60.1937,11.547],[21.9188,60.1958,0.0],[21.9146,60.1937,1.6584],[21.9104,60.1937,6.8569],[21.9089,60.1943,17.6879],[21.9099,60.1974,9.2654],[21.9005,60.2005,5.6353],[21.8932,60.2057,2.7477],[21.8859,60.2047,8.5825],[21.8839,60.2078,0.0],[21.8875,60.2104,0.0]]],
[[[21.7922,60.2193,3.5473],[21.7953,60.2193,10.6884],[21.7953,60.2203,12.2535],[21.7938,60.2208,0.0],[21.7922,60.2193,3.5473]]],
[[[21.8188,60.275,14.046],[21.8203,60.2766,0.0],[21.8068,60.2807,0.0],[21.8109,60.2755,3.2877],[21.8188,60.275,14.046]]],
[[[21.9255,60.2318,24.1932],[21.9229,60.2333,22.1728],[21.9167,60.2333,26.6927],[21.9083,60.2375,19.5603],[21.9026,60.237,14.0631],[21.9208,60.2271,12.7259],[21.925,60.2271,0.0],[21.9307,60.2297,14.9568],[21.9255,60.2318,24.1932]]],
[[[21.9182,60.2474,7.3431],[21.9151,60.2474,8.7344],[21.913,60.2443,11.8337],[21.9203,60.2443,0.0],[21.9182,60.2474,7.3431]]],
[[[21.9286,60.238,4.5103],[21.9271,60.2396,0.0],[21.9214,60.2391,0.0],[21.9229,60.2375,10.7294],[21.9286,60.238,4.5103]]],
[[[21.9667,60.2417,9.0808],[21.9625,60.2438,0.0],[21.9505,60.2453,28.9993],[21.9521,60.2417,0.0],[21.9505,60.238,6.0212],[21.9557,60.237,10.709],[21.9568,60.2338,0.0],[21.9688,60.2333,1.806],[21.9729,60.2313,0.0],[21.9807,60.2339,2.138],[21.975,60.2375,11.9607],[21.9672,60.238,0.0],[21.9682,60.2411,0.0],[21.9667,60.2417,9.0808]]],
[[[21.9401,60.2401,5.9429],[21.9432,60.2401,0.0],[21.9432,60.2411,9.7672],[21.9401,60.2411,0.7278],[21.9401,60.2401,5.9429]]],
[[[21.9922,60.2422,22.5884],[21.9938,60.2417,0.0],[21.9953,60.2432,0.0],[21.9938,60.2438,29.3735],[21.9922,60.2422,22.5884]]],
[[[21.8208,60.2792,12.1346],[21.8224,60.2797,16.6905],[21.8224,60.2807,26.3387],[21.8193,60.2807,8.9458],[21.8208,60.2792,12.1346]]],
[[[21.8318,60.2859,0.0],[21.8396,60.2833,0.0],[21.8421,60.2848,0.0],[21.8397,60.2859,17.4591],[21.84,60.2917,37.2677],[21.8359,60.2922,5.8035],[21.837,60.2953,0.0],[21.8271,60.2958,22.4445],[21.8151,60.2995,17.9434],[21.8172,60.2964,15.852],[21.8307,60.2932,28.9644],[21.8333,60.2896,0.0],[21.8318,60.2859,0.0]]],
[[[21.9297,60.213,21.06],[21.9313,60.2125,0.0],[21.9328,60.2141,32.8885],[21.9297,60.2141,29.3737],[21.9297,60.213,21.06]]],
[[[21.987,60.2193,2.9056],[21.9891,60.2224,13.426],[21.9813,60.2229,14.3344],[21.9771,60.225,0.0],[21.9667,60.225,15.1627],[21.9625,60.2229,12.2957],[21.9417,60.2229,30.2712],[21.9339,60.2203,0.0],[21.9354,60.2188,4.6973],[21.9479,60.2188,0.0],[21.9521,60.2208,18.4673],[21.9688,60.2208,28.2376],[21.9729,60.2188,9.3202],[21.987,60.2193,2.9056]]],
[[[21.9964,60.2234,15.4573],[21.9995,60.2234,1.8159],[21.9995,60.2245,20.3623],[21.9979,60.225,0.0],[21.9964,60.2234,15.4573]]],
[[[22.012,60.2234,0.0],[22.0104,60.225,11.1228],[22.0047,60.2245,19.4736],[22.0062,60.2229,10.4388],[22.012,60.2234,0.0]]],
[[[22.0234,60.2151,31.6648],[22.0193,60.2161,24.3554],[22.0172,60.213,0.0],[22.0245,60.213,31.7981],[22.0234,60.2151,31.6648]]],
[[[22.0422,60.2193,0.0],[22.0453,60.2193,0.0],[22.0453,60.2203,15.4352],[22.0438,60.2208,37.2003],[22.0422,60.2193,0.0]]],
[[[22.05,60.2292,20.0227],[22.0458,60.2292,12.991],[22.0443,60.2276,0.0],[22.0479,60.225,22.6695],[22.0536,60.2255,20.3599],[22.05,60.2292,20.0227]]],
[[[22.0328,60.2391,34.4112],[22.0271,60.2396,0.0],[22.025,60.2375,13.898],[22.0271,60.2354,0.0],[22.0328,60.2391,34.4112]]],
[[[22.075,60.2354,12.2465],[22.0849,60.238,0.0],[22.087,60.2422,9.0955],[22.0854,60.2458,9.4238],[22.087,60.2495,0.0],[22.0646,60.25,27.5254],[22.0604,60.2479,25.3431],[22.05,60.2479,20.6618],[22.0484,60.2474,11.9117],[22.0495,60.2443,22.6188],[22.0464,60.2432,15.5937],[22.0484,60.2401,23.6669],[22.0536,60.2391,13.1636],[22.0526,60.2339,17.6428],[22.0563,60.2313,7.085],[22.0604,60.2313,28.6278],[22.0646,60.2292,23.2311],[22.0729,60.2292,21.8175],[22.0745,60.2307,0.0],[22.0714,60.2328,16.3392],[22.075,60.2354,12.2465]]],
[[[22.0182,60.2474,17.8807],[22.0151,60.2464,16.0215],[22.0172,60.2443,26.4821],[22.0203,60.2443,8.5654],[22.0203,60.2453,13.6878],[22.0182,60.2474,17.8807]]],
[[[21.9896,60.2438,26.0837],[21.9911,60.2453,40.0106],[21.988,60.2453,5.4598],[21.988,60.2443,7.6191],[21.9896,60.2438,26.0837]]],
[[[21.9583,60.2458,0.0],[21.9599,60.2474,23.1621],[21.9568,60.2474,25.5497],[21.9568,60.2464,21.8531],[21.9583,60.2458,0.0]]],
[[[21.6775,59.9857,0.0],[21.6786,59.9874,0.0],[21.6753,59.9885,1.3202],[21.6731,59.9851,0.0],[21.6747,59.9846,0.0],[21.6775,59.9857,0.0]]],
[[[21.6486,59.9874,1.0937],[21.6442,59.989,0.0],[21.643,59.9863,0.0],[21.6464,59.9857,0.0],[21.6486,59.9874,1.0937]]],
[[[21.6636,59.9893,1.1644],[21.6631,59.9915,0.0],[21.6581,59.9915,0.0],[21.6597,59.9904,2.5507],[21.6581,59.9893,0.0],[21.6603,59.9868,1.1031],[21.6592,59.9849,0.5215],[21.6631,59.9868,0.0],[21.6664,59.9851,0.0],[21.6708,59.9854,0.0],[21.6625,59.9888,2.5507],[21.6636,59.9893,1.1644]]],
[[[21.6253,59.9899,0.0],[21.6219,59.9904,0.0],[21.6214,59.9893,0.0],[21.6269,59.9885,0.0],[21.6253,59.9899,0.0]]],
[[[21.5736,59.9918,0.621],[21.5597,59.9924,0.0],[21.5586,59.991,0.0],[21.5647,59.9882,0.0],[21.5764,59.9912,0.0],[21.5736,59.9918,0.621]]],
[[[21.5497,59.9912,0.0],[21.5514,59.9921,0.0],[21.5503,59.9935,0.0],[21.5453,59.9924,0.0],[21.5481,59.9901,0.0],[21.5514,59.9901,0.0],[21.5497,59.9912,0.0]]],
[[[21.5333,60.0354,2.8544],[21.5375,60.0354,7.7724],[21.5391,60.037,9.8896],[21.5318,60.037,2.1917],[21.5333,60.0354,2.8544]]],
[[[21.5828,60.0391,11.1817],[21.5812,60.0396,13.0427],[21.5797,60.038,11.4259],[21.5812,60.0375,10.2604],[21.5828,60.0391,11.1817]]],
[[[21.5172,60.0328,0.0],[21.5182,60.0349,2.503],[21.5109,60.0349,7.7702],[21.513,60.0318,4.5947],[21.5172,60.0328,0.0]]],
[[[21.4911,60.0443,4.4454],[21.4901,60.0422,7.9023],[21.4932,60.0411,3.4634],[21.4922,60.038,0.0],[21.4958,60.0354,0.0],[21.4995,60.038,8.4528],[21.4984,60.0432,6.3432],[21.5036,60.0453,3.8793],[21.4938,60.0458,0.0],[21.4911,60.0443,4.4454]]],
[[[21.5266,60.0411,6.4577],[21.5234,60.0411,8.5407],[21.5234,60.0401,6.3757],[21.5266,60.0401,0.0],[21.5266,60.0411,6.4577]]],
[[[21.4661,60.0891,0.0],[21.463,60.0891,11.9749],[21.463,60.088,10.2218],[21.4646,60.0875,15.3133],[21.4661,60.0891,0.0]]],
[[[21.5333,60.0396,1.2197],[21.5375,60.0396,2.0524],[21.5391,60.0411,3.6577],[21.5318,60.0411,6.2163],[21.5333,60.0396,1.2197]]],
[[[21.5563,60.05,5.0358],[21.5578,60.0516,6.5747],[21.5542,60.0542,0.0],[21.5505,60.0516,4.3138],[21.5521,60.05,6.4299],[21.5563,60.05,5.0358]]],
[[[21.55,60.0646,12.057],[21.5516,60.0661,7.5766],[21.5401,60.0661,18.4193],[21.5417,60.0646,18.9131],[21.55,60.0646,12.057]]],
[[[21.5729,60.0812,0.0],[21.5771,60.0812,0.0],[21.5786,60.0828,0.0],[21.5714,60.0828,0.0],[21.5729,60.0812,0.0]]],
[[[21.6569,59.9882,0.0],[21.6569,59.9907,0.0],[21.6508,59.9912,0.0],[21.6508,59.9899,0.0],[21.6569,59.9882,0.0]]],
[[[21.6753,59.9943,0.0],[21.6769,59.9929,0.0],[21.6808,59.9935,0.0],[21.678,59.9951,1.0587],[21.6753,59.9943,0.0]]],
[[[21.6592,59.9965,3.2884],[21.6469,59.9976,0.0],[21.6436,59.996,0.0],[21.6447,59.9949,0.0],[21.6569,59.9949,1.9732],[21.6597,59.9932,0.0],[21.6692,59.9932,0.0],[21.6592,59.9965,3.2884]]],
[[[21.6646,60.0896,0.0],[21.6568,60.087,10.6039],[21.6526,60.0839,0.0],[21.6641,60.0839,9.65],[21.6661,60.088,0.0],[21.6646,60.0896,0.0]]],
[[[21.8109,60.0401,6.2995],[21.8083,60.0417,15.2806],[21.8047,60.0391,0.0],[21.8047,60.0359,0.0],[21.8068,60.0339,5.7557],[21.8099,60.0339,0.0],[21.812,60.0359,0.7647],[21.8109,60.0401,6.2995]]],
[[[21.8229,60.0479,0.0],[21.8245,60.0484,0.0],[21.8245,60.0516,13.7993],[21.8172,60.0516,0.0],[21.8172,60.0484,0.0],[21.8229,60.0479,0.0]]],
[[[21.7979,60.0583,0.0],[21.7901,60.0557,8.5318],[21.7901,60.0526,14.4811],[21.7938,60.05,0.0],[21.8036,60.0505,14.2753],[21.8016,60.0557,0.0],[21.7979,60.0583,0.0]]],
[[[21.7958,60.0958,6.4055],[21.8042,60.0958,4.2303],[21.8057,60.0974,11.1514],[21.7984,60.0984,12.2849],[21.7938,60.1021,0.0],[21.7854,60.1021,19.0605],[21.7818,60.0995,13.9945],[21.7896,60.0938,0.0],[21.7958,60.0958,6.4055]]],
[[[21.763,60.038,0.0],[21.7687,60.0375,12.7203],[21.7703,60.0391,5.7297],[21.7609,60.0411,5.0946],[21.763,60.038,0.0]]],
[[[21.7708,60.1063,13.1436],[21.7625,60.1063,15.003],[21.7609,60.1047,7.3536],[21.7667,60.1021,10.0323],[21.7766,60.1026,0.0],[21.7766,60.1057,13.0464],[21.7708,60.1063,13.1436]]],
[[[21.7833,60.1167,0.0],[21.7667,60.1167,16.6461],[21.7604,60.1208,0.0],[21.7563,60.1188,33.2681],[21.7479,60.1188,9.1587],[21.7438,60.1208,20.875],[21.7396,60.1208,4.5874],[21.7328,60.1151,0.0],[21.7271,60.1125,4.0757],[21.7083,60.1125,8.5159],[21.7068,60.1109,4.7208],[21.7161,60.1078,3.0787],[21.7151,60.1047,9.2627],[21.7193,60.1026,12.1903],[21.7458,60.0979,0.0],[21.75,60.1,20.7636],[21.7563,60.1,15.0662],[21.7578,60.1016,0.0],[21.75,60.1042,2.8068],[21.7458,60.1021,26.3003],[21.7318,60.1026,24.271],[21.7359,60.1057,5.9801],[21.7438,60.1083,6.7188],[21.7479,60.1083,3.6617],[21.7521,60.1063,0.0],[21.7557,60.1089,0.0],[21.7516,60.112,3.8783],[21.7438,60.1125,4.4802],[21.7422,60.1141,0.0],[21.75,60.1167,0.0],[21.7604,60.1125,0.0],[21.7687,60.1125,0.0],[21.7729,60.1146,18.7576],[21.7771,60.1125,0.0],[21.7849,60.1151,14.322],[21.7833,60.1167,0.0]]],
[[[21.7828,60.1203,4.1664],[21.7797,60.1203,11.3345],[21.7797,60.1193,2.9198],[21.7813,60.1188,17.8363],[21.7828,60.1203,4.1664]]],
[[[21.6432,60.087,15.7756],[21.6417,60.0875,0.0],[21.6401,60.0859,8.2482],[21.6417,60.0854,15.2653],[21.6432,60.087,15.7756]]],
[[[21.675,60.0896,5.2392],[21.6714,60.088,2.9291],[21.6792,60.0854,14.5022],[21.6828,60.088,10.9835],[21.6813,60.0896,0.0],[21.675,60.0896,5.2392]]],
[[[21.6479,60.0938,0.0],[21.6417,60.0917,5.4995],[21.6354,60.0917,8.5828],[21.6339,60.0901,14.5632],[21.6536,60.0901,12.3148],[21.6516,60.0932,7.1551],[21.6479,60.0938,0.0]]],
[[[21.6833,60.1083,12.2751],[21.6813,60.1104,3.8558],[21.6729,60.1104,4.2821],[21.6708,60.1083,0.0],[21.6729,60.1063,0.0],[21.6813,60.1063,7.649],[21.6833,60.1083,12.2751]]],
[[[21.5411,60.0849,7.1294],[21.538,60.0849,5.8093],[21.538,60.0839,0.0],[21.5411,60.0839,4.2081],[21.5411,60.0849,7.1294]]],
[[[21.6104,60.0875,0.0],[21.6146,60.0875,0.0],[21.6161,60.0891,2.5369],[21.6063,60.0896,11.1844],[21.6021,60.0917,0.0],[21.5922,60.0911,0.0],[21.5979,60.0875,6.135],[21.6104,60.0875,0.0]]],
[[[21.5646,60.0979,0.0],[21.5589,60.0953,8.7165],[21.5547,60.0901,6.4865],[21.5604,60.0917,6.5226],[21.5708,60.0917,6.0242],[21.5786,60.0943,0.0],[21.5792,60.0958,0.0],[21.5771,60.0979,19.8297],[21.5646,60.0979,0.0]]],
[[[21.5375,60.0979,15.9955],[21.5297,60.0953,7.3158],[21.5276,60.0922,9.7085],[21.5333,60.0917,0.0],[21.5411,60.0943,14.2921],[21.5411,60.0974,23.2904],[21.5375,60.0979,15.9955]]],
[[[21.5474,60.0995,30.3136],[21.5458,60.1,24.090699999999998],[21.5443,60.0984,31.85],[21.5474,60.0984,32.9362],[21.5474,60.0995,30.3136]]],
[[[21.613,60.1036,15.4259],[21.6047,60.1005,16.8899],[21.6083,60.0979,0.0],[21.6141,60.0984,4.7898],[21.6167,60.1021,3.1832],[21.6161,60.1036,11.8431],[21.613,60.1036,15.4259]]],
[[[21.6036,60.1078,12.6878],[21.6005,60.1078,17.2878],[21.6005,60.1068,6.6928],[21.6036,60.1068,16.6423],[21.6036,60.1078,12.6878]]],
[[[21.5938,60.1854,20.6161],[21.5589,60.187,2.9272],[21.5604,60.1854,0.0],[21.5661,60.1849,8.6358],[21.5682,60.1828,0.0],[21.563,60.1807,10.6719],[21.5661,60.1776,18.2327],[21.5547,60.1745,0.0],[21.5536,60.1714,0.0],[21.5458,60.1708,17.6208],[21.5411,60.1672,0.0],[21.5339,60.1661,6.3159],[21.5391,60.1641,12.3746],[21.5391,60.1609,23.8585],[21.5271,60.1604,7.8991],[21.5193,60.1578,11.6526],[21.5109,60.1516,11.4566],[21.5068,60.1453,14.0836],[21.5068,60.1422,19.3819],[21.5182,60.138,0.0],[21.5083,60.1354,17.7929],[21.5042,60.1396,0.0],[21.4917,60.1396,0.0],[21.4859,60.137,5.2248],[21.4807,60.1297,14.4096],[21.4755,60.1286,17.2868],[21.4693,60.1234,22.5035],[21.4849,60.1234,0.0],[21.4901,60.1266,0.0],[21.4943,60.1328,9.9252],[21.5021,60.1354,0.0],[21.5036,60.1339,0.0],[21.5005,60.1276,16.5876],[21.5161,60.1224,5.4613],[21.5224,60.1182,8.851],[21.5172,60.1161,13.4961],[21.5151,60.1141,0.0],[21.5167,60.1125,0.9993],[21.5354,60.1167,6.2112],[21.5375,60.1146,3.9018],[21.5359,60.1109,15.5412],[21.5396,60.1083,0.0],[21.5646,60.1083,0.0],[21.5724,60.1109,0.0],[21.5714,60.1141,5.1245],[21.5729,60.1146,11.6471],[21.5786,60.1141,8.4153],[21.5776,60.1109,0.0],[21.5792,60.1104,0.0],[21.6,60.1104,0.0],[21.6042,60.1125,0.0],[21.6125,60.1125,15.9295],[21.6161,60.1099,2.925],[21.613,60.1078,13.1211],[21.6146,60.1063,13.0343],[21.6349,60.1057,2.3031],[21.6333,60.1042,19.8207],[21.6255,60.1036,12.3544],[21.625,60.1021,8.8799],[21.6255,60.1005,0.0],[21.6333,60.0979,11.4165],[21.6417,60.0979,18.7752],[21.6458,60.1,6.2365],[21.6505,60.0964,0.0],[21.6604,60.0938,0.0],[21.6828,60.0943,18.8516],[21.6818,60.0995,0.0],[21.687,60.1005,3.846],[21.687,60.1036,10.9137],[21.6708,60.1042,0.5489],[21.6646,60.1083,0.0],[21.6542,60.1042,20.512],[21.6526,60.1057,0.0],[21.6542,60.1083,2.5942],[21.6521,60.1104,10.9409],[21.6208,60.1104,4.0145],[21.6193,60.112,9.1299],[21.6437,60.1125,8.0573],[21.6703,60.1193,0.0],[21.663,60.1255,20.7962],[21.6641,60.1307,18.8564],[21.662,60.1349,0.0],[21.6547,60.1401,16.7914],[21.6557,60.1432,0.0],[21.6479,60.1437,7.0776],[21.6458,60.1458,8.4043],[21.65,60.15,11.8441],[21.6542,60.15,14.8509],[21.6646,60.1458,0.0],[21.6688,60.1479,0.0],[21.675,60.1479,0.0],[21.6859,60.1557,11.7827],[21.6911,60.1568,0.0],[21.6901,60.162,9.1889],[21.6911,60.1661,7.1768],[21.6859,60.1693,8.5887],[21.6891,60.1734,4.887],[21.6891,60.1766,14.967],[21.6854,60.1792,8.5184],[21.6604,60.1792,0.0],[21.6563,60.1771,22.090699999999998],[21.6437,60.1771,5.8392],[21.6375,60.1813,0.0],[21.6146,60.1833,18.477],[21.6104,60.1854,11.6675],[21.5938,60.1854,20.6161]]],
[[[21.4714,60.1609,0.0],[21.4833,60.1563,0.0],[21.487,60.1589,0.0],[21.4813,60.1625,14.005],[21.4729,60.1625,8.9507],[21.4714,60.1609,0.0]]],
[[[21.5286,60.1661,9.5269],[21.5255,60.1661,8.0513],[21.5255,60.1651,1.7689],[21.5286,60.1651,9.5276],[21.5286,60.1661,9.5269]]],
[[[21.512,60.1682,0.0],[21.5104,60.1688,0.0],[21.5089,60.1672,12.019],[21.5104,60.1667,12.8683],[21.512,60.1682,0.0]]],
[[[21.5271,60.1729,0.0],[21.5286,60.1745,0.6682],[21.5266,60.1766,21.3184],[21.5234,60.1766,7.0669],[21.5255,60.1734,0.0],[21.5271,60.1729,0.0]]],
[[[21.5453,60.1807,16.0375],[21.5438,60.1813,14.9998],[21.5422,60.1797,0.0],[21.5438,60.1792,0.0],[21.5453,60.1807,16.0375]]],
[[[21.5516,60.1828,13.4209],[21.5484,60.1828,5.967],[21.5484,60.1818,4.0374],[21.55,60.1813,6.7954],[21.5516,60.1828,13.4209]]],
[[[21.5896,60.1896,0.0],[21.5938,60.1896,0.0],[21.5953,60.1911,15.2313],[21.588,60.1911,14.8931],[21.5896,60.1896,0.0]]],
[[[21.6042,60.2062,13.0471],[21.6083,60.2062,12.8108],[21.6099,60.2078,0.0],[21.6026,60.2078,24.8014],[21.6042,60.2062,13.0471]]],
[[[21.7208,60.1229,19.9116],[21.7125,60.1229,11.2866],[21.6979,60.1271,10.3198],[21.6901,60.1245,6.0002],[21.6979,60.1208,7.9505],[21.7245,60.1193,11.6357],[21.7245,60.1224,11.8521],[21.7208,60.1229,19.9116]]],
[[[21.725,60.2146,27.669],[21.7208,60.2146,10.3877],[21.7193,60.213,11.7828],[21.7271,60.2083,0.0],[21.7313,60.2083,0.0],[21.7432,60.213,7.7008],[21.7417,60.2146,11.6858],[21.725,60.2146,27.669]]],
[[[21.6932,60.2141,25.0739],[21.6901,60.2141,14.1921],[21.6901,60.213,10.9584],[21.6917,60.2125,5.9372],[21.6932,60.2141,25.0739]]],
[[[21.762,60.2411,13.779],[21.7589,60.2411,0.0],[21.7589,60.2401,0.0],[21.762,60.2401,12.3686],[21.762,60.2411,13.779]]],
[[[21.69,60.2438,20.5472],[21.6932,60.2453,16.3467],[21.6813,60.2458,24.2896],[21.6771,60.2479,8.1883],[21.6734,60.2453,12.5274],[21.675,60.2438,7.51],[21.6813,60.2438,16.3128],[21.6854,60.2417,0.0],[21.69,60.2438,20.5472]]],
[[[21.7849,60.2453,17.0407],[21.7818,60.2453,25.0291],[21.7818,60.2443,19.4145],[21.7833,60.2438,25.965699999999998],[21.7849,60.2453,17.0407]]],
[[[21.738,60.2526,0.0],[21.7339,60.2536,0.0],[21.7318,60.2516,6.1476],[21.7318,60.2484,10.8096],[21.7339,60.2464,0.0],[21.737,60.2464,11.7737],[21.7396,60.25,0.0],[21.738,60.2526,0.0]]],
[[[21.7813,60.2521,11.1479],[21.7891,60.2547,0.0],[21.7859,60.2568,12.9139],[21.787,60.2599,6.6225],[21.7729,60.2604,5.5976],[21.7687,60.2583,12.3879],[21.7604,60.2583,18.6509],[21.7563,60.2604,5.8758],[21.7526,60.2578,8.969],[21.7557,60.2547,31.3129],[21.7521,60.25,0.0],[21.7563,60.2458,23.5984],[21.7646,60.2458,26.0115],[21.7813,60.2521,11.1479]]],
[[[21.7391,60.2578,15.0958],[21.7375,60.2583,13.3597],[21.7359,60.2568,6.1573],[21.7375,60.2562,13.8087],[21.7391,60.2578,15.0958]]],
[[[21.6875,60.2562,0.0],[21.7021,60.2542,0.0],[21.7161,60.2589,3.0736],[21.7182,60.262,13.9857],[21.7021,60.2625,0.0],[21.6979,60.2604,8.4926],[21.6839,60.2599,21.97],[21.6875,60.2562,0.0]]],
[[[21.7604,60.2646,15.1808],[21.7641,60.2682,13.9951],[21.7609,60.2682,25.6285],[21.7589,60.2661,7.1265],[21.7604,60.2646,15.1808]]],
[[[21.6875,60.2729,9.3779],[21.6896,60.2708,7.0159],[21.6958,60.2708,13.0187],[21.7,60.2687,0.0],[21.7078,60.2714,19.1009],[21.7083,60.2729,0.0],[21.7062,60.275,15.1258],[21.6896,60.275,9.0421],[21.6875,60.2729,9.3779]]],
[[[21.7807,60.2734,0.0],[21.7792,60.275,14.6272],[21.7714,60.2714,6.3075],[21.7771,60.2708,11.6178],[21.7807,60.2734,0.0]]],
[[[21.7229,60.2896,0.0],[21.7286,60.2901,0.0],[21.7328,60.2932,9.7941],[21.7276,60.2943,7.283],[21.7167,60.3021,0.0],[21.7089,60.2995,15.3272],[21.7068,60.2943,0.0],[21.7146,60.2938,1.235],[21.7229,60.2896,0.0]]],
[[[21.3208,59.9804,0.0],[21.3186,59.9835,1.5587],[21.3147,59.9837,0.0],[21.3131,59.9821,0.0],[21.3147,59.9801,2.2207],[21.3219,59.9793,0.0],[21.3208,59.9804,0.0]]],
[[[21.2936,59.9824,1.864],[21.2892,59.984,0.0],[21.2875,59.9801,1.1123],[21.2931,59.9799,0.0],[21.2953,59.9813,0.0],[21.2936,59.9824,1.864]]],
[[[21.2814,59.9868,5.1627],[21.2814,59.9899,0.0],[21.2792,59.9901,0.0],[21.2792,59.9874,0.0],[21.2742,59.986,2.49],[21.2753,59.9846,0.0],[21.2803,59.9851,1.9692],[21.2797,59.9832,1.3152],[21.2764,59.9835,1.3152],[21.2769,59.9799,0.7283],[21.2808,59.9796,0.0],[21.2825,59.9826,1.4674],[21.2858,59.9835,0.0],[21.2814,59.9868,5.1627]]],
[[[21.2986,59.9837,0.0],[21.3003,59.9868,0.2559],[21.2958,59.9871,0.0],[21.2964,59.9857,0.0],[21.2947,59.9846,0.651],[21.2986,59.9837,0.0]]],
[[[21.5119,59.984,0.0],[21.5114,59.986,0.0],[21.5075,59.9863,0.0],[21.5092,59.9843,0.0],[21.5119,59.984,0.0]]],
[[[21.4814,59.9888,0.0],[21.4831,59.9896,0.0],[21.4819,59.9912,0.0],[21.4781,59.9899,0.0],[21.4803,59.9879,0.0],[21.4814,59.9888,0.0]]],
[[[21.5292,59.9946,0.0],[21.5258,59.9971,0.0],[21.5236,59.9968,0.0],[21.5275,59.9938,0.0],[21.5292,59.9946,0.0]]],
[[[21.4625,60.0313,13.8805],[21.4583,60.0313,0.0],[21.4568,60.0297,0.0],[21.4646,60.025,0.0],[21.4688,60.025,0.0],[21.4724,60.0276,0.0],[21.4693,60.0297,15.3997],[21.4703,60.0328,2.0055],[21.4625,60.0313,13.8805]]],
[[[21.4031,59.9865,0.0],[21.4058,59.9865,0.0],[21.4064,59.9879,0.699],[21.4014,59.9876,0.0],[21.4031,59.9865,0.0]]],
[[[21.4069,59.9932,0.0],[21.4086,59.9929,0.0],[21.4086,59.9946,0.0],[21.4047,59.9949,0.0],[21.4047,59.994,0.0],[21.4069,59.9932,0.0]]],
[[[21.3641,60.0495,1.4286],[21.3604,60.0521,2.6577],[21.3547,60.0516,1.8949],[21.3583,60.0479,0.0],[21.3625,60.0479,1.1247],[21.3641,60.0495,1.4286]]],
[[[21.3729,60.0708,13.5336],[21.3786,60.0766,0.0],[21.3688,60.0792,2.6471],[21.3604,60.0792,4.0801],[21.3464,60.0724,0.0],[21.3479,60.0708,0.0],[21.3521,60.0708,0.0],[21.3625,60.075,4.3521],[21.3672,60.0714,4.6791],[21.3729,60.0708,13.5336]]],
[[[21.3229,60.0729,3.7136],[21.3271,60.0729,12.0255],[21.3312,60.0708,0.0],[21.3411,60.0766,7.3639],[21.3354,60.0792,4.7583],[21.3229,60.0792,0.0],[21.3214,60.0776,9.9302],[21.3245,60.0755,10.3915],[21.3151,60.0745,0.0],[21.3167,60.0729,0.0],[21.3229,60.0729,3.7136]]],
[[[21.3328,60.0911,0.7814],[21.3307,60.0932,2.7372],[21.3276,60.0932,2.6278],[21.3286,60.0901,7.8862],[21.3276,60.088,6.1554],[21.3307,60.088,4.526],[21.3328,60.0911,0.7814]]],
[[[21.4068,60.112,0.0],[21.4005,60.1099,0.0],[21.4026,60.1047,1.0754],[21.4057,60.1047,7.4154],[21.4068,60.1078,14.8264],[21.412,60.1089,0.0],[21.4099,60.112,7.3754],[21.4068,60.112,0.0]]],
[[[21.3995,60.1432,14.5753],[21.3964,60.1432,12.6849],[21.3964,60.1422,12.0807],[21.3995,60.1422,13.7367],[21.3995,60.1432,14.5753]]],
[[[21.2119,59.9957,0.9143],[21.2125,59.9965,0.0],[21.2097,59.9976,0.0],[21.2064,59.9968,0.7311],[21.2069,59.996,0.7311],[21.2119,59.9957,0.9143]]],
[[[21.2342,59.9987,0.0],[21.2358,59.9974,0.0],[21.2403,59.9968,0.0],[21.2375,59.9996,0.0],[21.2342,59.9987,0.0]]],
[[[21.0625,60.1375,5.2931],[21.063,60.1359,6.0549],[21.0708,60.1333,2.6967],[21.0854,60.1354,0.0],[21.087,60.137,0.0],[21.0839,60.1391,2.3023],[21.0875,60.1437,11.8364],[21.0854,60.1458,0.0],[21.0771,60.1458,13.2762],[21.0745,60.1422,11.7602],[21.0651,60.1411,8.4826],[21.0625,60.1375,5.2931]]],
[[[21.0641,60.1474,0.0],[21.0604,60.15,4.5337],[21.0547,60.1495,5.5888],[21.0583,60.1458,3.1162],[21.0625,60.1458,3.7479],[21.0641,60.1474,0.0]]],
[[[21.2563,60.0792,11.8652],[21.2484,60.0766,0.0],[21.2484,60.0734,5.5929],[21.2557,60.0734,0.0],[21.2578,60.0776,0.0],[21.2563,60.0792,11.8652]]],
[[[21.3141,60.0932,7.2435],[21.3109,60.0932,2.2707],[21.3109,60.0922,3.3476],[21.3125,60.0917,3.5979],[21.3141,60.0932,7.2435]]],
[[[21.3208,60.1437,0.0],[21.3224,60.1453,6.228],[21.3151,60.1474,0.0],[21.3151,60.1443,0.0],[21.3208,60.1437,0.0]]],
[[[21.2411,60.1495,6.8826],[21.2396,60.15,7.3804],[21.238,60.1484,9.4688],[21.2396,60.1479,3.4588],[21.2411,60.1495,6.8826]]],
[[[21.2516,60.1536,16.3005],[21.2484,60.1536,5.0083],[21.2484,60.1526,4.5704],[21.25,60.1521,10.1772],[21.2516,60.1536,16.3005]]],
[[[21.3172,60.1557,7.2609],[21.3203,60.1557,23.1831],[21.3193,60.1526,0.0],[21.3208,60.1521,0.0],[21.3245,60.1547,0.0],[21.3224,60.1578,10.8098],[21.3193,60.1589,0.0],[21.3203,60.162,4.8811],[21.3182,60.1641,9.5779],[21.312,60.1682,10.0814],[21.3063,60.1688,9.0267],[21.2984,60.1661,22.0926],[21.2995,60.1609,0.0],[21.2974,60.1568,4.3939],[21.2922,60.1557,11.2521],[21.2896,60.1521,0.0],[21.2917,60.15,3.5047],[21.3083,60.15,7.8264],[21.3172,60.1557,7.2609]]],
[[[21.2625,60.1583,1.7428],[21.2661,60.162,0.0],[21.263,60.162,13.8892],[21.2609,60.1599,14.7659],[21.2625,60.1583,1.7428]]],
[[[21.3057,60.1973,0.0],[21.2896,60.1979,12.2889],[21.2854,60.2,11.8229],[21.2693,60.1995,9.8646],[21.2854,60.1937,0.0],[21.2979,60.1937,0.0],[21.3021,60.1917,0.0],[21.3078,60.1922,0.0],[21.3047,60.1943,16.5146],[21.3057,60.1973,0.0]]],
[[[21.2432,60.1661,10.6202],[21.2396,60.1688,0.0],[21.2339,60.1682,3.0968],[21.2375,60.1646,1.7],[21.2417,60.1646,7.9117],[21.2432,60.1661,10.6202]]],
[[[21.2099,60.1724,6.7542],[21.2083,60.1729,6.7542],[21.2068,60.1714,7.4479],[21.2083,60.1708,7.8018],[21.2099,60.1724,6.7542]]],
[[[21.2417,60.1979,13.5054],[21.2375,60.2,14.4141],[21.2229,60.2,0.1813],[21.2188,60.2021,19.7818],[21.2109,60.1995,4.6378],[21.2141,60.1974,7.3371],[21.213,60.1943,11.0999],[21.2167,60.1917,0.0],[21.2557,60.1922,4.3919],[21.2536,60.1953,14.7164],[21.2417,60.1979,13.5054]]],
[[[21.2016,60.2307,16.2321],[21.2,60.2313,18.1769],[21.1984,60.2297,12.3544],[21.2,60.2292,8.6652],[21.2016,60.2307,16.2321]]],
[[[21.5063,60.1063,12.6048],[21.5083,60.1083,8.1132],[21.5057,60.1141,10.2278],[21.4979,60.1146,3.6827],[21.4917,60.1188,0.0],[21.4875,60.1188,14.2886],[21.4771,60.1146,6.9709],[21.4708,60.1146,0.0],[21.463,60.1099,0.0],[21.4667,60.1063,0.0],[21.4792,60.1063,0.0],[21.4833,60.1083,0.0],[21.4958,60.1042,1.8922],[21.5,60.1063,5.7697],[21.5063,60.1063,12.6048]]],
[[[21.4667,60.1312,0.0],[21.4724,60.1318,0.0],[21.4776,60.1391,20.0421],[21.4828,60.1401,0.0],[21.4849,60.1432,0.0],[21.4792,60.1458,11.5982],[21.4708,60.1458,16.4418],[21.4667,60.1437,9.9815],[21.4562,60.1437,12.8518],[21.4505,60.1411,4.2688],[21.4557,60.1391,0.0],[21.4547,60.1339,0.0],[21.4625,60.1333,10.655],[21.4667,60.1312,0.0]]],
[[[21.4901,60.1568,7.6589],[21.4911,60.1547,14.0448],[21.488,60.1526,18.0046],[21.4917,60.15,19.9758],[21.4995,60.1547,0.0],[21.5016,60.1578,8.137],[21.4917,60.1583,0.0],[21.4901,60.1568,7.6589]]],
[[[21.4786,60.1557,15.464],[21.4755,60.1557,15.4821],[21.4755,60.1547,9.649],[21.4771,60.1542,3.9769],[21.4786,60.1557,15.464]]],
[[[21.3229,60.1479,11.871],[21.3266,60.1516,10.785],[21.3224,60.1505,8.0817],[21.3214,60.1484,3.0868],[21.3229,60.1479,11.871]]],
[[[21.3557,60.1703,4.5907],[21.3526,60.1703,14.1103],[21.3526,60.1693,14.2652],[21.3557,60.1693,11.9103],[21.3557,60.1703,4.5907]]],
[[[21.3891,60.1703,7.7009],[21.3859,60.1703,2.0825],[21.3859,60.1693,0.0],[21.3891,60.1693,0.0],[21.3891,60.1703,7.7009]]],
[[[21.35,60.1771,0.0],[21.3422,60.1734,11.7861],[21.3458,60.1708,0.0],[21.35,60.1708,0.0],[21.3547,60.1745,5.5671],[21.3599,60.1755,9.7769],[21.3583,60.1771,14.9356],[21.35,60.1771,0.0]]],
[[[21.5005,60.1745,0.0],[21.5026,60.1766,15.0445],[21.5078,60.1776,0.0],[21.5099,60.1828,5.084],[21.5078,60.1849,6.1262],[21.4979,60.1833,14.6991],[21.4938,60.1854,13.2523],[21.4875,60.1813,18.3845],[21.4797,60.1807,0.0],[21.4849,60.1766,12.8897],[21.4797,60.1745,0.0],[21.4828,60.1714,15.4247],[21.4786,60.1672,13.9848],[21.4688,60.1667,18.1899],[21.4672,60.1651,14.8458],[21.498,60.1646,0.0],[21.5,60.1667,12.2465],[21.4984,60.1703,0.0],[21.5005,60.1745,0.0]]],
[[[21.5161,60.1807,19.0509],[21.5146,60.1813,0.0],[21.513,60.1797,14.0332],[21.5146,60.1792,6.949],[21.5161,60.1807,19.0509]]],
[[[21.4724,60.1953,17.3683],[21.4651,60.1974,10.1605],[21.463,60.1922,13.8292],[21.4703,60.1922,9.0824],[21.4724,60.1953,17.3683]]],
[[[21.487,60.2182,19.7629],[21.4839,60.2182,23.3914],[21.4839,60.2172,24.8571],[21.4854,60.2167,21.7018],[21.487,60.2182,19.7629]]],
[[[21.4849,60.2224,21.568],[21.4833,60.2229,27.0358],[21.4818,60.2214,8.656],[21.4849,60.2214,23.4238],[21.4849,60.2224,21.568]]],
[[[21.5047,60.2234,14.0202],[21.5146,60.2167,0.0],[21.5182,60.2193,7.9239],[21.5151,60.2214,14.8685],[21.5182,60.2255,20.3],[21.5167,60.2271,12.8877],[21.5125,60.2271,7.6105],[21.5047,60.2234,14.0202]]],
[[[21.4375,60.2375,0.0],[21.4474,60.2411,0.0],[21.4396,60.2438,0.0],[21.4172,60.237,10.027],[21.4089,60.2266,6.4294],[21.4099,60.2214,-1.5],[21.4078,60.2172,2.2846],[21.4026,60.2161,22.3034],[21.4005,60.213,0.0],[21.4063,60.2104,8.6608],[21.4229,60.2104,0.0],[21.4271,60.2125,22.9925],[21.45,60.2125,0.0],[21.4542,60.2146,4.6923],[21.4641,60.213,0.0],[21.463,60.2182,26.8134],[21.4641,60.2203,4.9907],[21.4547,60.2234,6.1297],[21.4542,60.225,4.4929],[21.4562,60.2271,12.5584],[21.4641,60.2276,0.0],[21.4589,60.2328,0.0],[21.4641,60.2349,1.8669],[21.4458,60.2354,7.4327],[21.4417,60.2333,20.5591],[21.4313,60.2333,6.7518],[21.4255,60.2318,11.7039],[21.4297,60.237,4.796],[21.4375,60.2375,0.0]]],
[[[21.5271,60.2354,10.5799],[21.5255,60.2359,10.0235],[21.5266,60.2391,0.0],[21.5234,60.2411,5.143],[21.5313,60.2438,10.7495],[21.5438,60.2417,19.4565],[21.5474,60.2443,0.0],[21.5484,60.2474,3.2954],[21.5536,60.2495,0.0],[21.5458,60.2542,0.0],[21.5333,60.2542,28.343],[21.5255,60.2495,11.5928],[21.5266,60.2443,14.4909],[21.5187,60.2438,34.4858],[21.5125,60.2396,12.0676],[21.5042,60.2396,13.7347],[21.4964,60.237,5.8013],[21.4984,60.2318,0.0],[21.5,60.2313,0.0],[21.5083,60.2313,0.0],[21.5167,60.2354,12.4334],[21.5208,60.2333,0.0],[21.5307,60.2339,19.0963],[21.5271,60.2354,10.5799]]],
[[[21.425,60.1854,0.0],[21.4193,60.1818,5.5611],[21.4234,60.1776,27.3624],[21.4307,60.1776,0.0],[21.4328,60.1807,14.5954],[21.4307,60.1849,13.17],[21.425,60.1854,0.0]]],
[[[21.425,60.2573,0.0],[21.4266,60.2599,0.0],[21.4203,60.2641,0.0],[21.4125,60.2667,0.0],[21.4083,60.2667,0.0],[21.3979,60.2625,17.2439],[21.375,60.2625,23.8545],[21.3708,60.2583,0.0],[21.3625,60.2625,1.8253],[21.3583,60.2625,7.1407],[21.3505,60.2599,9.5511],[21.3536,60.2578,12.17],[21.3526,60.2547,0.0],[21.3708,60.2479,0.0],[21.3917,60.2458,0.0],[21.4,60.25,1.1508],[21.4063,60.25,8.0053],[21.4104,60.2521,3.0544],[21.412,60.2505,14.8879],[21.4099,60.2464,21.1623],[21.4021,60.2438,16.3569],[21.3792,60.2438,0.0],[21.375,60.2417,22.0139],[21.3708,60.2438,0.0],[21.3563,60.2438,0.0],[21.3547,60.2443,19.9602],[21.3557,60.2474,0.0],[21.35,60.25,18.4696],[21.3333,60.25,10.3636],[21.3292,60.2479,16.0824],[21.325,60.25,0.0],[21.3167,60.25,0.0],[21.3089,60.2464,0.0],[21.3188,60.2458,4.3052],[21.3203,60.2443,18.2448],[21.3125,60.2438,0.0],[21.3047,60.2401,6.8554],[21.3104,60.2375,1.9956],[21.3292,60.2354,0.0],[21.3307,60.2339,0.0],[21.3229,60.2313,0.0],[21.3167,60.2313,0.0],[21.3109,60.2286,2.8668],[21.3161,60.2266,0.0],[21.3141,60.2234,2.2421],[21.3021,60.2188,18.1305],[21.2984,60.2214,0.0],[21.2995,60.2266,4.1253],[21.2979,60.2271,2.1701],[21.2854,60.225,17.6139],[21.2813,60.2271,0.0],[21.2771,60.2271,5.4078],[21.2708,60.2229,4.0123],[21.2604,60.2271,10.2512],[21.2505,60.2224,0.0],[21.2599,60.2151,13.0133],[21.2578,60.213,0.0],[21.25,60.2125,9.1933],[21.2484,60.2109,0.0],[21.2557,60.2099,10.7374],[21.2578,60.2078,0.8479],[21.2568,60.2047,0.0],[21.2667,60.2042,6.8616],[21.2724,60.2089,5.9481],[21.2734,60.212,2.4315],[21.2813,60.2146,0.0],[21.2828,60.213,0.0],[21.2813,60.2104,8.4011],[21.2839,60.2068,12.5231],[21.2974,60.2036,17.6962],[21.3021,60.2,0.0],[21.3229,60.2021,0.0],[21.3271,60.2,0.0],[21.3312,60.2,6.7087],[21.3354,60.2021,16.8927],[21.3411,60.1995,0.0],[21.3432,60.1964,19.3547],[21.3333,60.1979,14.8813],[21.3292,60.1958,24.4374],[21.325,60.1958,10.0565],[21.3208,60.1979,3.5474],[21.313,60.1943,0.0],[21.3312,60.1875,14.1033],[21.362,60.187,0.0],[21.3609,60.1839,18.4997],[21.3641,60.1828,23.4024],[21.3609,60.1786,0.0272],[21.3625,60.1771,0.0],[21.3682,60.1776,13.9804],[21.3729,60.1813,15.2485],[21.3833,60.1813,0.0],[21.3875,60.1833,0.0],[21.3979,60.1792,4.254],[21.4021,60.1792,14.3584],[21.4083,60.1833,10.9644],[21.4182,60.1839,13.7669],[21.425,60.1896,12.9212],[21.4375,60.1875,1.0092],[21.4443,60.1911,16.6505],[21.4557,60.1943,0.0],[21.4568,60.1974,4.6716],[21.4641,60.2026,0.0],[21.463,60.2057,21.0813],[21.4682,60.2068,0.0],[21.4682,60.2099,16.0502],[21.4583,60.2104,5.0258],[21.4542,60.2083,31.1414],[21.4417,60.2083,11.1759],[21.4375,60.2062,29.9307],[21.4188,60.2083,0.0],[21.4146,60.2062,23.1957],[21.4104,60.2083,0.0],[21.4063,60.2062,28.0887],[21.3896,60.2062,0.0],[21.3854,60.2042,33.586],[21.3813,60.2042,0.0],[21.3729,60.2083,13.7582],[21.3583,60.2083,27.5581],[21.3568,60.2099,0.0],[21.3604,60.2125,19.725],[21.3729,60.2125,8.5171],[21.3771,60.2104,0.0],[21.3911,60.2109,0.0],[21.3943,60.2161,8.4788],[21.3995,60.2172,0.0],[21.3964,60.2203,4.9219],[21.3995,60.2245,14.157],[21.3922,60.2266,0.0],[21.3911,60.2234,23.1461],[21.3854,60.2188,21.3652],[21.3839,60.2193,4.5204],[21.3849,60.2224,9.6141],[21.3714,60.2255,0.0],[21.3734,60.2286,0.0],[21.3828,60.2297,10.5245],[21.3828,60.2328,15.5711],[21.3813,60.2333,23.1262],[21.3688,60.2333,0.0],[21.3646,60.2313,6.874],[21.3438,60.2313,0.6051],[21.3359,60.2339,0.0],[21.3375,60.2354,0.0],[21.3458,60.2354,0.0],[21.3604,60.2396,12.4643],[21.4042,60.2396,0.0],[21.4125,60.2438,17.1477],[21.4188,60.2438,0.9041],[21.4266,60.2464,0.0],[21.4286,60.2495,0.0],[21.4214,60.2505,17.3957],[21.425,60.2573,0.0]]],
[[[21.3286,60.2641,15.2372],[21.3255,60.2641,3.4545],[21.3255,60.263,12.7519],[21.3286,60.263,21.2352],[21.3286,60.2641,15.2372]]],
[[[21.4464,60.2766,5.2382],[21.4516,60.2849,0.0],[21.4438,60.2896,15.51],[21.4292,60.2854,17.74],[21.4276,60.2859,13.3037],[21.4286,60.2891,0.0],[21.4271,60.2896,8.1548],[21.4224,60.2859,15.8678],[21.4146,60.2854,0.0],[21.4104,60.2833,12.6839],[21.4063,60.2833,11.8143],[21.4021,60.2854,2.8465],[21.3922,60.2849,11.927],[21.3911,60.2818,20.4236],[21.3818,60.2807,18.8554],[21.3833,60.2771,21.594],[21.3797,60.2714,3.1235],[21.3896,60.2687,17.9084],[21.4146,60.2687,0.0],[21.4188,60.2708,2.1386],[21.4458,60.2708,12.2816],[21.4474,60.2724,0.0],[21.4443,60.2745,7.7987],[21.4464,60.2766,5.2382]]],
[[[21.4609,60.2474,0.0],[21.4625,60.2458,11.4731],[21.4688,60.2458,7.3389],[21.4729,60.2438,0.0],[21.4807,60.2464,0.0],[21.4792,60.2479,4.4171],[21.4609,60.2474,0.0]]],
[[[21.5125,60.2542,0.0],[21.5047,60.2505,0.0],[21.5104,60.2479,0.0],[21.5187,60.2479,17.0056],[21.5245,60.2557,0.0],[21.5187,60.2542,23.5098],[21.5125,60.2542,0.0]]],
[[[21.4729,60.2562,7.0853],[21.4688,60.2583,18.3993],[21.4542,60.2583,0.0],[21.45,60.2604,5.4379],[21.4458,60.2604,13.8501],[21.4422,60.2578,18.7721],[21.4401,60.2526,0.0],[21.4458,60.2542,0.4587],[21.45,60.2542,3.128],[21.4542,60.2521,0.0],[21.4583,60.2542,3.1766],[21.4828,60.2547,0.0],[21.4813,60.2562,21.8765],[21.4729,60.2562,7.0853]]],
[[[21.4313,60.2646,0.7095],[21.4276,60.2609,0.0],[21.4333,60.2583,0.0],[21.4432,60.2609,5.0085],[21.4375,60.2667,13.1658],[21.4313,60.2646,0.7095]]],
[[[21.4604,60.2646,7.2436],[21.4661,60.263,1.456],[21.4641,60.2661,0.0],[21.4526,60.2682,15.6],[21.4526,60.2651,4.4403],[21.4604,60.2646,7.2436]]],
[[[21.4896,60.2708,19.9427],[21.4839,60.2703,8.7383],[21.4797,60.263,0.0],[21.487,60.263,13.7576],[21.4911,60.2672,-0.018],[21.4911,60.2703,21.0119],[21.4896,60.2708,19.9427]]],
[[[21.4703,60.2703,20.8336],[21.4688,60.2708,11.8798],[21.4672,60.2693,3.341],[21.4688,60.2687,0.0],[21.4703,60.2703,20.8336]]],
[[[21.4714,60.2953,7.0621],[21.4651,60.2922,22.806],[21.4708,60.2896,0.0],[21.4875,60.2896,2.7003],[21.4953,60.2943,14.7766],[21.4917,60.2979,3.1442],[21.4875,60.2979,17.6351],[21.4833,60.2958,0.0],[21.4714,60.2953,7.0621]]],
[[[21.3167,60.2875,6.3119],[21.313,60.2839,0.0],[21.3151,60.2797,0.0],[21.3188,60.2771,11.7285],[21.3229,60.2771,13.5177],[21.3266,60.2797,0.0],[21.3214,60.2849,0.0],[21.3307,60.2859,5.4906],[21.3292,60.2875,7.4801],[21.3167,60.2875,6.3119]]],
[[[21.2807,60.287,7.7142],[21.2896,60.2833,5.5658],[21.2938,60.2833,12.0534],[21.3016,60.288,3.0162],[21.3005,60.2911,5.4714],[21.3016,60.2932,0.0],[21.2813,60.2917,14.711],[21.2776,60.2891,0.8451],[21.2807,60.287,7.7142]]],
[[[21.2993,60.3083,18.1057],[21.2917,60.3083,14.1201],[21.2901,60.3068,7.7448],[21.2938,60.3021,0.0],[21.3063,60.3021,0.0],[21.3099,60.3047,0.0],[21.3057,60.3078,2.6832],[21.2993,60.3083,18.1057]]],
[[[21.2724,60.3141,6.7804],[21.2625,60.3146,8.9978],[21.2589,60.3109,0.0],[21.2687,60.3104,11.5312],[21.2724,60.3141,6.7804]]],
[[[21.6568,60.1984,7.3755],[21.65,60.2,0.0],[21.6458,60.1979,12.0603],[21.6375,60.2021,0.0],[21.6042,60.2021,9.0397],[21.6026,60.2005,11.763],[21.6078,60.1995,3.2768],[21.612,60.1964,4.2772],[21.6005,60.1922,0.0],[21.6063,60.1896,0.0],[21.6104,60.1917,5.7978],[21.6188,60.1917,0.0],[21.6203,60.1911,12.652],[21.6193,60.188,4.0105],[21.6354,60.1833,4.2727],[21.6641,60.1859,0.0],[21.6661,60.1911,0.0],[21.6568,60.1984,7.3755]]],
[[[21.65,60.2229,0.0],[21.6536,60.2234,9.6552],[21.6536,60.2245,19.3456],[21.6464,60.2245,14.6839],[21.65,60.2229,0.0]]],
[[[21.6604,60.2521,16.8002],[21.6661,60.2526,0.0],[21.6661,60.2557,9.6014],[21.6542,60.2583,21.945],[21.6505,60.2557,0.0],[21.6505,60.2547,0.0],[21.6604,60.2521,16.8002]]],
[[[21.6771,60.2604,10.5816],[21.6755,60.2599,10.5816],[21.6755,60.2589,16.606],[21.6786,60.2589,10.8985],[21.6771,60.2604,10.5816]]],
[[[21.5583,60.2417,16.4866],[21.5568,60.2401,10.7229],[21.5599,60.2401,5.3896],[21.5599,60.2411,14.8517],[21.5583,60.2417,16.4866]]],
[[[21.6161,60.2609,0.0],[21.6182,60.2641,0.0],[21.6089,60.2672,21.2981],[21.6057,60.2724,0.0],[21.5818,60.2724,0.0],[21.5755,60.262,0.0],[21.5786,60.2547,9.1098],[21.5703,60.2484,18.8323],[21.5651,60.2474,10.7899],[21.5661,60.2422,0.0],[21.563,60.237,0.0],[21.5641,60.2339,20.87],[21.5568,60.2286,6.4751],[21.5599,60.2266,12.7837],[21.5568,60.2224,15.9815],[21.5599,60.2203,0.0],[21.5589,60.2172,7.685],[21.5646,60.2167,0.0],[21.5693,60.2203,0.0],[21.5771,60.2229,0.0],[21.5896,60.2229,5.999],[21.5938,60.2208,2.9195],[21.6036,60.2214,2.5136],[21.6099,60.2255,0.0],[21.6078,60.2286,0.0],[21.6026,60.2318,31.4352],[21.6047,60.237,0.0],[21.6167,60.2375,15.0997],[21.6208,60.2396,13.1112],[21.6286,60.2401,13.2719],[21.6234,60.2453,3.88],[21.6297,60.2495,8.1706],[21.6375,60.25,0.0],[21.6411,60.2526,0.0],[21.6396,60.2542,0.0],[21.6,60.2542,0.0],[21.5958,60.2521,4.5643],[21.5901,60.2526,4.067],[21.5922,60.2557,0.0],[21.5974,60.2568,0.0],[21.6,60.2604,0.1736],[21.6083,60.2604,15.6099],[21.6125,60.2583,4.5871],[21.6161,60.2609,0.0]]],
[[[21.5557,60.2568,11.1593],[21.5542,60.2583,0.0],[21.5484,60.2578,15.8399],[21.5521,60.2542,3.9101],[21.5557,60.2568,11.1593]]],
[[[21.6328,60.2609,4.6245],[21.6313,60.2625,8.4988],[21.6214,60.262,0.0],[21.6229,60.2604,5.4862],[21.6328,60.2609,4.6245]]],
[[[21.6458,60.2646,16.4411],[21.6443,60.2641,13.7091],[21.6443,60.263,5.9905],[21.6474,60.263,14.1859],[21.6458,60.2646,16.4411]]],
[[[21.662,60.2651,11.9287],[21.6604,60.2667,0.0],[21.6547,60.2661,14.3853],[21.6583,60.2625,0.0],[21.662,60.2651,11.9287]]],
[[[21.675,60.275,9.6213],[21.6688,60.275,9.424],[21.6672,60.2734,16.924],[21.6729,60.2708,0.0],[21.6828,60.2714,0.0],[21.6786,60.2745,23.3357],[21.675,60.275,9.6213]]],
[[[21.5354,60.2625,18.1561],[21.5339,60.262,0.0],[21.5339,60.2609,0.0],[21.537,60.2609,0.0],[21.5354,60.2625,18.1561]]],
[[[21.5313,60.2646,0.0],[21.5297,60.263,14.5473],[21.5328,60.263,15.1544],[21.5328,60.2641,6.0636],[21.5313,60.2646,0.0]]],
[[[21.5625,60.2729,17.3372],[21.5609,60.2724,13.1786],[21.5609,60.2714,11.2265],[21.5641,60.2714,6.1618],[21.5625,60.2729,17.3372]]],
[[[21.5786,60.2953,10.7417],[21.5703,60.3016,23.7701],[21.5625,60.3042,16.6557],[21.5542,60.3042,27.102],[21.5479,60.2979,11.7245],[21.5438,60.3,0.0],[21.5339,60.2995,19.5886],[21.5286,60.2943,0.0],[21.5255,60.2932,5.9935],[21.5214,60.288,0.0],[21.5292,60.2833,7.8952],[21.5354,60.2833,12.3861],[21.5396,60.2813,0.0],[21.5438,60.2833,0.0],[21.5479,60.2833,12.0369],[21.5521,60.2792,9.3592],[21.5646,60.2792,16.1669],[21.5661,60.2807,0.0],[21.5563,60.2813,0.1558],[21.5547,60.2828,9.0944],[21.5688,60.2896,13.0899],[21.5755,60.2859,0.0],[21.5786,60.2859,0.0],[21.5828,60.2932,0.0],[21.5786,60.2953,10.7417]]],
[[[21.6703,60.2932,0.0],[21.6542,60.2938,21.0519],[21.6516,60.2974,0.0],[21.6458,60.2979,21.3841],[21.6422,60.2932,3.6344],[21.6432,60.2901,3.8086],[21.6292,60.2896,0.0],[21.625,60.2875,21.4834],[21.6167,60.2875,14.1857],[21.6125,60.2896,8.8128],[21.6109,60.2891,15.4514],[21.612,60.2859,0.0],[21.6109,60.2839,0.0],[21.6333,60.2854,0.0],[21.6375,60.2833,0.0],[21.6417,60.2833,-0.0209],[21.6432,60.2818,0.0],[21.6401,60.2776,2.6382],[21.6458,60.275,0.0],[21.6521,60.2813,7.9426],[21.6828,60.2839,18.0017],[21.6828,60.287,15.8091],[21.6786,60.2911,0.0],[21.6703,60.2932,0.0]]],
[[[21.6146,60.2958,15.2359],[21.6042,60.2958,0.0],[21.6026,60.2943,17.9949],[21.6307,60.2943,0.0],[21.6292,60.2958,19.3762],[21.6146,60.2958,15.2359]]],
[[[21.5438,60.3063,0.0],[21.5422,60.3057,4.1167],[21.5422,60.3047,4.5667],[21.5453,60.3047,0.0],[21.5438,60.3063,0.0]]],
[[[21.5792,60.3104,16.5041],[21.5833,60.3083,0.0],[21.5891,60.3089,8.5769],[21.5812,60.3125,0.0],[21.5755,60.312,0.0],[21.5792,60.3104,16.5041]]],
[[[21.5667,60.3104,0.0],[21.5703,60.312,11.5121],[21.563,60.312,15.5943],[21.563,60.3109,13.8599],[21.5667,60.3104,0.0]]],
[[[21.5812,60.3208,15.2708],[21.5797,60.3193,7.1027],[21.5828,60.3193,7.3492],[21.5828,60.3203,14.976],[21.5812,60.3208,15.2708]]],
[[[21.562,60.3182,15.5819],[21.5542,60.3229,13.8904],[21.55,60.3229,19.587],[21.5458,60.325,0.0],[21.5438,60.3229,22.0471],[21.5464,60.3193,2.4749],[21.5542,60.3146,0.0],[21.5641,60.3151,0.0],[21.562,60.3182,15.5819]]],
[[[21.5333,60.325,10.7026],[21.5318,60.3234,4.7518],[21.5349,60.3234,0.0],[21.5349,60.3245,16.4069],[21.5333,60.325,10.7026]]],
[[[21.5661,60.3318,1.8976],[21.5641,60.3349,0.0],[21.5609,60.3349,0.0],[21.563,60.3318,2.7536],[21.5661,60.3318,1.8976]]],
[[[21.588,60.3297,14.6547],[21.5938,60.3292,11.4011],[21.5953,60.3307,0.0],[21.5828,60.3391,18.9587],[21.5755,60.3391,7.9014],[21.5755,60.3359,6.2495],[21.5776,60.3339,0.0],[21.588,60.3297,14.6547]]],
[[[21.5547,60.3516,13.4617],[21.5563,60.35,0.0],[21.5578,60.3505,15.1962],[21.5563,60.3521,5.2123],[21.5547,60.3516,13.4617]]],
[[[21.5625,60.3646,14.2895],[21.5646,60.3667,13.5306],[21.5625,60.3688,0.0],[21.5604,60.3667,18.4581],[21.5625,60.3646,14.2895]]],
[[[21.2188,60.2438,0.0],[21.2151,60.2422,10.094],[21.2229,60.2375,16.898],[21.2276,60.2432,16.0441],[21.2328,60.2443,13.9802],[21.2333,60.2458,12.2683],[21.2313,60.2479,9.5944],[21.2188,60.2438,0.0]]],
[[[21.2141,60.2453,15.816],[21.2109,60.2453,10.8113],[21.2109,60.2443,0.0],[21.2125,60.2438,5.4857],[21.2141,60.2453,15.816]]],
[[[21.2391,60.2557,0.0],[21.2375,60.2562,0.0],[21.2359,60.2547,15.2398],[21.2375,60.2542,19.4363],[21.2391,60.2557,0.0]]],
[[[21.225,60.2625,10.5125],[21.2292,60.2625,4.1889],[21.2307,60.2641,1.0398],[21.2234,60.2641,11.4155],[21.225,60.2625,10.5125]]],
[[[21.2828,60.2453,0.0],[21.2771,60.2479,18.5712],[21.2714,60.2443,5.9291],[21.2813,60.2438,0.0],[21.2828,60.2453,0.0]]],
[[[21.3047,60.2651,0.0],[21.3146,60.2625,17.1131],[21.3203,60.263,1.8951],[21.3151,60.2672,5.1993],[21.3161,60.2703,0.0],[21.3146,60.2708,11.0823],[21.3068,60.2682,0.0],[21.3047,60.2651,0.0]]],
[[[21.2396,60.2729,0.0],[21.2359,60.2703,8.3999],[21.2391,60.2682,14.1575],[21.238,60.2651,0.0],[21.2474,60.2672,0.0],[21.2443,60.2693,21.0267],[21.2453,60.2724,0.0],[21.2396,60.2729,0.0]]],
[[[21.3167,60.2729,7.0368],[21.3182,60.2745,8.5357],[21.3125,60.275,0.0],[21.3089,60.2714,0.6709],[21.3104,60.2708,6.8844],[21.3167,60.2729,7.0368]]],
[[[21.2229,60.2708,0.0],[21.2245,60.2714,13.5331],[21.2245,60.2745,19.4518],[21.2172,60.2745,0.0],[21.2172,60.2714,12.0093],[21.2229,60.2708,0.0]]],
[[[21.2146,60.2792,8.1733],[21.2161,60.2807,5.809],[21.2047,60.2807,7.1486],[21.2062,60.2792,8.9261],[21.2146,60.2792,8.1733]]],
[[[21.1896,60.2833,8.759],[21.1911,60.2849,0.0],[21.1839,60.287,4.0063],[21.1839,60.2839,11.0984],[21.1896,60.2833,8.759]]],
[[[21.1229,60.2979,0.0],[21.1266,60.2974,5.7361],[21.1292,60.2938,3.2669],[21.1349,60.2964,0.0],[21.1313,60.3,2.8759],[21.1214,60.2995,0.0],[21.1229,60.2979,0.0]]],
[[[21.1797,60.2995,0.0],[21.1807,60.3016,7.5235],[21.1734,60.3016,14.1028],[21.1755,60.2984,3.0254],[21.1797,60.2995,0.0]]],
[[[21.1474,60.3036,4.506],[21.1443,60.3036,2.1839],[21.1443,60.3026,5.5186],[21.1474,60.3026,6.6091],[21.1474,60.3036,4.506]]],
[[[21.1672,60.3057,2.3412],[21.1688,60.3083,17.2779],[21.1667,60.3104,3.9731],[21.1651,60.3099,3.9731],[21.163,60.3047,1.5462],[21.1672,60.3057,2.3412]]],
[[[21.2396,60.3083,0.0],[21.2411,60.3099,7.9775],[21.2339,60.3109,12.1267],[21.2349,60.3141,0.0],[21.2333,60.3146,0.0],[21.2292,60.3125,11.1485],[21.225,60.3146,4.5248],[21.2167,60.3146,3.9799],[21.2151,60.313,0.0],[21.2203,60.312,11.8492],[21.2193,60.3089,7.3889],[21.2224,60.3068,6.1413],[21.2125,60.3063,6.7897],[21.2083,60.3083,0.0],[21.2005,60.3047,8.186],[21.2042,60.3021,6.6816],[21.2125,60.3021,7.6742],[21.2167,60.3042,7.4218],[21.2208,60.3042,0.0],[21.225,60.3021,6.8516],[21.2313,60.3021,0.0],[21.237,60.3047,7.6074],[21.2359,60.3078,2.3682],[21.2396,60.3083,0.0]]],
[[[21.4786,60.3078,26.9266],[21.4714,60.3078,16.6113],[21.4693,60.3057,4.0709],[21.4693,60.3026,6.4062],[21.4807,60.3026,0.0],[21.4807,60.3057,18.7533],[21.4786,60.3078,26.9266]]],
[[[21.462,60.3078,13.4531],[21.4589,60.3078,24.1305],[21.4589,60.3068,9.3476],[21.4604,60.3063,9.0109],[21.462,60.3078,13.4531]]],
[[[21.4349,60.312,0.0],[21.4292,60.3125,14.2665],[21.4276,60.3109,0.0],[21.4313,60.3083,3.1865],[21.4349,60.312,0.0]]],
[[[21.5083,60.3104,0.0],[21.512,60.3141,0.0],[21.5089,60.3141,0.0],[21.5068,60.312,5.0409],[21.5083,60.3104,0.0]]],
[[[21.3807,60.312,14.3901],[21.3776,60.312,15.8428],[21.3776,60.3109,7.435],[21.3792,60.3104,1.3288],[21.3807,60.312,14.3901]]],
[[[21.3307,60.3203,14.6121],[21.3292,60.3208,13.1053],[21.3276,60.3193,16.8604],[21.3292,60.3187,0.0],[21.3307,60.3203,14.6121]]],
[[[21.3682,60.3266,14.8509],[21.3651,60.3266,8.915],[21.3651,60.3255,0.0],[21.3682,60.3255,11.3822],[21.3682,60.3266,14.8509]]],
[[[21.3516,60.3266,18.9674],[21.3484,60.3266,12.6148],[21.3484,60.3255,15.0581],[21.3516,60.3255,15.0673],[21.3516,60.3266,18.9674]]],
[[[21.3984,60.3328,3.4212],[21.4083,60.3292,0.0],[21.4104,60.3312,0.0],[21.4083,60.3333,17.44],[21.3984,60.3328,3.4212]]],
[[[21.3292,60.3333,1.7616],[21.3328,60.3339,0.0],[21.3328,60.337,7.409],[21.3188,60.3417,2.4338],[21.313,60.3411,10.5269],[21.3172,60.3339,5.6572],[21.3292,60.3333,1.7616]]],
[[[21.4203,60.3411,7.4118],[21.4063,60.3417,18.5429],[21.4047,60.3401,18.4394],[21.4188,60.3396,10.1301],[21.4203,60.3411,7.4118]]],
[[[21.4318,60.3505,5.303],[21.4292,60.3521,8.3165],[21.4193,60.3484,0.0],[21.4349,60.3484,15.3293],[21.4318,60.3505,5.303]]],
[[[21.4688,60.3417,17.1372],[21.4589,60.3411,10.0703],[21.4568,60.3359,0.0],[21.4703,60.338,0.0],[21.4703,60.3411,15.3088],[21.4688,60.3417,17.1372]]],
[[[21.4349,60.3391,6.2262],[21.4328,60.3411,6.6606],[21.4271,60.3417,0.0],[21.4234,60.338,8.3443],[21.4333,60.3375,4.6161],[21.4349,60.3391,6.2262]]],
[[[21.4786,60.363,0.0],[21.4786,60.3661,9.1186],[21.4771,60.3667,0.0],[21.4729,60.3625,19.4256],[21.475,60.3604,8.341],[21.4786,60.363,0.0]]],
[[[21.4911,60.3724,7.0487],[21.4839,60.3776,20.1387],[21.4859,60.3807,9.6895],[21.4891,60.3818,0.0],[21.4849,60.387,0.0],[21.475,60.3875,15.6257],[21.4693,60.3828,22.9449],[21.4708,60.3812,10.1497],[21.4766,60.3807,0.0],[21.4734,60.3766,0.0],[21.4734,60.3734,0.0],[21.4828,60.3724,16.7925],[21.4818,60.3672,7.3372],[21.4911,60.3693,0.0],[21.4911,60.3724,7.0487]]],
[[[21.1891,60.3141,10.8357],[21.1875,60.3146,10.2902],[21.1859,60.313,16.6406],[21.1891,60.313,16.3513],[21.1891,60.3141,10.8357]]],
[[[21.1672,60.3203,0.0],[21.1703,60.3245,0.0],[21.1589,60.3255,0.0],[21.1568,60.3276,8.1129],[21.1578,60.3307,0.0],[21.1443,60.3307,0.0],[21.1474,60.3286,11.7475],[21.1464,60.3234,7.0993],[21.1599,60.3224,16.9368],[21.1516,60.3151,0.0],[21.1464,60.3141,4.1893],[21.1505,60.3109,0.0],[21.162,60.3109,0.0],[21.1672,60.3203,0.0]]],
[[[21.1891,60.3224,0.0],[21.1938,60.3187,12.437],[21.2,60.3187,0.0],[21.2021,60.3208,0.0],[21.1995,60.3245,1.5717],[21.1917,60.3292,0.0],[21.1839,60.3245,14.7494],[21.1891,60.3224,0.0]]],
[[[21.2328,60.3245,14.9279],[21.2292,60.3271,0.0],[21.2255,60.3234,7.6518],[21.2292,60.3208,0.0],[21.2328,60.3245,14.9279]]],
[[[21.1703,60.3307,6.4121],[21.1688,60.3312,11.9706],[21.1672,60.3297,4.3363],[21.1688,60.3292,0.0],[21.1703,60.3307,6.4121]]],
[[[21.212,60.3307,3.2335],[21.2089,60.3307,12.4962],[21.2089,60.3297,2.4028],[21.212,60.3297,0.0],[21.212,60.3307,3.2335]]],
[[[21.1766,60.3339,6.0796],[21.1714,60.3318,0.0],[21.1792,60.3271,12.3038],[21.1911,60.3318,5.1722],[21.1901,60.3349,8.8688],[21.1911,60.337,0.4532],[21.1833,60.3417,0.0],[21.1797,60.3391,6.2412],[21.1766,60.3339,6.0796]]],
[[[21.1755,60.3391,0.0],[21.1766,60.3411,0.0],[21.1693,60.3411,0.9132],[21.1729,60.3375,1.112],[21.1755,60.3391,0.0]]],
[[[21.1891,60.3474,0.0],[21.1859,60.3474,1.6412],[21.1839,60.3443,20.4752],[21.1911,60.3422,14.4407],[21.1911,60.3453,15.7776],[21.1891,60.3474,0.0]]],
[[[21.1443,60.3495,17.6021],[21.1401,60.3422,9.0572],[21.1458,60.3396,0.0],[21.15,60.3396,10.6218],[21.1557,60.3422,19.1767],[21.1599,60.3464,0.8742],[21.1568,60.3495,0.0],[21.1661,60.3505,14.8779],[21.1682,60.3536,10.4313],[21.1651,60.3547,14.2314],[21.1661,60.3578,4.6767],[21.1604,60.3583,0.0],[21.1526,60.3557,15.3169],[21.1516,60.3526,19.105],[21.1464,60.3516,19.3728],[21.1443,60.3495,17.6021]]],
[[[21.2062,60.3563,0.0],[21.2026,60.3557,-0.2857],[21.2005,60.3505,19.7572],[21.2062,60.3479,2.933],[21.2083,60.35,11.7721],[21.2068,60.3526,16.9232],[21.2078,60.3557,5.5834],[21.2062,60.3563,0.0]]],
[[[21.1453,60.3578,7.6385],[21.1422,60.3578,4.8786],[21.1422,60.3568,3.5192],[21.1453,60.3568,5.7718],[21.1453,60.3578,7.6385]]],
[[[21.2964,60.3307,9.5981],[21.2984,60.3328,0.0],[21.3036,60.3339,15.2579],[21.3036,60.337,15.7729],[21.2917,60.3396,11.6518],[21.2901,60.338,1.4858],[21.2932,60.3339,0.0],[21.2776,60.3286,0.0],[21.2807,60.3266,4.7463],[21.2786,60.3234,-0.5902],[21.2729,60.3229,11.2916],[21.2687,60.325,10.6437],[21.2646,60.325,14.8311],[21.263,60.3234,3.8115],[21.2667,60.3208,10.5753],[21.3021,60.3208,0.0],[21.3078,60.3234,14.5746],[21.312,60.3276,0.0],[21.3104,60.3292,0.0],[21.2979,60.3292,8.0449],[21.2964,60.3307,9.5981]]],
[[[21.3083,60.3438,0.0],[21.2979,60.3438,0.0],[21.2964,60.3422,2.6828],[21.3,60.3396,0.0],[21.3042,60.3396,2.5005],[21.312,60.3422,10.2593],[21.3083,60.3438,0.0]]],
[[[21.2917,60.3563,3.2295],[21.2813,60.3563,3.623],[21.2797,60.3547,6.3806],[21.2833,60.3521,0.0],[21.2917,60.3521,11.4387],[21.2953,60.3557,0.0],[21.2917,60.3563,3.2295]]],
[[[21.2839,60.3953,12.9464],[21.2849,60.3974,0.0],[21.2792,60.3979,3.9608],[21.2755,60.3943,16.6453],[21.2813,60.3937,0.0],[21.2839,60.3953,12.9464]]],
[[[21.1708,60.3625,8.437],[21.1693,60.3609,0.0],[21.1745,60.3578,10.2854],[21.1734,60.3547,1.2416],[21.175,60.3542,0.0],[21.1792,60.3563,5.5206],[21.187,60.3568,14.2241],[21.1896,60.3604,0.0],[21.188,60.363,0.0],[21.1891,60.3661,8.2591],[21.1875,60.3667,2.5372],[21.1818,60.3661,5.0859],[21.1771,60.3625,17.5769],[21.1708,60.3625,8.437]]],
[[[21.1495,60.3661,14.9515],[21.1464,60.3661,0.0],[21.1464,60.3651,2.672],[21.1495,60.3651,6.835],[21.1495,60.3661,14.9515]]],
[[[21.2313,60.3708,6.8061],[21.2276,60.3682,0.0],[21.2307,60.3661,1.553],[21.2297,60.363,4.6558],[21.237,60.363,0.0],[21.2359,60.3661,0.0],[21.237,60.3682,0.0],[21.2313,60.3708,6.8061]]],
[[[21.2125,60.3708,3.0813],[21.2161,60.3703,12.5319],[21.2151,60.3672,0.0],[21.2167,60.3667,0.0],[21.2203,60.3693,6.7232],[21.2167,60.3729,0.0],[21.2109,60.3724,10.0331],[21.2125,60.3708,3.0813]]],
[[[21.1891,60.3724,7.1653],[21.1859,60.3724,11.5091],[21.1859,60.3714,1.7121],[21.1875,60.3708,0.2415],[21.1891,60.3724,7.1653]]],
[[[21.2099,60.3745,14.6153],[21.2068,60.3745,4.3703],[21.2068,60.3734,6.4261],[21.2083,60.3729,8.9329],[21.2099,60.3745,14.6153]]],
[[[21.1818,60.3745,0.0],[21.1833,60.3729,0.0],[21.1849,60.3734,18.0382],[21.1849,60.3745,15.6947],[21.1818,60.3745,0.0]]],
[[[21.175,60.3771,0.0],[21.1786,60.3828,4.8145],[21.1714,60.3839,6.1538],[21.1724,60.387,14.4513],[21.1667,60.3875,3.9818],[21.163,60.3849,6.1944],[21.1641,60.3797,0.0],[21.1609,60.3734,11.2328],[21.1708,60.3729,2.4553],[21.175,60.3771,0.0]]],
[[[21.1563,60.3854,18.5611],[21.1505,60.3849,17.2901],[21.1464,60.3776,0.0],[21.1536,60.3776,7.9962],[21.1578,60.3818,0.0],[21.1578,60.3849,0.0],[21.1563,60.3854,18.5611]]],
[[[21.2349,60.3974,0.0],[21.2318,60.3974,16.7869],[21.2318,60.3964,6.134],[21.2349,60.3964,0.0],[21.2349,60.3974,0.0]]],
[[[21.1667,60.4,0.0],[21.1682,60.3984,4.8792],[21.1651,60.3943,10.6741],[21.1724,60.3922,19.276],[21.175,60.3958,14.7112],[21.1724,60.4016,8.4667],[21.1688,60.4042,16.9804],[21.163,60.4036,1.4898],[21.1667,60.4,0.0]]],
[[[21.1875,60.4,0.0],[21.1839,60.3974,12.5098],[21.187,60.3953,4.9025],[21.1859,60.3922,6.3174],[21.1917,60.3917,0.0],[21.1995,60.3943,12.9079],[21.1943,60.3984,19.6731],[21.1958,60.4021,0.0],[21.1932,60.4057,3.7239],[21.1901,60.4057,7.4712],[21.1911,60.4005,0.0],[21.1875,60.4,0.0]]],
[[[21.2646,60.3958,9.3852],[21.2724,60.3984,0.0],[21.2745,60.4016,0.0],[21.2667,60.4042,6.9395],[21.2625,60.4021,0.0],[21.2547,60.4016,0.0],[21.2521,60.3979,0.0],[21.2563,60.3937,11.0707],[21.2604,60.3937,0.0],[21.2646,60.3958,9.3852]]],
[[[21.2609,60.4057,4.7142],[21.2625,60.4042,12.2884],[21.2641,60.4047,17.6334],[21.2625,60.4063,11.7898],[21.2609,60.4057,4.7142]]],
[[[21.2687,60.4146,11.5924],[21.275,60.4146,14.9721],[21.2766,60.4161,9.4062],[21.2646,60.4208,0.0],[21.2604,60.4188,9.7722],[21.2563,60.4208,0.0],[21.2521,60.4208,13.7833],[21.2484,60.4182,15.4158],[21.2505,60.4151,2.8798],[21.2563,60.4125,8.5153],[21.2646,60.4125,0.0],[21.2687,60.4146,11.5924]]],
[[[21.263,60.4255,12.5593],[21.2729,60.425,13.3624],[21.2745,60.4266,0.0],[21.2646,60.4292,3.7805],[21.263,60.4286,11.0891],[21.263,60.4255,12.5593]]],
[[[21.4099,60.3505,2.8005],[21.4083,60.3521,23.8209],[21.4026,60.3516,15.9583],[21.4042,60.35,17.055],[21.4099,60.3505,2.8005]]],
[[[21.3312,60.3896,17.4014],[21.325,60.3917,0.0],[21.3208,60.3896,10.1538],[21.3146,60.3937,15.4656],[21.3104,60.3917,12.3255],[21.3026,60.3911,0.0],[21.3005,60.3891,0.0],[21.3005,60.3859,0.0],[21.3036,60.3859,14.6289],[21.3104,60.3896,7.184],[21.3161,60.3859,11.7315],[21.3109,60.3849,0.0],[21.3016,60.3776,12.7631],[21.2922,60.3766,0.0],[21.2922,60.3734,0.0],[21.2979,60.3688,8.218],[21.3078,60.3682,1.0],[21.3026,60.3651,0.0],[21.3099,60.3641,12.0819],[21.3146,60.3604,7.7281],[21.325,60.3708,4.2442],[21.3266,60.3693,0.6022],[21.3234,60.3651,9.9986],[21.3333,60.3646,0.0],[21.3391,60.3661,0.0],[21.3391,60.363,7.7593],[21.3339,60.362,19.3061],[21.3318,60.3589,16.9568],[21.3349,60.3578,8.6017],[21.3339,60.3547,2.5471],[21.3396,60.3521,13.8969],[21.3438,60.3521,10.2612],[21.3479,60.3542,3.2296],[21.3526,60.3505,3.3587],[21.3583,60.35,0.0],[21.3625,60.3521,3.266],[21.3745,60.3526,11.4976],[21.3729,60.3542,18.177],[21.3672,60.3547,0.0],[21.3557,60.3703,2.7283],[21.35,60.3708,0.7887],[21.3464,60.3734,3.821],[21.3474,60.3786,14.0248],[21.3401,60.3839,8.0484],[21.3411,60.387,0.0],[21.3312,60.3896,17.4014]]],
[[[21.3484,60.4099,0.0],[21.3458,60.4083,11.9136],[21.3354,60.4125,11.9874],[21.3271,60.4125,13.9486],[21.3172,60.4068,0.0],[21.3396,60.4063,0.0],[21.3458,60.4021,15.5394],[21.35,60.4021,18.6285],[21.3604,60.4063,4.6126],[21.362,60.4047,0.0],[21.3568,60.4016,0.0],[21.3547,60.3984,10.5054],[21.3641,60.3911,6.5087],[21.3661,60.387,0.0],[21.3651,60.3839,0.0],[21.3849,60.3766,15.8222],[21.388,60.3734,0.0],[21.3953,60.3724,18.3941],[21.4,60.3688,17.586],[21.4036,60.3714,12.6147],[21.4078,60.3776,0.0],[21.4047,60.3797,12.5322],[21.4057,60.3828,0.0],[21.4005,60.387,12.9566],[21.4042,60.3896,10.3296],[21.412,60.3901,6.1109],[21.4089,60.3922,22.7139],[21.4099,60.3953,0.0],[21.3979,60.4,0.0],[21.3875,60.4,0.0],[21.3833,60.4042,0.0],[21.3771,60.4042,7.5142],[21.3625,60.4083,0.0],[21.3563,60.4083,6.2725],[21.3521,60.4063,13.0123],[21.3505,60.4068,13.0123],[21.3516,60.4099,0.0],[21.3484,60.4099,0.0]]],
[[[21.4313,60.4167,0.0],[21.4297,60.4172,4.1311],[21.4307,60.4203,0.0],[21.4234,60.4214,15.1488],[21.4245,60.4245,8.1645],[21.4229,60.425,16.8922],[21.412,60.4172,7.1529],[21.4042,60.4167,0.0],[21.4026,60.4151,1.5852],[21.4083,60.4125,17.1703],[21.4161,60.412,-0.0083],[21.413,60.4057,7.5888],[21.4161,60.4036,20.5629],[21.4151,60.4005,0.0],[21.4333,60.4,0.0],[21.437,60.4026,0.0],[21.4417,60.4104,5.5196],[21.437,60.4161,13.5996],[21.4313,60.4167,0.0]]],
[[[21.4625,60.3854,0.0],[21.4641,60.3859,0.0],[21.4641,60.387,0.0],[21.4609,60.387,11.4104],[21.4625,60.3854,0.0]]],
[[[21.4604,60.3958,9.4097],[21.462,60.3974,6.1183],[21.4589,60.3974,0.0],[21.4589,60.3964,9.9731],[21.4604,60.3958,9.4097]]],
[[[21.4063,60.4229,0.0],[21.4141,60.4255,0.0],[21.4182,60.4318,0.0],[21.4151,60.4339,11.1408],[21.4161,60.437,0.0],[21.4141,60.4391,7.2574],[21.4068,60.4391,18.2471],[21.4016,60.4318,20.1839],[21.3937,60.4292,4.0575],[21.3901,60.4339,22.7057],[21.3911,60.4391,19.6798],[21.3854,60.4396,8.5155],[21.3807,60.4339,16.6694],[21.3755,60.4328,0.0],[21.3745,60.4297,0.0],[21.3693,60.4286,0.0],[21.3672,60.4266,5.0567],[21.3682,60.4214,2.0203],[21.3661,60.4193,22.0727],[21.3589,60.4203,0.0],[21.3568,60.4151,13.713],[21.3589,60.4109,0.0],[21.3688,60.4104,0.0],[21.375,60.4146,1.4384],[21.3833,60.4146,3.9079],[21.3911,60.4172,0.0],[21.3964,60.4245,0.0],[21.4021,60.425,-0.1706],[21.4063,60.4229,0.0]]],
[[[21.3521,60.4271,6.7673],[21.3563,60.4229,16.0129],[21.3578,60.4234,11.9262],[21.3599,60.4286,3.3043],[21.3563,60.4313,8.7062],[21.3521,60.4313,19.4927],[21.3484,60.4276,0.0],[21.3521,60.4271,6.7673]]],
[[[21.3453,60.4318,0.0],[21.3438,60.4333,7.7945],[21.338,60.4328,19.5665],[21.3396,60.4313,11.1322],[21.3453,60.4318,0.0]]],
[[[21.3693,60.4339,17.1125],[21.3708,60.4333,11.7338],[21.3724,60.4349,20.1621],[21.3693,60.4349,21.1321],[21.3693,60.4339,17.1125]]],
[[[21.3755,60.4443,10.1624],[21.3729,60.4458,0.0],[21.3708,60.4437,23.4811],[21.3729,60.4417,4.3029],[21.3786,60.4422,16.5891],[21.3755,60.4443,10.1624]]],
[[[21.3625,60.4521,6.117],[21.3688,60.45,0.0],[21.3766,60.4526,4.0834],[21.3786,60.4557,9.606],[21.3667,60.4562,12.9508],[21.3609,60.4536,9.7824],[21.3625,60.4521,6.117]]],
[[[21.1693,60.4109,9.478],[21.1724,60.4109,11.2973],[21.1724,60.412,6.1797],[21.1708,60.4125,5.4727],[21.1693,60.4109,9.478]]],
[[[21.2193,60.4255,9.5175],[21.2161,60.4286,19.5113],[21.2104,60.4271,6.3061],[21.2042,60.4313,0.0],[21.2005,60.4286,5.2957],[21.2026,60.4234,4.6765],[21.2099,60.4182,3.6139],[21.2089,60.4151,0.0],[21.212,60.4141,0.0],[21.2104,60.4125,0.0],[21.2026,60.412,3.1146],[21.1984,60.4057,0.0],[21.2005,60.4026,12.2572],[21.2057,60.3995,13.5484],[21.2047,60.3964,0.0],[21.2078,60.3964,6.1907],[21.2146,60.4042,1.5241],[21.2214,60.4005,7.2606],[21.2307,60.3984,18.5277],[21.2286,60.4036,13.4054],[21.2214,60.4089,9.4572],[21.2224,60.412,13.9628],[21.2193,60.4182,0.0],[21.2224,60.4245,6.9427],[21.2193,60.4255,9.5175]]],
[[[21.1547,60.4151,0.7696],[21.1578,60.4151,3.8565],[21.1578,60.4161,3.4862],[21.1547,60.4161,0.0],[21.1547,60.4151,0.7696]]],
[[[21.1568,60.4193,9.3376],[21.1599,60.4193,7.252],[21.1599,60.4203,11.253],[21.1568,60.4203,16.0499],[21.1568,60.4193,9.3376]]],
[[[21.2646,60.4333,9.1245],[21.2661,60.4349,0.0],[21.263,60.4349,0.0],[21.263,60.4339,2.2323],[21.2646,60.4333,9.1245]]],
[[[21.2458,60.4354,0.0],[21.2474,60.4359,0.0],[21.2474,60.437,0.0],[21.2443,60.437,6.123],[21.2458,60.4354,0.0]]],
[[[21.188,60.4276,8.8632],[21.1896,60.4271,8.8632],[21.1911,60.4286,17.3247],[21.188,60.4286,16.8201],[21.188,60.4276,8.8632]]],
[[[21.2026,60.4391,9.5111],[21.1984,60.4318,0.0],[21.2016,60.4318,3.3205],[21.2057,60.4359,3.1449],[21.2057,60.4391,5.976],[21.2026,60.4391,9.5111]]],
[[[21.2036,60.4495,17.5132],[21.2005,60.4495,5.4073],[21.1984,60.4443,5.6714],[21.2016,60.4443,13.6777],[21.2036,60.4464,15.7605],[21.2036,60.4495,17.5132]]],
[[[21.1557,60.4464,5.182],[21.1542,60.4479,9.9635],[21.1484,60.4474,0.0],[21.15,60.4458,3.86],[21.1557,60.4464,5.182]]],
[[[21.1911,60.4464,0.0],[21.1813,60.45,6.3934],[21.1729,60.45,3.2152],[21.1708,60.4479,6.892],[21.1729,60.4458,12.5831],[21.1911,60.4464,0.0]]],
[[[21.1484,60.4526,12.1772],[21.1458,60.4542,14.525],[21.1437,60.4521,0.0],[21.1458,60.45,1.2287],[21.1516,60.4505,2.4531],[21.1484,60.4526,12.1772]]]]}}