{"type":"Feature","properties":{"GID_3":"FIN.4.5.1_1","GID_0":"FIN","country":"Finland","GID_1":"FIN.4_1","province":"SouthernFinland","NL_NAME_1":"NA","GID_2":"FIN.4.5_1","county":"Uusimaa","NL_NAME_2":"NA","city":"Ekenäs","VARNAME_3":"NA","NL_NAME_3":"NA","TYPE_3":"Seutukunta|Ekonomiskregion","ENGTYPE_3":"Sub-Region","CC_3":"NA","HASC_3":"NA","name":"Ekenäs.city"},
"geometry":{"type": "MultiPolygon","coordinates": [[[[22.963,59.7526,2.0251],[22.9664,59.7532,0.0],[22.9653,59.7546,0.0],[22.9603,59.7543,0.0],[22.9603,59.7529,0.0],[22.963,59.7526,2.0251]]],
[[[22.9669,59.756,1.5635],[22.9708,59.7557,0.0],[22.9708,59.7568,0.0],[22.9692,59.7582,4.2547],[22.9647,59.7574,0.0],[22.9669,59.756,1.5635]]],
[[[22.9603,59.7601,0.0],[22.9625,59.7604,0.0],[22.9608,59.7629,0.5501],[22.9553,59.7629,0.0],[22.9553,59.761,0.0],[22.9603,59.7601,0.0]]],
[[[22.9253,59.7646,0.0],[22.9264,59.7657,0.0],[22.9253,59.7668,0.0],[22.9219,59.7651,0.0],[22.9219,59.7646,0.0],[22.9253,59.7646,0.0]]],
[[[22.9014,59.7687,0.0],[22.9031,59.7699,0.0],[22.8969,59.7696,0.0],[22.8981,59.7685,0.0],[22.9014,59.7687,0.0]]],
[[[22.9458,59.7765,0.7488],[22.9369,59.7776,0.0],[22.9319,59.7743,0.0],[22.9319,59.7715,0.0],[22.9386,59.7701,0.2122],[22.9347,59.7682,0.0],[22.9364,59.7674,0.0],[22.9392,59.7674,0.0],[22.9425,59.7701,1.1811],[22.9458,59.7693,2.0269],[22.9458,59.7682,2.6197],[22.9419,59.7676,0.0],[22.9414,59.7657,0.6389],[22.9453,59.7663,0.9887],[22.9481,59.7649,0.0],[22.9531,59.7671,2.2393],[22.9542,59.7682,2.2393],[22.9536,59.7735,2.1369],[22.9458,59.7765,0.7488]]],
[[[22.8958,59.7818,0.0],[22.9008,59.7829,0.0],[22.8842,59.7826,0.0],[22.8853,59.7815,0.0],[22.8958,59.7818,0.0]]],
[[[22.9114,59.7882,1.7698],[22.9092,59.7904,0.0],[22.9081,59.7882,0.3465],[22.9025,59.7896,1.0508],[22.8986,59.7876,0.0],[22.8986,59.7857,0.0],[22.9064,59.7876,0.9506],[22.9103,59.7865,0.0],[22.9125,59.7874,0.0],[22.9114,59.7882,1.7698]]],
[[[22.8103,59.7693,0.1679],[22.8125,59.769,0.0],[22.8131,59.7713,0.0],[22.8097,59.7718,0.191],[22.8103,59.7693,0.1679]]],
[[[22.8875,59.7943,0.0],[22.8819,59.7957,0.0],[22.8786,59.7938,0.0],[22.883,59.7915,0.0],[22.8892,59.7935,0.0],[22.8875,59.7943,0.0]]],
[[[22.8619,59.794,0.0],[22.8631,59.7932,0.0],[22.8658,59.7932,0.0],[22.8653,59.7954,0.0],[22.8619,59.794,0.0]]],
[[[22.8592,59.7962,0.0],[22.8658,59.7962,0.0],[22.8658,59.7974,0.0],[22.8614,59.7979,0.0],[22.8581,59.7965,0.0],[22.8592,59.7962,0.0]]],
[[[22.9314,59.7888,2.291],[22.9319,59.7907,0.9427],[22.9297,59.791,0.9427],[22.9247,59.7893,0.8628],[22.9247,59.7876,3.9084],[22.9281,59.7868,0.0],[22.9314,59.7888,2.291]]],
[[[22.9447,59.7896,0.4024],[22.9408,59.7924,0.0],[22.9386,59.7918,0.5131],[22.9386,59.789,0.0],[22.9447,59.7896,0.4024]]],
[[[22.9364,59.7935,1.8749],[22.9358,59.7962,1.051],[22.9319,59.7965,0.0],[22.9286,59.7926,6.1075],[22.9353,59.7901,0.0],[22.9364,59.7935,1.8749]]],
[[[22.9103,59.7962,0.0],[22.9053,59.7974,0.0],[22.9114,59.7938,1.3512],[22.9153,59.7935,0.8126],[22.9158,59.7915,0.0],[22.9219,59.7949,0.0],[22.9175,59.7968,0.0],[22.9142,59.7954,6.6605],[22.9103,59.7962,0.0]]],
[[[22.9236,59.7954,0.0],[22.9269,59.7949,0.0],[22.9253,59.7974,0.0],[22.9236,59.7974,0.0],[22.9236,59.7954,0.0]]],
[[[22.9347,59.7982,0.0],[22.928,59.7999,2.1241],[22.9275,59.7971,2.6276],[22.9336,59.7976,2.2081],[22.9347,59.7982,0.0]]],
[[[22.9169,59.7993,0.3071],[22.9197,59.7979,0.0],[22.9203,59.8004,0.0],[22.9175,59.8007,0.0],[22.9169,59.7993,0.3071]]],
[[[22.9436,59.799,0.2598],[22.9453,59.7996,0.0],[22.9453,59.8015,0.0],[22.9425,59.8021,0.0],[22.9414,59.7993,0.0],[22.9436,59.799,0.2598]]],
[[[22.8842,59.7965,0.0],[22.8836,59.7979,0.2822],[22.8786,59.7979,0.0],[22.8814,59.7962,0.0],[22.8842,59.7965,0.0]]],
[[[22.8025,59.8007,0.9377],[22.8019,59.8024,0.0],[22.7969,59.8026,0.0],[22.7981,59.7999,0.0],[22.8025,59.8007,0.9377]]],
[[[22.8786,59.8029,0.204],[22.8825,59.8043,0.0],[22.8719,59.8043,0.0],[22.8731,59.8026,0.0],[22.8786,59.8029,0.204]]],
[[[22.8236,59.8051,0.0],[22.8236,59.8065,0.0],[22.8203,59.8057,0.322],[22.8219,59.8043,0.6511],[22.8203,59.8032,0.0],[22.8253,59.8035,0.0],[22.8236,59.8051,0.0]]],
[[[22.9125,59.8001,0.0],[22.9114,59.8026,0.0],[22.9075,59.8026,0.0],[22.9086,59.8007,0.7335],[22.9125,59.8001,0.0]]],
[[[23.0103,59.8032,0.0],[23.0125,59.8029,0.0],[23.0131,59.8046,0.0],[23.0103,59.8051,0.9646],[23.0092,59.8035,0.0],[23.0103,59.8032,0.0]]],
[[[22.9103,59.8051,0.0],[22.9081,59.8074,0.0],[22.9047,59.8063,3.7716],[22.9069,59.8037,0.0],[22.9103,59.8051,0.0]]],
[[[23.0303,59.8151,0.0],[23.0308,59.8168,0.0],[23.0292,59.8176,0.0],[23.0253,59.8174,0.0],[23.0281,59.8143,0.0],[23.0303,59.8151,0.0]]],
[[[22.8097,59.804,0.0],[22.8103,59.806,0.0],[22.8042,59.8071,0.0],[22.8058,59.8037,0.0],[22.8097,59.804,0.0]]],
[[[22.8292,59.8057,0.0],[22.8342,59.8051,0.0],[22.8347,59.8068,0.0],[22.8281,59.8071,0.0],[22.8292,59.8057,0.0]]],
[[[22.8053,59.8104,0.0],[22.8069,59.8121,0.0],[22.8025,59.8118,0.0],[22.803,59.8104,0.0],[22.8053,59.8104,0.0]]],
[[[22.8314,59.8146,1.2392],[22.8286,59.816,0.0],[22.8197,59.816,0.0],[22.8186,59.8129,0.0],[22.8342,59.8129,0.0],[22.8314,59.8146,1.2392]]],
[[[23.0664,59.8054,0.0],[23.0681,59.8068,0.0],[23.0619,59.8068,0.3704],[23.0603,59.8049,0.0],[23.0625,59.8043,0.0],[23.0664,59.8054,0.0]]],
[[[23.1525,59.8107,2.7689],[23.1547,59.8132,0.2517],[23.1497,59.8129,0.6004],[23.1486,59.8099,0.0],[23.1503,59.8096,0.0],[23.1525,59.8107,2.7689]]],
[[[23.1103,59.8115,0.0],[23.1092,59.8132,0.674],[23.1036,59.8129,0.0],[23.1042,59.8104,0.0],[23.1103,59.8115,0.0]]],
[[[23.1486,59.8121,0.6004],[23.1492,59.8163,0.0],[23.1458,59.8165,2.2174],[23.1408,59.8138,0.0],[23.1419,59.8115,0.0],[23.1447,59.8132,2.5393],[23.1486,59.8121,0.6004]]],
[[[23.0847,59.814,4.0161],[23.0853,59.816,0.0],[23.0814,59.8174,0.0],[23.0764,59.8157,0.0],[23.0781,59.8143,0.9009],[23.0847,59.814,4.0161]]],
[[[23.2442,59.8185,0.0],[23.2436,59.8199,1.6136],[23.2369,59.8207,0.0],[23.2336,59.8193,0.0],[23.2342,59.8182,1.0273],[23.2308,59.8179,0.0],[23.2336,59.8157,0.0],[23.2275,59.8135,0.0],[23.2364,59.8129,0.0],[23.2375,59.8146,0.0],[23.2397,59.814,0.0],[23.2442,59.8185,0.0]]],
[[[23.2153,59.8271,0.0],[23.2158,59.8285,0.0],[23.2108,59.8293,0.0],[23.2042,59.8282,4.0636],[23.2075,59.8257,0.0],[23.2153,59.8271,0.0]]],
[[[23.2269,59.8271,2.8244],[23.2286,59.8268,0.0],[23.2292,59.8288,0.0],[23.2258,59.8288,0.0],[23.2269,59.8271,2.8244]]],
[[[23.2486,59.8143,1.2239],[23.2492,59.8154,1.2239],[23.2475,59.8163,0.5717],[23.2431,59.8157,0.0],[23.2442,59.8143,0.0],[23.2486,59.8143,1.2239]]],
[[[23.2636,59.819,5.0444],[23.2647,59.8207,0.0],[23.2636,59.8213,1.19],[23.2569,59.8207,0.0],[23.2475,59.8165,0.5717],[23.2508,59.8163,0.409],[23.2575,59.8187,2.0307],[23.2636,59.819,5.0444]]],
[[[23.2492,59.821,3.8062],[23.2497,59.8243,0.0],[23.2469,59.8246,0.0],[23.2447,59.8193,1.6136],[23.2475,59.8187,0.0],[23.2492,59.821,3.8062]]],
[[[23.2575,59.831,4.3039],[23.2597,59.8318,2.2068],[23.2553,59.8329,1.3224],[23.2519,59.8315,2.022],[23.2531,59.8307,2.022],[23.2575,59.831,4.3039]]],
[[[23.2497,59.8318,0.0],[23.2464,59.8329,3.2059],[23.2403,59.8324,0.0],[23.2419,59.831,4.2007],[23.2497,59.8318,0.0]]],
[[[23.2747,59.8329,0.0],[23.2764,59.834,0.0],[23.2592,59.8338,0.0],[23.2642,59.8321,3.0678],[23.2747,59.8329,0.0]]],
[[[23.2608,59.8354,0.0],[23.2608,59.8343,0.0],[23.2675,59.8349,0.0],[23.2653,59.836,0.0],[23.2608,59.8354,0.0]]],
[[[23.3469,59.8354,0.0],[23.3464,59.8374,0.0],[23.3425,59.8368,1.612],[23.3431,59.8351,0.0],[23.3469,59.8354,0.0]]],
[[[22.8608,59.8149,0.0],[22.8597,59.8165,0.0],[22.8608,59.8171,0.0],[22.8564,59.8163,0.7211],[22.8569,59.8149,0.0],[22.8608,59.8149,0.0]]],
[[[22.8503,59.8168,0.0],[22.8492,59.8154,0.0],[22.8531,59.816,0.0],[22.8531,59.8171,0.0],[22.8503,59.8168,0.0]]],
[[[22.8258,59.8226,0.4982],[22.8286,59.8232,0.0],[22.8264,59.8249,0.0],[22.8253,59.8246,0.0],[22.8258,59.8226,0.4982]]],
[[[22.8003,59.8274,0.0],[22.7964,59.829,0.0],[22.7964,59.8274,0.0],[22.8014,59.826,0.0],[22.8003,59.8274,0.0]]],
[[[22.8447,59.8271,0.0],[22.8453,59.8288,0.0],[22.8392,59.8288,0.0],[22.8414,59.826,1.0062],[22.8447,59.8271,0.0]]],
[[[22.8753,59.8293,0.0],[22.8764,59.8301,0.0],[22.8725,59.8307,0.0],[22.8708,59.8268,0.0],[22.8769,59.8263,0.0],[22.8769,59.8288,0.0],[22.8742,59.829,1.1477],[22.8753,59.8293,0.0]]],
[[[22.8092,59.8285,0.0],[22.8125,59.8285,0.0],[22.8131,59.8299,0.0],[22.8075,59.829,0.148],[22.8092,59.8285,0.0]]],
[[[22.8847,59.8304,0.0],[22.8853,59.8315,0.0],[22.8814,59.8324,0.0],[22.8764,59.8312,0.0],[22.8775,59.8301,0.0],[22.8847,59.8304,0.0]]],
[[[22.8264,59.8315,0.0],[22.8303,59.831,0.0],[22.8308,59.8329,0.0],[22.8303,59.834,0.0],[22.8258,59.8338,0.0],[22.8247,59.8318,0.0],[22.8264,59.8315,0.0]]],
[[[22.8614,59.834,0.0],[22.8592,59.8357,0.0],[22.8547,59.8357,0.0],[22.8531,59.834,0.3167],[22.8431,59.8346,0.8802],[22.8425,59.8335,0.0],[22.8536,59.8318,0.0],[22.8558,59.8343,0.698],[22.8614,59.834,0.0]]],
[[[22.8153,59.8374,0.5292],[22.8097,59.839,0.0],[22.8058,59.8385,0.0],[22.8064,59.8363,0.0],[22.8103,59.8365,0.6182],[22.8097,59.8357,0.6182],[22.8131,59.8349,0.0],[22.8153,59.8349,0.0],[22.8153,59.8374,0.5292]]],
[[[22.8208,59.8376,2.4389],[22.8153,59.839,0.6419],[22.8186,59.8365,0.0],[22.8219,59.8371,0.0],[22.8208,59.8376,2.4389]]],
[[[22.8675,59.8424,0.8299],[22.8697,59.844,0.0],[22.8619,59.8432,0.0],[22.8636,59.8421,0.0],[22.8675,59.8424,0.8299]]],
[[[22.822,59.8426,4.2659],[22.8269,59.8421,5.2939],[22.8281,59.8449,0.0],[22.8219,59.8451,4.7899],[22.8197,59.8438,0.0],[22.822,59.8426,4.2659]]],
[[[22.8386,59.8449,0.0],[22.8419,59.8446,0.4595],[22.8431,59.8457,0.0],[22.8375,59.8457,3.8879],[22.8386,59.8449,0.0]]],
[[[22.8186,59.8449,0.0],[22.8203,59.8454,0.0],[22.8192,59.8476,0.0],[22.8131,59.8476,0.0],[22.8136,59.8454,0.0],[22.8186,59.8449,0.0]]],
[[[23.3764,59.7621,0.5721],[23.3742,59.7654,1.414],[23.3708,59.7654,0.0],[23.3725,59.7621,0.0],[23.3764,59.7621,0.5721]]],
[[[23.3803,59.7624,0.0],[23.3797,59.7646,0.0],[23.3764,59.7654,0.0],[23.3775,59.7629,0.4217],[23.3803,59.7624,0.0]]],
[[[23.4353,59.7843,0.2687],[23.4369,59.7863,0.0],[23.4342,59.7868,0.0],[23.4286,59.7835,0.0],[23.4319,59.7832,0.0],[23.4353,59.7843,0.2687]]],
[[[23.3975,59.7935,0.0],[23.4025,59.7951,0.0],[23.3992,59.7957,0.0],[23.393,59.7938,0.0],[23.3975,59.7935,0.0]]],
[[[23.3997,59.7971,0.0],[23.3992,59.796,0.0],[23.4025,59.7962,0.0],[23.4031,59.7982,0.0],[23.4019,59.7982,0.0],[23.3997,59.7971,0.0]]],
[[[23.3542,59.8176,1.3256],[23.3514,59.8193,0.0],[23.3475,59.8187,0.0],[23.3503,59.8174,1.817],[23.3542,59.8176,1.3256]]],
[[[23.3836,59.8401,0.0],[23.3814,59.8421,0.0],[23.3775,59.8415,1.1566],[23.3803,59.8396,1.0102],[23.3836,59.8401,0.0]]],
[[[23.3975,59.8415,0.0],[23.3997,59.844,0.0],[23.3942,59.8432,5.3527],[23.3958,59.8413,0.0],[23.3975,59.8415,0.0]]],
[[[23.4619,59.8193,0.0],[23.4569,59.8215,0.1249],[23.4525,59.821,0.0962],[23.4536,59.8199,0.0],[23.4619,59.8193,0.0]]],
[[[23.4447,59.8221,0.2524],[23.4486,59.824,0.0],[23.4425,59.8243,0.0],[23.4436,59.8232,0.2524],[23.4419,59.8221,0.0],[23.4447,59.8221,0.2524]]],
[[[23.4719,59.8246,0.0],[23.4714,59.8265,3.0068],[23.4647,59.8265,0.7229],[23.4658,59.8243,0.0],[23.4719,59.8246,0.0]]],
[[[23.4597,59.8257,1.4987],[23.4614,59.8265,0.0],[23.4547,59.8265,0.0],[23.4547,59.8254,0.0],[23.4597,59.8257,1.4987]]],
[[[23.4803,59.8265,0.0],[23.4769,59.8282,0.219],[23.4742,59.8279,0.219],[23.4769,59.8251,0.0],[23.4803,59.8265,0.0]]],
[[[23.4792,59.8307,0.0],[23.4792,59.8296,0.0],[23.4858,59.8299,0.0],[23.4847,59.8318,0.3854],[23.4792,59.8307,0.0]]],
[[[23.4408,59.8324,0.0],[23.4386,59.8343,0.0],[23.4353,59.8338,0.0],[23.4369,59.8315,0.0],[23.4408,59.8324,0.0]]],
[[[23.4575,59.8354,0.0],[23.4603,59.8349,0.0],[23.4614,59.8363,0.0],[23.4564,59.8363,0.0],[23.4575,59.8354,0.0]]],
[[[23.5681,59.7976,0.0],[23.5686,59.801,0.0],[23.5636,59.8004,0.0],[23.5636,59.7979,0.0],[23.5681,59.7976,0.0]]],
[[[23.5631,59.8004,0.0],[23.5636,59.8012,0.0],[23.5603,59.8024,0.0],[23.5581,59.7999,0.2209],[23.5608,59.7996,0.3735],[23.5631,59.8004,0.0]]],
[[[23.5869,59.8026,0.0],[23.5842,59.8049,0.0],[23.5814,59.804,0.0],[23.5764,59.8007,0.0],[23.5758,59.7979,0.0],[23.5775,59.7979,0.0],[23.5797,59.801,0.3417],[23.5847,59.8004,0.0],[23.5847,59.8021,3.6674],[23.5869,59.8026,0.0]]],
[[[23.5753,59.8024,0.0],[23.5764,59.8046,0.3268],[23.5742,59.8057,0.0],[23.5697,59.8018,0.0],[23.5719,59.8015,0.0],[23.5753,59.8024,0.0]]],
[[[23.5919,59.7946,0.0],[23.5908,59.7965,0.154],[23.5864,59.7951,0.0],[23.5869,59.7943,0.1829],[23.5919,59.7946,0.0]]],
[[[23.6147,59.8254,0.1826],[23.6147,59.8243,0.1826],[23.6181,59.8249,0.0],[23.6164,59.8265,2.6009],[23.6131,59.8257,0.0],[23.6147,59.8254,0.1826]]],
[[[23.6358,59.8426,0.433],[23.6392,59.8424,1.0976],[23.6403,59.8443,0.0],[23.6358,59.8446,0.0],[23.6347,59.8426,0.433],[23.6358,59.8426,0.433]]],
[[[23.6397,59.8565,0.0],[23.6364,59.8579,2.1344],[23.6397,59.8579,2.1344],[23.6403,59.8593,0.8803],[23.6308,59.859,0.0],[23.6319,59.8574,0.0],[23.6397,59.8565,0.0]]],
[[[23.5808,59.8274,1.7131],[23.5819,59.8318,6.3022],[23.5808,59.8324,0.0],[23.5731,59.8315,1.8368],[23.5725,59.8301,8.3998],[23.5636,59.8307,0.0],[23.5608,59.8285,10.3547],[23.5547,59.8271,0.0],[23.5564,59.8254,14.5511],[23.553,59.8249,0.0],[23.5508,59.8215,0.0],[23.5614,59.8224,5.539],[23.5631,59.8204,0.0],[23.5714,59.8207,1.3211],[23.5714,59.8193,0.0],[23.5747,59.819,1.2678],[23.5775,59.8204,0.0],[23.5775,59.8221,1.9363],[23.5825,59.8232,0.0],[23.5781,59.826,0.9026],[23.5808,59.8274,1.7131]]],
[[[23.5175,59.8296,0.0],[23.5192,59.8315,0.5409],[23.5142,59.8315,0.0],[23.5153,59.8296,0.0],[23.5175,59.8296,0.0]]],
[[[23.5797,59.834,0.0],[23.5797,59.8354,0.0],[23.5747,59.836,0.0],[23.5647,59.8351,0.0],[23.5664,59.8324,6.1921],[23.5758,59.8324,2.0347],[23.5797,59.834,0.0]]],
[[[23.5347,59.8426,0.0],[23.5336,59.8451,0.0],[23.5247,59.8449,0.0],[23.5281,59.8435,0.0],[23.5236,59.8435,0.0],[23.5253,59.8421,0.5411],[23.5347,59.8426,0.0]]],
[[[23.5131,59.8446,0.0],[23.5114,59.8465,7.2872],[23.5069,59.846,3.2121],[23.5075,59.8438,2.6032],[23.5103,59.8426,0.9222],[23.5125,59.8429,0.9222],[23.5131,59.8446,0.0]]],
[[[23.5492,59.8476,4.7968],[23.5519,59.8485,0.0],[23.5519,59.8501,6.2526],[23.5414,59.8485,0.85],[23.5442,59.8471,6.5431],[23.5492,59.8476,4.7968]]],
[[[23.518,59.8488,0.0],[23.5153,59.8513,0.0],[23.5097,59.8504,2.533],[23.5097,59.849,2.533],[23.5142,59.8476,0.0],[23.518,59.8488,0.0]]],
[[[23.5231,59.8485,0.0],[23.5236,59.8496,1.6587],[23.5258,59.8501,0.0],[23.5208,59.8499,0.0],[23.5231,59.8485,0.0]]],
[[[23.4742,59.8354,0.0],[23.4769,59.8351,0.0],[23.4781,59.8365,0.0],[23.4719,59.8363,0.9392],[23.4742,59.8354,0.0]]],
[[[23.4569,59.8474,0.811],[23.4558,59.8457,2.9269],[23.4547,59.8482,4.6798],[23.4508,59.8479,0.0],[23.4525,59.8457,1.4052],[23.4564,59.8454,0.0],[23.4581,59.8429,0.0],[23.4631,59.8407,1.2661],[23.4669,59.8418,0.8011],[23.4753,59.8407,0.0],[23.4775,59.8426,1.5178],[23.4786,59.8413,0.0],[23.4908,59.8407,0.5678],[23.4925,59.8424,0.0],[23.4919,59.8438,0.0],[23.4853,59.8449,5.6304],[23.4781,59.8438,1.0711],[23.4792,59.8449,1.0711],[23.4758,59.8462,1.9644],[23.4719,59.8451,4.086],[23.473,59.8432,1.7835],[23.4653,59.8426,0.0],[23.4636,59.8438,5.0157],[23.4708,59.8465,1.0831],[23.4569,59.8474,0.811]]],
[[[23.4975,59.8451,0.7278],[23.4997,59.844,0.3555],[23.4997,59.8465,0.0],[23.4975,59.8462,1.7455],[23.4975,59.8451,0.7278]]],
[[[23.4853,59.8493,0.0],[23.4808,59.8504,11.1215],[23.4808,59.8524,0.0],[23.4758,59.8507,0.0],[23.4792,59.8482,0.0],[23.4858,59.8479,0.0],[23.4853,59.8493,0.0]]],
[[[23.3686,59.8438,5.8609],[23.3703,59.8454,0.0],[23.3658,59.8457,3.9764],[23.3647,59.844,6.4789],[23.3647,59.8435,0.0],[23.3686,59.8438,5.8609]]],
[[[23.3525,59.8454,0.0],[23.3553,59.8465,0.0],[23.3458,59.846,0.0],[23.3464,59.8449,0.0],[23.3525,59.8454,0.0]]],
[[[23.4364,59.8446,0.0],[23.4381,59.8471,0.0],[23.4319,59.8465,0.0],[23.4336,59.8446,0.0],[23.4364,59.8446,0.0]]],
[[[23.4281,59.8474,0.0],[23.4275,59.8488,0.0],[23.4231,59.8496,0.0],[23.4169,59.849,2.647],[23.4175,59.8474,2.458],[23.4297,59.8462,0.0],[23.4281,59.8474,0.0]]],
[[[23.3958,59.8465,0.0],[23.3975,59.849,0.7761],[23.3947,59.8493,0.7761],[23.3925,59.8476,0.8177],[23.3931,59.8468,0.0],[23.3958,59.8465,0.0]]],
[[[23.3581,59.8488,0.0],[23.3547,59.8504,4.8666],[23.3508,59.8499,2.8189],[23.3525,59.8479,5.3839],[23.3581,59.8488,0.0]]],
[[[23.3658,59.8518,9.8772],[23.3558,59.8521,0.0],[23.3553,59.8504,4.8666],[23.3658,59.8485,0.0],[23.3792,59.849,0.0],[23.3708,59.8515,4.6843],[23.3658,59.8518,9.8772]]],
[[[23.3875,59.849,1.4364],[23.3886,59.851,1.935],[23.3869,59.8521,0.0],[23.3747,59.8518,0.0],[23.3819,59.8485,1.2333],[23.3875,59.849,1.4364]]],
[[[23.4625,59.8499,0.0],[23.4631,59.851,0.0],[23.4614,59.8518,0.0],[23.4547,59.8513,0.0],[23.4558,59.8501,0.0],[23.4625,59.8499,0.0]]],
[[[23.5053,59.854,2.3432],[23.5075,59.8549,0.0],[23.5036,59.856,0.0],[23.4992,59.8551,1.7936],[23.5031,59.8532,4.8385],[23.4953,59.8543,0.0],[23.4842,59.8526,0.0],[23.4892,59.8488,0.0],[23.4992,59.8476,0.0],[23.4969,59.8504,0.0],[23.5047,59.8504,0.0],[23.5058,59.8524,0.0],[23.5103,59.8529,0.0],[23.5053,59.854,2.3432]]],
[[[23.4769,59.8538,0.0],[23.4647,59.8543,0.8769],[23.4664,59.8524,2.2774],[23.4703,59.8518,0.0],[23.4781,59.8526,0.0],[23.4769,59.8538,0.0]]],
[[[23.4547,59.8543,8.1459],[23.4553,59.8568,1.0767],[23.4514,59.8576,0.0],[23.4486,59.8574,0.0],[23.4475,59.8554,2.2457],[23.4492,59.8532,0.0],[23.4547,59.8543,8.1459]]],
[[[23.4036,59.8532,2.952],[23.4003,59.8549,1.0562],[23.4008,59.8535,3.9813],[23.3986,59.8538,0.0],[23.3936,59.8501,0.7761],[23.4047,59.8513,1.8093],[23.4042,59.8493,4.2188],[23.4136,59.8501,0.0],[23.4125,59.8515,0.8212],[23.4036,59.8532,2.952]]],
[[[23.3731,59.8524,0.7472],[23.3708,59.8554,5.7658],[23.3658,59.854,0.0],[23.3658,59.8526,1.375],[23.3731,59.8524,0.7472]]],
[[[23.3875,59.854,10.6735],[23.3914,59.8535,0.0],[23.3914,59.8551,0.338],[23.3858,59.8554,1.2669],[23.3875,59.854,10.6735]]],
[[[23.3597,59.8565,0.0],[23.3575,59.859,0.0],[23.3542,59.8579,0.0],[23.357,59.8557,2.0886],[23.3597,59.8565,0.0]]],
[[[23.4881,59.8549,0.0],[23.4908,59.8571,0.0],[23.4836,59.8568,0.0],[23.4847,59.8551,0.0],[23.4881,59.8549,0.0]]],
[[[23.4425,59.8557,0.0],[23.4447,59.8554,0.0],[23.4453,59.8568,0.0],[23.4414,59.8574,3.579],[23.4425,59.8557,0.0]]],
[[[23.4458,59.8593,1.7879],[23.4458,59.8613,2.699],[23.4386,59.8618,2.1091],[23.4369,59.8571,5.5999],[23.4397,59.8571,3.579],[23.4458,59.8593,1.7879]]],
[[[23.4531,59.8587,0.0],[23.4503,59.861,2.6165],[23.4481,59.8607,0.0],[23.4486,59.8585,0.0],[23.4531,59.8587,0.0]]],
[[[23.3969,59.8613,4.5629],[23.3903,59.8626,0.0],[23.3753,59.8624,1.9548],[23.3764,59.8601,0.0],[23.3753,59.859,0.0],[23.4042,59.856,1.9189],[23.3986,59.8582,5.4357],[23.3881,59.859,3.0519],[23.3981,59.8604,0.0],[23.3969,59.8613,4.5629]]],
[[[23.4342,59.8596,2.3021],[23.4375,59.8593,3.2396],[23.4375,59.861,2.1091],[23.4364,59.8624,0.0],[23.4325,59.8618,1.9802],[23.4342,59.8596,2.3021]]],
[[[23.4169,59.8615,0.0],[23.4192,59.8635,5.9509],[23.4092,59.864,1.824],[23.4069,59.8629,4.3321],[23.4097,59.8596,0.0],[23.4169,59.8615,0.0]]],
[[[23.4053,59.8629,4.3321],[23.4075,59.8638,10.5279],[23.4069,59.8654,10.5279],[23.4008,59.864,2.7494],[23.4025,59.8624,1.6486],[23.4053,59.8629,4.3321]]],
[[[23.4542,59.8615,2.1872],[23.4514,59.8632,0.0],[23.4475,59.8629,0.0],[23.4492,59.8613,2.6165],[23.4542,59.8615,2.1872]]],
[[[23.4903,59.8638,3.8008],[23.4869,59.866,0.0],[23.4814,59.866,3.3227],[23.4853,59.8635,0.9056],[23.4903,59.8638,3.8008]]],
[[[23.4769,59.8662,6.6315],[23.4686,59.8668,4.4791],[23.4658,59.8651,0.0],[23.473,59.864,7.8706],[23.4769,59.8662,6.6315]]],
[[[23.4369,59.8649,1.8382],[23.4425,59.8648,0.0],[23.4425,59.8665,8.1951],[23.4353,59.8662,2.8844],[23.4369,59.8649,1.8382]]],
[[[23.2531,59.8376,1.6316],[23.2508,59.8399,1.4415],[23.2486,59.8387,0.0],[23.2519,59.8365,0.0],[23.2542,59.8371,0.0],[23.2531,59.8376,1.6316]]],
[[[23.3286,59.8413,1.3935],[23.3225,59.8404,11.1256],[23.3225,59.8421,0.0],[23.3186,59.8424,0.0],[23.3169,59.8376,0.0],[23.3247,59.8349,0.1702],[23.3297,59.8349,0.0],[23.3358,59.8357,6.1649],[23.3375,59.8382,13.2036],[23.3414,59.8399,1.2935],[23.3386,59.8418,5.7215],[23.3286,59.8413,1.3935]]],
[[[23.2625,59.8426,0.0],[23.258,59.8435,5.4719],[23.2542,59.8421,5.298],[23.2664,59.841,0.0],[23.2692,59.8429,1.0618],[23.2625,59.8426,0.0]]],
[[[23.2897,59.8415,0.0],[23.2914,59.8424,0.0],[23.2825,59.8421,0.0],[23.2825,59.8415,0.0],[23.2897,59.8415,0.0]]],
[[[23.2758,59.846,0.0],[23.2719,59.8476,0.0],[23.2653,59.8468,0.0],[23.2697,59.8457,2.0869],[23.2719,59.8426,0.7602],[23.2747,59.8432,0.0],[23.2758,59.846,0.0]]],
[[[23.2597,59.8457,4.1303],[23.2569,59.8471,0.0],[23.2508,59.8465,1.2921],[23.2542,59.8438,9.3424],[23.2597,59.8438,8.7254],[23.2608,59.8443,1.9691],[23.2597,59.8457,4.1303]]],
[[[23.3358,59.8471,0.7868],[23.3292,59.8485,0.0],[23.3269,59.8457,0.0],[23.3336,59.8443,1.8627],[23.3364,59.8457,2.3671],[23.3358,59.8471,0.7868]]],
[[[23.3475,59.8471,0.0],[23.3475,59.8482,0.0],[23.3347,59.8493,1.0803],[23.3369,59.8476,0.7868],[23.3475,59.8471,0.0]]],
[[[23.2836,59.8476,2.0662],[23.2814,59.8496,4.6446],[23.2781,59.8496,0.7148],[23.2781,59.8479,0.9536],[23.2814,59.8465,0.0],[23.2842,59.8468,0.0],[23.2836,59.8476,2.0662]]],
[[[23.3414,59.8526,4.3714],[23.3353,59.854,0.8779],[23.3369,59.8513,0.0],[23.3436,59.8515,0.0],[23.3414,59.8526,4.3714]]],
[[[23.3358,59.8518,0.0],[23.3331,59.8551,0.0],[23.3303,59.8551,0.0],[23.3314,59.8524,0.0],[23.3358,59.8518,0.0]]],
[[[23.3531,59.8568,7.5491],[23.3425,59.8582,3.2173],[23.3303,59.8563,1.0261],[23.3486,59.8524,0.9346],[23.3553,59.8532,0.0],[23.3558,59.8551,1.5725],[23.3531,59.8568,7.5491]]],
[[[23.2019,59.8315,1.5645],[23.2047,59.8335,0.0],[23.1947,59.8329,4.802],[23.1953,59.8304,0.0],[23.2019,59.8315,1.5645]]],
[[[23.2436,59.8718,0.0],[23.2469,59.8726,0.0],[23.2475,59.8735,0.0],[23.2408,59.8726,1.7982],[23.2436,59.8718,0.0]]],
[[[23.0447,59.8757,0.0],[23.0453,59.8768,0.0],[23.0392,59.8774,0.0],[23.0403,59.8757,1.2535],[23.0447,59.8757,0.0]]],
[[[23.0486,59.8796,0.0],[23.0542,59.879,0.0],[23.0553,59.8804,0.0],[23.0503,59.8804,2.1347],[23.0486,59.8796,0.0]]],
[[[22.9647,59.816,0.4581],[22.9675,59.8163,0.4581],[22.9675,59.8176,0.1402],[22.9636,59.8168,0.4581],[22.9647,59.816,0.4581]]],
[[[22.9742,59.8154,0.0],[22.9753,59.8185,0.0],[22.973,59.819,0.0],[22.9708,59.816,0.0],[22.9742,59.8154,0.0]]],
[[[22.9492,59.8746,0.0],[22.9503,59.8754,0.0],[22.9436,59.8751,0.0],[22.9442,59.8737,0.0],[22.9492,59.8746,0.0]]],
[[[22.9742,59.876,0.0],[22.9758,59.8768,0.0],[22.9525,59.8774,0.0],[22.9531,59.8757,2.9533],[22.9625,59.8746,1.0453],[22.9742,59.876,0.0]]],
[[[22.8569,59.8474,0.8063],[22.8575,59.8454,0.0],[22.8608,59.8457,0.0],[22.8608,59.8474,0.0],[22.8569,59.8474,0.8063]]],
[[[22.8553,59.8462,0.0],[22.8564,59.8485,0.8063],[22.8581,59.8485,0.8063],[22.8581,59.8504,0.0],[22.8503,59.849,0.0],[22.8519,59.8465,0.6444],[22.8553,59.8462,0.0]]],
[[[22.8492,59.851,3.5255],[22.8508,59.8526,0.0],[22.8458,59.8524,0.0],[22.8464,59.8499,1.3946],[22.8381,59.8507,0.0],[22.8286,59.849,0.0],[22.8247,59.8501,3.0279],[22.8225,59.8482,0.0],[22.8281,59.8482,0.0],[22.8358,59.8454,0.0],[22.8375,59.8468,3.8879],[22.8486,59.8482,0.0],[22.8492,59.851,3.5255]]],
[[[22.8558,59.8554,0.0],[22.8575,59.8571,0.0],[22.8519,59.8568,0.0],[22.8536,59.8554,0.0],[22.8558,59.8554,0.0]]],
[[[22.9997,59.8887,0.0],[22.9958,59.8901,2.4261],[22.9986,59.8874,0.0],[23.0008,59.8876,0.0],[22.9997,59.8887,0.0]]],
[[[22.9308,59.8918,1.8969],[22.9258,59.8926,0.0],[22.9253,59.894,0.534],[22.9197,59.8932,0.0],[22.9214,59.8899,0.0],[22.9308,59.8904,0.0],[22.9347,59.8863,0.933],[22.9453,59.8874,0.0],[22.9447,59.8893,0.0],[22.9414,59.8896,0.0],[22.9414,59.8924,0.0],[22.9308,59.8918,1.8969]]],
[[[22.9158,59.891,0.0],[22.9142,59.8926,0.0],[22.9103,59.8921,0.0],[22.9108,59.8907,1.2139],[22.9158,59.891,0.0]]],
[[[22.9286,59.8943,4.5533],[22.9292,59.8932,0.0],[22.9364,59.8935,0.0],[22.9358,59.8946,0.0],[22.9286,59.8943,4.5533]]],
[[[22.8814,59.8868,0.0],[22.8769,59.8882,0.0],[22.8742,59.8857,0.0],[22.8792,59.8846,0.0],[22.8786,59.8863,1.0576],[22.8814,59.8868,0.0]]],
[[[22.8558,59.8932,5.3536],[22.8531,59.8946,0.6625],[22.8508,59.8937,0.0],[22.8531,59.8918,0.0],[22.8608,59.8921,0.0],[22.8586,59.8932,0.0],[22.8558,59.8932,5.3536]]],
[[[22.883,59.8968,0.0],[22.8803,59.899,0.0],[22.8775,59.899,0.0],[22.8736,59.896,0.0],[22.8803,59.8929,6.3428],[22.8781,59.8918,0.8225],[22.8792,59.8901,0.0],[22.8897,59.8896,0.0],[22.8853,59.8918,0.0],[22.8886,59.8929,0.0],[22.8881,59.8946,0.0],[22.883,59.8968,0.0]]],
[[[22.8714,59.8968,0.0],[22.8731,59.8976,0.0],[22.8653,59.8979,1.0136],[22.8664,59.8965,0.0],[22.8714,59.8968,0.0]]],
[[[23.2986,59.8585,1.8442],[23.2964,59.8599,5.083],[23.2869,59.859,0.8082],[23.2958,59.8574,3.6655],[23.2986,59.8574,1.8442],[23.2986,59.8585,1.8442]]],
[[[23.3053,59.8585,0.0],[23.3075,59.8582,0.0],[23.3081,59.8593,0.0],[23.303,59.8593,0.0],[23.3053,59.8585,0.0]]],
[[[23.2786,59.8665,8.6175],[23.2819,59.8668,0.0],[23.2825,59.8682,0.0],[23.2742,59.8674,0.0],[23.2747,59.8643,5.7771],[23.2697,59.8626,0.0],[23.2697,59.861,0.0],[23.2669,59.8599,1.2155],[23.2808,59.859,0.3615],[23.2808,59.861,0.0],[23.2764,59.8624,3.9793],[23.2797,59.8629,3.9793],[23.2803,59.866,0.0],[23.2786,59.8665,8.6175]]],
[[[23.2869,59.8621,0.0],[23.2875,59.8646,0.0],[23.2858,59.866,2.4235],[23.2808,59.8635,0.0],[23.2814,59.8621,0.0],[23.2869,59.8621,0.0]]],
[[[23.3236,59.8629,0.0],[23.3242,59.8651,0.0],[23.3219,59.8662,0.0],[23.3169,59.8651,0.0],[23.3192,59.8638,1.0771],[23.3236,59.8629,0.0]]],
[[[23.2958,59.8696,9.4415],[23.2914,59.8693,4.9843],[23.2908,59.8713,3.1965],[23.2886,59.8715,3.1965],[23.2858,59.8696,2.167],[23.2858,59.8679,0.0],[23.2881,59.8651,0.0],[23.2958,59.8646,5.6004],[23.2953,59.8629,2.0376],[23.2981,59.8629,6.5038],[23.2975,59.8613,2.0536],[23.3114,59.8604,0.0],[23.3114,59.8621,0.0],[23.3092,59.8629,0.0],[23.3108,59.866,0.0],[23.3081,59.869,0.491],[23.2958,59.8696,9.4415]]],
[[[23.3181,59.8676,2.4645],[23.3175,59.8696,0.0],[23.3125,59.8693,2.3367],[23.3142,59.8674,2.3097],[23.3181,59.8676,2.4645]]],
[[[23.3114,59.8732,0.0],[23.3092,59.8754,1.9754],[23.3053,59.8754,9.4638],[23.3008,59.8749,1.8348],[23.2992,59.8726,7.1985],[23.3036,59.8701,6.0932],[23.3075,59.8701,0.491],[23.3119,59.871,0.0],[23.3114,59.8732,0.0]]],
[[[23.3253,59.8735,0.9765],[23.3219,59.876,0.0],[23.3142,59.8726,0.0],[23.3219,59.8713,0.0],[23.3264,59.8721,0.9765],[23.3253,59.8735,0.9765]]],
[[[23.3197,59.876,0.0],[23.3203,59.8774,0.0],[23.3175,59.8782,4.0989],[23.3103,59.8765,0.0],[23.3125,59.8743,1.3275],[23.3197,59.876,0.0]]],
[[[23.3122,59.8935,5.9636],[23.2997,59.8935,4.3997],[23.3042,59.8921,5.93],[23.303,59.891,4.8549],[23.2981,59.8932,1.6828],[23.2908,59.8929,1.4537],[23.2825,59.8882,4.3955],[23.2825,59.886,3.2397],[23.2869,59.8863,8.7544],[23.2897,59.8821,13.5007],[23.2992,59.8826,11.7079],[23.3119,59.8807,3.2458],[23.3147,59.8812,3.2458],[23.3142,59.8832,5.5547],[23.3292,59.8815,0.0],[23.3319,59.8846,0.0],[23.3347,59.8849,0.0],[23.3292,59.8888,0.0],[23.3158,59.8904,15.2298],[23.3186,59.8918,3.2129],[23.3122,59.8935,5.9636]]],
[[[23.3403,59.8874,1.0129],[23.3364,59.889,0.0],[23.3342,59.8882,7.6544],[23.3358,59.8868,0.0],[23.3403,59.8874,1.0129]]],
[[[23.0397,59.8812,0.0],[23.0431,59.8829,0.0],[23.0431,59.8843,0.0],[23.0364,59.8838,0.0],[23.0397,59.8812,0.0]]],
[[[23.0342,59.8821,0.0],[23.0342,59.8835,0.0],[23.0319,59.8838,0.0],[23.0325,59.8854,0.0],[23.0308,59.8857,0.0],[23.0264,59.8812,0.0],[23.0281,59.881,4.8423],[23.0342,59.8821,0.0]]],
[[[23.0647,59.8843,0.0],[23.0636,59.8863,2.3065],[23.0547,59.8854,2.5377],[23.0603,59.881,1.4899],[23.0631,59.8815,1.5666],[23.0619,59.8832,3.7253],[23.0647,59.8843,0.0]]],
[[[23.0625,59.8871,0.0],[23.0614,59.8888,0.0],[23.0564,59.8885,6.2072],[23.0575,59.8874,6.2072],[23.0625,59.8871,0.0]]],
[[[23.0364,59.8874,8.5528],[23.0358,59.8901,3.81],[23.0325,59.8901,3.8363],[23.0331,59.8874,2.0475],[23.0364,59.8874,8.5528]]],
[[[23.1575,59.8907,0.0],[23.1536,59.8926,0.0],[23.1553,59.8901,0.0],[23.1586,59.8899,1.3767],[23.1575,59.8907,0.0]]],
[[[23.1114,59.8935,0.0],[23.1125,59.8949,0.0],[23.1114,59.8957,0.0],[23.1069,59.8954,0.0],[23.1092,59.8937,0.0],[23.1114,59.8935,0.0]]],
[[[23.0431,59.8946,0.0],[23.0414,59.8957,0.0],[23.0375,59.896,0.8491],[23.0403,59.8943,0.9866],[23.0431,59.8946,0.0]]],
[[[23.3419,59.8896,0.0],[23.3436,59.8879,1.1212],[23.3458,59.8885,0.0],[23.3458,59.8901,2.5505],[23.3419,59.8896,0.0]]],
[[[23.2653,59.8887,0.0],[23.268,59.8899,0.0],[23.2586,59.8893,0.979],[23.2581,59.8882,0.0],[23.2631,59.8876,2.7356],[23.2653,59.8887,0.0]]],
[[[23.3281,59.8946,2.4109],[23.3292,59.8963,6.15],[23.3275,59.8971,0.0],[23.3186,59.8957,0.0],[23.3203,59.8946,12.338],[23.3197,59.8932,2.2375],[23.3281,59.8946,2.4109]]],
[[[23.2842,59.8971,2.128],[23.2825,59.8985,2.128],[23.2842,59.8993,0.0],[23.2736,59.8993,0.0],[23.2725,59.8971,2.054],[23.2658,59.899,0.0],[23.2608,59.8976,0.0],[23.2619,59.896,6.9713],[23.2569,59.8921,0.0],[23.2714,59.8913,1.5788],[23.2792,59.8943,6.4471],[23.2836,59.8943,3.2512],[23.2842,59.8971,2.128]]],
[[[23.1447,59.8954,0.0],[23.1475,59.8949,0.0],[23.1486,59.8968,0.2172],[23.1408,59.8971,0.0],[23.1408,59.896,1.2989],[23.1447,59.8954,0.0]]],
[[[23.1536,59.8965,0.8778],[23.1508,59.9001,6.6765],[23.1464,59.899,0.0],[23.1492,59.8968,0.2172],[23.1536,59.8965,0.8778]]],
[[[23.0575,59.9001,1.1983],[23.0519,59.9007,0.0],[23.0542,59.8968,0.0],[23.0569,59.8974,0.0],[23.0575,59.9001,1.1983]]],
[[[23.0653,59.9032,2.482],[23.0658,59.9049,2.35],[23.0642,59.906,1.346],[23.0608,59.906,1.6212],[23.0597,59.904,0.0],[23.0569,59.9035,4.6139],[23.0575,59.9007,4.801],[23.0608,59.9001,4.3494],[23.0592,59.896,0.0],[23.0636,59.8935,0.0],[23.0731,59.8929,0.0],[23.0853,59.8963,8.1373],[23.0875,59.894,6.4455],[23.0958,59.8935,0.0],[23.0953,59.8951,3.4438],[23.0892,59.8968,2.969],[23.0842,59.9021,0.0],[23.0808,59.8999,0.0],[23.0825,59.8976,0.0],[23.0797,59.896,5.1582],[23.0703,59.8951,9.1585],[23.0719,59.8971,11.2264],[23.0786,59.8976,3.0953],[23.0786,59.9004,4.7453],[23.0736,59.8996,3.4256],[23.0708,59.9021,3.5313],[23.0775,59.9018,0.0],[23.0781,59.9032,0.8576],[23.0753,59.9046,1.9893],[23.0675,59.9046,1.3075],[23.0686,59.9029,5.3513],[23.0653,59.9032,2.482]]],
[[[23.3436,59.896,4.1696],[23.3375,59.8974,2.5526],[23.3408,59.8937,0.0],[23.3458,59.8935,0.0],[23.3436,59.896,4.1696]]],
[[[23.3325,59.8976,2.4667],[23.3303,59.8999,3.5518],[23.3258,59.8993,2.0881],[23.3264,59.8976,0.0],[23.3319,59.8954,0.0],[23.3369,59.8963,1.0195],[23.3353,59.8985,2.5526],[23.3325,59.8976,2.4667]]],
[[[23.3003,59.8963,0.0],[23.3014,59.8996,0.0],[23.2958,59.8979,0.0],[23.2958,59.8971,0.0],[23.3003,59.8963,0.0]]],
[[[23.3225,59.9087,0.0],[23.3236,59.9107,0.0],[23.3225,59.9115,1.505],[23.3203,59.9113,1.7256],[23.3197,59.9093,4.4118],[23.3119,59.9087,14.6616],[23.3069,59.9113,0.0],[23.3019,59.9099,7.3955],[23.3014,59.906,10.2126],[23.3069,59.9029,1.5917],[23.3147,59.904,8.6341],[23.3158,59.9068,4.7874],[23.3225,59.9087,0.0]]],
[[[23.5347,59.8507,0.0],[23.5319,59.8526,0.0],[23.5292,59.8515,0.0],[23.5281,59.8488,1.4101],[23.5325,59.8488,1.4462],[23.5347,59.8507,0.0]]],
[[[23.5453,59.8524,6.1477],[23.5508,59.8532,1.271],[23.5497,59.8549,4.6452],[23.5392,59.8538,0.0],[23.5414,59.8524,2.0699],[23.5453,59.8524,6.1477]]],
[[[23.5647,59.8532,1.9894],[23.5692,59.8549,0.0],[23.5692,59.8568,0.0],[23.5558,59.854,0.0],[23.5625,59.8507,5.7513],[23.5719,59.8524,4.7806],[23.5714,59.8538,0.0],[23.5647,59.8532,1.9894]]],
[[[23.5481,59.8585,0.0],[23.5486,59.8604,3.0986],[23.5431,59.8613,3.1779],[23.5258,59.8563,0.0],[23.5342,59.8549,0.0],[23.5347,59.8563,0.2321],[23.5414,59.8563,0.0],[23.5431,59.8585,0.0],[23.5481,59.8585,0.0]]],
[[[23.5614,59.8593,1.8486],[23.5586,59.8613,2.3103],[23.5508,59.8601,0.0],[23.553,59.8571,2.1283],[23.5631,59.8582,0.0],[23.5614,59.8593,1.8486]]],
[[[23.5231,59.8671,3.8817],[23.5164,59.8688,0.0],[23.5136,59.8654,2.063],[23.5131,59.8676,0.0],[23.5081,59.8682,3.0752],[23.5075,59.8671,3.0752],[23.5103,59.8662,5.4672],[23.5075,59.8643,5.0153],[23.5036,59.8671,0.8524],[23.4964,59.8671,0.0],[23.4925,59.8646,2.8662],[23.5031,59.8624,4.1181],[23.5253,59.866,2.781],[23.5231,59.8671,3.8817]]],
[[[23.5853,59.8674,0.0],[23.5897,59.869,0.0],[23.5775,59.8696,0.0],[23.5775,59.8665,4.8868],[23.5764,59.8679,1.9653],[23.5692,59.8685,6.622],[23.5647,59.8674,1.715],[23.5653,59.8662,5.3384],[23.5608,59.8665,0.0],[23.5608,59.8654,0.0],[23.5669,59.8638,3.9295],[23.5792,59.8643,0.0],[23.5853,59.8674,0.0]]],
[[[23.5319,59.866,0.0],[23.5325,59.8671,0.0],[23.5275,59.8682,2.6819],[23.5286,59.8665,0.742],[23.5319,59.866,0.0]]],
[[[23.7047,59.8643,3.4026],[23.7086,59.8638,2.6072],[23.7092,59.8662,0.0],[23.7042,59.8662,0.8577],[23.7047,59.8643,3.4026]]],
[[[23.6731,59.8649,0.0],[23.6769,59.8646,0.0],[23.6786,59.866,0.0],[23.6697,59.8654,0.0],[23.6731,59.8649,0.0]]],
[[[23.6025,59.8699,3.6189],[23.5975,59.8715,3.5314],[23.5825,59.8638,0.0],[23.6086,59.866,1.6525],[23.6086,59.8682,2.4211],[23.6025,59.8699,3.6189]]],
[[[23.6792,59.8701,0.0],[23.6775,59.8721,0.0],[23.6725,59.8721,0.0],[23.6736,59.8699,0.0],[23.6792,59.8701,0.0]]],
[[[23.5503,59.8676,0.9899],[23.5481,59.8699,1.6946],[23.5425,59.8696,2.3805],[23.5464,59.8674,0.0],[23.5503,59.8676,0.9899]]],
[[[23.5575,59.869,1.0231],[23.5586,59.8701,1.0231],[23.5575,59.8707,0.0],[23.5508,59.8699,0.0],[23.5514,59.8685,0.9899],[23.5575,59.869,1.0231]]],
[[[23.5281,59.871,6.2863],[23.5247,59.8726,3.8229],[23.5158,59.8726,3.1278],[23.5136,59.8701,0.0],[23.5264,59.8685,1.3741],[23.5281,59.871,6.2863]]],
[[[23.5492,59.8718,0.0],[23.5514,59.8729,5.6665],[23.5419,59.8726,3.4292],[23.5436,59.871,0.0],[23.5492,59.8718,0.0]]],
[[[23.4608,59.8674,3.8147],[23.4625,59.8685,0.0],[23.4564,59.8682,0.0],[23.4575,59.8674,3.0239],[23.4608,59.8674,3.8147]]],
[[[23.5092,59.8701,0.0],[23.5119,59.8704,0.0],[23.5119,59.8721,2.1299],[23.5047,59.8729,8.8928],[23.4992,59.8713,12.1629],[23.5047,59.8701,6.9359],[23.5042,59.8688,0.0],[23.5092,59.8701,0.0]]],
[[[23.4953,59.8699,0.0],[23.4975,59.8707,0.0],[23.4975,59.8724,0.0],[23.4875,59.871,0.0],[23.4897,59.8696,0.0],[23.4953,59.8699,0.0]]],
[[[23.4853,59.8704,0.0],[23.4858,59.8724,0.0],[23.4786,59.8729,0.0],[23.4792,59.8704,0.0],[23.4853,59.8704,0.0]]],
[[[23.3542,59.8654,14.881],[23.3486,59.8665,0.0],[23.3497,59.8638,0.7769],[23.3586,59.8638,0.0],[23.3542,59.8654,14.881]]],
[[[23.3453,59.8682,0.0],[23.3481,59.8693,0.0],[23.3425,59.8696,4.8403],[23.3431,59.8685,0.0],[23.3453,59.8682,0.0]]],
[[[23.3892,59.8882,11.2995],[23.3786,59.889,0.0],[23.3753,59.8876,0.0],[23.3769,59.884,5.3287],[23.3736,59.8865,6.3854],[23.3692,59.8851,15.3169],[23.3669,59.8824,12.9659],[23.3481,59.8804,3.4469],[23.3503,59.8788,9.3069],[23.3492,59.8768,0.0],[23.3508,59.8763,1.9347],[23.3564,59.8771,11.3396],[23.3575,59.8799,0.0],[23.3658,59.8785,4.0057],[23.3575,59.8774,1.6863],[23.3569,59.8751,11.7012],[23.3553,59.8749,2.4253],[23.357,59.8729,5.2942],[23.3486,59.8707,0.0],[23.3575,59.8685,1.6936],[23.3608,59.871,2.0482],[23.3586,59.8735,0.0],[23.3647,59.8726,0.0],[23.3669,59.8768,0.0],[23.3797,59.8771,13.5543],[23.3742,59.8754,0.0],[23.3758,59.8718,7.9902],[23.3731,59.8704,17.5713],[23.3619,59.8699,0.0],[23.357,59.8665,5.0447],[23.3725,59.8643,6.4472],[23.3681,59.8638,0.0],[23.3681,59.8626,2.4105],[23.3742,59.8621,9.8735],[23.3786,59.864,17.014],[23.3997,59.8635,0.0],[23.4014,59.8662,12.6231],[23.4081,59.8657,13.3965],[23.4119,59.8646,2.437],[23.4181,59.8696,2.6009],[23.4169,59.8648,6.2149],[23.4242,59.8646,6.3334],[23.4203,59.8629,2.7496],[23.4203,59.8615,0.0],[23.4308,59.8585,6.8265],[23.4264,59.8571,1.4763],[23.4219,59.8596,4.6009],[23.4181,59.8593,0.0],[23.4164,59.8582,7.7267],[23.4169,59.8557,2.4684],[23.4253,59.854,2.7067],[23.428,59.856,1.2626],[23.4364,59.8563,2.9543],[23.4353,59.8585,2.3245],[23.4286,59.8604,4.086],[23.4331,59.8629,0.9403],[23.4314,59.8654,10.0466],[23.4258,59.8657,6.3195],[23.4292,59.8668,0.0],[23.4347,59.866,2.8844],[23.4358,59.8688,0.0],[23.4336,59.8699,5.0614],[23.4286,59.8696,6.3721],[23.4275,59.8718,0.0],[23.4225,59.8729,6.3561],[23.4158,59.8726,0.0],[23.4164,59.8707,16.0786],[23.4147,59.869,3.9799],[23.4097,59.8679,12.2371],[23.4147,59.871,4.3649],[23.4119,59.8724,11.0985],[23.4119,59.8743,11.1285],[23.4264,59.8751,0.0],[23.4319,59.8788,15.5775],[23.4392,59.8801,1.5122],[23.4397,59.8818,2.5645],[23.4297,59.8824,0.0],[23.4247,59.881,0.0],[23.4275,59.8838,4.4505],[23.4242,59.8843,10.0494],[23.4325,59.8843,4.2758],[23.428,59.8868,6.5591],[23.3997,59.884,1.263],[23.3986,59.8857,1.9582],[23.3925,59.886,1.8172],[23.393,59.8879,0.7782],[23.3892,59.8882,11.2995]]],
[[[23.4353,59.8757,2.9263],[23.4369,59.8765,1.247],[23.4297,59.8765,8.5548],[23.4303,59.8754,0.0],[23.4353,59.8757,2.9263]]],
[[[23.4469,59.8729,5.0006],[23.4486,59.8746,0.0],[23.4431,59.8746,0.0],[23.4442,59.874,0.0],[23.4436,59.8715,0.0],[23.4469,59.8729,5.0006]]],
[[[23.4581,59.8729,0.8414],[23.4597,59.8732,1.6581],[23.4586,59.8749,4.2062],[23.4519,59.8724,8.631],[23.4564,59.8721,9.757],[23.4581,59.8729,0.8414]]],
[[[23.4469,59.876,7.1602],[23.4486,59.8774,1.5337],[23.4442,59.8779,0.0],[23.4431,59.8768,0.8441],[23.4453,59.876,7.1602],[23.4469,59.876,7.1602]]],
[[[23.4631,59.8793,3.0571],[23.4519,59.8801,5.457],[23.4547,59.8771,5.3166],[23.4619,59.8746,0.0],[23.4647,59.8768,0.0],[23.4781,59.8768,0.0],[23.4764,59.8785,10.4502],[23.4631,59.8793,3.0571]]],
[[[23.4803,59.8785,2.3527],[23.4836,59.8782,0.0],[23.4847,59.8801,1.4738],[23.4786,59.8793,0.0],[23.4803,59.8785,2.3527]]],
[[[23.4969,59.8801,0.0],[23.4947,59.8815,2.6064],[23.4903,59.881,1.2355],[23.4931,59.8782,0.0],[23.4981,59.8785,0.0],[23.4969,59.8801,0.0]]],
[[[23.4497,59.8801,0.0],[23.4514,59.8807,0.0],[23.4503,59.8826,0.0],[23.4469,59.8812,0.0],[23.4469,59.8801,0.0],[23.4497,59.8801,0.0]]],
[[[23.4797,59.8829,6.9367],[23.4803,59.8849,0.0],[23.4786,59.886,0.0],[23.4703,59.8849,2.3914],[23.4742,59.8824,5.879],[23.4797,59.8829,6.9367]]],
[[[23.6975,59.8707,0.0],[23.6981,59.8726,0.0],[23.6931,59.8721,0.0],[23.6936,59.8704,0.3673],[23.6975,59.8707,0.0]]],
[[[23.713,59.8737,0.0],[23.7164,59.8751,2.8097],[23.7086,59.8746,0.0],[23.7031,59.871,0.0],[23.7058,59.8707,1.9927],[23.713,59.8737,0.0]]],
[[[23.5958,59.8732,1.4433],[23.5964,59.8743,1.6643],[23.5919,59.8751,4.3853],[23.5858,59.874,0.0],[23.5864,59.8724,1.7769],[23.5958,59.8732,1.4433]]],
[[[23.6714,59.8732,0.0],[23.6753,59.8737,0.0],[23.6758,59.876,0.0],[23.6725,59.8763,4.2223],[23.6642,59.8735,0.0],[23.6636,59.8721,0.0],[23.6681,59.8721,4.9972],[23.6714,59.8732,0.0]]],
[[[23.6164,59.8749,0.0],[23.6186,59.874,1.38],[23.6225,59.8771,0.0],[23.6175,59.8765,0.0],[23.6164,59.8749,0.0]]],
[[[23.6653,59.8774,0.0],[23.6658,59.8793,0.0],[23.6603,59.8779,0.7182],[23.6603,59.8765,0.0],[23.6653,59.8771,0.0],[23.6653,59.8774,0.0]]],
[[[23.637,59.8765,1.7961],[23.6403,59.8763,1.7961],[23.6414,59.8799,0.0],[23.6369,59.8788,0.0],[23.637,59.8765,1.7961]]],
[[[23.6581,59.8799,3.7639],[23.6642,59.879,7.1398],[23.6658,59.8807,0.0],[23.6608,59.8812,4.5362],[23.6581,59.8799,3.7639]]],
[[[23.5836,59.874,2.9747],[23.5775,59.8749,1.812],[23.5819,59.8732,0.0],[23.5842,59.8732,0.0],[23.5836,59.874,2.9747]]],
[[[23.5353,59.8749,1.484],[23.5369,59.8746,1.484],[23.5375,59.876,1.0528],[23.5336,59.8763,5.3176],[23.5353,59.8749,1.484]]],
[[[23.5675,59.8801,0.0],[23.5681,59.8818,0.0],[23.5658,59.8829,0.0],[23.5636,59.8815,4.4939],[23.5558,59.8821,0.0],[23.5558,59.8807,0.0],[23.5675,59.8801,0.0]]],
[[[23.5847,59.8801,0.0],[23.5825,59.8815,8.3273],[23.5825,59.884,0.0],[23.5764,59.8821,0.0],[23.5792,59.8801,0.0],[23.5847,59.8801,0.0]]],
[[[23.7003,59.8882,1.7585],[23.6992,59.8899,6.4815],[23.6936,59.8896,0.0],[23.6858,59.8863,0.0],[23.6881,59.8849,4.8598],[23.6858,59.8838,0.0],[23.6864,59.8824,0.0],[23.6786,59.8818,0.0],[23.678,59.8796,0.0],[23.6808,59.8779,1.1489],[23.6769,59.8779,0.0],[23.6758,59.8765,0.0],[23.6803,59.876,0.0],[23.6842,59.879,3.8744],[23.6925,59.8807,0.0],[23.6925,59.8826,0.0828],[23.6947,59.881,0.7661],[23.6986,59.8815,0.9966],[23.7008,59.8832,0.0],[23.6964,59.8843,2.5701],[23.7014,59.8868,0.0],[23.7003,59.8882,1.7585]]],
[[[23.6014,59.8835,0.6254],[23.6042,59.8826,0.6254],[23.6047,59.8849,5.5756],[23.5997,59.8843,1.7908],[23.6014,59.8835,0.6254]]],
[[[23.7125,59.886,2.015],[23.7075,59.8865,3.1633],[23.7025,59.8824,1.5448],[23.7075,59.881,0.9785],[23.7086,59.8821,0.0],[23.7058,59.8832,7.856],[23.7125,59.8843,7.0086],[23.7125,59.8829,0.9502],[23.7164,59.8824,3.7089],[23.7197,59.8846,0.0],[23.7125,59.886,2.015]]],
[[[23.643,59.8849,0.0],[23.6442,59.8865,3.182],[23.6419,59.8879,2.0229],[23.6231,59.8874,0.0],[23.6231,59.8851,1.4292],[23.6197,59.8835,0.0],[23.6308,59.8832,0.0],[23.643,59.8849,0.0]]],
[[[23.5908,59.881,2.4363],[23.5914,59.8829,0.0],[23.5897,59.8843,0.0],[23.5842,59.884,0.0],[23.5864,59.8807,0.0],[23.5908,59.881,2.4363]]],
[[[23.5186,59.8851,0.0],[23.5219,59.8849,0.0],[23.5253,59.8857,0.0],[23.5164,59.8863,0.0],[23.5186,59.8851,0.0]]],
[[[23.5853,59.8849,0.0],[23.5864,59.886,5.6242],[23.5853,59.8879,2.1231],[23.5803,59.8871,0.0],[23.5825,59.8851,0.0],[23.5853,59.8849,0.0]]],
[[[23.5769,59.8865,6.9089],[23.5769,59.8854,0.0],[23.5792,59.8857,0.0],[23.5803,59.8882,0.0],[23.5781,59.8882,1.7321],[23.5769,59.8865,6.9089]]],
[[[23.5397,59.8915,3.4934],[23.5369,59.8935,6.3137],[23.5308,59.8918,1.9329],[23.5292,59.8904,1.43],[23.5303,59.8879,0.0],[23.5364,59.8885,1.4899],[23.5353,59.8865,1.0445],[23.5369,59.8857,1.0445],[23.5281,59.8863,0.4506],[23.5275,59.8835,0.0],[23.5364,59.8815,0.0],[23.5381,59.8835,1.5302],[23.5364,59.8846,3.8279],[23.5386,59.8854,1.0449],[23.5508,59.8865,1.3831],[23.5508,59.8893,2.1259],[23.5481,59.891,1.4802],[23.5397,59.8915,3.4934]]],
[[[23.5747,59.889,0.0],[23.5719,59.8887,11.1158],[23.5692,59.8907,0.0],[23.5664,59.8882,4.533],[23.5731,59.886,2.2184],[23.5764,59.8876,3.0],[23.5747,59.889,0.0]]],
[[[23.5269,59.8876,2.8956],[23.5281,59.8899,1.43],[23.5242,59.8888,3.4762],[23.5247,59.8876,0.0],[23.5269,59.8876,2.8956]]],
[[[23.5669,59.8899,5.1818],[23.5658,59.8918,4.5091],[23.5592,59.8921,0.0],[23.5536,59.8893,0.0],[23.5569,59.8879,0.8297],[23.5669,59.8899,5.1818]]],
[[[23.6519,59.8893,2.5414],[23.6547,59.8899,1.3533],[23.6525,59.891,0.0],[23.6486,59.8901,0.0],[23.6492,59.889,2.5414],[23.6519,59.8893,2.5414]]],
[[[23.7058,59.891,7.7886],[23.7075,59.8924,0.0],[23.6997,59.8915,0.0],[23.7008,59.8899,0.0],[23.7058,59.891,7.7886]]],
[[[23.6658,59.8924,4.2882],[23.6669,59.896,0.0],[23.6553,59.8935,1.7211],[23.6553,59.8921,1.7211],[23.6586,59.8907,5.6011],[23.6581,59.8896,0.9757],[23.6658,59.8924,4.2882]]],
[[[23.6986,59.896,4.295],[23.7003,59.8954,0.0],[23.7019,59.8974,0.0],[23.6947,59.8968,2.446],[23.6958,59.8957,2.446],[23.6986,59.896,4.295]]],
[[[23.6675,59.8965,0.0],[23.6675,59.8985,0.0],[23.6631,59.8988,0.0],[23.6642,59.8971,1.6036],[23.6675,59.8965,0.0]]],
[[[23.6431,59.8976,0.0],[23.6442,59.899,0.0],[23.643,59.8999,0.0],[23.6347,59.899,0.0],[23.6353,59.8974,0.0],[23.6431,59.8976,0.0]]],
[[[23.6958,59.9043,3.2259],[23.6969,59.9071,1.2203],[23.6958,59.9079,2.1105],[23.6897,59.9071,0.0],[23.6908,59.9046,3.7993],[23.6858,59.904,0.0],[23.6858,59.9018,2.712],[23.6814,59.9007,0.0],[23.6797,59.8985,2.658],[23.6725,59.8996,4.5525],[23.6736,59.9021,0.0],[23.6697,59.9029,3.2859],[23.6692,59.894,4.0196],[23.6725,59.8943,0.0],[23.6725,59.8965,1.7728],[23.6858,59.8988,9.6744],[23.6881,59.9021,10.0546],[23.6919,59.9015,0.0],[23.6958,59.9043,3.2259]]],
[[[23.6497,59.9004,0.0],[23.6475,59.9026,0.0],[23.643,59.9015,0.0],[23.6464,59.8996,0.0],[23.6497,59.9004,0.0]]],
[[[23.0986,59.901,1.7972],[23.0925,59.9018,9.6638],[23.0919,59.899,5.4987],[23.0992,59.8985,0.0],[23.0986,59.901,1.7972]]],
[[[23.0414,59.909,1.2736],[23.0425,59.9096,0.0],[23.0381,59.9104,0.0],[23.0397,59.9087,0.0],[23.0414,59.909,1.2736]]],
[[[23.0453,59.9107,2.6995],[23.0481,59.9099,0.0],[23.0497,59.9118,2.549],[23.0453,59.9113,2.6995],[23.0453,59.9107,2.6995]]],
[[[23.1147,59.9318,1.8191],[23.1125,59.9335,3.6817],[23.0919,59.9321,0.0],[23.0953,59.9293,3.6184],[23.0903,59.9263,0.6008],[23.0964,59.9251,2.9618],[23.0958,59.9235,0.0],[23.1025,59.9212,3.6597],[23.1047,59.9168,5.2813],[23.1014,59.9163,5.2813],[23.1008,59.9137,11.2944],[23.0936,59.914,0.0],[23.0914,59.9104,3.506],[23.0875,59.9101,15.252],[23.0869,59.9118,0.0],[23.0808,59.911,6.8515],[23.0853,59.9126,0.2869],[23.0853,59.9146,1.3126],[23.0869,59.914,0.0],[23.0864,59.9126,0.2869],[23.0892,59.9126,0.0],[23.088,59.9154,0.0],[23.0753,59.9171,0.0],[23.0725,59.9126,3.6083],[23.0792,59.9099,15.6183],[23.0753,59.9074,0.0],[23.0753,59.9054,1.9893],[23.0881,59.9043,1.4535],[23.0919,59.9087,0.0],[23.0992,59.9115,14.739],[23.0992,59.9068,2.2449],[23.1075,59.9071,13.7976],[23.1097,59.9043,11.2893],[23.1069,59.9015,7.0569],[23.1025,59.901,3.2744],[23.1019,59.8996,8.8266],[23.1042,59.8982,0.0],[23.1103,59.8979,8.6671],[23.1181,59.894,6.4339],[23.1281,59.8951,6.0976],[23.1264,59.8929,4.9104],[23.1275,59.8921,4.9104],[23.1419,59.8929,4.2825],[23.1353,59.8949,7.0849],[23.1392,59.896,2.3503],[23.1369,59.8976,0.0],[23.1303,59.8954,15.6173],[23.1275,59.8968,3.9966],[23.1314,59.8974,6.5312],[23.1308,59.9024,0.0],[23.1275,59.9046,0.0],[23.1186,59.9038,7.2199],[23.1208,59.9085,2.438],[23.1258,59.9079,0.0],[23.1253,59.9099,2.6088],[23.1269,59.9107,0.0],[23.1269,59.9137,0.0],[23.1292,59.9143,5.4824],[23.1286,59.916,0.0],[23.1203,59.9143,2.4801],[23.1169,59.9113,6.3097],[23.1131,59.9118,11.7667],[23.1142,59.9137,0.0],[23.1103,59.9182,4.7449],[23.1131,59.919,0.0],[23.1119,59.9207,0.0],[23.1042,59.9215,3.6597],[23.1003,59.9238,2.353],[23.1003,59.9254,2.353],[23.1053,59.9268,10.328],[23.1053,59.929,16.8907],[23.1081,59.9279,0.0],[23.1153,59.9287,0.0],[23.1147,59.9318,1.8191]]],
[[[23.3147,59.9135,0.0],[23.3169,59.9132,0.0],[23.3169,59.9146,5.9814],[23.3136,59.9143,0.0],[23.3147,59.9135,0.0]]],
[[[23.3464,59.9188,0.0],[23.3458,59.9204,7.9047],[23.3431,59.921,2.8422],[23.3353,59.9185,3.852],[23.3342,59.916,13.613],[23.3369,59.9135,0.0],[23.3469,59.9135,0.0],[23.3503,59.9165,0.0],[23.3464,59.9188,0.0]]],
[[[23.0481,59.9135,4.7143],[23.0464,59.9129,0.0],[23.0503,59.9126,0.0],[23.0503,59.914,0.0],[23.0481,59.9135,4.7143]]],
[[[23.1453,59.916,0.0],[23.1381,59.9168,0.0],[23.1381,59.9149,0.0],[23.1425,59.9143,5.2511],[23.1453,59.916,0.0]]],
[[[23.1336,59.9154,0.0],[23.1364,59.9154,0.0],[23.1369,59.9165,0.0],[23.1319,59.9171,0.0],[23.1336,59.9154,0.0]]],
[[[23.0992,59.9196,0.0],[23.0953,59.9196,1.3788],[23.0936,59.9215,2.218],[23.0914,59.9204,9.4154],[23.0931,59.9182,0.0],[23.1003,59.9174,1.0512],[23.0992,59.9196,0.0]]],
[[[23.1108,59.9249,7.7746],[23.1064,59.926,0.0],[23.1058,59.9235,0.0],[23.1136,59.9224,7.4245],[23.1136,59.924,2.5705],[23.1108,59.9249,7.7746]]],
[[[23.1275,59.9296,0.0],[23.1281,59.9307,0.0],[23.1264,59.9315,0.0],[23.1197,59.9301,0.0],[23.1231,59.9268,0.0],[23.1269,59.9271,0.0],[23.1275,59.9296,0.0]]],
[[[23.0719,59.9324,12.4549],[23.0758,59.9346,0.0],[23.0686,59.9338,0.6664],[23.0697,59.9321,0.0],[23.0719,59.9324,12.4549]]],
[[[23.0931,59.9668,0.0],[23.0931,59.9699,0.0],[23.0886,59.9704,2.956],[23.0875,59.9685,0.0],[23.0886,59.9668,6.8184],[23.0842,59.9663,0.0],[23.0842,59.9651,0.0],[23.0892,59.964,2.1408],[23.0931,59.9668,0.0]]],
[[[23.0275,59.8957,0.0],[23.0192,59.8968,6.5813],[23.0147,59.8929,0.0],[23.0214,59.8929,0.0],[23.0264,59.894,3.4771],[23.0275,59.8957,0.0]]],
[[[22.9797,59.9015,0.0],[22.9719,59.9026,0.0],[22.9669,59.9015,0.0],[22.9681,59.9001,1.3098],[22.9669,59.8979,1.2546],[22.9653,59.901,0.0],[22.9558,59.9021,0.0],[22.9553,59.9007,0.0],[22.9636,59.8988,3.3922],[22.9581,59.8971,0.0],[22.9581,59.8957,0.0],[22.9597,59.8957,2.5694],[22.9581,59.8949,4.8622],[22.9536,59.8949,5.0401],[22.9536,59.8974,0.0],[22.9497,59.8974,0.0],[22.9519,59.8996,0.0],[22.9514,59.901,0.0],[22.9447,59.9004,0.0],[22.9431,59.8982,0.0],[22.9514,59.8946,5.0401],[22.9525,59.891,3.0805],[22.9581,59.891,2.8703],[22.9681,59.8865,0.0],[22.9831,59.8868,0.0],[22.9847,59.889,1.5293],[22.9881,59.889,0.0],[22.9886,59.891,0.0],[22.9847,59.8913,0.0],[22.9836,59.8935,0.0],[22.9719,59.8946,3.2281],[22.9803,59.8971,0.0],[22.9797,59.9015,0.0]]],
[[[22.902,59.9029,0.0],[22.8947,59.9049,0.8805],[22.8953,59.9029,2.5346],[22.8936,59.9026,2.5346],[22.8936,59.901,8.9323],[22.8908,59.9007,0.0],[22.8919,59.8957,3.6729],[22.8969,59.8946,0.0],[22.8942,59.8926,2.2521],[22.9014,59.8921,2.8998],[22.9075,59.896,3.9878],[22.9042,59.8979,0.0],[22.9086,59.8993,0.0],[22.9036,59.9007,1.6552],[22.902,59.9029,0.0]]],
[[[22.9992,59.8996,0.0],[22.9986,59.9054,0.0],[22.9892,59.9049,0.0],[22.9908,59.8996,0.0],[22.9931,59.8993,7.0669],[22.9903,59.8963,0.0],[22.9953,59.8951,0.0],[22.9992,59.8996,0.0]]],
[[[22.8781,59.9149,0.0],[22.8703,59.9163,2.8545],[22.8725,59.9135,0.0],[22.8775,59.9132,0.0],[22.8781,59.9149,0.0]]],
[[[22.803,59.9437,0.0],[22.8053,59.9446,0.0],[22.7986,59.9443,0.0],[22.8008,59.9432,0.0],[22.803,59.9437,0.0]]],
[[[22.8375,59.9524,4.3604],[22.8392,59.954,0.0],[22.8347,59.9543,0.0],[22.8331,59.9512,0.0],[22.8353,59.951,0.0],[22.8375,59.9524,4.3604]]],
[[[22.8247,59.9613,0.0],[22.8208,59.9637,3.769],[22.8119,59.9632,3.0381],[22.8153,59.9588,6.7505],[22.8147,59.956,0.0],[22.8231,59.9568,0.0],[22.8247,59.9613,0.0]]],
[[[23.0281,59.9012,0.0],[23.0319,59.9012,0.0],[23.0325,59.9026,0.0],[23.0281,59.9024,1.453],[23.0281,59.9012,0.0]]],
[[[23.0147,59.9118,9.7647],[23.0153,59.9129,1.6753],[23.0136,59.9137,7.474],[23.0103,59.9135,4.9702],[23.008,59.9104,0.0],[23.0153,59.9096,0.9977],[23.0147,59.9118,9.7647]]],
[[[23.0014,59.9135,7.8241],[22.9847,59.914,0.0],[22.9814,59.9121,0.0],[22.9814,59.9096,0.0],[23.0075,59.9113,2.6737],[23.0069,59.9129,0.0],[23.0014,59.9135,7.8241]]],
[[[22.9814,59.9821,4.0342],[22.9786,59.984,0.0],[22.9736,59.9832,0.0],[22.9775,59.9787,0.0],[22.9819,59.9787,0.0],[22.9814,59.9821,4.0342]]],
[[[22.9714,59.9813,0.0],[22.973,59.9813,0.0],[22.9725,59.984,0.0],[22.9675,59.9846,0.0],[22.9681,59.9818,0.0],[22.9714,59.9813,0.0]]],
[[[22.9853,59.9871,0.0],[22.9753,59.9879,1.2431],[22.9781,59.9851,0.0],[22.9814,59.9846,0.0],[22.9814,59.9829,4.0342],[22.9886,59.9835,0.0],[22.9853,59.9871,0.0]]],
[[[22.9658,59.9904,0.0],[22.9642,59.9915,2.7079],[22.9625,59.9912,3.8315],[22.9636,59.9899,0.0],[22.9658,59.9904,0.0]]],
[[[23.0025,59.9949,0.0],[23.0042,59.9965,0.0],[22.9975,59.9963,8.1453],[22.9947,59.9946,0.0],[22.9981,59.9943,5.0768],[23.0025,59.9949,0.0]]],
[[[23.0808,59.9693,1.4354],[23.0792,59.9721,0.0],[23.0747,59.9721,0.0],[23.0764,59.9668,0.0],[23.0797,59.9671,0.0],[23.0808,59.9693,1.4354]]],
[[[23.0953,59.9818,0.0],[23.0942,59.984,0.0],[23.0897,59.9843,0.0],[23.0847,59.9826,0.0],[23.0825,59.9793,0.0],[23.0881,59.9785,0.0],[23.0953,59.9818,0.0]]],
[[[23.0825,59.984,4.6995],[23.0831,59.986,0.0],[23.0775,59.9846,0.0],[23.0792,59.9832,0.0],[23.0825,59.984,4.6995]]],
[[[23.0853,59.9868,0.0],[23.0836,59.9901,3.2404],[23.0792,59.9885,7.7316],[23.0803,59.9868,2.3751],[23.0853,59.9868,0.0]]],
[[[23.0919,59.9885,0.0],[23.0914,59.9901,0.0],[23.088,59.9901,3.4305],[23.0869,59.9879,5.2037],[23.0903,59.9871,7.9057],[23.0919,59.9885,0.0]]],
[[[23.4531,59.999,2.3558],[23.4583,60.0042,0.0],[23.4589,60.0078,16.1975],[23.4682,60.0193,0.0],[23.4672,60.0245,4.7799],[23.4724,60.0255,0.0],[23.4693,60.0318,12.0261],[23.4703,60.0349,0.0],[23.4672,60.037,0.0],[23.4703,60.0401,6.2316],[23.4693,60.0432,0.4286],[23.4724,60.0453,0.0],[23.4672,60.0464,15.8564],[23.4651,60.0495,0.0],[23.4792,60.05,0.7661],[23.4833,60.0479,3.419],[23.4891,60.0484,0.0],[23.4932,60.0505,11.1086],[23.4922,60.0536,1.539],[23.4984,60.062,0.0751],[23.5036,60.063,0.0],[23.5068,60.0682,0.0],[23.5125,60.0667,2.0996],[23.5182,60.0714,2.4408],[23.5266,60.0839,1.2722],[23.5255,60.0891,0.0],[23.5354,60.0896,17.9703],[23.5396,60.0875,0.0],[23.5516,60.0911,0.0],[23.5495,60.0859,2.0394],[23.5443,60.0849,0.0],[23.5401,60.0807,8.6969],[23.5354,60.0729,10.8329],[23.537,60.0693,8.7276],[23.5333,60.0646,0.0],[23.5349,60.062,4.3392],[23.5339,60.0589,0.0],[23.537,60.0578,6.6806],[23.5359,60.0505,0.0],[23.5432,60.0453,0.6613],[23.5432,60.0422,0.8379],[23.5354,60.0396,0.0],[23.525,60.0396,0.0],[23.5187,60.0354,11.2099],[23.5063,60.0375,0.0],[23.5036,60.0339,11.8174],[23.4943,60.0328,22.8307],[23.4891,60.0255,0.0],[23.4839,60.0245,0.0],[23.4849,60.0193,21.4783],[23.4797,60.0182,0.0],[23.4776,60.0161,0.0],[23.4828,60.012,0.0],[23.4818,60.0089,0.0],[23.487,60.0057,0.103],[23.4891,60.0026,0.3491],[23.4839,60.0016,0.0],[23.4865,60.0015,0.0],[23.4862,60.0,0.2365],[23.4797,60.0,0.0],[23.4825,59.9971,10.9721],[23.4814,59.9957,-0.8001],[23.4781,59.9963,9.7031],[23.4786,59.9976,2.1888],[23.4753,60.0,2.5442],[23.4603,59.999,0.0],[23.4575,59.9954,0.3923],[23.4592,59.9888,0.0],[23.4547,59.9851,1.561],[23.4481,59.9843,-0.0112],[23.4414,59.9868,0.0372],[23.4403,59.984,0.3626],[23.4381,59.9837,1.101],[23.4315,59.9771,0.0],[23.4275,59.9779,0.0],[23.4303,59.9763,2.2845],[23.4275,59.9729,1.6918],[23.4305,59.9707,1.7167],[23.4225,59.9674,0.0],[23.4219,59.9646,0.0],[23.4242,59.9621,0.1918],[23.4203,59.961,0.0],[23.4197,59.9585,0.0],[23.4281,59.9582,0.0],[23.4275,59.9599,0.3714],[23.4331,59.9615,0.2908],[23.4281,59.9632,1.7342],[23.4342,59.9646,8.5622],[23.4497,59.9643,0.0],[23.4508,59.9668,2.2408],[23.4581,59.9693,4.4081],[23.4619,59.9693,11.1723],[23.4619,59.9682,1.2644],[23.4542,59.9674,1.063],[23.4536,59.9657,0.0],[23.4647,59.9668,0.0],[23.4714,59.9693,2.1979],[23.4708,59.9707,9.2029],[23.4742,59.9721,0.0],[23.4753,59.9754,0.0157],[23.4808,59.9776,0.0292],[23.4814,59.9799,-0.2526],[23.4786,59.9787,4.2531],[23.4775,59.9801,3.1399],[23.4925,59.9835,0.0],[23.5019,59.9835,0.3958],[23.5042,59.9815,-0.0703],[23.5108,59.9835,-0.2824],[23.5336,59.9818,10.3299],[23.5469,59.9865,0.0867],[23.5419,59.9888,1.0065],[23.5458,59.9904,0.0704],[23.5531,59.9912,0.2331],[23.5647,59.9885,2.5676],[23.5675,59.9918,-0.7982],[23.5831,59.9899,1.8732],[23.5847,59.9882,0.71],[23.5842,59.9854,5.6742],[23.5753,59.9832,1.2249],[23.5736,59.9857,10.589],[23.5764,59.9871,0.3397],[23.5703,59.9885,10.8003],[23.5625,59.9863,3.3136],[23.5581,59.9871,0.0],[23.5486,59.9854,4.1859],[23.5336,59.981,10.3299],[23.5142,59.9785,0.2651],[23.5008,59.9721,0.01],[23.4786,59.9679,0.0],[23.4764,59.966,1.1943],[23.4608,59.9646,0.9753],[23.4603,59.9629,3.0161],[23.4531,59.961,0.0],[23.4497,59.9535,0.6532],[23.4542,59.9496,1.7489],[23.4536,59.9482,0.0],[23.4625,59.9471,0.5035],[23.4797,59.9485,0.0],[23.4792,59.9471,0.0],[23.4681,59.9463,0.0],[23.4719,59.9435,0.0],[23.4753,59.9432,3.3332],[23.4758,59.9393,3.1482],[23.4686,59.9407,0.5933],[23.4692,59.9432,5.6835],[23.4675,59.944,2.5135],[23.4592,59.9454,14.037],[23.4536,59.9446,0.0],[23.4536,59.941,1.5724],[23.4458,59.9474,0.0],[23.4303,59.9482,3.2388],[23.4247,59.946,0.1819],[23.4236,59.9474,3.2943],[23.4281,59.9499,0.7228],[23.4264,59.9518,0.4706],[23.4269,59.9535,0.0],[23.4181,59.9546,0.0],[23.4092,59.9488,0.0],[23.3892,59.9435,0.0],[23.3858,59.9413,0.0],[23.3858,59.9396,4.5805],[23.3781,59.9379,1.4442],[23.3769,59.936,0.0],[23.3803,59.9335,0.0],[23.3736,59.9343,0.7981],[23.3603,59.931,1.8077],[23.3592,59.9285,3.122],[23.3614,59.9271,3.122],[23.3592,59.9249,8.9417],[23.3542,59.9243,0.0],[23.3575,59.9207,6.5345],[23.3547,59.9196,0.0],[23.3542,59.9171,0.0],[23.3631,59.916,13.2678],[23.3636,59.9146,1.3931],[23.3714,59.9149,0.0],[23.3747,59.9165,4.752],[23.3814,59.916,0.0],[23.3842,59.9176,4.2971],[23.3958,59.9162,0.0],[23.4005,59.9204,0.3274],[23.4014,59.9174,0.8286],[23.4081,59.9157,5.9393],[23.4353,59.9162,0.0],[23.4358,59.9179,1.0472],[23.4386,59.9174,0.3838],[23.4419,59.9191,17.2777],[23.4519,59.9182,0.0],[23.4536,59.9196,0.5095],[23.453,59.9209,1.8904],[23.4597,59.9218,0.0],[23.4613,59.9236,3.6425],[23.4786,59.9242,0.0],[23.4903,59.9271,10.8565],[23.5027,59.9281,0.0],[23.5081,59.9304,0.0],[23.511,59.9338,5.6248],[23.5158,59.9335,0.0],[23.5142,59.9349,3.4047],[23.5208,59.9346,0.7472],[23.5264,59.9368,1.8446],[23.5303,59.9346,1.2692],[23.5369,59.9362,12.5375],[23.5569,59.9355,7.8897],[23.5597,59.934,4.0677],[23.5636,59.9354,3.831],[23.5897,59.9343,1.0038],[23.6019,59.9374,5.4764],[23.6136,59.9379,2.9893],[23.6142,59.9404,0.0],[23.6164,59.941,2.8039],[23.6275,59.9385,0.0],[23.6442,59.941,4.2558],[23.6503,59.939,7.8792],[23.6325,59.9374,2.4933],[23.6375,59.9343,0.0],[23.6469,59.936,6.3595],[23.6519,59.9349,0.0],[23.6764,59.9365,2.5248],[23.6747,59.9388,5.1556],[23.6831,59.9374,9.1829],[23.6819,59.9365,0.6585],[23.7042,59.9376,0.0],[23.7014,59.9396,1.6887],[23.6892,59.9393,3.8206],[23.6858,59.9413,5.3047],[23.6936,59.9449,0.4529],[23.6953,59.9471,6.6994],[23.7042,59.9465,2.6681],[23.7053,59.9449,0.0],[23.7142,59.9429,0.0],[23.7219,59.9432,0.0],[23.7219,59.9413,1.0971],[23.7192,59.9413,1.0971],[23.7203,59.9404,1.6542],[23.7131,59.9407,0.0],[23.7131,59.9396,2.0383],[23.7242,59.9388,11.5515],[23.7275,59.941,0.0],[23.7275,59.9432,0.0],[23.7308,59.9404,0.0],[23.7369,59.9404,0.0],[23.7419,59.9418,0.0],[23.7358,59.9432,9.2593],[23.7358,59.9457,7.3166],[23.7386,59.9479,7.2637],[23.7631,59.951,2.663],[23.7675,59.9532,0.0],[23.7308,59.9524,3.6038],[23.7125,59.9557,0.0],[23.7036,59.9546,6.5216],[23.6953,59.9557,3.0407],[23.7092,59.9576,0.5676],[23.7081,59.9582,0.5676],[23.7086,59.9613,3.3376],[23.7031,59.9629,1.2774],[23.7164,59.9654,0.0],[23.7131,59.9668,6.8427],[23.7142,59.9696,5.9592],[23.7125,59.9707,5.0556],[23.7142,59.9712,5.0556],[23.7175,59.9676,1.917],[23.7231,59.9674,5.019],[23.7192,59.9665,2.3582],[23.7186,59.9637,2.5927],[23.7231,59.9596,0.0],[23.7458,59.9574,1.3662],[23.7414,59.9562,4.4473],[23.7414,59.9549,1.4553],[23.7458,59.9538,6.649],[23.7536,59.9546,0.0],[23.7536,59.9568,0.0],[23.7519,59.9576,1.384],[23.7542,59.9588,0.0],[23.7414,59.9593,1.7086],[23.7425,59.9615,0.5953],[23.7397,59.9626,0.5852],[23.7386,59.9654,5.9563],[23.7464,59.9643,2.2122],[23.7442,59.9635,1.8751],[23.7408,59.9643,0.0],[23.7408,59.9629,0.5852],[23.7453,59.9607,0.5953],[23.7569,59.9596,0.0],[23.7675,59.9618,0.0],[23.7658,59.9651,1.3164],[23.7681,59.9674,2.339],[23.7753,59.9665,0.0],[23.7769,59.9676,5.541],[23.7792,59.9663,0.0],[23.7814,59.9674,2.9621],[23.7786,59.9635,0.0],[23.7814,59.9635,0.0],[23.7836,59.9668,1.8743],[23.8053,59.9674,0.4926],[23.8119,59.9722,8.2363],[23.8169,59.9707,5.2221],[23.8208,59.9724,0.0],[23.8164,59.9763,11.0907],[23.8175,59.9771,6.4545],[23.8236,59.9743,0.0],[23.8281,59.976,0.1794],[23.8286,59.9776,7.2668],[23.8314,59.9765,0.0],[23.8342,59.9776,0.0],[23.8336,59.9807,5.409],[23.8369,59.9857,0.0],[23.8364,59.9879,0.0],[23.8391,59.9885,0.0],[23.8386,59.9918,2.4326],[23.8397,59.9924,3.6029],[23.8414,59.9907,0.0],[23.8436,59.9912,0.1845],[23.8431,59.9935,0.1163],[23.8525,59.9907,4.842],[23.8447,59.9851,0.87],[23.8436,59.9813,0.0],[23.8403,59.9793,0.9099],[23.8386,59.976,0.0],[23.8492,59.9779,4.5773],[23.8442,59.9746,6.2036],[23.8392,59.9738,0.0],[23.8358,59.9701,0.0],[23.8358,59.9668,0.0],[23.8325,59.9663,0.0],[23.8286,59.9624,0.0],[23.8247,59.961,2.5148],[23.8253,59.9588,6.9738],[23.8181,59.9515,0.0],[23.8192,59.9493,0.0],[23.8286,59.9488,5.1667],[23.8369,59.9543,0.0],[23.8369,59.956,0.0],[23.8303,59.9568,4.1827],[23.8375,59.959,4.5922],[23.8419,59.9579,0.0],[23.8525,59.966,1.1011],[23.8575,59.9671,0.0],[23.8514,59.9699,1.7936],[23.8686,59.9721,7.6993],[23.8719,59.974,3.557],[23.8736,59.9712,1.2339],[23.8586,59.9671,3.724],[23.8592,59.9646,4.1935],[23.8519,59.9621,0.0],[23.8536,59.9582,0.0676],[23.8475,59.9585,4.7277],[23.8464,59.9524,9.1432],[23.8553,59.9512,2.4253],[23.8592,59.9535,12.5094],[23.8603,59.9512,6.0441],[23.8558,59.951,2.4253],[23.8536,59.9488,0.0],[23.8392,59.9485,2.6903],[23.8369,59.9449,6.069],[23.8325,59.9465,2.2799],[23.8342,59.9443,4.0545],[23.8264,59.9446,0.0],[23.8181,59.9426,1.3564],[23.8175,59.9415,1.3468],[23.8197,59.9404,20.2104],[23.8142,59.9385,1.3951],[23.8131,59.936,5.9429],[23.8075,59.9354,2.9119],[23.8075,59.9326,2.3719],[23.8208,59.9324,9.2765],[23.8392,59.9357,1.6471],[23.8392,59.9371,0.0],[23.8331,59.9382,0.9983],[23.8392,59.9404,0.0],[23.8397,59.9426,2.662],[23.8486,59.9426,1.391],[23.8547,59.9465,2.3132],[23.8564,59.9463,2.3132],[23.8525,59.9437,2.1728],[23.8531,59.9421,2.1728],[23.8681,59.9435,0.0],[23.8675,59.946,3.9387],[23.8714,59.9504,2.2217],[23.8797,59.9488,6.4611],[23.8764,59.9465,4.5175],[23.8692,59.946,2.257],[23.8731,59.9421,4.1563],[23.8803,59.9432,0.0],[23.8803,59.9463,0.0],[23.8881,59.9476,2.7104],[23.8903,59.9504,0.0],[23.9019,59.9488,0.0],[23.8992,59.9507,8.1575],[23.9003,59.9538,0.0],[23.8992,59.9549,5.258],[23.8931,59.956,2.3868],[23.8958,59.9576,4.1921],[23.8975,59.9557,0.0],[23.9031,59.9546,3.6167],[23.9025,59.9535,1.296],[23.9047,59.9515,1.8264],[23.9169,59.9501,4.4991],[23.9131,59.9476,3.031],[23.9131,59.9451,0.0],[23.9181,59.9404,0.0],[23.9231,59.9413,2.9833],[23.9208,59.9393,0.0],[23.9264,59.9388,10.8201],[23.9314,59.9407,2.9264],[23.9286,59.9374,2.9648],[23.9325,59.9371,2.9648],[23.9392,59.9393,0.0],[23.9347,59.9404,8.6324],[23.9369,59.9424,0.0],[23.9336,59.9426,2.2635],[23.9347,59.9449,0.0],[23.9286,59.9435,8.0019],[23.9286,59.9449,0.0],[23.9375,59.9463,4.2165],[23.9564,59.9468,0.0],[23.9569,59.9501,7.2286],[23.9636,59.9493,2.0524],[23.9653,59.9521,0.0],[23.9619,59.9524,0.0],[23.9619,59.9549,0.0],[23.9569,59.9549,0.0],[23.9558,59.9521,0.0],[23.9508,59.954,1.5786],[23.9475,59.9535,3.9679],[23.9469,59.9521,0.0],[23.9486,59.9507,0.8537],[23.9464,59.949,1.7685],[23.9447,59.9504,5.4979],[23.9381,59.9504,7.337],[23.9225,59.9482,3.9595],[23.9292,59.9504,0.7405],[23.9275,59.9529,1.8585],[23.9269,59.9515,2.5085],[23.9219,59.9512,8.7761],[23.9225,59.9538,12.9644],[23.9247,59.9524,1.2821],[23.9264,59.9532,1.2821],[23.9303,59.9529,0.0],[23.9303,59.9551,2.494],[23.9325,59.956,8.011],[23.9297,59.959,5.4388],[23.9347,59.9588,3.2922],[23.9397,59.9621,6.0299],[23.9197,59.9651,15.2327],[23.9242,59.9665,0.0],[23.9147,59.9688,7.1193],[23.9197,59.9693,7.6004],[23.9319,59.9649,0.0],[23.9336,59.9685,1.0571],[23.9369,59.9685,2.446],[23.9392,59.9663,0.0],[23.9436,59.9668,1.4636],[23.9442,59.9685,5.3956],[23.9381,59.9699,0.0],[23.9458,59.9718,0.0],[23.9469,59.9707,0.0],[23.9636,59.9701,3.7394],[23.9642,59.9676,4.1416],[23.9669,59.9671,4.1416],[23.9692,59.9693,5.0377],[23.9814,59.9693,2.2598],[23.9814,59.9712,3.3412],[23.9708,59.9738,6.2417],[23.9731,59.9754,1.0699],[23.9708,59.9774,0.0],[23.9564,59.9799,0.8189],[23.9614,59.9807,15.2562],[23.9775,59.9771,8.0675],[23.9769,59.9801,13.4073],[23.9808,59.9815,0.5807],[23.9892,59.9813,1.2338],[23.9969,59.9785,0.0],[24.0014,59.9785,0.0],[24.0031,59.9801,0.0],[23.9897,59.9851,9.9513],[23.9747,59.9876,0.0],[23.9686,59.9879,0.0],[23.9653,59.986,3.1517],[23.9581,59.9865,3.5101],[23.9564,59.9854,5.5855],[23.9419,59.986,3.8663],[23.9414,59.989,0.0],[23.9336,59.9902,3.536],[23.9225,59.9893,0.0],[23.9258,59.9882,1.4398],[23.9242,59.9874,2.6279],[23.9103,59.9871,0.0],[23.9092,59.9851,0.2557],[23.9019,59.9871,7.2798],[23.8936,59.9863,1.8548],[23.8931,59.9851,0.0],[23.8964,59.9837,2.3977],[23.8847,59.9824,3.0879],[23.8836,59.9796,0.0],[23.8853,59.9787,16.8159],[23.8753,59.9757,3.4289],[23.8803,59.9779,0.3981],[23.8831,59.9826,3.0879],[23.8881,59.9843,0.0],[23.8897,59.9882,0.0],[23.9042,59.9876,0.0],[23.9047,59.9893,0.0],[23.8958,59.9921,0.0],[23.8903,59.991,1.0306],[23.8725,59.9943,0.0],[23.8686,59.9938,0.0],[23.8692,59.991,9.8758],[23.8669,59.991,1.279],[23.8664,59.9926,0.0],[23.8614,59.9924,3.0521],[23.8603,59.9943,0.0],[23.8503,59.9929,0.0],[23.8431,59.9974,8.702],[23.8481,59.9993,2.8269],[23.8464,59.9963,5.6204],[23.8497,59.9951,1.1124],[23.8525,59.999,0.0195],[23.8786,59.9989,0.0852],[23.8797,59.9963,1.6308],[23.8886,59.994,2.643],[23.8953,59.9963,1.582],[23.9203,59.9968,0.0],[23.9303,59.9926,2.0078],[23.9353,59.9926,2.4405],[23.9392,59.9963,0.0],[23.9353,59.9976,1.2104],[23.9392,60.0,0.0],[23.9453,60.0,0.0],[23.9464,60.0016,4.1908],[23.9516,60.0026,0.0],[23.9536,60.0057,0.0],[23.9417,60.0062,22.7375],[23.9375,60.0083,0.0],[23.9292,60.0083,5.1516],[23.925,60.0104,0.0],[23.9208,60.0083,24.4253],[23.9104,60.0125,0.0],[23.9,60.0125,15.0441],[23.8958,60.0146,0.0],[23.8875,60.0146,12.0413],[23.8833,60.0167,0.0],[23.8729,60.0167,5.7561],[23.8693,60.0203,0.0],[23.875,60.0208,17.9116],[23.8792,60.0187,0.0],[23.8833,60.0187,0.0],[23.8875,60.0208,8.3757],[23.8917,60.0187,0.0],[23.9021,60.0187,5.6273],[23.9063,60.0167,0.0],[23.9188,60.0187,14.5973],[23.925,60.0146,3.662],[23.95,60.0146,3.7082],[23.9562,60.0104,0.0],[23.9641,60.013,15.6589],[23.9641,60.0161,26.7862],[23.9589,60.0182,10.8229],[23.9667,60.0187,0.0],[23.9938,60.0292,1.8647],[24.0016,60.0297,0.0],[24.0016,60.0328,2.8864],[23.9984,60.037,17.7739],[24.0016,60.038,2.0553],[24.0068,60.0432,1.2965],[24.0146,60.0458,0.0],[24.0203,60.0453,0.0],[24.0224,60.0432,0.4947],[24.0193,60.038,4.4156],[24.0234,60.0359,12.7332],[24.0318,60.0255,2.9534],[24.0417,60.025,0.0],[24.0458,60.0271,8.3075],[24.0474,60.0266,0.0],[24.0464,60.0234,0.0],[24.0521,60.0208,20.6058],[24.062,60.0214,0.0],[24.0589,60.0234,0.0],[24.0604,60.025,0.0],[24.0812,60.025,6.4833],[24.0854,60.0229,6.5527],[24.0917,60.0229,10.7396],[24.0917,60.025,0.0],[24.0859,60.0255,0.0],[24.0828,60.0286,0.0],[24.0734,60.0318,0.0],[24.075,60.0333,0.0],[24.0812,60.0333,0.0],[24.0854,60.0354,9.7084],[24.1146,60.0271,11.2205],[24.1182,60.0297,0.6031],[24.1193,60.0328,8.5736],[24.1286,60.0339,0.0],[24.1266,60.037,11.5825],[24.1208,60.0375,12.8835],[24.1193,60.0391,5.2831],[24.1313,60.0458,0.0],[24.137,60.0453,0.0],[24.1391,60.0432,13.6137],[24.1375,60.0396,15.2286],[24.1401,60.0359,5.3064],[24.1458,60.0375,7.1768],[24.1516,60.037,30.344],[24.1505,60.0339,0.0],[24.1526,60.0297,9.9334],[24.1563,60.0271,11.7744],[24.1896,60.0271,9.9536],[24.1938,60.0292,0.0],[24.1979,60.0271,0.0],[24.2021,60.0271,0.0],[24.2036,60.0286,12.8428],[24.1958,60.0396,0.0],[24.1974,60.0432,9.9241],[24.1917,60.0417,0.0],[24.1792,60.0417,10.8697],[24.1703,60.0474,6.3797],[24.1651,60.0484,8.7143],[24.163,60.0516,8.444],[24.1714,60.0578,0.0],[24.1792,60.0604,15.3428],[24.1833,60.0583,0.0],[24.1938,60.0583,0.0],[24.1979,60.0563,5.7083],[24.2021,60.0583,12.1768],[24.2062,60.0583,8.0665],[24.2099,60.0557,0.0],[24.212,60.0516,6.3973],[24.2109,60.0484,0.0],[24.2188,60.0458,0.0],[24.2224,60.0484,12.7311],[24.2214,60.0516,6.0102],[24.225,60.0563,2.7947],[24.2276,60.0526,0.0],[24.2411,60.0474,0.0],[24.2422,60.0443,0.0],[24.25,60.0417,0.0],[24.2542,60.0438,7.9936],[24.2583,60.0438,0.0],[24.2646,60.0396,0.0],[24.2745,60.0443,9.0943],[24.2693,60.0464,0.0],[24.2672,60.0516,0.0],[24.2693,60.0557,15.5371],[24.2773,60.0563,0.0],[24.278,60.0612,21.8264],[24.269,60.0615,30.8058],[24.2696,60.066,27.9895],[24.2606,60.0663,32.585],[24.2617,60.0753,10.681],[24.2528,60.0756,19.8996],[24.2533,60.08,20.316],[24.2444,60.0803,19.3036],[24.2455,60.0893,23.5203],[24.2365,60.0896,36.5101],[24.2371,60.0941,15.1239],[24.2281,60.0943,19.8551],[24.2293,60.1033,37.6159],[24.2382,60.103,18.9524],[24.2388,60.1075,25.8226],[24.2298,60.1078,31.628],[24.2304,60.1123,5.7995],[24.2214,60.1125,22.4695],[24.2226,60.1215,7.6182],[24.2136,60.1218,6.4941],[24.2141,60.1263,7.0114],[24.2051,60.1266,14.5417],[24.2057,60.1311,24.1307],[24.1787,60.1319,39.6802],[24.1781,60.1274,42.3419],[24.1691,60.1277,56.8964],[24.1686,60.1232,48.3323],[24.1596,60.1235,33.1453],[24.159,60.119,29.4883],[24.15,60.1193,19.0723],[24.1494,60.1148,18.2095],[24.1404,60.1151,21.416],[24.141,60.1196,26.2527],[24.132,60.1199,55.9553],[24.1337,60.1333,44.6935],[24.1157,60.1339,33.7578],[24.1162,60.1384,33.4458],[24.1072,60.1386,31.9162],[24.1078,60.1431,31.4932],[24.0628,60.1445,31.0914],[24.0633,60.149,29.2381],[24.0453,60.1495,33.3551],[24.0448,60.1451,45.3592],[24.0357,60.1453,41.4674],[24.0346,60.1364,31.9862],[24.0166,60.1369,46.7238],[24.0161,60.1324,53.1802],[23.9711,60.1338,54.0132],[23.9705,60.1293,69.4423],[23.9435,60.1301,59.652],[23.9441,60.1346,47.9701],[23.935,60.1348,52.9099],[23.9356,60.1393,62.6262],[23.9266,60.1396,57.1157],[23.9271,60.1441,56.0666],[23.9181,60.1444,69.5472],[23.9186,60.1488,65.6195],[23.9096,60.1491,57.9848],[23.9107,60.1581,68.1068],[23.9017,60.1583,43.5138],[23.9065,60.1987,31.0],[23.8794,60.1995,31.0],[23.8789,60.195,66.2315],[23.8608,60.1955,54.0588],[23.8603,60.191,68.2825],[23.8333,60.1918,61.5971],[23.8338,60.1963,46.5754],[23.8248,60.1966,31.0],[23.8242,60.1921,57.8259],[23.8152,60.1923,31.0],[23.8147,60.1879,42.4708],[23.7876,60.1886,31.0],[23.7871,60.1841,31.0],[23.7781,60.1844,31.0],[23.7776,60.1799,31.0],[23.7686,60.1802,31.0],[23.768,60.1757,55.7444],[23.75,60.1762,62.9617],[23.7495,60.1717,75.1011],[23.7405,60.172,72.3718],[23.74,60.1675,69.4638],[23.7129,60.1682,65.3184],[23.7134,60.1727,37.3242],[23.6684,60.174,71.5274],[23.6678,60.1695,61.5486],[23.6408,60.1702,71.5417],[23.6403,60.1657,73.0711],[23.6223,60.1662,68.4328],[23.6228,60.1707,71.7103],[23.6047,60.1712,71.3202],[23.6062,60.1847,40.5],[23.6152,60.1844,40.5],[23.6162,60.1934,40.5],[23.5982,60.1939,40.5],[23.5987,60.1984,40.5],[23.5626,60.1993,40.5],[23.563,60.2038,54.057],[23.554,60.2041,40.5],[23.5535,60.1996,62.3775],[23.5355,60.2001,62.6141],[23.535,60.1956,71.6295],[23.526,60.1958,72.9741],[23.5255,60.1913,84.9793],[23.5165,60.1916,73.6392],[23.516,60.1871,83.8037],[23.507,60.1873,75.6333],[23.5065,60.1828,73.5692],[23.4975,60.1831,50.3051],[23.497,60.1786,71.6523],[23.488,60.1788,72.6649],[23.4875,60.1744,78.8911],[23.4695,60.1748,33.5],[23.469,60.1703,64.2852],[23.4419,60.171,37.9902],[23.4415,60.1665,46.7521],[23.3783,60.1682,77.0079],[23.3774,60.1592,55.3998],[23.3684,60.1594,43.3536],[23.3675,60.1505,57.6876],[23.3585,60.1507,52.8753],[23.3589,60.1552,48.1304],[23.3499,60.1554,70.3245],[23.3504,60.1599,50.2881],[23.3413,60.1601,42.2529],[23.3418,60.1646,58.2251],[23.3238,60.1651,42.6352],[23.3242,60.1695,34.7234],[23.3152,60.1698,33.4569],[23.3161,60.1787,28.9168],[23.3251,60.1785,49.1281],[23.3261,60.1875,33.8516],[23.299,60.1882,29.5573],[23.2985,60.1837,52.7751],[23.2895,60.1839,29.9564],[23.2886,60.1749,55.2732],[23.2796,60.1751,22.7361],[23.2773,60.1527,21.826],[23.2683,60.1529,15.4069],[23.2679,60.1485,22.983],[23.2589,60.1487,17.0462],[23.2584,60.1442,54.2966],[23.2494,60.1444,29.7874],[23.249,60.1399,48.5411],[23.24,60.1402,49.178],[23.2395,60.1357,50.4411],[23.2215,60.1361,30.3933],[23.2211,60.1316,53.0278],[23.212,60.1318,24.2706],[23.2116,60.1274,75.3326],[23.2026,60.1276,79.3733],[23.2022,60.1231,63.7187],[23.1932,60.1233,61.3621],[23.1927,60.1188,39.7672],[23.1837,60.119,50.118],[23.1833,60.1145,41.3338],[23.1743,60.1148,30.9366],[23.1738,60.1103,35.6809],[23.1648,60.1105,43.8635],[23.1644,60.106,15.0],[23.1554,60.1062,15.0],[23.155,60.1017,15.0],[23.146,60.102,32.7339],[23.1456,60.0975,19.3452],[23.1095,60.0983,56.7994],[23.1091,60.0938,50.8082],[23.0821,60.0945,57.6575],[23.0817,60.09,61.1774],[23.0457,60.0908,68.8745],[23.0461,60.0953,51.0575],[23.0371,60.0955,47.4501],[23.0375,60.1,36.587],[23.0285,60.1002,20.1049],[23.0287,60.1015,7.1116],[23.0167,60.0979,39.2735],[23.0047,60.0974,25.2243],[23.0109,60.0922,6.9075],[23.0203,60.0911,11.5859],[23.0203,60.088,30.4534],[23.0182,60.0859,24.5363],[22.9979,60.0854,13.6262],[22.9938,60.0833,26.4791],[22.9896,60.0854,18.5428],[22.988,60.0849,18.5008],[22.9891,60.0818,2.8474],[22.9859,60.0807,0.0],[22.987,60.0776,0.0],[22.9859,60.0755,0.0],[22.9901,60.0734,17.7686],[22.9911,60.0714,32.7181],[22.9901,60.0693,0.0],[22.9964,60.0651,0.0],[23.0042,60.0625,0.0],[23.0125,60.0625,2.1363],[23.0187,60.0667,2.369],[23.0375,60.0687,0.0],[23.0432,60.063,0.8079],[23.0375,60.0625,9.5302],[23.0333,60.0646,0.0],[23.0318,60.0641,0.0],[23.0318,60.0609,0.0],[23.0438,60.0604,0.0],[23.05,60.0563,27.0011],[23.0646,60.0563,25.0048],[23.0703,60.0536,9.0449],[23.0688,60.0521,15.1565],[23.0625,60.0521,0.0],[23.0547,60.0495,37.987],[23.0547,60.0464,37.8519],[23.0625,60.0438,13.5459],[23.075,60.0458,0.0],[23.0792,60.0438,0.0],[23.0896,60.0438,28.0109],[23.0938,60.0396,0.0],[23.1036,60.0401,0.0],[23.1068,60.0453,0.0],[23.1141,60.0505,28.3008],[23.1125,60.0521,16.271],[23.1083,60.05,0.0],[23.1026,60.0505,14.6062],[23.1047,60.0536,0.0],[23.1099,60.0547,0.0],[23.1109,60.0578,6.283],[23.1224,60.0609,18.6296],[23.1234,60.0641,20.06],[23.1313,60.0667,-0.0992],[23.1415,60.0658,0.0],[23.1437,60.0625,0.2176],[23.1401,60.0578,19.8881],[23.1417,60.0563,0.0],[23.1458,60.0583,1.8799],[23.1536,60.0589,0.0],[23.1526,60.0641,0.0],[23.1641,60.0672,0.0],[23.1708,60.0708,15.5486],[23.175,60.0687,0.0],[23.1833,60.0687,0.0],[23.1875,60.0708,23.1331],[23.1917,60.0708,23.3436],[23.1958,60.0687,0.0],[23.2062,60.0687,0.0],[23.2104,60.0708,37.334],[23.2146,60.0687,0.0],[23.225,60.0687,0.0],[23.2328,60.0661,0.0],[23.2375,60.0625,0.0],[23.2417,60.0625,0.0],[23.2458,60.0646,31.0719],[23.2542,60.0646,19.7483],[23.2641,60.062,6.8559],[23.2625,60.0604,22.9156],[23.2563,60.0604,4.0165],[23.2484,60.0578,13.4024],[23.2458,60.0542,21.6614],[23.2396,60.0542,0.0],[23.2318,60.0516,0.0],[23.2286,60.0464,11.5065],[23.2234,60.0453,0.0],[23.2245,60.0401,0.0],[23.2208,60.0375,3.8196],[23.2151,60.038,2.2358],[23.2161,60.0411,0.0],[23.213,60.0432,0.0],[23.2172,60.0474,0.0],[23.2224,60.0484,0.0],[23.2276,60.0578,18.5406],[23.2328,60.0589,2.2389],[23.2307,60.062,0.0],[23.2208,60.0646,15.9291],[23.2125,60.0604,23.014],[23.2083,60.0646,14.091],[23.2042,60.0625,0.0],[23.2,60.0625,0.0],[23.1958,60.0646,0.0],[23.1917,60.0625,3.8661],[23.1875,60.0625,7.9838],[23.1833,60.0646,0.0],[23.175,60.0646,0.0],[23.1708,60.0625,37.2827],[23.1667,60.0625,7.8774],[23.1589,60.0599,0.0],[23.1536,60.0526,13.7107],[23.1354,60.05,1.1736],[23.1193,60.0453,18.0871],[23.1151,60.038,0.0],[23.1203,60.0339,40.094],[23.1141,60.0276,0.0],[23.1068,60.0266,0.0],[23.0984,60.0224,0.0],[23.1,60.0208,7.4044],[23.1104,60.025,23.6667],[23.1141,60.0224,15.5768],[23.113,60.0172,0.0],[23.1146,60.0146,29.5614],[23.113,60.0109,0.0],[23.1141,60.0089,17.1375],[23.1083,60.0083,0.0],[23.0974,60.0161,13.1408],[23.0901,60.0151,0.0],[23.0984,60.0266,0.0],[23.1078,60.0297,4.3326],[23.1099,60.0318,0.0],[23.1078,60.0349,6.03],[23.1036,60.037,8.3069],[23.0875,60.0375,7.6697],[23.0729,60.0417,0.0],[23.0521,60.0417,27.9266],[23.0375,60.0458,27.2112],[23.0292,60.0458,0.0],[23.025,60.0438,14.623],[23.0234,60.0443,14.623],[23.0245,60.0474,16.9487],[23.0229,60.0479,20.8404],[23.0021,60.0396,20.5592],[22.9943,60.0391,13.3562],[22.9896,60.0333,13.9668],[22.9901,60.0318,3.067],[22.9953,60.0297,0.0],[22.9901,60.0276,0.0],[22.9932,60.0266,16.89],[22.9984,60.0214,19.5131],[23.0042,60.0208,7.5693],[23.0078,60.0182,23.1637],[23.0068,60.0151,7.1985],[23.0099,60.013,19.8823],[23.0068,60.0089,8.672],[23.0109,60.0026,3.9487],[23.0245,60.0012,10.4361],[23.0252,60.0,34.1752],[23.0219,59.999,11.272],[23.0264,59.9954,7.3747],[23.0225,59.991,0.816],[23.0292,59.9896,0.0],[23.0297,59.9868,14.6812],[23.0203,59.9846,2.4925],[23.0142,59.9915,8.8553],[23.008,59.9907,0.0],[23.0103,59.9885,7.6843],[23.0025,59.9865,2.5645],[23.0058,59.984,2.8931],[23.0053,59.9815,0.3012],[23.0069,59.9801,9.3935],[23.0008,59.9793,1.1356],[23.0008,59.9765,9.9],[22.9981,59.9782,0.0],[22.9869,59.9774,0.4442],[22.9869,59.976,5.7091],[22.9836,59.9757,0.152],[22.9836,59.9712,2.11],[22.9819,59.9707,0.8767],[22.9747,59.9715,3.5603],[22.973,59.9738,1.0587],[22.9742,59.9771,0.0],[22.9708,59.9776,0.0],[22.9686,59.9804,4.4914],[22.9514,59.9801,7.5473],[22.9514,59.9818,0.0],[22.9581,59.9843,0.0],[22.9514,59.9851,4.1218],[22.9553,59.9865,0.0],[22.9558,59.989,1.1358],[22.9558,59.9904,1.1358],[22.9519,59.9924,0.0],[22.9436,59.9932,2.0269],[22.9397,59.9912,0.0],[22.9342,59.9932,4.0723],[22.9297,59.9915,9.3021],[22.9119,59.9926,0.0],[22.9114,59.9901,4.6396],[22.9069,59.9893,0.0],[22.9064,59.9876,0.0],[22.9097,59.9832,0.0],[22.9081,59.9804,0.0],[22.9114,59.9793,1.5311],[22.9108,59.9771,0.0],[22.9119,59.9768,7.7637],[22.9075,59.976,0.0],[22.9075,59.9743,0.0],[22.9053,59.9743,0.0],[22.9036,59.9788,0.0],[22.8997,59.9804,2.3538],[22.8964,59.9801,0.0],[22.8942,59.9771,2.844],[22.8781,59.9801,10.6624],[22.8669,59.9735,16.4781],[22.8592,59.9721,0.8918],[22.8575,59.9701,0.0],[22.8575,59.9668,7.9401],[22.8531,59.9665,9.2284],[22.8503,59.9676,1.4444],[22.8497,59.9743,14.7709],[22.8525,59.979,0.0],[22.8553,59.9799,0.0],[22.8569,59.9824,0.0],[22.8453,59.9799,13.2577],[22.8381,59.9807,3.0837],[22.8447,59.9821,0.0],[22.8419,59.9843,0.0],[22.8308,59.9835,18.4383],[22.8375,59.9876,7.7426],[22.8536,59.9882,0.0],[22.8531,59.9912,0.0],[22.8469,59.9907,0.0],[22.8347,59.9946,3.1401],[22.8473,59.995,0.0],[22.8341,59.9967,0.0],[22.8392,60.0014,0.0],[22.8292,60.0014,5.1263],[22.8349,60.0026,17.8165],[22.838,60.0078,0.0],[22.8432,60.0089,0.0],[22.838,60.012,0.0],[22.8411,60.013,5.8774],[22.8432,60.0161,8.2696],[22.8354,60.0187,12.4789],[22.8188,60.0187,22.3202],[22.8109,60.0161,10.1408],[22.8167,60.0062,29.9769],[22.8151,60.0026,13.6161],[22.8198,60.0,19.4186],[22.8164,60.0,0.0],[22.8164,59.9987,5.5914],[22.8114,59.9971,0.0],[22.8147,59.989,0.0],[22.8108,59.9863,0.0],[22.8147,59.979,0.0],[22.8231,59.9785,0.0],[22.8219,59.9746,3.7459],[22.8258,59.9726,1.363],[22.8258,59.9699,0.0],[22.8303,59.9649,0.0],[22.8358,59.9632,0.0],[22.8392,59.966,7.8472],[22.8425,59.9638,10.906],[22.8592,59.9599,3.3007],[22.8597,59.9562,1.3431],[22.8619,59.9557,1.3431],[22.8636,59.9526,0.0],[22.8686,59.9515,0.0],[22.8692,59.9496,7.8903],[22.8642,59.9476,0.0],[22.8625,59.9451,5.8994],[22.8508,59.9424,0.0],[22.8575,59.9421,8.0506],[22.8619,59.9396,0.0],[22.8614,59.9374,0.0],[22.8642,59.9349,0.0],[22.8642,59.9318,0.0],[22.8742,59.9282,0.0],[22.8736,59.9254,0.0],[22.8764,59.924,3.8033],[22.8781,59.9201,0.0],[22.8875,59.9151,0.0],[22.8942,59.9157,9.3782],[22.9058,59.9113,0.0],[22.9069,59.9157,3.047],[22.9142,59.9151,8.3341],[22.9142,59.9115,0.0],[22.9258,59.9135,0.0],[22.9297,59.909,3.1613],[22.9431,59.9079,0.996],[22.9431,59.906,1.487],[22.9392,59.9038,0.9987],[22.9397,59.9026,0.0],[22.9486,59.9032,0.0],[22.9492,59.9054,0.0],[22.9547,59.9068,0.0],[22.9619,59.906,8.516],[22.9569,59.9035,0.0],[22.9597,59.9021,6.4345],[22.9636,59.904,1.2144],[22.9703,59.9035,0.0],[22.9736,59.9051,0.0],[22.9681,59.906,0.0],[22.9708,59.9104,0.0],[22.9747,59.9099,0.7446],[22.9764,59.9076,0.0],[22.9808,59.9079,0.0],[22.9797,59.9104,5.0079],[22.9753,59.9126,0.0],[22.9642,59.9151,3.3218],[22.9619,59.9151,5.5094],[22.9608,59.9126,0.955],[22.9586,59.914,0.0],[22.9547,59.9104,11.8792],[22.9458,59.911,3.4641],[22.9508,59.9113,0.0],[22.9586,59.9149,0.0],[22.9569,59.9157,11.8424],[22.9569,59.9182,8.3772],[22.9603,59.921,5.2248],[22.9692,59.9188,6.0826],[22.9697,59.9168,0.0],[22.9736,59.9171,3.2134],[22.9747,59.919,0.0],[22.9736,59.921,3.3942],[22.9758,59.9215,0.0],[22.9758,59.9229,2.2878],[22.9836,59.9226,2.6235],[22.9836,59.9246,1.8308],[22.9814,59.9263,4.6576],[22.9847,59.9257,10.584],[22.9853,59.9232,0.0],[22.9914,59.9229,3.3976],[22.9931,59.9215,5.4724],[22.9842,59.9207,0.0],[22.982,59.9218,6.521],[22.9769,59.9201,0.0],[22.9897,59.9193,0.7935],[22.9958,59.9212,3.2407],[22.9975,59.9188,5.1866],[23.0031,59.9168,2.0057],[23.0042,59.9135,1.9996],[23.0086,59.9149,1.8059],[23.0092,59.9171,0.0],[23.0036,59.9204,13.1745],[23.0025,59.9238,0.0],[22.9992,59.9243,13.0339],[22.9981,59.929,0.0],[22.9953,59.9313,0.0],[22.9875,59.9329,0.0],[22.9869,59.9304,8.9936],[22.9847,59.9301,7.2564],[22.9842,59.9318,0.0],[22.9858,59.9321,1.5297],[22.9864,59.9346,0.0],[22.9803,59.9351,12.1207],[22.9719,59.9349,6.5813],[22.9669,59.9321,0.0],[22.963,59.9332,0.9141],[22.9642,59.9374,0.4001],[22.9697,59.939,0.0],[22.9708,59.9413,0.3346],[22.9681,59.9424,2.8108],[22.9686,59.949,5.6085],[22.9764,59.9526,3.2595],[22.9797,59.9507,0.0],[22.9797,59.9482,0.3648],[22.9758,59.9449,0.0],[22.9797,59.944,4.0526],[22.9775,59.9426,0.0],[22.9775,59.9404,5.9252],[22.9742,59.939,5.9252],[22.9742,59.9374,10.3852],[22.9764,59.9365,0.0],[22.9847,59.9379,7.2444],[22.9947,59.9357,0.6862],[22.9975,59.939,3.1325],[23.0014,59.9407,2.7603],[23.0025,59.9401,14.2743],[23.0014,59.9385,0.0],[23.0058,59.9376,1.0062],[23.0125,59.9393,16.6084],[23.0142,59.9426,13.0044],[23.0208,59.9413,5.4307],[23.0214,59.9388,14.7901],[23.0153,59.9385,2.1025],[23.0131,59.9368,9.5174],[23.0047,59.9374,1.0062],[23.0019,59.9351,0.0],[23.0064,59.931,1.2226],[23.0114,59.931,3.6109],[23.0131,59.9335,2.2555],[23.0131,59.931,4.3661],[23.0092,59.9287,1.4053],[23.0136,59.9271,4.4353],[23.0153,59.9251,5.0348],[23.0147,59.9232,0.0],[23.0203,59.9215,0.0],[23.0253,59.9221,8.3349],[23.0264,59.9171,0.4792],[23.0253,59.916,0.6278],[23.0264,59.9154,5.5102],[23.0231,59.9118,0.0],[23.0264,59.9101,10.5668],[23.0192,59.9115,4.0595],[23.0169,59.909,8.6039],[23.0125,59.9087,0.0],[23.0103,59.9001,0.0],[23.0131,59.8988,5.9417],[23.0169,59.899,0.0],[23.0169,59.9018,0.0],[23.0186,59.9024,10.4374],[23.023,59.9024,0.8437],[23.0242,59.9038,14.6141],[23.0286,59.9029,1.453],[23.0297,59.906,0.0],[23.0281,59.909,2.2902],[23.0303,59.9104,0.0],[23.0286,59.9113,9.4806],[23.0286,59.9132,5.6094],[23.0331,59.9137,0.0],[23.0353,59.919,9.5645],[23.0369,59.9168,0.0],[23.0447,59.9188,8.8921],[23.0453,59.9157,1.7078],[23.0581,59.9199,0.7559],[23.0614,59.9179,0.0],[23.0642,59.9185,0.0],[23.0686,59.9232,1.633],[23.0708,59.9313,0.0],[23.0669,59.9321,0.0],[23.0658,59.9304,14.1848],[23.0642,59.9321,14.9876],[23.0686,59.9354,0.6664],[23.0692,59.9374,2.7711],[23.0675,59.9388,4.9799],[23.0703,59.9385,2.7711],[23.0703,59.9401,4.9799],[23.0642,59.9413,8.2139],[23.0636,59.9432,4.7861],[23.0697,59.9418,0.0],[23.0781,59.9426,0.0],[23.0775,59.9449,0.2357],[23.0842,59.9471,16.9553],[23.0886,59.9507,4.0396],[23.0886,59.9543,2.5939],[23.0847,59.9568,14.7456],[23.0908,59.9579,1.3074],[23.0942,59.9621,0.0],[23.0842,59.9632,4.0504],[23.0814,59.9604,23.1036],[23.0769,59.9593,5.5699],[23.0786,59.9576,2.7091],[23.0719,59.9576,0.0],[23.0642,59.9546,10.4676],[23.0714,59.9599,9.4717],[23.0686,59.9626,2.0599],[23.0742,59.9649,1.3339],[23.0742,59.9685,2.2203],[23.0708,59.9676,2.0477],[23.0686,59.969,12.4858],[23.0725,59.9726,0.0],[23.0708,59.9754,5.2671],[23.0786,59.9779,5.3128],[23.0781,59.9801,3.3376],[23.0731,59.9815,7.2093],[23.0769,59.9821,0.0],[23.0769,59.984,0.0],[23.0719,59.9846,0.0],[23.0686,59.9824,0.0],[23.0614,59.9837,0.0],[23.0536,59.981,0.0],[23.0542,59.9796,19.8162],[23.0525,59.9785,8.1032],[23.0436,59.9782,13.9944],[23.0381,59.9799,1.6413],[23.0331,59.9793,1.5968],[23.0303,59.9815,1.857],[23.0303,59.984,2.2903],[23.0375,59.9888,3.1154],[23.0486,59.9876,3.1674],[23.0486,59.9857,0.0],[23.0508,59.9846,1.6269],[23.0553,59.9843,0.2585],[23.0603,59.9863,0.0],[23.0586,59.9885,6.2394],[23.0536,59.9882,4.0002],[23.0564,59.9901,0.0],[23.0658,59.9882,0.0],[23.0725,59.9932,0.0],[23.0808,59.9949,0.0],[23.0911,60.0021,28.7666],[23.0974,60.0026,0.0],[23.1021,60.0062,17.5276],[23.1104,60.0062,35.0867],[23.1146,60.0042,0.0],[23.1188,60.0042,0.0],[23.1229,60.0062,0.0],[23.1354,60.0062,0.0],[23.1396,60.0083,4.9291],[23.1417,60.0062,0.0],[23.1411,60.0047,0.0],[23.1333,60.0042,0.0],[23.1292,60.0021,0.0],[23.1188,60.0021,0.0],[23.1147,59.9979,3.0628],[23.1119,59.9979,0.465],[23.1164,59.996,2.2365],[23.1131,59.9954,4.4649],[23.1119,59.9932,5.3655],[23.1131,59.9915,11.1444],[23.1108,59.9893,0.0],[23.1158,59.9896,2.7768],[23.1092,59.9876,0.0],[23.1081,59.9854,0.0],[23.1092,59.9837,3.8401],[23.1064,59.9835,0.0],[23.1092,59.9793,0.0],[23.1008,59.9699,0.0],[23.1019,59.9651,13.0843],[23.1008,59.9626,0.0448],[23.1019,59.9624,11.2484],[23.1003,59.9607,1.5509],[23.1014,59.959,11.416],[23.0964,59.9562,0.0],[23.0975,59.949,4.9238],[23.0953,59.9476,1.1598],[23.0981,59.9443,3.1155],[23.1103,59.9449,7.2002],[23.1036,59.9429,0.0],[23.1036,59.9418,8.9696],[23.0958,59.9418,6.1778],[23.0942,59.9399,0.0],[23.0958,59.9379,0.0],[23.1036,59.9371,10.0373],[23.1053,59.9376,10.0373],[23.1053,59.9407,8.9696],[23.1125,59.9426,1.601],[23.1231,59.941,4.6016],[23.1336,59.946,0.4327],[23.1364,59.9504,0.0],[23.1336,59.9515,11.1934],[23.1347,59.9551,0.0],[23.1314,59.9585,10.6407],[23.1358,59.9637,3.0555],[23.1536,59.9668,0.0734],[23.1575,59.9657,7.0911],[23.1553,59.9624,0.0],[23.1647,59.9579,0.0374],[23.1675,59.9504,11.2888],[23.1664,59.9499,11.349],[23.1614,59.9529,0.0],[23.1564,59.9529,0.0],[23.1558,59.9493,0.7123],[23.1531,59.9488,0.0],[23.1553,59.946,1.5176],[23.1697,59.9443,0.725],[23.1725,59.946,4.4445],[23.1814,59.9465,0.0],[23.1875,59.9507,16.8288],[23.1869,59.9546,7.3764],[23.1892,59.9565,5.2313],[23.1847,59.9588,0.0],[23.1803,59.9588,1.1285],[23.1825,59.9635,0.0],[23.1786,59.969,4.6108],[23.1792,59.9712,3.1293],[23.1814,59.974,15.5491],[23.1881,59.9743,3.4308],[23.1919,59.9763,1.025],[23.1981,59.9746,3.9915],[23.2042,59.9632,1.5336],[23.2108,59.9593,0.0],[23.2186,59.9593,4.0252],[23.2142,59.9574,0.0],[23.2153,59.9551,7.2893],[23.2064,59.9518,20.0971],[23.1997,59.9515,0.0],[23.1992,59.9482,2.665],[23.1969,59.9471,2.665],[23.1908,59.9479,2.4557],[23.1903,59.9454,8.0071],[23.1858,59.9432,6.9216],[23.1814,59.9435,2.4183],[23.1747,59.9407,0.0],[23.1625,59.9415,8.5739],[23.1592,59.9388,4.9558],[23.1547,59.9388,0.0],[23.1564,59.9368,8.8639],[23.1531,59.9371,0.0],[23.1519,59.936,3.78],[23.1531,59.9351,9.8153],[23.1508,59.9343,1.0568],[23.1497,59.9349,1.0568],[23.1525,59.939,2.1739],[23.1431,59.9388,0.0],[23.1469,59.934,6.9592],[23.1492,59.934,1.0568],[23.1458,59.9321,0.0],[23.1464,59.929,0.0],[23.1436,59.9276,0.0],[23.1453,59.9243,4.5748],[23.1436,59.9224,0.0],[23.1525,59.9224,4.0837],[23.1497,59.9212,3.124],[23.1492,59.9193,9.2742],[23.1547,59.9151,0.0],[23.1553,59.9168,2.8493],[23.1536,59.9185,3.2353],[23.1564,59.9185,0.0],[23.1558,59.9212,3.166],[23.1586,59.9215,0.908],[23.1586,59.9235,4.4311],[23.1619,59.9218,5.773],[23.1642,59.9174,1.4796],[23.1708,59.9182,1.6668],[23.1625,59.9124,6.68],[23.1558,59.9118,0.0],[23.1581,59.9104,10.9337],[23.1458,59.9129,1.352],[23.1453,59.9101,0.0],[23.1475,59.9087,0.0],[23.1575,59.9065,0.0],[23.1681,59.9101,1.6137],[23.1714,59.9096,0.0],[23.1731,59.9121,4.6049],[23.1797,59.9154,0.0],[23.1858,59.9162,2.6303],[23.1953,59.9207,10.3114],[23.1964,59.9201,23.6109],[23.1919,59.9171,7.2361],[23.1875,59.9162,2.6303],[23.1875,59.9149,0.0],[23.1925,59.916,6.3529],[23.1931,59.9137,0.0],[23.1964,59.9151,13.3857],[23.1975,59.9135,0.0],[23.2069,59.9113,21.0195],[23.2031,59.9101,10.2927],[23.1892,59.9115,0.0],[23.1842,59.9079,7.4593],[23.1831,59.9096,0.6392],[23.1797,59.9096,0.0],[23.1792,59.9079,6.206],[23.1747,59.9087,9.5202],[23.1675,59.9065,3.4262],[23.1731,59.9032,8.0949],[23.1619,59.9024,1.1095],[23.1608,59.9007,0.0],[23.1652,59.8993,4.5996],[23.1664,59.8943,0.0],[23.1692,59.8918,19.8789],[23.1547,59.8863,6.6842],[23.1403,59.8874,9.2186],[23.1386,59.889,0.0],[23.1269,59.8868,7.5575],[23.1231,59.8882,1.3193],[23.1142,59.8871,0.0],[23.1086,59.889,0.0],[23.1019,59.8874,0.0],[23.0992,59.8857,0.2534],[23.0992,59.8838,5.3735],[23.0958,59.8826,4.9137],[23.0803,59.8821,2.9111],[23.0792,59.8829,2.9111],[23.0881,59.8857,1.4279],[23.0881,59.8879,0.0],[23.0853,59.8901,4.0876],[23.0992,59.8901,0.0],[23.0997,59.8913,0.3858],[23.0792,59.8935,8.6764],[23.0736,59.8918,0.0],[23.0792,59.8904,18.2603],[23.0642,59.8899,0.0],[23.0642,59.8865,2.3065],[23.0692,59.8863,8.0972],[23.0664,59.8843,9.2068],[23.0664,59.8826,6.6202],[23.0747,59.8815,6.9116],[23.0731,59.8799,8.4971],[23.0631,59.8812,1.5666],[23.0631,59.8801,0.0],[23.0692,59.8785,4.173],[23.0647,59.8774,2.1963],[23.0714,59.8754,0.0],[23.0708,59.8732,1.4242],[23.0669,59.8713,7.9899],[23.0525,59.8713,1.3957],[23.0519,59.8671,4.6712],[23.0475,59.8654,11.6203],[23.0253,59.8662,0.0],[23.0247,59.8618,5.7693],[23.0147,59.861,0.0],[23.0131,59.8599,0.906],[23.0142,59.8574,0.0],[23.0131,59.8563,5.736],[23.0008,59.8565,3.1278],[22.9953,59.8501,8.8052],[22.9814,59.846,4.82],[22.9764,59.8468,13.1912],[22.9731,59.8501,2.5354],[22.9653,59.8507,0.4569],[22.9642,59.8488,1.1963],[22.9653,59.8471,1.4215],[22.9631,59.8468,1.7234],[22.9619,59.8449,9.8339],[22.9453,59.8426,2.1808],[22.9458,59.844,2.3445],[22.9508,59.8443,0.0],[22.9508,59.8482,0.0],[22.9458,59.8499,0.0],[22.9403,59.8479,0.0],[22.9403,59.8465,0.0],[22.9436,59.8454,13.2468],[22.9353,59.846,0.0],[22.9331,59.8435,4.338],[22.9286,59.8435,3.408],[22.9292,59.8413,0.0],[22.9342,59.8413,0.0],[22.9303,59.8382,12.0257],[22.9258,59.8399,2.0561],[22.9186,59.839,0.0],[22.9208,59.8371,2.2201],[22.9264,59.8379,2.5891],[22.9308,59.8357,5.5885],[22.9297,59.8349,2.991],[22.9214,59.8365,1.3428],[22.9186,59.8357,0.0],[22.9186,59.834,0.0],[22.9253,59.8315,2.908],[22.9236,59.831,0.0],[22.9247,59.8288,4.176],[22.9231,59.8268,2.6442],[22.9181,59.8243,0.0],[22.9019,59.8215,1.6226],[22.9014,59.8199,0.0],[22.9036,59.8185,3.2471],[22.9003,59.8185,1.1128],[22.8964,59.8126,0.0],[22.8897,59.8124,0.19],[22.8925,59.8082,0.0],[22.8997,59.8099,0.0],[22.8992,59.8079,0.0],[22.9019,59.8079,0.0],[22.9069,59.8104,0.0],[22.9092,59.8082,0.0],[22.9153,59.8076,0.0],[22.9181,59.8085,0.0],[22.9181,59.8099,0.0],[22.9169,59.8126,0.0],[22.9136,59.8126,0.4156],[22.9131,59.8146,1.3045],[22.9192,59.8193,3.971],[22.9297,59.8238,7.2322],[22.9469,59.8229,0.0],[22.9475,59.8213,0.0],[22.9542,59.8218,0.4668],[22.9519,59.8204,0.3557],[22.9447,59.8204,0.0],[22.9442,59.8185,0.0],[22.9453,59.8182,0.0],[22.9553,59.8196,0.4681],[22.9636,59.8179,0.1402],[22.9653,59.8201,0.0],[22.9681,59.8185,0.0],[22.9719,59.8193,0.0],[22.9719,59.8221,7.6513],[22.9786,59.8221,4.3704],[22.9808,59.8196,0.8225],[22.9875,59.8201,0.0],[22.9842,59.8249,0.0],[22.9908,59.8274,8.7859],[23.0036,59.826,2.8646],[23.0069,59.8235,0.0],[23.0103,59.8251,0.0],[23.0181,59.8254,0.0],[23.0247,59.8226,0.0],[23.0281,59.8251,0.6455],[23.0369,59.8265,0.0],[23.0414,59.826,2.706],[23.0392,59.8213,0.0],[23.0392,59.8193,0.0],[23.0408,59.819,0.5637],[23.0436,59.8221,9.288],[23.0469,59.8224,2.3869],[23.0447,59.8246,1.245],[23.0453,59.8262,1.5088],[23.0475,59.8262,1.5088],[23.0486,59.8224,0.0],[23.0536,59.8235,0.0],[23.0525,59.8213,1.2442],[23.0536,59.8207,1.2442],[23.0608,59.8201,0.0],[23.0653,59.8221,0.0],[23.0619,59.8235,8.7834],[23.0642,59.8254,0.0],[23.0725,59.8257,3.6569],[23.0786,59.824,1.2929],[23.0808,59.8262,0.0],[23.0875,59.8265,0.0],[23.0886,59.8282,1.9754],[23.0819,59.8301,6.0013],[23.0819,59.8318,1.4952],[23.0869,59.8315,0.0],[23.0853,59.8335,0.8848],[23.0864,59.8346,3.7437],[23.1014,59.8326,6.3506],[23.1008,59.8299,5.4304],[23.0975,59.8285,2.3455],[23.0981,59.8265,0.0],[23.1125,59.8257,1.6654],[23.1142,59.8276,3.5531],[23.1247,59.8262,0.0],[23.1286,59.8299,3.7544],[23.1347,59.8299,5.374],[23.1353,59.8282,0.0],[23.1414,59.8293,1.5363],[23.1447,59.8276,0.0],[23.1458,59.829,0.0],[23.1431,59.831,4.2538],[23.1497,59.831,0.0],[23.1503,59.8332,0.2042],[23.1553,59.8318,0.0],[23.1586,59.8351,0.8191],[23.1686,59.8363,1.4488],[23.1719,59.8346,6.9341],[23.1703,59.831,1.5722],[23.1719,59.8301,0.0],[23.1753,59.8321,7.2244],[23.1764,59.8318,3.3146],[23.1758,59.8293,1.8872],[23.1786,59.8296,2.2493],[23.1781,59.8318,2.6409],[23.1797,59.8315,1.9913],[23.1792,59.8301,2.2493],[23.1808,59.8298,0.0],[23.1814,59.8321,9.9557],[23.1864,59.8318,3.0648],[23.1831,59.8304,2.0969],[23.1825,59.8285,0.0],[23.1881,59.8276,2.6338],[23.1897,59.8299,11.178],[23.1942,59.831,5.3823],[23.1892,59.8321,5.8976],[23.1892,59.8332,5.8976],[23.1997,59.8354,0.0],[23.2047,59.8393,3.703],[23.2125,59.8401,1.3694],[23.2275,59.8387,0.0],[23.2347,59.8421,10.3405],[23.2358,59.8404,0.0],[23.2475,59.8413,0.0],[23.2503,59.8443,0.0],[23.2447,59.8457,8.0759],[23.2503,59.8465,1.2921],[23.2536,59.8513,0.0],[23.2453,59.8513,1.4817],[23.2442,59.8493,0.0],[23.2392,59.8493,1.8173],[23.2414,59.8471,5.1701],[23.2358,59.8482,1.0676],[23.2281,59.8454,7.6244],[23.2142,59.846,10.6222],[23.2158,59.8482,3.1337],[23.2203,59.8493,3.9655],[23.2253,59.8476,5.6433],[23.2314,59.8482,0.0],[23.2325,59.8493,0.0],[23.2303,59.8521,13.2852],[23.2342,59.8537,1.3344],[23.2314,59.8554,0.0],[23.2447,59.8565,3.0231],[23.2442,59.8579,2.5287],[23.2369,59.8587,4.9247],[23.2453,59.8621,0.0],[23.2403,59.8646,0.0],[23.2358,59.8632,8.9055],[23.2286,59.8674,5.6352],[23.2281,59.8696,3.2613],[23.2325,59.871,0.0],[23.2325,59.8724,0.0],[23.2258,59.8732,9.5052],[23.2275,59.8785,0.0],[23.2242,59.8799,1.4327],[23.2264,59.8821,0.0],[23.2231,59.8832,2.3157],[23.2236,59.8913,7.2048],[23.2364,59.8968,3.0736],[23.2608,59.8988,1.1976],[23.2681,59.9012,0.0],[23.2692,59.9032,8.4133],[23.2858,59.9057,4.009],[23.2886,59.9079,4.9296],[23.2964,59.9082,0.913],[23.3092,59.9143,0.0],[23.3103,59.9174,2.8459],[23.3153,59.9218,0.0],[23.3208,59.9218,0.0],[23.3292,59.9251,6.0721],[23.3381,59.9263,0.8751],[23.3408,59.9293,5.8977],[23.3469,59.9321,12.8719],[23.3542,59.9321,13.1829],[23.3558,59.9343,7.7454],[23.3603,59.9357,15.2492],[23.3669,59.9349,0.0],[23.3753,59.9379,0.0],[23.3775,59.9407,12.2199],[23.3808,59.941,0.0],[23.3831,59.9432,0.0],[23.3814,59.9493,0.0],[23.3897,59.9562,0.0],[23.3892,59.9588,0.0],[23.3853,59.9585,10.4234],[23.3853,59.9596,2.5731],[23.3936,59.9615,0.0],[23.3936,59.9657,0.0],[23.3975,59.971,11.3526],[23.4064,59.9726,1.5105],[23.4064,59.974,0.148],[23.4008,59.9757,1.2237],[23.4053,59.9774,-0.0923],[23.4042,59.9799,-0.2956],[23.4169,59.9804,0.0],[23.4181,59.9824,1.0467],[23.4242,59.9829,5.0271],[23.4303,59.9871,0.0739],[23.4308,59.989,0.3234],[23.4419,59.9918,0.0],[23.4531,59.999,2.3558]]],
[[[22.8781,59.9924,0.0],[22.8753,59.9935,6.8498],[22.8731,59.9915,0.0],[22.8769,59.991,6.3956],[22.8781,59.9924,0.0]]],
[[[22.8619,59.9993,5.9364],[22.8603,60.0,5.9364],[22.8575,59.9999,3.5446],[22.8608,59.9979,0.0],[22.8619,59.9993,5.9364]]],
[[[22.9891,60.013,25.8974],[22.9891,60.0141,23.811],[22.9859,60.0141,19.8261],[22.9859,60.013,18.9886],[22.9891,60.013,25.8974]]],
[[[23.0146,60.0542,19.2374],[23.0109,60.0505,8.9708],[23.0167,60.05,0.0],[23.0203,60.0526,5.4245],[23.0187,60.0542,35.1996],[23.0146,60.0542,19.2374]]],
[[[23.7158,59.8671,0.0],[23.7186,59.8668,0.0],[23.7181,59.8696,0.0],[23.7125,59.869,0.0],[23.7158,59.8679,0.0],[23.7158,59.8671,0.0]]],
[[[23.7325,59.8732,0.1655],[23.7364,59.8726,0.6954],[23.7369,59.8737,0.6954],[23.7342,59.8749,0.0],[23.7325,59.8732,0.1655]]],
[[[23.7442,59.8818,0.0],[23.7475,59.8818,1.2176],[23.7475,59.8804,0.0],[23.7497,59.881,0.0],[23.7486,59.8824,0.0],[23.7442,59.8818,0.0]]],
[[[23.7486,59.886,2.1377],[23.7514,59.8868,0.0],[23.7514,59.8885,1.2095],[23.7442,59.8888,0.0],[23.7381,59.8871,0.0],[23.7375,59.8851,0.0],[23.7425,59.8846,0.0],[23.7486,59.886,2.1377]]],
[[[23.7297,59.8882,0.0],[23.7319,59.8899,0.0],[23.7214,59.889,0.0],[23.7247,59.8868,0.0],[23.7297,59.8882,0.0]]],
[[[23.7536,59.8899,0.0],[23.7569,59.8899,0.0],[23.7597,59.8907,1.1053],[23.7542,59.8915,4.7322],[23.7536,59.8899,0.0]]],
[[[23.7197,59.891,0.0],[23.7186,59.8918,0.0],[23.7203,59.8921,0.0],[23.7197,59.8932,0.0],[23.7153,59.8926,0.0],[23.7158,59.8901,0.0],[23.7175,59.8896,3.0343],[23.7219,59.8904,0.0],[23.7197,59.891,0.0]]],
[[[23.7286,59.8921,5.5126],[23.7314,59.8926,0.0],[23.7319,59.8935,0.0],[23.7253,59.8926,0.0],[23.7286,59.8921,5.5126]]],
[[[23.7697,59.8935,0.0],[23.7719,59.8946,6.7051],[23.7647,59.8946,0.2299],[23.7664,59.8935,0.0],[23.7697,59.8935,0.0]]],
[[[23.7203,59.8957,2.1913],[23.7225,59.8979,0.0],[23.7164,59.8971,0.0],[23.7175,59.8949,0.0],[23.7203,59.8957,2.1913]]],
[[[23.7442,59.9029,3.7474],[23.7369,59.9035,1.0997],[23.7342,59.9007,0.0],[23.7508,59.8993,1.8958],[23.7497,59.9015,0.0],[23.7442,59.9029,3.7474]]],
[[[23.7319,59.9032,0.0],[23.7336,59.9054,1.389],[23.7308,59.906,0.0],[23.7192,59.9029,8.0461],[23.7186,59.9015,0.0],[23.7236,59.8999,0.0],[23.7325,59.8999,0.0],[23.7319,59.9032,0.0]]],
[[[23.8353,59.8965,0.0],[23.8375,59.8982,0.0],[23.8347,59.8985,3.9898],[23.8286,59.8954,0.0],[23.8331,59.8949,0.3664],[23.8353,59.8965,0.0]]],
[[[23.8619,59.8968,0.4611],[23.8597,59.8988,0.0],[23.8564,59.8985,0.0],[23.8597,59.8954,0.0],[23.8625,59.896,0.4611],[23.8619,59.8968,0.4611]]],
[[[23.8714,59.9018,0.0],[23.8747,59.9026,6.311],[23.8747,59.9043,2.2764],[23.8681,59.9043,0.0],[23.8642,59.9026,0.0],[23.8647,59.9007,4.0966],[23.8714,59.9018,0.0]]],
[[[23.8353,59.9021,1.0139],[23.8353,59.9043,1.1515],[23.8319,59.9051,6.166],[23.8303,59.9046,1.9451],[23.8314,59.9032,8.2076],[23.8281,59.9026,1.0401],[23.8319,59.9007,3.3653],[23.8353,59.9021,1.0139]]],
[[[23.8197,59.9051,0.0],[23.8169,59.9071,0.0],[23.8136,59.9065,0.0],[23.8136,59.9051,0.0],[23.8208,59.9026,0.9459],[23.8197,59.9051,0.0]]],
[[[23.8114,59.9074,0.0],[23.8136,59.9093,1.0352],[23.8114,59.9096,1.0352],[23.8058,59.906,0.0],[23.8119,59.9065,0.0],[23.8114,59.9074,0.0]]],
[[[23.8625,59.9113,8.6515],[23.8503,59.9124,0.0],[23.8481,59.9101,0.6703],[23.8547,59.9082,1.7856],[23.8569,59.9046,5.5012],[23.8614,59.9032,0.0],[23.8608,59.9071,6.9482],[23.8625,59.9079,6.9482],[23.8625,59.9113,8.6515]]],
[[[23.8825,59.9079,0.833],[23.8836,59.9093,0.0],[23.8769,59.9101,0.0],[23.8792,59.9071,3.1108],[23.8825,59.9079,0.833]]],
[[[23.7708,59.9065,1.2343],[23.7731,59.9068,1.2394],[23.7669,59.9074,0.0],[23.7669,59.9063,0.9998],[23.7708,59.9065,1.2343]]],
[[[23.7853,59.9071,0.0],[23.7836,59.9087,4.9083],[23.7786,59.909,0.0],[23.7786,59.9076,0.7338],[23.7819,59.9074,5.5819],[23.7831,59.9051,0.0],[23.7853,59.9071,0.0]]],
[[[23.7875,59.9068,0.0],[23.7903,59.9065,0.0],[23.7903,59.9074,0.0],[23.7858,59.9085,0.0],[23.7875,59.9068,0.0]]],
[[[23.8042,59.9082,10.7211],[23.8069,59.9076,0.8499],[23.8081,59.911,1.1986],[23.8014,59.909,1.9621],[23.8008,59.9046,0.708],[23.8036,59.9049,0.7879],[23.8042,59.9082,10.7211]]],
[[[23.7408,59.9068,0.0],[23.7431,59.9087,0.0],[23.7386,59.9076,0.0],[23.7386,59.9065,0.0],[23.7408,59.9068,0.0]]],
[[[23.7492,59.9079,4.0231],[23.7519,59.9101,0.0],[23.7464,59.9099,0.0],[23.7464,59.9079,0.0],[23.7492,59.9079,4.0231]]],
[[[23.7808,59.9118,0.0],[23.7836,59.9132,0.0],[23.7769,59.9137,0.0],[23.7769,59.9132,0.0],[23.7808,59.9118,0.0]]],
[[[23.7303,59.9121,2.857],[23.7331,59.9121,4.2512],[23.7347,59.914,1.4672],[23.7314,59.9143,1.4672],[23.7303,59.9121,2.857]]],
[[[23.8225,59.9107,4.9576],[23.8258,59.9107,3.5644],[23.8264,59.9121,0.0],[23.8247,59.9132,0.0],[23.8208,59.9124,0.0],[23.8225,59.9107,4.9576]]],
[[[23.8292,59.911,0.0],[23.8336,59.9107,2.0389],[23.8342,59.9118,0.0],[23.8303,59.9135,2.2877],[23.8292,59.911,0.0]]],
[[[23.8847,59.9132,8.1127],[23.8775,59.9143,1.3495],[23.8814,59.9099,0.0],[23.8853,59.9104,0.0],[23.8847,59.9132,8.1127]]],
[[[23.8653,59.9118,0.0],[23.8675,59.9118,0.0],[23.8697,59.914,0.0],[23.8642,59.9146,0.0],[23.8653,59.9118,0.0]]],
[[[23.9947,59.911,2.6852],[23.9969,59.9118,0.0],[23.9881,59.9124,0.0],[23.9919,59.9104,0.0],[23.9947,59.911,2.6852]]],
[[[23.9447,59.9151,0.0],[23.9486,59.914,3.421],[23.9503,59.9163,0.0],[23.9403,59.916,1.3511],[23.9447,59.9151,0.0]]],
[[[24.0092,59.9143,0.0],[24.0086,59.9157,0.0],[24.0047,59.916,0.0],[24.0064,59.914,0.0],[24.0092,59.9143,0.0]]],
[[[24.0025,59.916,7.2384],[23.9975,59.9176,0.0],[23.9864,59.9174,0.0],[23.9903,59.9154,1.2318],[23.9875,59.9146,0.0],[23.9892,59.9135,0.0],[23.9947,59.9149,0.9026],[24.0019,59.9143,2.8486],[24.0036,59.9151,0.0],[24.0025,59.916,7.2384]]],
[[[23.9581,59.9149,0.0],[23.9614,59.9146,0.0],[23.9619,59.916,0.0],[23.9558,59.9163,0.0],[23.9581,59.9149,0.0]]],
[[[24.0131,59.9154,0.0],[24.0108,59.9168,0.0],[24.0075,59.9165,0.0],[24.0103,59.9154,0.0],[24.0131,59.9154,0.0]]],
[[[24.0142,59.9182,0.0],[24.0153,59.9193,0.0],[24.0097,59.9199,1.3736],[24.0097,59.9188,1.3736],[24.0142,59.9182,0.0]]],
[[[24.0042,59.9196,3.2637],[24.0058,59.921,0.0],[23.9975,59.9215,6.0829],[23.9903,59.919,0.0],[24.0031,59.9188,3.2637],[24.0042,59.9196,3.2637]]],
[[[24.0197,59.9115,0.0],[24.0214,59.9121,0.0],[24.0153,59.9121,0.0],[24.0164,59.9107,0.7517],[24.0197,59.9115,0.0]]],
[[[24.0692,59.9149,0.0],[24.0719,59.9171,0.0],[24.0692,59.9174,0.0],[24.0636,59.9137,0.0],[24.0675,59.9132,0.0],[24.0692,59.9149,0.0]]],
[[[24.0197,59.9154,0.0],[24.0142,59.9168,0.0],[24.0164,59.9143,0.0],[24.0231,59.9149,0.0],[24.0197,59.9154,0.0]]],
[[[24.2619,59.924,0.0],[24.2625,59.9268,0.0],[24.2603,59.9276,0.0],[24.2575,59.9251,1.4886],[24.2525,59.9263,0.5977],[24.2531,59.9249,1.6725],[24.2514,59.9238,0.0],[24.2592,59.9221,1.4263],[24.2619,59.924,0.0]]],
[[[23.9558,59.921,0.0],[23.9597,59.9207,0.0],[23.9608,59.9224,1.0342],[23.9542,59.9224,0.0],[23.9558,59.921,0.0]]],
[[[24.0125,59.9201,1.3736],[24.0136,59.9226,0.0],[24.0103,59.9232,1.3587],[24.0097,59.9215,0.7835],[24.0125,59.9201,1.3736]]],
[[[23.9975,59.9232,0.0],[23.9914,59.9246,1.4562],[23.9858,59.9218,0.3026],[23.9892,59.9212,1.7228],[23.9975,59.9232,0.0]]],
[[[23.9442,59.9238,7.022],[23.9464,59.9249,1.1822],[23.9397,59.9249,1.878],[23.9375,59.9232,1.0453],[23.9431,59.9218,0.0],[23.9453,59.9224,0.0],[23.9442,59.9238,7.022]]],
[[[23.9364,59.9126,1.5892],[23.9403,59.9126,0.3156],[23.9408,59.914,0.0],[23.9336,59.9143,0.0],[23.9364,59.9126,1.5892]]],
[[[23.8214,59.9135,0.0],[23.8242,59.916,0.0],[23.8175,59.9154,1.5055],[23.8175,59.914,1.5055],[23.8214,59.9135,0.0]]],
[[[23.9075,59.9143,0.2619],[23.9042,59.916,0.0],[23.8981,59.916,0.0],[23.8992,59.914,0.0],[23.9075,59.9143,0.2619]]],
[[[23.8342,59.916,1.3514],[23.8369,59.9163,0.0],[23.8286,59.9165,1.1669],[23.8297,59.9149,0.0],[23.8342,59.916,1.3514]]],
[[[23.7919,59.9126,1.9545],[23.7958,59.9124,2.7273],[23.7975,59.9143,0.0],[23.7936,59.9137,2.1328],[23.7919,59.9126,1.9545]]],
[[[23.7997,59.9149,0.0],[23.803,59.9154,0.0],[23.8036,59.9163,0.0],[23.7986,59.916,0.0],[23.7997,59.9149,0.0]]],
[[[23.7164,59.9154,0.0],[23.7186,59.9151,0.0],[23.7192,59.9179,0.0],[23.7125,59.9168,1.9646],[23.7131,59.9157,1.9646],[23.7164,59.9154,0.0]]],
[[[23.7747,59.9182,0.0],[23.7781,59.9179,0.0],[23.7786,59.9193,0.0],[23.7731,59.9196,0.0],[23.7747,59.9182,0.0]]],
[[[23.9164,59.9163,0.0],[23.9164,59.9171,0.0],[23.9081,59.9179,0.0],[23.9086,59.9163,0.0],[23.9164,59.9163,0.0]]],
[[[23.9425,59.9176,5.3772],[23.9408,59.9193,0.0],[23.9369,59.9182,0.0],[23.938,59.9174,0.0],[23.9425,59.9176,5.3772]]],
[[[23.8997,59.9179,1.364],[23.9042,59.9176,0.0],[23.9047,59.9193,0.0],[23.8997,59.9199,3.264],[23.8997,59.9179,1.364]]],
[[[23.8681,59.9246,0.0],[23.8664,59.9268,9.3677],[23.8531,59.9265,2.7312],[23.8525,59.9251,1.3827],[23.8542,59.9238,1.3827],[23.8469,59.9232,8.5905],[23.8447,59.9221,0.0],[23.8469,59.9204,6.9685],[23.8431,59.9201,0.0],[23.8442,59.9185,10.9834],[23.8414,59.9179,0.0],[23.8475,59.9163,1.7375],[23.8503,59.9179,2.3527],[23.8569,59.9168,0.0],[23.8603,59.9182,0.0],[23.8608,59.9232,1.6962],[23.8681,59.9246,0.0]]],
[[[23.9347,59.9207,5.8547],[23.9375,59.921,0.0],[23.9375,59.9224,1.0453],[23.9325,59.9232,0.0],[23.9303,59.9221,0.0],[23.9314,59.921,0.9684],[23.9347,59.9207,5.8547]]],
[[[23.8669,59.9224,8.4747],[23.8697,59.9221,0.0],[23.8703,59.9238,0.0],[23.8653,59.9235,1.776],[23.8669,59.9224,8.4747]]],
[[[23.932,59.926,3.9483],[23.9264,59.9274,0.0],[23.9197,59.926,2.3457],[23.9142,59.9271,0.0],[23.9136,59.9254,8.6682],[23.9103,59.9243,4.3777],[23.9031,59.9263,1.5327],[23.9008,59.9254,0.0],[23.9025,59.9235,2.1201],[23.8958,59.9251,1.6659],[23.8947,59.9235,1.1906],[23.8986,59.921,2.0317],[23.9036,59.9212,2.301],[23.9025,59.9224,2.1201],[23.9036,59.9229,2.1201],[23.9053,59.9204,0.0],[23.9103,59.9201,0.0],[23.9103,59.9229,0.0],[23.9119,59.9229,0.0],[23.9153,59.9207,4.8092],[23.9197,59.9204,0.0],[23.9186,59.9218,2.7005],[23.9197,59.9229,5.0208],[23.9147,59.9235,3.4475],[23.9231,59.9238,4.8709],[23.9242,59.9251,4.8709],[23.9275,59.9238,0.0],[23.932,59.926,3.9483]]],
[[[23.8286,59.9282,0.0],[23.8292,59.9299,1.7965],[23.8269,59.9315,1.3838],[23.8247,59.9282,3.3206],[23.8197,59.9293,0.0],[23.8114,59.9274,0.0],[23.8097,59.9251,12.9787],[23.8042,59.9254,1.5888],[23.8025,59.9238,1.5888],[23.8064,59.9218,0.0],[23.8136,59.9224,6.2165],[23.8103,59.9212,0.0],[23.8119,59.9199,0.0],[23.8242,59.9218,11.3766],[23.8247,59.9204,12.8764],[23.8219,59.9193,4.0959],[23.8253,59.9179,1.3605],[23.8353,59.9179,0.0],[23.8347,59.919,9.7274],[23.8397,59.9185,0.0],[23.8425,59.9212,0.0],[23.8403,59.9229,5.7477],[23.8486,59.9243,0.0],[23.8458,59.9271,0.0],[23.8414,59.9276,0.0],[23.8342,59.9276,2.9195],[23.8353,59.9263,4.6798],[23.8342,59.9251,1.437],[23.8364,59.9232,11.168],[23.8286,59.9263,6.0484],[23.8231,59.9257,5.9194],[23.8236,59.9268,4.2387],[23.8286,59.9282,0.0]]],
[[[23.7808,59.9201,0.0],[23.7842,59.9212,2.3109],[23.7842,59.9226,4.1367],[23.7786,59.9218,3.2218],[23.7808,59.9201,0.0]]],
[[[23.7936,59.9232,0.0],[23.7981,59.9229,0.0],[23.7997,59.9249,0.0],[23.7975,59.9249,2.1808],[23.7936,59.9232,0.0]]],
[[[23.7236,59.9268,0.0],[23.7308,59.9268,0.0],[23.7308,59.9282,2.0137],[23.723,59.9285,1.4629],[23.7236,59.9268,0.0]]],
[[[23.7803,59.9296,11.9182],[23.7808,59.9304,0.0],[23.7764,59.9318,2.3688],[23.7725,59.9307,1.2602],[23.7758,59.9268,0.0],[23.7831,59.9285,0.0],[23.7803,59.9296,11.9182]]],
[[[23.8769,59.9343,9.0312],[23.8708,59.9362,2.3434],[23.8642,59.9329,0.0],[23.8786,59.9296,0.0],[23.8769,59.9265,0.0],[23.8819,59.9263,6.5742],[23.8825,59.924,1.5812],[23.8858,59.9232,1.4305],[23.8825,59.9218,5.03],[23.8847,59.919,0.0],[23.8897,59.919,0.0],[23.8897,59.9221,3.7597],[23.8914,59.9207,0.0],[23.8942,59.9212,0.0],[23.8903,59.9235,3.7597],[23.8908,59.9257,0.0],[23.8881,59.9271,3.37],[23.8903,59.9285,0.0],[23.8908,59.9315,3.2286],[23.8769,59.9343,9.0312]]],
[[[23.9031,59.9285,5.3887],[23.8953,59.9299,6.0417],[23.893,59.9271,0.0],[23.8975,59.9257,5.8031],[23.9031,59.9271,5.3887],[23.9031,59.9285,5.3887]]],
[[[23.8125,59.929,10.5494],[23.8175,59.9296,0.0],[23.8181,59.931,2.9846],[23.8086,59.9313,0.0],[23.8047,59.9274,0.0],[23.8081,59.9274,3.1809],[23.8125,59.929,10.5494]]],
[[[23.8647,59.9324,6.8312],[23.8508,59.9335,6.2759],[23.8453,59.9313,0.8241],[23.8447,59.9296,1.4698],[23.848,59.9285,0.0],[23.8525,59.9285,0.0],[23.8553,59.9301,0.0],[23.8597,59.9293,3.2161],[23.8664,59.931,3.0117],[23.8647,59.9324,6.8312]]],
[[[23.8414,59.934,0.0],[23.8386,59.9329,7.7083],[23.8392,59.9346,2.8018],[23.8358,59.9346,1.9215],[23.8292,59.9313,1.6699],[23.8314,59.9296,0.0],[23.8375,59.9296,0.0],[23.8442,59.9321,0.0],[23.8442,59.9338,8.6484],[23.8414,59.934,0.0]]],
[[[23.9269,59.9343,0.0],[23.9175,59.9357,0.0],[23.9125,59.9296,2.2448],[23.9153,59.9285,0.0],[23.9269,59.9321,0.0],[23.928,59.9335,0.0],[23.9269,59.9343,0.0]]],
[[[23.9019,59.9332,0.0],[23.8964,59.9351,0.0],[23.8997,59.9321,3.1269],[23.9025,59.9318,0.0],[23.9019,59.9332,0.0]]],
[[[23.8514,59.9351,1.7452],[23.8464,59.9368,3.3317],[23.8442,59.9357,1.5296],[23.8442,59.934,8.6484],[23.848,59.9332,0.0],[23.8514,59.9351,1.7452]]],
[[[23.7403,59.9282,0.0],[23.7425,59.9285,0.0],[23.7436,59.9307,0.0],[23.7325,59.9304,0.0],[23.7336,59.9285,0.0],[23.7403,59.9282,0.0]]],
[[[23.7275,59.929,2.0537],[23.7286,59.9313,2.2544],[23.7269,59.9321,0.0],[23.7219,59.931,0.6669],[23.723,59.929,3.3082],[23.7275,59.929,2.0537]]],
[[[23.7969,59.9301,0.0],[23.7992,59.9318,0.0],[23.7936,59.9307,0.0],[23.7942,59.9296,0.0],[23.7969,59.9301,0.0]]],
[[[23.7936,59.9357,11.5836],[23.7947,59.9382,8.2191],[23.7925,59.939,7.9276],[23.7819,59.9307,0.0],[23.7842,59.9304,0.0],[23.7936,59.9357,11.5836]]],
[[[23.9597,59.924,1.1812],[23.9636,59.9263,0.0],[23.9475,59.9254,1.9408],[23.9497,59.9218,0.0],[23.9525,59.9232,0.0],[23.9525,59.9249,0.8159],[23.9597,59.924,1.1812]]],
[[[23.9636,59.9279,0.0],[23.9631,59.9299,2.9082],[23.953,59.9301,1.0857],[23.9558,59.9285,0.0],[23.9636,59.9279,0.0]]],
[[[23.9864,59.9351,0.0],[23.9908,59.9362,0.0],[23.9603,59.9362,1.3004],[23.9608,59.9351,0.0],[23.9675,59.9354,0.0],[23.9703,59.9335,0.0],[23.9831,59.9338,8.5495],[23.9836,59.9329,5.0017],[23.9769,59.9307,0.0],[23.9781,59.9279,1.1956],[23.9808,59.9274,5.5052],[23.9847,59.9276,0.0],[23.9842,59.9293,1.0407],[23.9858,59.9301,1.0407],[23.9925,59.929,0.1755],[23.9864,59.9324,5.7267],[23.9931,59.931,1.1337],[23.9964,59.931,0.0],[23.9953,59.9324,3.969],[24.0014,59.9318,0.0],[23.9958,59.9343,0.0],[23.9908,59.9329,2.672],[23.9864,59.9351,0.0]]],
[[[23.9636,59.9315,0.0],[23.9653,59.9335,0.0],[23.9597,59.9335,3.0439],[23.9608,59.931,0.7166],[23.9636,59.9315,0.0]]],
[[[23.9558,59.9376,0.0],[23.9514,59.939,0.0],[23.9514,59.9404,0.0],[23.9475,59.9404,4.9798],[23.9464,59.939,0.0],[23.9336,59.9371,4.9346],[23.9292,59.9335,2.3414],[23.9331,59.931,1.5896],[23.9492,59.9304,0.0],[23.9503,59.9324,4.2219],[23.9536,59.9318,0.0],[23.9558,59.9332,1.8544],[23.9542,59.9362,6.0362],[23.9575,59.9371,0.0],[23.9558,59.9376,0.0]]],
[[[23.9714,59.9376,1.2046],[23.9669,59.9376,0.0],[23.9669,59.9368,1.3162],[23.9736,59.9365,0.0],[23.9714,59.9376,1.2046]]],
[[[24.0036,59.9404,2.4871],[23.9958,59.941,1.0266],[23.9936,59.9396,0.0],[24.0025,59.939,0.0],[24.0003,59.9379,0.0],[24.0014,59.9351,0.0],[24.0108,59.9346,0.0],[24.0086,59.9365,2.5761],[24.0097,59.9382,0.0],[24.0036,59.9404,2.4871]]],
[[[23.9769,59.9385,0.0],[23.9725,59.9388,4.4605],[23.9725,59.9379,1.6859],[23.9769,59.9376,0.0],[23.9769,59.9385,0.0]]],
[[[23.9581,59.9418,0.0],[23.9542,59.9418,0.0],[23.9536,59.9407,0.0],[23.9569,59.9401,0.0],[23.9581,59.9418,0.0]]],
[[[23.9903,59.9418,0.0],[23.9892,59.9437,10.9128],[23.9836,59.944,0.0],[23.9875,59.9421,10.9128],[23.9869,59.9401,0.0],[23.9903,59.9418,0.0]]],
[[[23.9736,59.944,7.2459],[23.9758,59.944,0.7024],[23.9764,59.9457,0.0],[23.9697,59.9465,7.1525],[23.9669,59.9437,11.361],[23.9614,59.944,0.0],[23.9592,59.9421,0.0],[23.9614,59.9376,0.9863],[23.9675,59.9399,4.3441],[23.9781,59.9393,1.2251],[23.9836,59.9413,2.3911],[23.9825,59.9432,0.0],[23.9797,59.9437,7.557],[23.9708,59.9429,8.1489],[23.9736,59.944,7.2459]]],
[[[23.9453,59.9435,0.0],[23.9475,59.9451,0.0],[23.9397,59.9449,4.837],[23.9386,59.9429,0.0],[23.9436,59.9413,1.5316],[23.9453,59.9418,0.0],[23.9453,59.9435,0.0]]],
[[[23.9492,59.9429,3.0757],[23.953,59.9432,0.0],[23.9519,59.9446,0.0],[23.9475,59.9437,0.0],[23.9492,59.9429,3.0757]]],
[[[23.9619,59.9476,2.2139],[23.9658,59.9474,1.6431],[23.9664,59.9485,1.6431],[23.9636,59.949,2.0524],[23.9619,59.9476,2.2139]]],
[[[23.9997,59.9513,0.0],[23.9947,59.9526,0.0],[23.9897,59.9513,1.2418],[23.9914,59.9493,1.8718],[23.9875,59.9485,0.0],[23.9914,59.9485,0.0],[23.9908,59.9471,0.0],[23.9931,59.9468,0.0],[24.0031,59.9482,0.0],[24.0008,59.9501,0.0],[24.0047,59.9493,0.0],[23.9997,59.9513,0.0]]],
[[[23.9881,59.9538,0.0],[23.9808,59.9551,7.3722],[23.9747,59.9535,3.8123],[23.9742,59.9521,3.8123],[23.9869,59.9507,1.2418],[23.9914,59.9524,8.4196],[23.9925,59.9543,0.0],[23.9881,59.9538,0.0]]],
[[[23.8892,59.9349,0.0],[23.8892,59.9368,4.1201],[23.8842,59.9374,0.0],[23.8853,59.9351,0.0],[23.8892,59.9349,0.0]]],
[[[23.8653,59.9385,2.3457],[23.8619,59.9382,0.0],[23.8619,59.9368,0.0],[23.8653,59.9368,0.0],[23.8653,59.9385,2.3457]]],
[[[23.8775,59.9368,1.9905],[23.8803,59.9362,0.0],[23.8797,59.9393,0.0],[23.8731,59.9393,0.5629],[23.8731,59.9385,0.0],[23.8775,59.9368,1.9905]]],
[[[23.8458,59.9371,1.3738],[23.8519,59.9382,1.5003],[23.8519,59.939,0.0],[23.8453,59.9382,1.3738],[23.8458,59.9371,1.3738]]],
[[[23.7242,59.9354,0.0],[23.7258,59.9354,0.0],[23.7275,59.9362,0.0],[23.7236,59.9371,0.0],[23.7242,59.9354,0.0]]],
[[[23.8131,59.9437,0.0],[23.8147,59.949,7.4623],[23.8108,59.9504,8.9093],[23.8025,59.9443,6.0377],[23.7997,59.9451,2.3484],[23.8014,59.9479,0.0],[23.7997,59.9485,1.4326],[23.7881,59.9418,18.4513],[23.7808,59.9424,2.102],[23.7814,59.9463,1.6622],[23.7775,59.9457,0.0],[23.7781,59.9424,0.0],[23.768,59.9374,0.9116],[23.7675,59.9385,0.9116],[23.7692,59.9413,6.53],[23.7658,59.9451,7.7598],[23.7553,59.9437,3.7671],[23.7547,59.9415,6.075],[23.7514,59.9404,15.2872],[23.7442,59.9413,0.0],[23.7475,59.9399,5.4374],[23.7464,59.9385,0.0],[23.7475,59.9362,3.9317],[23.7442,59.9362,0.0],[23.7442,59.9351,0.0],[23.7481,59.9329,0.0],[23.7508,59.9332,1.1005],[23.7464,59.9307,0.0],[23.7453,59.9263,0.0],[23.7525,59.9254,5.0609],[23.7508,59.9229,0.0],[23.7525,59.9224,5.7251],[23.7575,59.9249,7.5395],[23.7686,59.9229,0.0],[23.7692,59.9251,2.5179],[23.7614,59.9271,15.2151],[23.7642,59.9268,3.1642],[23.7658,59.9285,0.0],[23.7686,59.9276,2.7944],[23.7692,59.929,4.0333],[23.7669,59.9301,4.0333],[23.7764,59.9329,0.0],[23.7814,59.9371,12.5885],[23.7842,59.9371,8.2194],[23.7836,59.9351,0.0],[23.7869,59.9351,7.313],[23.7931,59.9407,11.268],[23.8131,59.9437,0.0]]],
[[[23.7325,59.9362,4.7625],[23.7369,59.9371,17.3364],[23.7369,59.9388,0.0],[23.7292,59.9376,7.027],[23.7325,59.9362,4.7625]]],
[[[23.7742,59.9515,1.7743],[23.7758,59.9532,2.6602],[23.7697,59.9535,0.0],[23.7669,59.9479,6.7443],[23.7636,59.9465,0.0],[23.7747,59.9449,0.0],[23.7786,59.9468,0.0],[23.7786,59.949,0.0],[23.7719,59.9493,11.9228],[23.7742,59.9515,1.7743]]],
[[[23.9153,59.9413,0.0],[23.9086,59.9426,0.0],[23.9075,59.9407,0.0],[23.9031,59.9393,0.9359],[23.9031,59.9362,0.0],[23.9097,59.9346,0.0],[23.9097,59.936,10.4077],[23.9136,59.9362,2.2133],[23.9136,59.9376,3.0044],[23.9086,59.9385,12.1536],[23.9169,59.939,0.0],[23.9153,59.9413,0.0]]],
[[[23.8953,59.9385,0.0],[23.8903,59.9404,0.0],[23.8936,59.9371,0.0],[23.8958,59.9374,0.0],[23.8953,59.9385,0.0]]],
[[[23.9019,59.9399,0.9359],[23.9008,59.9413,4.6029],[23.8964,59.9413,0.0],[23.8969,59.9401,0.0],[23.9019,59.9399,0.9359]]],
[[[23.8803,59.9407,0.0],[23.8797,59.9399,0.0],[23.8853,59.9396,0.0],[23.8864,59.9415,3.8323],[23.8836,59.9418,2.1816],[23.8803,59.9407,0.0]]],
[[[23.9103,59.944,0.0],[23.9081,59.9457,0.0],[23.9058,59.9457,0.0],[23.9075,59.9435,0.0],[23.9103,59.944,0.0]]],
[[[23.9453,59.9637,1.4322],[23.9464,59.9657,0.6855],[23.9453,59.9663,0.6855],[23.9336,59.9649,0.0],[23.9403,59.9624,6.0299],[23.9453,59.9637,1.4322]]],
[[[24.0236,59.9332,1.5654],[24.0225,59.9346,0.0],[24.0236,59.936,0.0],[24.0214,59.9362,0.0],[24.0108,59.9318,0.0],[24.0108,59.9304,0.0],[24.0153,59.9287,0.0],[24.0175,59.9304,0.0],[24.0242,59.931,0.0],[24.0236,59.9332,1.5654]]],
[[[24.0475,59.9413,0.0],[24.0497,59.941,0.0],[24.0503,59.9424,0.0],[24.0442,59.9424,0.2374],[24.0447,59.9415,0.0],[24.0475,59.9413,0.0]]],
[[[24.0481,59.944,1.7266],[24.0492,59.9451,1.7266],[24.0436,59.946,0.0],[24.0386,59.9437,0.0],[24.0458,59.9432,0.2374],[24.0481,59.944,1.7266]]],
[[[24.0181,59.9721,0.6921],[24.0219,59.9718,0.0],[24.0225,59.9726,0.0],[24.0169,59.9729,0.0],[24.0181,59.9721,0.6921]]],
[[[23.9508,59.9593,1.1355],[23.9375,59.9588,0.0],[23.9347,59.9565,1.7914],[23.9408,59.9551,4.1106],[23.9314,59.954,2.494],[23.9308,59.951,0.0],[23.9436,59.9513,1.3146],[23.9453,59.9543,2.964],[23.9586,59.9562,2.3101],[23.9569,59.959,0.0],[23.9508,59.9593,1.1355]]],
[[[23.9742,59.9551,0.0],[23.9747,59.9562,0.0],[23.9719,59.9574,0.0],[23.9636,59.9571,0.0],[23.9658,59.9554,0.0],[23.9742,59.9551,0.0]]],
[[[24.0008,59.959,0.0],[23.9969,59.9613,1.7782],[23.9925,59.9607,0.0],[23.9931,59.959,1.9177],[24.0058,59.9551,0.0],[24.0203,59.9574,0.0],[24.0153,59.9593,0.0],[24.0008,59.959,0.0]]],
[[[23.9786,59.961,1.3402],[23.9758,59.9632,5.7106],[23.9714,59.9626,0.0],[23.9764,59.9593,0.0],[23.9786,59.9596,0.9076],[23.9786,59.961,1.3402]]],
[[[23.9553,59.9643,0.0],[23.9503,59.9657,0.0],[23.9453,59.9621,1.4322],[23.9508,59.9604,1.1355],[23.9592,59.9613,1.6365],[23.9669,59.9599,1.2697],[23.9647,59.9629,0.0],[23.9553,59.9643,0.0]]],
[[[23.9942,59.9635,0.0],[23.9981,59.9626,0.0],[23.9981,59.9643,0.0],[23.9936,59.9643,0.0],[23.9942,59.9635,0.0]]],
[[[24.0031,59.9685,6.8319],[23.9986,59.9701,0.0],[23.9936,59.9696,0.0],[24.0047,59.964,6.1129],[24.0119,59.9635,0.0],[24.0081,59.9657,3.5834],[24.0131,59.9665,0.167],[24.0119,59.9682,5.5951],[24.0031,59.9685,6.8319]]],
[[[24.0086,59.9707,3.9418],[24.0097,59.9707,0.0],[24.0108,59.9763,1.0261],[24.0058,59.9763,5.9189],[24.0025,59.9743,0.0],[24.0053,59.9715,1.1624],[24.0086,59.9707,3.9418]]],
[[[24.1453,59.9818,2.1102],[24.1303,59.9824,0.9319],[24.1336,59.9804,0.0],[24.1342,59.9818,2.6172],[24.1375,59.9818,1.8556],[24.1414,59.9796,0.0],[24.1464,59.9801,0.0],[24.1453,59.9818,2.1102]]],
[[[24.1792,59.9871,0.0],[24.1742,59.9868,8.3931],[24.1703,59.9885,3.0439],[24.1708,59.9863,1.9225],[24.1658,59.9843,4.9446],[24.1675,59.9865,0.0],[24.1608,59.9874,0.0],[24.1569,59.9863,3.1853],[24.1597,59.984,0.0],[24.1514,59.9832,0.0],[24.1564,59.9826,0.4648],[24.1558,59.9804,0.0],[24.1575,59.9796,0.0],[24.1619,59.9793,0.0],[24.1608,59.9815,0.0],[24.1625,59.9821,3.7655],[24.1764,59.9826,1.265],[24.1775,59.9837,0.0],[24.1742,59.9851,3.9215],[24.1792,59.986,0.3558],[24.1792,59.9871,0.0]]],
[[[24.0942,59.9835,0.0],[24.0964,59.984,1.6846],[24.0969,59.9851,1.6846],[24.0914,59.984,0.5215],[24.0942,59.9835,0.0]]],
[[[24.2003,59.9876,7.3595],[24.1869,59.9888,0.0],[24.1864,59.9865,0.0],[24.1914,59.9857,1.299],[24.1875,59.9854,0.0],[24.1864,59.9835,0.0],[24.1936,59.9815,0.0],[24.1964,59.9832,0.0],[24.2025,59.9826,0.0],[24.2042,59.9843,2.2203],[24.2169,59.9854,0.0],[24.2136,59.9871,0.0],[24.2069,59.9863,2.0525],[24.2003,59.9876,7.3595]]],
[[[23.6569,59.9043,0.0],[23.6531,59.9057,0.0],[23.6514,59.9054,0.0],[23.6519,59.9038,0.0],[23.6569,59.9043,0.0]]],
[[[23.7014,59.9051,0.0],[23.7019,59.9071,2.5577],[23.6981,59.9076,1.2203],[23.6981,59.9049,0.959],[23.7014,59.9051,0.0]]],
[[[23.6708,59.9054,0.0],[23.6742,59.9057,2.1993],[23.6692,59.9071,0.0],[23.6692,59.9051,0.0],[23.6708,59.9054,0.0]]],
[[[23.7031,59.9079,3.3495],[23.7069,59.9079,0.0],[23.7069,59.9099,0.0],[23.7042,59.9107,0.0],[23.7003,59.909,0.0],[23.7031,59.9079,3.3495]]],
[[[23.5547,59.9057,4.3283],[23.5586,59.9065,1.0301],[23.5547,59.9079,2.4601],[23.5536,59.9063,0.0],[23.5547,59.9057,4.3283]]],
[[[23.625,59.9374,0.0],[23.612,59.9378,2.9893],[23.6155,59.9374,0.0],[23.6114,59.9357,0.0],[23.6181,59.9338,3.2168],[23.6125,59.9335,0.7353],[23.6164,59.9315,7.2781],[23.6108,59.931,5.7436],[23.6003,59.931,0.2704],[23.5964,59.9324,0.0],[23.5964,59.931,0.8663],[23.5881,59.9301,16.6046],[23.5842,59.9324,0.0],[23.5614,59.9326,0.0],[23.5525,59.9313,9.2316],[23.5442,59.9321,0.0],[23.5331,59.9282,9.0705],[23.5136,59.929,0.0],[23.5086,59.9268,0.0],[23.5075,59.9238,4.9323],[23.5053,59.9249,4.7035],[23.4975,59.924,0.0],[23.4981,59.9212,2.4499],[23.5003,59.9201,0.0],[23.5081,59.9196,0.9852],[23.5086,59.9182,1.3397],[23.5058,59.916,1.5667],[23.5003,59.9174,0.0],[23.4975,59.9157,2.9481],[23.5003,59.914,5.7209],[23.4992,59.9129,7.4841],[23.4903,59.9118,14.5744],[23.4897,59.9137,13.3764],[23.4919,59.9171,1.5088],[23.4897,59.9182,8.5338],[23.4836,59.9182,0.0],[23.4831,59.9151,9.8333],[23.4786,59.9137,2.5841],[23.4764,59.9146,8.1821],[23.4808,59.9157,3.2465],[23.4808,59.9176,0.0],[23.4736,59.9168,4.345],[23.4786,59.9196,2.9349],[23.4692,59.9212,0.0],[23.4625,59.9185,2.0554],[23.4625,59.9168,0.0],[23.4697,59.9163,5.4259],[23.463,59.9154,16.3905],[23.4608,59.9146,2.5511],[23.4608,59.9129,6.8633],[23.4553,59.9118,9.6907],[23.4492,59.9135,1.7382],[23.4336,59.9135,4.2293],[23.4236,59.911,3.4243],[23.4197,59.9143,0.0],[23.4142,59.9146,4.9413],[23.4081,59.9126,0.0],[23.4108,59.9107,4.3041],[23.4031,59.9132,1.7173],[23.3953,59.9132,9.919],[23.3847,59.9104,7.249],[23.3936,59.9076,2.6978],[23.4153,59.9096,1.0403],[23.4069,59.9087,0.7596],[23.4064,59.9071,0.7596],[23.4014,59.9051,1.8016],[23.4008,59.9032,0.0],[23.4114,59.8999,0.0],[23.4108,59.8968,0.0],[23.4164,59.8951,0.0],[23.4236,59.8979,1.2839],[23.4292,59.8957,12.1001],[23.4375,59.8951,4.6856],[23.4397,59.8979,2.3562],[23.4431,59.8985,0.0],[23.4431,59.8999,1.1684],[23.4375,59.9018,3.0666],[23.4442,59.9029,1.8438],[23.4475,59.8993,2.795],[23.4519,59.899,0.0],[23.4531,59.901,3.4023],[23.4619,59.8971,13.2938],[23.4603,59.896,3.34],[23.4547,59.8982,6.6288],[23.4464,59.8976,0.0],[23.4481,59.8957,7.5274],[23.463,59.8951,1.4355],[23.4725,59.8924,-0.3535],[23.4714,59.8965,2.7425],[23.4692,59.8971,11.2647],[23.4719,59.8976,4.3391],[23.4781,59.8943,5.531],[23.4736,59.8924,-0.3535],[23.4764,59.8904,0.0],[23.4953,59.889,0.0],[23.4947,59.891,0.0],[23.4814,59.8929,9.4199],[23.4842,59.8937,0.0],[23.4903,59.8929,1.3884],[23.4908,59.894,9.3],[23.4975,59.891,4.6703],[23.5025,59.891,4.7874],[23.5042,59.8893,0.0],[23.5197,59.8901,2.9651],[23.5208,59.8879,0.0],[23.5347,59.8949,5.5557],[23.5386,59.8937,4.1006],[23.5408,59.8949,0.0],[23.5508,59.891,1.9599],[23.5519,59.8915,1.9599],[23.5508,59.8946,2.0697],[23.5619,59.8932,0.0],[23.5631,59.8963,2.7322],[23.5692,59.8985,0.0],[23.5681,59.9007,0.0],[23.5503,59.9043,0.0],[23.5464,59.9032,0.0],[23.5542,59.9012,7.2311],[23.5569,59.899,10.7475],[23.5419,59.9007,0.0],[23.5381,59.9046,3.5166],[23.5303,59.9043,2.5376],[23.5303,59.9074,0.0],[23.5258,59.9087,7.3087],[23.5336,59.9101,4.7053],[23.5381,59.9087,2.2934],[23.5364,59.9076,0.0],[23.5381,59.906,0.1235],[23.5397,59.906,0.0],[23.5403,59.9079,3.7987],[23.5481,59.9076,0.0],[23.5464,59.911,0.0],[23.5392,59.9115,4.4577],[23.5392,59.9137,6.0662],[23.5414,59.9135,0.0],[23.5414,59.9151,4.6612],[23.5458,59.9165,2.8227],[23.5558,59.9163,1.6133],[23.5586,59.9176,0.4819],[23.5586,59.9201,2.2949],[23.5425,59.919,0.0],[23.5375,59.921,1.5528],[23.5319,59.9174,3.34],[23.5269,59.9176,0.0],[23.5281,59.9135,3.1171],[23.5269,59.9132,12.3998],[23.5242,59.916,0.0],[23.518,59.9171,1.956],[23.5203,59.9182,0.0152],[23.5219,59.9226,2.0611],[23.5275,59.9229,0.0],[23.5264,59.9263,8.3053],[23.5364,59.924,5.0984],[23.5481,59.9243,7.3883],[23.5397,59.9229,1.7248],[23.5436,59.921,2.1095],[23.553,59.9226,6.662],[23.5636,59.9221,11.6811],[23.5669,59.9171,8.0282],[23.5769,59.9185,5.2592],[23.5808,59.9157,4.2015],[23.5864,59.9168,0.0],[23.5853,59.9143,3.2384],[23.5814,59.9132,0.0],[23.5819,59.9115,0.0],[23.5858,59.9115,1.5419],[23.5853,59.909,3.7881],[23.5886,59.9085,8.6808],[23.5853,59.9079,1.8194],[23.5858,59.9063,1.6381],[23.6003,59.9085,0.0],[23.5997,59.9096,0.0],[23.6031,59.911,0.0],[23.6047,59.9096,0.0],[23.6025,59.9085,0.0],[23.6092,59.9068,1.641],[23.6064,59.9049,0.0],[23.6147,59.9046,9.2274],[23.6186,59.9021,6.455],[23.6231,59.9024,0.0],[23.6242,59.9051,0.0],[23.6169,59.909,0.0],[23.6147,59.9082,2.8749],[23.6169,59.9063,7.1852],[23.6114,59.9065,7.4457],[23.6108,59.9085,1.4735],[23.6131,59.9082,-0.5],[23.6136,59.9096,3.1535],[23.6108,59.911,5.7495],[23.6125,59.9115,0.0],[23.6119,59.9137,0.0],[23.6069,59.916,0.6428],[23.6025,59.9143,3.2113],[23.6069,59.9126,0.7336],[23.5942,59.9146,6.6357],[23.6014,59.9143,3.2113],[23.6064,59.9182,9.2493],[23.6119,59.9179,0.0],[23.6119,59.9196,1.0955],[23.6281,59.9188,0.788],[23.6286,59.9199,0.788],[23.6242,59.9207,0.29],[23.6269,59.9221,9.4677],[23.6397,59.9204,7.6637],[23.6414,59.9232,4.6198],[23.6492,59.926,5.5077],[23.6531,59.9257,3.4446],[23.6531,59.9243,1.352],[23.6597,59.9243,8.3139],[23.6547,59.9215,8.6034],[23.6458,59.9229,2.1467],[23.6408,59.9199,11.3013],[23.6336,59.9182,2.1471],[23.6319,59.9163,0.0],[23.6386,59.9143,3.0729],[23.6414,59.9151,0.0],[23.6403,59.9176,18.6644],[23.6447,59.9165,0.0],[23.6464,59.9188,12.4591],[23.6597,59.9185,5.6699],[23.6553,59.9151,10.6365],[23.6503,59.9151,3.0105],[23.6497,59.914,3.0105],[23.6531,59.9132,1.8843],[23.6547,59.9107,0.0],[23.6519,59.9099,0.0],[23.6514,59.9076,1.675],[23.6497,59.9082,1.675],[23.6503,59.9104,0.0],[23.6481,59.9107,4.6834],[23.6492,59.914,3.0105],[23.643,59.9135,1.701],[23.6414,59.911,0.0],[23.6431,59.9087,0.0],[23.6497,59.906,0.8174],[23.6547,59.9071,6.1795],[23.6603,59.906,0.0],[23.6592,59.9082,0.3577],[23.6642,59.9093,4.3196],[23.6631,59.9137,4.2669],[23.6692,59.9154,0.0],[23.6686,59.9168,3.0399],[23.6619,59.9179,1.8388],[23.6642,59.9193,2.4299],[23.6614,59.921,2.7008],[23.6642,59.9218,2.7008],[23.6708,59.9188,6.2449],[23.6731,59.9207,0.0],[23.6725,59.9232,0.0],[23.6792,59.9224,6.6279],[23.6808,59.9251,1.2746],[23.6836,59.9224,2.2144],[23.6864,59.924,9.6323],[23.6919,59.9232,0.0],[23.6897,59.9282,5.232],[23.7008,59.9257,7.0567],[23.7081,59.9271,8.4528],[23.713,59.9221,3.2187],[23.7231,59.9229,0.0],[23.7208,59.9357,2.5649],[23.7186,59.9371,0.0],[23.6997,59.9362,1.0325],[23.6953,59.9354,6.3421],[23.6942,59.9338,6.3421],[23.6769,59.9335,0.7087],[23.6797,59.9318,8.065],[23.6736,59.9304,9.813],[23.6719,59.9335,2.2695],[23.6647,59.9338,0.0],[23.6625,59.9315,5.1954],[23.6436,59.9324,0.0],[23.6408,59.9299,7.5569],[23.6347,59.9315,0.0],[23.6342,59.9338,0.0],[23.625,59.9374,0.0]]],
[[[23.5443,59.9124,9.5597],[23.5508,59.9137,0.0],[23.5508,59.9151,0.0],[23.5436,59.9137,0.9829],[23.5443,59.9124,9.5597]]],
[[[23.5614,59.9174,1.674],[23.5642,59.9174,3.0744],[23.5642,59.919,3.189],[23.5603,59.9199,2.6013],[23.5614,59.9174,1.674]]],
[[[23.6775,59.9129,0.8725],[23.6719,59.9151,6.982],[23.6697,59.9101,2.7657],[23.6758,59.9093,0.0],[23.678,59.9113,0.0],[23.6775,59.9129,0.8725]]],
[[[23.6936,59.9135,6.2369],[23.6897,59.9157,0.0],[23.6869,59.9151,0.0],[23.6897,59.9135,0.0],[23.6892,59.911,0.0],[23.6942,59.9087,2.1105],[23.6981,59.9093,0.0],[23.6936,59.9135,6.2369]]],
[[[23.6825,59.9151,3.1576],[23.6803,59.9171,0.0],[23.6764,59.9168,2.7564],[23.6797,59.9121,5.6975],[23.6847,59.9126,0.0],[23.6825,59.9151,3.1576]]],
[[[23.6175,59.9146,8.8628],[23.6197,59.9171,0.0],[23.6097,59.9157,0.0],[23.6142,59.9135,0.0],[23.6175,59.9146,8.8628]]],
[[[23.6531,59.9176,0.0],[23.6508,59.9165,0.0],[23.6569,59.9168,6.9142],[23.6569,59.9179,0.0],[23.6531,59.9176,0.0]]],
[[[23.6897,59.9176,0.0],[23.6914,59.9193,3.1356],[23.6875,59.9204,0.0],[23.6875,59.919,0.0],[23.6897,59.9176,0.0]]],
[[[23.6942,59.9185,0.0],[23.6969,59.919,0.0],[23.6964,59.921,0.0],[23.6908,59.9207,0.0],[23.6919,59.919,7.5371],[23.6942,59.9185,0.0]]],
[[[23.7003,59.9224,4.81],[23.7014,59.9235,4.81],[23.6997,59.9251,13.5474],[23.6964,59.9251,13.5474],[23.6975,59.9218,0.0],[23.7003,59.9224,4.81]]],
[[[23.3625,59.884,0.0],[23.3675,59.8846,3.3613],[23.3675,59.8857,0.0],[23.3631,59.8854,4.3424],[23.3625,59.884,0.0]]],
[[[23.3708,59.8907,1.7124],[23.3697,59.8896,0.0],[23.3725,59.8896,0.0],[23.3742,59.8918,4.7808],[23.3725,59.8918,1.7124],[23.3708,59.8907,1.7124]]],
[[[23.4342,59.8943,0.0],[23.4264,59.8949,3.6473],[23.4153,59.8921,1.9809],[23.4047,59.8921,0.0],[23.4036,59.8907,0.0],[23.4103,59.8915,7.1283],[23.4086,59.8899,0.8396],[23.4042,59.8901,3.5999],[23.4042,59.889,3.5999],[23.4086,59.8893,0.8396],[23.4169,59.8868,5.6687],[23.4258,59.8901,0.0],[23.4353,59.8901,0.0],[23.4442,59.8924,6.9322],[23.4425,59.8943,5.1732],[23.4342,59.8943,0.0]]],
[[[23.3531,59.8915,1.7976],[23.3536,59.8937,4.8685],[23.3469,59.8943,3.8758],[23.3475,59.8918,0.0],[23.3531,59.8915,1.7976]]],
[[[23.4036,59.8932,3.4172],[23.4031,59.896,1.3435],[23.3997,59.8963,1.6119],[23.3981,59.894,1.2164],[23.4003,59.8926,4.2632],[23.4036,59.8932,3.4172]]],
[[[23.4064,59.8968,0.0],[23.4081,59.8988,0.0],[23.4064,59.9001,4.2194],[23.4019,59.899,2.8622],[23.4025,59.8965,1.3435],[23.4064,59.8968,0.0]]],
[[[23.3592,59.9104,4.912],[23.3508,59.9113,2.6783],[23.3436,59.9099,1.6325],[23.3425,59.9093,1.6325],[23.3431,59.9051,7.4891],[23.3381,59.9043,0.6251],[23.3386,59.9029,3.1775],[23.3364,59.901,0.0],[23.3403,59.9004,1.0235],[23.3436,59.8971,2.978],[23.3469,59.8963,3.5238],[23.3492,59.8965,3.5238],[23.3475,59.8993,1.7876],[23.3531,59.8965,2.0913],[23.3603,59.8976,3.4514],[23.3586,59.9001,3.4327],[23.3547,59.8993,0.5802],[23.3542,59.8979,6.0519],[23.3508,59.8993,7.621],[23.3508,59.9004,7.621],[23.3542,59.9004,-0.5],[23.3531,59.9021,12.9738],[23.3592,59.9012,12.3892],[23.3625,59.8985,3.4514],[23.3636,59.8951,12.2286],[23.3536,59.896,2.0913],[23.3586,59.8932,7.0056],[23.357,59.8921,2.8942],[23.3614,59.8918,7.3354],[23.3575,59.8913,4.527],[23.3586,59.8896,1.2344],[23.3686,59.8907,6.4842],[23.3725,59.8943,8.8428],[23.3758,59.8918,0.0],[23.3808,59.8918,0.0],[23.3797,59.8929,1.1708],[23.3836,59.8943,7.2126],[23.3858,59.8935,2.3563],[23.3836,59.8932,0.0],[23.3842,59.8921,0.0],[23.3936,59.8924,7.1268],[23.3942,59.8907,10.918],[23.3986,59.891,4.7417],[23.3986,59.8924,0.0],[23.3953,59.8929,7.1268],[23.3981,59.8963,1.5726],[23.3942,59.8968,7.9577],[23.3942,59.8979,0.0692],[23.4014,59.9004,0.0],[23.3997,59.9024,0.0],[23.3886,59.9026,0.0],[23.3886,59.9007,0.8662],[23.3919,59.8985,2.9302],[23.3914,59.8963,7.0654],[23.3936,59.8949,6.4629],[23.3914,59.8943,2.5838],[23.3864,59.8968,8.4102],[23.3858,59.9015,4.1438],[23.3764,59.904,3.6406],[23.3753,59.9065,2.3753],[23.3642,59.9057,5.6591],[23.3592,59.9104,4.912]]],
[[[23.3814,59.9104,7.249],[23.3808,59.9087,0.0],[23.3842,59.9085,0.0],[23.3836,59.9104,7.249],[23.3814,59.9104,7.249]]],
[[[23.4686,59.8921,0.0],[23.4581,59.8929,1.8843],[23.4619,59.8896,5.4809],[23.4725,59.889,0.0],[23.4692,59.8904,6.6437],[23.4714,59.8918,0.0],[23.4686,59.8921,0.0]]],
[[[23.4514,59.9143,1.9014],[23.4547,59.9151,1.9014],[23.4547,59.9163,2.2248],[23.4481,59.9157,0.0],[23.4514,59.9143,1.9014]]],
[[[23.4981,59.9174,9.6341],[23.5003,59.919,0.0],[23.4947,59.9185,7.6319],[23.4942,59.9168,0.0],[23.4969,59.9165,2.9481],[23.4981,59.9174,9.6341]]],
[[[23.4964,59.9224,4.3053],[23.4853,59.9238,0.0],[23.4792,59.9224,0.0],[23.4808,59.9212,5.4915],[23.4792,59.9201,2.9349],[23.4836,59.919,9.4341],[23.4925,59.9201,4.6172],[23.4908,59.9193,2.5556],[23.4919,59.9179,1.5088],[23.4986,59.9199,0.0],[23.4964,59.9224,4.3053]]],
[[[23.3742,59.9104,1.9445],[23.3792,59.9104,0.9305],[23.3792,59.9115,0.0],[23.3769,59.9129,9.0776],[23.3719,59.9126,2.7072],[23.3742,59.9104,1.9445]]],
[[[23.3686,59.9107,9.0338],[23.3719,59.911,5.3626],[23.3703,59.9132,2.7072],[23.3614,59.9118,0.0],[23.3625,59.9104,4.912],[23.3686,59.9107,9.0338]]],
[[[23.4064,59.9538,9.1478],[23.4086,59.9549,2.0893],[23.4019,59.9546,9.1154],[23.4008,59.9526,2.0507],[23.4042,59.9526,0.3641],[23.4064,59.9538,9.1478]]],
[[[23.4275,59.9546,2.3587],[23.4292,59.9557,0.0],[23.4225,59.956,0.6438],[23.4258,59.9543,3.6857],[23.4275,59.9546,2.3587]]],
[[[23.7103,59.9382,0.0],[23.7158,59.9379,0.0],[23.7164,59.9388,0.9584],[23.7108,59.939,0.0],[23.7103,59.9382,0.0]]],
[[[23.5475,59.9338,0.0],[23.553,59.9338,0.0],[23.5536,59.9346,0.0],[23.5469,59.9349,0.0],[23.5475,59.9338,0.0]]],
[[[23.5229,60.0542,0.0],[23.5146,60.0542,0.0],[23.513,60.0526,0.0],[23.5245,60.0526,13.0283],[23.5229,60.0542,0.0]]],
[[[23.4086,59.9629,4.8271],[23.4097,59.9649,3.1487],[23.4053,59.9654,6.1545],[23.4008,59.9637,0.0],[23.4008,59.9615,0.0],[23.4064,59.9615,1.0629],[23.4086,59.9629,4.8271]]],
[[[23.4331,59.9818,1.9371],[23.4342,59.9826,0.6155],[23.4303,59.9832,3.308],[23.4286,59.981,3.965],[23.4314,59.9807,3.965],[23.4331,59.9818,1.9371]]],
[[[23.4947,59.9774,0.0],[23.4931,59.9793,1.1754],[23.4842,59.9779,3.1846],[23.4847,59.9763,8.1527],[23.4792,59.9721,0.0],[23.4836,59.9715,0.0],[23.4864,59.9743,0.1293],[23.4914,59.976,2.4887],[23.4925,59.9757,1.5881],[23.4892,59.9729,0.0],[23.5025,59.974,6.6192],[23.5053,59.9768,0.0417],[23.5042,59.9785,3.6826],[23.4947,59.9774,0.0]]],
[[[23.9847,59.9754,15.5785],[23.9736,59.9765,0.0],[23.9753,59.974,1.4875],[23.9842,59.9726,2.6373],[23.9853,59.9701,0.0],[23.9881,59.9704,0.0],[23.9869,59.9732,0.0],[23.9914,59.9735,0.0],[23.9897,59.9754,13.1366],[23.9847,59.9754,15.5785]]],
[[[23.9947,59.9751,0.0],[23.9964,59.9751,0.0],[23.9964,59.9768,0.0],[23.9892,59.9779,0.0],[23.9897,59.9762,0.0],[23.9947,59.9751,0.0]]],
[[[23.9875,59.9771,0.0],[23.9792,59.9779,0.0],[23.9792,59.9768,0.0],[23.9853,59.976,3.7468],[23.9881,59.976,0.0],[23.9875,59.9771,0.0]]],
[[[23.9847,59.9979,0.0],[23.9842,60.0,0.0],[23.9708,60.0,14.2006],[23.9745,60.0016,22.2479],[23.9667,60.0042,0.0],[23.9589,60.0016,0.0],[23.9625,60.0,4.7906],[23.9564,59.9987,0.0],[23.9742,59.9935,0.0],[23.9975,59.9918,0.0],[23.9953,59.9951,0.0],[23.9886,59.9943,3.2108],[23.9792,59.9957,8.9325],[23.9847,59.9979,0.0]]],
[[[24.1381,59.9846,1.03],[24.1408,59.9854,1.2395],[24.1347,59.986,0.6592],[24.1358,59.9851,0.0],[24.1381,59.9846,1.03]]],
[[[24.2353,59.9874,0.3437],[24.2386,59.9879,0.4489],[24.2392,59.989,0.0],[24.2353,59.9885,0.3437],[24.2353,59.9874,0.3437]]],
[[[24.0258,59.9899,1.6517],[24.0208,59.9901,1.1683],[24.0203,59.9885,0.0],[24.0308,59.9879,0.0],[24.0303,59.9893,0.0],[24.0258,59.9899,1.6517]]],
[[[24.1069,59.9924,0.0],[24.0992,59.9938,0.0],[24.0753,59.9929,1.8246],[24.0758,59.9918,0.0],[24.0964,59.9901,0.0],[24.0986,59.9885,0.0],[24.1103,59.9893,4.1496],[24.1342,59.9857,1.5204],[24.1281,59.9885,8.1177],[24.1269,59.991,0.0],[24.1225,59.9921,0.0],[24.1181,59.9904,4.4313],[24.1158,59.9926,0.0],[24.1069,59.9924,0.0]]],
[[[24.1342,59.9893,4.3657],[24.1358,59.9901,0.0],[24.1347,59.9915,0.0],[24.1281,59.9912,0.0],[24.1292,59.9896,0.0],[24.1342,59.9893,4.3657]]],
[[[24.0431,59.996,0.0],[24.0397,59.9974,0.0],[24.0358,59.9965,3.927],[24.0392,59.9896,0.0],[24.0425,59.9865,0.8598],[24.0519,59.9849,0.9992],[24.0508,59.9863,0.4876],[24.0581,59.9865,0.0],[24.0564,59.9893,0.0],[24.0586,59.9901,0.0],[24.0431,59.996,0.0]]],
[[[24.1703,59.9918,0.0],[24.1731,59.9932,0.0],[24.1664,59.9912,0.0],[24.1681,59.991,0.0],[24.1703,59.9918,0.0]]],
[[[24.0342,59.9935,0.0],[24.0258,59.9949,1.4076],[24.0247,59.9918,0.0],[24.0331,59.9912,0.0],[24.0353,59.9926,0.0],[24.0342,59.9935,0.0]]],
[[[24.0197,59.994,0.0],[24.0208,59.9946,0.0],[24.0158,59.9954,1.3795],[24.0103,59.9929,2.1336],[24.0131,59.9924,2.1559],[24.0197,59.994,0.0]]],
[[[24.1658,59.9949,0.8362],[24.1692,59.9938,7.4916],[24.1714,59.9974,0.0],[24.1681,59.9974,0.0],[24.1658,59.9949,0.8362]]],
[[[24.2075,59.9951,0.0],[24.2081,59.9965,0.6816],[24.2042,59.9976,2.9557],[24.1931,59.9968,0.0],[24.1964,59.9946,0.0],[24.2064,59.994,0.0],[24.2075,59.9951,0.0]]],
[[[24.1092,59.999,0.0],[24.1164,59.9987,0.0],[24.1175,60.0,3.6054],[24.1086,59.9999,0.0],[24.1092,59.999,0.0]]],
[[[24.2108,59.9993,2.8541],[24.2142,59.999,2.8835],[24.2164,60.0,2.5723],[24.2075,60.0,0.8345],[24.2108,59.9993,2.8541]]],
[[[24.2047,60.0,0.0],[24.2014,60.0,0.0],[24.2014,59.9999,0.0],[24.2036,59.9993,2.389],[24.2047,60.0,0.0]]],
[[[24.2253,59.9999,0.7359],[24.2258,59.9996,0.7359],[24.2275,59.9996,0.0],[24.2275,60.0,0.0],[24.2253,59.9999,0.7359]]],
[[[24.1881,59.9999,0.0],[24.1886,60.0,0.0],[24.1869,60.0,0.0],[24.1875,59.9996,0.0],[24.1881,59.9999,0.0]]],
[[[24.1364,59.9996,0.0],[24.1432,60.0036,14.6786],[24.1354,60.0062,14.399],[24.1297,60.0016,0.0],[24.1297,60.0,15.8212],[24.1242,60.0,7.4346],[24.1319,59.9974,0.0],[24.1364,59.9996,0.0]]],
[[[24.1161,60.0047,12.7391],[24.1182,60.0078,12.6456],[24.1151,60.0078,18.696],[24.113,60.0057,13.7717],[24.1161,60.0047,12.7391]]],
[[[24.1625,60.0083,6.0812],[24.1609,60.0068,13.2312],[24.1641,60.0068,11.7921],[24.1641,60.0078,14.6157],[24.1625,60.0083,6.0812]]],
[[[24.1417,60.0083,18.2426],[24.1401,60.0068,17.8984],[24.1432,60.0068,10.931],[24.1432,60.0078,14.9791],[24.1417,60.0083,18.2426]]],
[[[24.2021,60.0104,16.0622],[24.1943,60.0099,19.251],[24.1922,60.0047,10.4389],[24.2062,60.0042,0.0],[24.2182,60.0089,0.0],[24.2214,60.012,12.8754],[24.2292,60.0125,0.0],[24.2313,60.0146,7.0614],[24.2292,60.0167,15.3987],[24.2208,60.0167,0.0],[24.2182,60.013,23.034],[24.2062,60.0125,0.0],[24.2021,60.0104,16.0622]]],
[[[24.1188,60.0125,0.0],[24.1172,60.012,10.2463],[24.1172,60.0109,6.5052],[24.1203,60.0109,0.0],[24.1188,60.0125,0.0]]],
[[[24.0646,60.0187,19.6741],[24.063,60.0172,20.0906],[24.0661,60.0172,16.5622],[24.0661,60.0182,19.6741],[24.0646,60.0187,19.6741]]],
[[[24.0167,60.0125,0.0],[24.0208,60.0146,20.2402],[24.0266,60.013,5.678],[24.0276,60.0161,0.0],[24.0328,60.0172,17.8408],[24.0349,60.0203,15.2101],[24.0313,60.0229,5.7609],[24.0068,60.0161,0.0],[24.0167,60.0125,0.0]]],
[[[24.0995,60.0172,6.7346],[24.1016,60.0203,10.1152],[24.0917,60.0229,10.7396],[24.0917,60.0208,3.7747],[24.0859,60.0151,7.6162],[24.0917,60.0146,15.9892],[24.0995,60.0172,6.7346]]],
[[[24.1464,60.0214,0.0],[24.1474,60.0193,4.4777],[24.1396,60.0187,18.3562],[24.138,60.0172,12.1543],[24.1479,60.0167,13.0532],[24.1516,60.0193,0.0],[24.1495,60.0224,22.3261],[24.1464,60.0214,0.0]]],
[[[24.1047,60.0214,16.4729],[24.1078,60.0214,0.0],[24.1078,60.0224,0.0],[24.1047,60.0224,17.1577],[24.1047,60.0214,16.4729]]],
[[[24.088,60.0276,0.0],[24.0896,60.0271,4.4843],[24.0911,60.0286,6.6876],[24.088,60.0286,10.4294],[24.088,60.0276,0.0]]],
[[[24.2708,60.0313,13.1882],[24.2724,60.0328,5.7162],[24.2693,60.0328,0.0],[24.2693,60.0318,10.1136],[24.2708,60.0313,13.1882]]],
[[[24.0005,60.0172,0.0],[23.9979,60.0187,12.6775],[23.9875,60.0187,9.8943],[23.9833,60.0208,0.0],[23.9755,60.0182,7.6185],[23.9734,60.0151,0.0],[23.9766,60.0141,21.7014],[23.9755,60.0109,0.0],[23.9776,60.0089,0.0],[23.9958,60.0062,0.0],[24.0016,60.013,7.051],[24.0005,60.0172,0.0]]],
[[[23.7781,59.9501,0.0],[23.7803,59.9501,0.0],[23.7808,59.9521,4.867],[23.7758,59.9518,1.7743],[23.7781,59.9501,0.0]]],
[[[23.7786,59.9538,0.0],[23.7775,59.9529,1.3787],[23.7836,59.9526,1.7957],[23.7825,59.9538,0.0],[23.7786,59.9538,0.0]]],
[[[23.7781,59.9588,0.0],[23.7769,59.9571,4.0318],[23.7825,59.9574,0.0],[23.7819,59.9588,0.0],[23.7781,59.9588,0.0]]],
[[[23.7681,59.9585,0.0],[23.7692,59.9596,7.9531],[23.768,59.9601,7.9531],[23.7592,59.9593,0.0],[23.7597,59.9576,0.0],[23.7681,59.9585,0.0]]],
[[[23.7925,59.9607,19.6098],[23.7908,59.9624,0.0],[23.7831,59.9613,0.0],[23.7886,59.9593,3.9931],[23.7925,59.9607,19.6098]]]]}}