{"type":"Feature","properties":{"GID_2":"FIN.5.4_1","GID_0":"FIN","country":"Finland","GID_1":"FIN.5_1","province":"WesternFinland","NL_NAME_1":"NA","county":"Ostrobothnia","VARNAME_2":"Österbotten|Pohjanmaa","NL_NAME_2":"NA","TYPE_2":"Maakunta|landskap","ENGTYPE_2":"Region","CC_2":"NA","HASC_2":"NA","name":"Ostrobothnia.county"},
"geometry":{"type": "MultiPolygon","coordinates": [[[[21.2943,61.9776,7.1762],[21.2974,61.9776,0.7426],[21.2974,61.9786,1.2066],[21.2943,61.9786,11.9211],[21.2943,61.9776,7.1762]]],
[[[21.2661,62.0401,0.0],[21.263,62.0411,3.8355],[21.2609,62.038,0.0],[21.2641,62.038,3.5829],[21.2661,62.0401,0.0]]],
[[[21.2891,62.0786,3.4756],[21.2911,62.0766,2.3528],[21.2901,62.0734,0.8102],[21.2995,62.0734,0.0],[21.2964,62.0755,1.5953],[21.2973,62.0787,0.0],[21.2943,62.0797,2.4166],[21.2953,62.0828,0.6765],[21.2938,62.0854,10.3976],[21.2953,62.0891,3.675],[21.2922,62.0891,5.4654],[21.288,62.0849,0.0],[21.2859,62.0797,0.0],[21.2891,62.0786,3.4756]]],
[[[21.2932,62.1089,0.0],[21.2896,62.1104,1.3744],[21.2875,62.1083,0.3549],[21.2896,62.1063,1.1874],[21.2932,62.1089,0.0]]],
[[[21.2958,61.9708,0.0],[21.3,61.9708,1.3807],[21.3042,61.9688,1.1459],[21.3078,61.9724,1.7012],[21.2943,61.9724,0.2659],[21.2958,61.9708,0.0]]],
[[[21.3016,62.1224,0.0],[21.2984,62.1234,5.8389],[21.2995,62.1266,0.0],[21.2974,62.1286,2.8712],[21.2943,62.1297,3.7205],[21.2953,62.1328,7.2405],[21.288,62.1328,0.0],[21.2891,62.1297,5.0736],[21.288,62.1276,0.0],[21.2953,62.1266,3.4744],[21.2922,62.1214,0.0],[21.2974,62.1182,10.4546],[21.2964,62.113,0.0],[21.3,62.1104,0.0],[21.312,62.1078,11.0605],[21.312,62.1047,10.6933],[21.3068,62.0964,0.0],[21.3141,62.0964,0.0],[21.3182,62.1005,0.0],[21.3151,62.1036,11.1886],[21.3182,62.1078,0.0],[21.3141,62.1099,7.5663],[21.312,62.1141,9.8338],[21.3026,62.1172,1.8173],[21.3005,62.1193,9.5735],[21.3016,62.1224,0.0]]],
[[[21.3068,62.1276,0.7871],[21.3099,62.1276,0.0],[21.3099,62.1286,0.0],[21.3083,62.1292,3.2642],[21.3068,62.1276,0.7871]]],
[[[21.3422,62.1464,0.0],[21.338,62.1474,6.6373],[21.3417,62.1437,1.1047],[21.3432,62.1443,0.0],[21.3422,62.1464,0.0]]],
[[[21.2859,62.1422,0.0],[21.2891,62.1422,1.0422],[21.2891,62.1432,0.0],[21.2859,62.1432,0.0],[21.2859,62.1422,0.0]]],
[[[21.288,62.1526,0.0],[21.2896,62.1521,7.1013],[21.2911,62.1536,7.022],[21.288,62.1536,0.0],[21.288,62.1526,0.0]]],
[[[21.2953,62.1661,2.7765],[21.2953,62.163,1.5053],[21.2922,62.1589,3.0874],[21.3057,62.1589,0.0],[21.3057,62.162,0.0],[21.3016,62.1682,0.0],[21.2943,62.1682,0.0],[21.2953,62.1661,2.7765]]],
[[[21.2682,62.3089,7.8491],[21.2675,62.3101,9.2368],[21.2651,62.3099,9.0885],[21.2667,62.3083,6.4564],[21.2682,62.3089,7.8491]]],
[[[21.2755,62.3318,0.0],[21.2771,62.3312,9.2303],[21.2786,62.3328,8.6274],[21.2771,62.3333,0.0],[21.2755,62.3318,0.0]]],
[[[21.1911,62.3401,1.9228],[21.188,62.3339,1.8357],[21.1953,62.3339,5.6221],[21.1995,62.338,12.8605],[21.1964,62.3411,11.7916],[21.2016,62.3422,0.0],[21.2099,62.3536,5.6847],[21.2005,62.3536,5.7846],[21.1911,62.3401,1.9228]]],
[[[21.2547,62.3651,11.555],[21.2563,62.3646,6.1353],[21.2578,62.3661,0.0],[21.2547,62.3661,10.1525],[21.2547,62.3651,11.555]]],
[[[21.2518,62.3803,0.0],[21.2495,62.3849,0.0],[21.2422,62.3859,10.059],[21.237,62.3932,0.0],[21.2255,62.3932,0.0],[21.2266,62.3901,8.8541],[21.2214,62.3891,0.0],[21.2245,62.3859,11.6713],[21.2172,62.3766,0.0],[21.2208,62.3688,11.7906],[21.2172,62.363,2.5697],[21.2203,62.3609,4.4075],[21.2151,62.3557,0.0],[21.2161,62.3505,1.5142],[21.2151,62.3484,0.0],[21.2208,62.3458,0.0],[21.225,62.3458,8.1526],[21.2318,62.3516,0.0],[21.2438,62.3542,2.2753],[21.2453,62.3526,9.8496],[21.2411,62.3464,9.8021],[21.2359,62.3453,11.0266],[21.2339,62.3422,0.0],[21.2396,62.3396,0.0],[21.2438,62.3396,0.0],[21.2474,62.3422,0.0],[21.2443,62.3443,7.9479],[21.2464,62.3474,0.0],[21.2557,62.3484,0.0],[21.2578,62.3516,0.0],[21.2484,62.3568,5.7631],[21.2521,62.3625,0.0],[21.2495,62.3661,0.0],[21.2464,62.3672,7.8552],[21.2516,62.3693,0.0],[21.2464,62.3745,12.3787],[21.2518,62.3803,0.0]]],
[[[21.1234,62.4339,1.4624],[21.125,62.4333,1.6969],[21.1266,62.4349,0.0],[21.1234,62.4349,0.7074],[21.1234,62.4339,1.4624]]],
[[[21.1714,62.4505,0.0],[21.1745,62.4505,3.8344],[21.1745,62.4516,2.8025],[21.1714,62.4516,0.0],[21.1714,62.4505,0.0]]],
[[[21.0964,62.5422,0.0],[21.1,62.5417,9.7609],[21.1,62.5438,0.0],[21.0964,62.5432,0.0],[21.0964,62.5422,0.0]]],
[[[21.1297,62.5568,0.0],[21.1313,62.5563,4.9672],[21.1328,62.5578,9.52],[21.1297,62.5578,0.0],[21.1297,62.5568,0.0]]],
[[[21.0661,62.5255,2.9092],[21.0661,62.5266,0.0],[21.063,62.5266,5.5738],[21.0643,62.5251,1.482],[21.0661,62.5255,2.9092]]],
[[[21.0589,62.5276,0.0],[21.0604,62.5271,8.4013],[21.062,62.5286,6.111],[21.0589,62.5286,0.0],[21.0589,62.5276,0.0]]],
[[[21.0771,62.6063,2.7095],[21.0786,62.6078,0.0],[21.0734,62.6078,9.6811],[21.0734,62.6068,7.9237],[21.0771,62.6063,2.7095]]],
[[[21.0542,62.625,0.0],[21.0557,62.6266,0.0],[21.0505,62.6266,1.6132],[21.0505,62.6255,1.8776],[21.0542,62.625,0.0]]],
[[[21.1547,62.5984,0.0],[21.1578,62.5984,0.0],[21.1578,62.5995,0.0],[21.1563,62.6,3.3797],[21.1547,62.5984,0.0]]],
[[[21.1271,62.6083,0.5395],[21.1224,62.612,0.0],[21.1109,62.6141,0.0],[21.113,62.6089,0.0],[21.125,62.6042,0.0],[21.1307,62.6047,0.0],[21.1271,62.6083,0.5395]]],
[[[21.1974,62.6089,1.6905],[21.1958,62.6104,3.1509],[21.1901,62.6099,2.669],[21.1917,62.6083,0.0],[21.1974,62.6089,1.6905]]],
[[[21.1667,62.6063,3.5792],[21.1703,62.6099,0.0],[21.1563,62.6125,0.0],[21.1526,62.6099,6.5504],[21.1542,62.6083,0.0],[21.1667,62.6063,3.5792]]],
[[[21.138,62.613,0.0],[21.1396,62.6125,2.8634],[21.1411,62.6141,0.0],[21.1396,62.6146,6.2213],[21.138,62.613,0.0]]],
[[[21.1224,62.713,1.4899],[21.1224,62.7161,1.7257],[21.1193,62.7161,0.0],[21.1193,62.713,0.3456],[21.1224,62.713,1.4899]]],
[[[21.1229,62.7313,0.0],[21.1172,62.7255,0.0],[21.125,62.725,0.0],[21.1286,62.7276,0.0],[21.1229,62.7313,0.0]]],
[[[21.1375,62.7333,5.64],[21.1333,62.7333,0.0],[21.1318,62.7318,0.0],[21.1339,62.7297,0.0],[21.1375,62.7292,0.0],[21.1396,62.7313,0.0],[21.1375,62.7333,5.64]]],
[[[21.2083,62.4083,8.1891],[21.2089,62.4099,12.3772],[21.2141,62.412,0.0],[21.2026,62.4193,13.6672],[21.2005,62.4214,0.0],[21.2016,62.4245,7.3917],[21.1922,62.4245,10.4238],[21.187,62.4172,7.9142],[21.1818,62.4151,7.9265],[21.1932,62.4141,2.7105],[21.1922,62.4109,3.075],[21.1953,62.4089,0.0],[21.1932,62.4068,0.0],[21.188,62.4057,2.1002],[21.1875,62.4042,0.0],[21.188,62.4026,0.0],[21.1932,62.4016,7.382],[21.1922,62.3984,3.1321],[21.1953,62.3964,0.0],[21.1911,62.3922,8.575],[21.1833,62.3917,0.0],[21.1776,62.3891,5.7582],[21.1724,62.3839,0.0],[21.1667,62.3854,3.7335],[21.1609,62.3849,0.0],[21.1589,62.3818,4.354],[21.1609,62.3776,0.4159],[21.1641,62.3776,0.0],[21.1688,62.3812,0.0],[21.1745,62.3807,8.6317],[21.1708,62.375,5.9882],[21.175,62.3708,0.2829],[21.1797,62.3745,7.3812],[21.1849,62.3755,0.0],[21.1818,62.3786,12.4295],[21.187,62.3797,9.6117],[21.1859,62.3828,11.6279],[21.1875,62.3833,11.4806],[21.1932,62.3807,5.0076],[21.1953,62.3776,12.2657],[21.1901,62.3766,0.0],[21.1932,62.3734,5.9648],[21.188,62.3682,9.1823],[21.1859,62.363,3.8176],[21.1974,62.363,4.2495],[21.1943,62.3682,0.0],[21.1974,62.3693,0.8997],[21.1964,62.3724,0.0],[21.1979,62.3729,0.0],[21.2036,62.3724,0.0],[21.2078,62.3703,6.4199],[21.2068,62.3672,0.0],[21.2099,62.3672,4.4437],[21.2141,62.3714,0.0],[21.2109,62.3745,6.9932],[21.2161,62.3828,0.0],[21.2109,62.3859,10.6766],[21.2146,62.3917,0.0],[21.212,62.3974,4.4708],[21.2068,62.3985,0.0],[21.2083,62.4021,0.0],[21.2068,62.4057,0.0],[21.2083,62.4083,8.1891]]],
[[[21.1682,62.3964,0.0],[21.1651,62.3974,7.222],[21.163,62.3943,7.0229],[21.1661,62.3943,0.0],[21.1682,62.3964,0.0]]],
[[[21.1776,62.3964,0.0],[21.1807,62.3964,4.1268],[21.1807,62.3974,8.9462],[21.1776,62.3974,0.0],[21.1776,62.3964,0.0]]],
[[[21.1203,62.4328,0.0],[21.1161,62.4318,2.2007],[21.1151,62.4276,3.1459],[21.1182,62.4276,0.0],[21.1203,62.4297,0.0],[21.1203,62.4328,0.0]]],
[[[21.2932,62.3693,0.0],[21.2901,62.3703,17.523],[21.288,62.3672,0.0],[21.2911,62.3672,10.1469],[21.2932,62.3693,0.0]]],
[[[21.2911,62.3734,1.7453],[21.288,62.3745,9.9144],[21.2859,62.3714,3.1355],[21.2891,62.3714,9.5338],[21.2911,62.3734,1.7453]]],
[[[21.1458,62.7042,0.0],[21.1396,62.7021,0.0],[21.138,62.7026,0.0],[21.1391,62.7057,0.0],[21.1375,62.7062,1.8392],[21.1328,62.7026,8.2967],[21.1276,62.7016,2.6612],[21.1245,62.6984,0.0],[21.1104,62.6937,3.8947],[21.1047,62.6943,0.0],[21.0953,62.7016,0.0],[21.0922,62.7016,3.0835],[21.0859,62.6953,0.0],[21.0818,62.6891,5.5248],[21.0818,62.6859,6.2349],[21.0854,62.6833,4.7121],[21.1021,62.6833,2.8791],[21.1036,62.6828,3.8601],[21.1036,62.6797,4.084],[21.1016,62.6776,4.9401],[21.0964,62.6766,0.0],[21.0911,62.6693,7.6042],[21.088,62.6693,0.0],[21.0812,62.6729,2.0693],[21.0771,62.6729,0.0],[21.0693,62.6703,0.0],[21.0646,62.6646,0.0],[21.0651,62.663,0.0],[21.0703,62.662,6.7904],[21.0729,62.6583,2.2522],[21.0771,62.6583,2.0294],[21.0812,62.6604,0.0],[21.087,62.6578,4.3607],[21.0839,62.6526,0.0],[21.087,62.6516,10.2808],[21.0859,62.6484,0.0],[21.087,62.6464,1.6669],[21.0839,62.6453,0.0],[21.0818,62.6422,0.0],[21.087,62.638,9.7168],[21.0818,62.6297,0.0],[21.0854,62.6271,4.4805],[21.0932,62.6286,0.6385],[21.0995,62.6234,9.1624],[21.0833,62.6229,6.8092],[21.0792,62.625,5.8904],[21.075,62.625,2.1119],[21.0688,62.6229,0.0],[21.0625,62.6271,0.0],[21.0589,62.6234,0.0],[21.062,62.6224,1.8972],[21.0609,62.6193,1.0689],[21.063,62.6172,1.8393],[21.0812,62.6146,0.0],[21.0828,62.6141,3.4189],[21.0818,62.6109,0.0],[21.1,62.6063,0.0],[21.1021,62.6083,0.0],[21.0984,62.6161,8.4068],[21.1078,62.6172,0.0],[21.1099,62.6203,0.0],[21.1068,62.6224,1.1384],[21.1109,62.6266,8.007],[21.1224,62.6297,0.0],[21.1208,62.6354,7.1159],[21.1255,62.6411,0.0],[21.1333,62.6417,0.0],[21.1375,62.6437,1.2179],[21.1391,62.6432,3.7117],[21.138,62.6401,0.0],[21.1411,62.6391,2.2548],[21.138,62.6349,0.0],[21.138,62.6318,0.0],[21.1453,62.6266,0.0],[21.1422,62.6203,0.0],[21.1443,62.6172,0.0],[21.1479,62.6167,2.781],[21.1521,62.6188,2.3109],[21.1667,62.6188,0.0],[21.1771,62.6229,0.0],[21.1917,62.6229,0.0],[21.1932,62.6214,0.0],[21.1875,62.6167,2.6655],[21.1688,62.6167,0.0],[21.1672,62.6151,3.3568],[21.1771,62.6083,1.1398],[21.1786,62.6089,0.5028],[21.1776,62.612,0.0],[21.1896,62.6146,0.6716],[21.1938,62.6125,1.0334],[21.2036,62.612,3.6411],[21.2083,62.6083,0.0],[21.2224,62.6078,0.0],[21.2146,62.6042,0.0],[21.2083,62.6042,0.0],[21.2005,62.6016,0.7543],[21.1984,62.5974,0.0],[21.1995,62.5943,0.0],[21.1901,62.5911,4.7089],[21.1786,62.5839,6.9876],[21.1693,62.5828,5.6749],[21.1724,62.5797,3.0786],[21.1682,62.5755,0.0],[21.1583,62.5771,6.7601],[21.1526,62.5724,2.5674],[21.1557,62.5703,2.5753],[21.1547,62.5672,0.0],[21.1578,62.5651,10.7776],[21.1526,62.5589,2.6299],[21.1583,62.5563,0.0],[21.1641,62.5557,0.0],[21.1661,62.5536,0.0],[21.1651,62.5505,0.0],[21.1693,62.5484,0.7343],[21.1813,62.5438,0.0],[21.1896,62.5438,0.0],[21.1911,62.5422,0.0],[21.1813,62.5375,0.0],[21.1708,62.5438,2.3176],[21.1609,62.5443,3.1146],[21.162,62.5474,0.0],[21.1542,62.5521,5.7159],[21.1505,62.5484,2.439],[21.1536,62.5474,4.2905],[21.1526,62.5443,3.6435],[21.1547,62.5401,0.0],[21.1599,62.538,0.0],[21.1521,62.5354,5.0693],[21.1484,62.538,6.2198],[21.1453,62.5432,0.0],[21.138,62.5443,10.4596],[21.1391,62.5474,0.0],[21.137,62.5495,0.0],[21.1271,62.55,7.3288],[21.1229,62.5521,0.0],[21.1167,62.55,10.2074],[21.1125,62.5521,0.0],[21.1083,62.5521,0.2171],[21.1047,62.5495,0.0],[21.1078,62.5464,3.0699],[21.1036,62.5422,0.0],[21.1,62.5417,9.7609],[21.1,62.5396,11.1823],[21.0938,62.5354,0.0],[21.0818,62.5411,8.3348],[21.087,62.5422,0.0],[21.0839,62.5453,9.3559],[21.088,62.5516,5.553],[21.0932,62.5526,0.0],[21.0922,62.5557,4.4128],[21.0943,62.5599,0.0],[21.1036,62.5589,3.171],[21.1005,62.5609,9.7548],[21.1016,62.5641,0.0],[21.0922,62.5693,8.0824],[21.087,62.5745,0.0],[21.0797,62.5755,4.0888],[21.0729,62.5792,1.7632],[21.0646,62.5792,0.0],[21.0589,62.5745,2.2424],[21.062,62.5724,0.0],[21.0609,62.5693,5.3057],[21.0641,62.5672,2.3434],[21.0589,62.5661,2.375],[21.0568,62.563,2.781],[21.0688,62.5667,0.0],[21.0708,62.5646,9.6756],[21.0703,62.563,9.3793],[21.0651,62.562,0.0],[21.062,62.5589,11.6324],[21.0568,62.5578,2.3199],[21.0547,62.5557,0.0],[21.0557,62.5505,2.0645],[21.0542,62.5479,0.0],[21.0563,62.5438,0.0],[21.0547,62.5401,6.7181],[21.0646,62.5396,4.3418],[21.0661,62.5401,4.3418],[21.0651,62.5432,2.2111],[21.0708,62.5438,3.1461],[21.0766,62.5401,3.5364],[21.0651,62.5359,0.0],[21.0714,62.5318,6.9391],[21.0938,62.5313,0.0],[21.0979,62.5292,0.0],[21.1026,62.5328,9.6146],[21.1083,62.5333,2.5887],[21.112,62.5286,2.6599],[21.1109,62.5255,0.0],[21.1125,62.525,0.0],[21.1271,62.525,0.0],[21.1333,62.5292,0.0],[21.1437,62.5292,0.3898],[21.1479,62.5313,5.4983],[21.1536,62.5286,0.9445],[21.1464,62.5182,0.0],[21.1495,62.5151,9.1169],[21.1453,62.5109,1.9088],[21.1401,62.5099,7.1599],[21.1411,62.5047,6.4632],[21.1391,62.5026,1.8813],[21.1339,62.5016,0.0],[21.1339,62.4984,3.0192],[21.1391,62.4953,8.2113],[21.1349,62.4901,2.0281],[21.1292,62.4896,0.0],[21.1208,62.4938,1.3187],[21.1167,62.4938,0.0],[21.113,62.4901,0.8707],[21.1224,62.4849,6.7896],[21.1214,62.4818,0.0],[21.1328,62.4807,2.3295],[21.1276,62.4776,2.8268],[21.1349,62.4766,8.699],[21.1396,62.4729,0.191],[21.1479,62.4729,1.3481],[21.1521,62.4708,0.0],[21.1563,62.4708,0.0],[21.1609,62.4745,0.0],[21.1667,62.475,2.8616],[21.1724,62.4724,0.9982],[21.1682,62.4672,0.0],[21.1625,62.4688,2.8621],[21.1568,62.4641,0.0],[21.1599,62.462,4.4197],[21.1589,62.4589,0.0],[21.1604,62.4583,0.0],[21.1682,62.4609,0.0],[21.1729,62.4646,2.2018],[21.1932,62.4661,8.6384],[21.1932,62.463,13.1934],[21.1911,62.4609,7.2201],[21.1859,62.4599,0.0],[21.1839,62.4578,0.0],[21.1818,62.4526,0.0],[21.1849,62.4505,9.771],[21.1797,62.4495,0.0],[21.1849,62.4443,11.6046],[21.1797,62.4432,2.9634],[21.1755,62.4391,4.8273],[21.1672,62.4255,3.8569],[21.1771,62.425,3.9418],[21.1813,62.4271,15.8451],[21.1938,62.4271,0.0],[21.1964,62.4307,13.5257],[21.2224,62.4401,0.0],[21.2234,62.4432,9.6595],[21.2354,62.4458,0.0],[21.2375,62.4437,0.0],[21.2359,62.4401,0.0],[21.2417,62.4396,4.7346],[21.2432,62.438,0.4587],[21.2328,62.4234,5.2555],[21.2307,62.4214,4.7849],[21.2255,62.4203,0.0],[21.2286,62.4172,14.0856],[21.2234,62.4161,0.0],[21.2245,62.413,0.0],[21.2234,62.4109,12.5132],[21.2266,62.4099,0.0],[21.2255,62.4068,0.0],[21.2349,62.4036,0.0],[21.2339,62.3984,5.9224],[21.2359,62.3964,2.9195],[21.2432,62.3953,15.8558],[21.2505,62.3901,10.6748],[21.2667,62.3854,0.0],[21.2703,62.3891,0.0],[21.2646,62.3896,0.0],[21.263,62.3911,3.8713],[21.275,62.3917,6.5563],[21.2818,62.3974,0.0],[21.2896,62.4,0.0],[21.2953,62.3995,6.1843],[21.2911,62.3922,2.0521],[21.2859,62.3911,0.0],[21.2833,62.3875,0.0],[21.2859,62.3839,0.0],[21.2932,62.3828,0.0],[21.2953,62.3807,6.8993],[21.2943,62.3776,14.023],[21.3036,62.3786,0.0],[21.3026,62.3755,0.0],[21.3036,62.3714,0.0],[21.3016,62.3693,0.0],[21.2964,62.3682,0.0],[21.2943,62.3651,0.0],[21.3,62.3646,0.0],[21.3057,62.362,6.1471],[21.3047,62.3589,0.0],[21.3099,62.3557,16.8849],[21.3068,62.3505,4.6094],[21.3104,62.35,10.3747],[21.3104,62.3521,14.5187],[21.3151,62.3557,15.7067],[21.3245,62.3568,0.0],[21.3214,62.3599,14.8316],[21.3266,62.3651,0.0],[21.3276,62.3682,5.9266],[21.3479,62.375,3.0792],[21.362,62.3724,0.4207],[21.3641,62.3693,0.0],[21.3589,62.3682,0.0],[21.362,62.3651,17.7301],[21.3568,62.3578,0.0],[21.3583,62.3542,0.0],[21.3542,62.3479,0.0],[21.3557,62.3453,2.7543],[21.3547,62.3422,0.0],[21.3578,62.3401,7.0839],[21.3547,62.337,5.4656],[21.3557,62.3318,2.2154],[21.3536,62.3297,6.4538],[21.3484,62.3286,0.0],[21.3458,62.325,0.0],[21.3417,62.3271,0.0],[21.338,62.3266,3.6691],[21.3328,62.3193,0.0],[21.3271,62.3187,0.0],[21.3234,62.3214,0.0],[21.3214,62.3255,0.0],[21.3224,62.3286,3.1543],[21.3167,62.3312,13.466],[21.3125,62.3312,4.2297],[21.3068,62.3266,0.0],[21.3026,62.3203,0.0],[21.3057,62.3182,11.3441],[21.3047,62.3151,0.0],[21.3099,62.312,2.6348],[21.3089,62.3089,0.0],[21.3167,62.3042,2.68],[21.3266,62.3036,8.0792],[21.3255,62.3005,5.7278],[21.3333,62.2958,0.0],[21.3391,62.2964,0.0],[21.338,62.2995,0.0],[21.3391,62.3016,0.0],[21.3359,62.3026,4.8597],[21.338,62.3057,4.4919],[21.3458,62.3083,0.0],[21.3536,62.3036,0.0],[21.3526,62.3005,0.0],[21.3557,62.2943,12.8547],[21.3505,62.2932,0.0],[21.3396,62.2771,0.0],[21.3453,62.2714,21.2156],[21.3401,62.2703,15.02],[21.338,62.2682,0.0],[21.3391,62.263,0.0],[21.3312,62.2625,14.8025],[21.3234,62.2599,2.5104],[21.3286,62.2568,6.3932],[21.3234,62.2536,11.8509],[21.325,62.25,10.1674],[21.3234,62.2464,6.4992],[21.3375,62.2479,0.0],[21.3417,62.2458,0.0],[21.3521,62.2458,0.0],[21.3536,62.2474,0.0],[21.3505,62.2495,12.733],[21.3547,62.2536,6.427],[21.362,62.2536,4.6107],[21.3609,62.2505,9.5592],[21.3646,62.25,0.0],[21.3703,62.2568,0.0],[21.3688,62.2583,0.0],[21.363,62.2589,2.3023],[21.3609,62.2609,0.0],[21.3609,62.2641,6.6768],[21.3828,62.2641,4.0488],[21.3797,62.2568,0.0],[21.3849,62.2464,0.0],[21.3797,62.2391,1.8761],[21.3828,62.2359,0.8912],[21.3807,62.2339,0.0],[21.3755,62.2328,0.0],[21.3771,62.2292,0.0],[21.3833,62.2292,0.3662],[21.388,62.2255,0.0],[21.3953,62.2245,4.5322],[21.3922,62.2182,0.0],[21.3937,62.2167,3.5377],[21.3995,62.2172,0.0],[21.4068,62.2266,9.0176],[21.4141,62.2245,3.2511],[21.413,62.2214,6.1787],[21.4141,62.2193,3.1637],[21.4089,62.2182,3.3804],[21.412,62.2151,7.6107],[21.4078,62.2109,6.0857],[21.3984,62.2099,0.0],[21.3964,62.2047,0.0],[21.4005,62.2026,0.8695],[21.4104,62.2021,0.8483],[21.4141,62.2047,0.2326],[21.4151,62.2078,0.0],[21.4203,62.2078,8.1],[21.4125,62.2,3.4935],[21.3896,62.2,5.8701],[21.3854,62.1979,15.1372],[21.3776,62.1974,1.7926],[21.3734,62.1932,0.0],[21.3766,62.1901,7.727],[21.3724,62.1839,0.0],[21.3688,62.1813,6.0549],[21.3609,62.1807,9.5848],[21.3589,62.1786,9.5734],[21.362,62.1755,4.0527],[21.3583,62.1708,0.0],[21.3599,62.1682,5.0901],[21.3589,62.1651,0.0],[21.362,62.163,6.4268],[21.3589,62.1589,4.5846],[21.362,62.1568,3.6649],[21.3568,62.1547,0.0],[21.3641,62.1495,5.0412],[21.363,62.1443,3.6366],[21.3646,62.1417,0.0],[21.363,62.138,0.0],[21.3641,62.1359,0.0],[21.3583,62.1375,3.8289],[21.3458,62.1375,3.1208],[21.3297,62.1422,13.1623],[21.337,62.1526,0.0],[21.3339,62.1547,0.3354],[21.3349,62.1578,2.923],[21.3312,62.1604,6.5055],[21.3234,62.1599,4.3287],[21.3245,62.1547,8.4263],[21.3208,62.1521,0.0],[21.313,62.1516,5.2771],[21.3089,62.1453,2.0784],[21.3104,62.1437,0.0],[21.3161,62.1432,11.0154],[21.3182,62.1411,4.5412],[21.3151,62.1339,0.0],[21.3182,62.1318,11.6256],[21.313,62.1255,0.0],[21.3161,62.1245,4.4335],[21.3151,62.1214,0.0],[21.3182,62.1203,1.222],[21.3229,62.1146,6.911],[21.3214,62.1109,4.4193],[21.3245,62.1057,8.5538],[21.3229,62.1021,0.0],[21.325,62.0979,8.3562],[21.3214,62.0922,0.0],[21.3245,62.0911,10.0215],[21.3234,62.088,10.0528],[21.325,62.0854,9.8745],[21.3193,62.0786,0.0],[21.3224,62.0766,4.72],[21.3193,62.0703,0.0],[21.3203,62.0672,0.0],[21.3109,62.0703,6.6772],[21.312,62.0672,4.8506],[21.3109,62.063,0.0],[21.3161,62.0547,3.145],[21.3089,62.0432,0.0],[21.3099,62.038,11.0984],[21.3005,62.037,0.0],[21.3016,62.0339,12.4987],[21.2958,62.025,0.0],[21.3016,62.0193,13.361],[21.2974,62.0151,12.9804],[21.2922,62.0141,0.5675],[21.2953,62.0109,9.507],[21.2922,62.0068,0.0],[21.2953,62.0047,4.7553],[21.287,61.9943,5.3063],[21.2818,61.9922,7.1733],[21.2896,61.9875,0.0],[21.3,61.9917,5.0181],[21.3063,61.9917,0.2971],[21.3188,61.9958,0.5589],[21.325,62.0,0.0],[21.337,61.9974,0.0],[21.3271,61.9896,0.0],[21.3188,61.9896,12.8605],[21.3146,61.9917,0.0],[21.3109,61.9891,3.6582],[21.3146,61.9854,0.0],[21.3245,61.9849,1.6497],[21.3214,61.9776,0.0],[21.3266,61.9734,0.0],[21.3214,61.9724,2.9955],[21.3182,61.9672,3.7064],[21.313,61.9651,0.0],[21.3224,61.9641,0.0],[21.3214,61.9589,2.8624],[21.325,61.9562,0.0],[21.3307,61.9557,0.0],[21.3297,61.9536,0.0],[21.3307,61.9523,0.0],[21.3328,61.9555,13.1102],[21.3372,61.9532,0.0],[21.3374,61.9565,0.0],[21.3565,61.9563,6.7044],[21.3567,61.9608,13.5085],[21.3662,61.9607,7.0933],[21.3664,61.9652,17.3437],[21.376,61.9651,9.3557],[21.3764,61.974,7.1611],[21.3859,61.9739,11.5288],[21.3863,61.9829,14.7138],[21.3959,61.9828,10.2371],[21.3961,61.9873,14.9986],[21.4056,61.9872,19.7799],[21.4061,61.9962,15.8286],[21.4156,61.9961,18.5693],[21.416,62.0051,15.8121],[21.4256,62.005,23.1877],[21.4258,62.0095,20.5799],[21.4354,62.0094,14.6327],[21.4356,62.0139,15.4719],[21.4643,62.0136,24.148],[21.4645,62.0181,27.3586],[21.4932,62.0178,31.0233],[21.4935,62.0223,31.3929],[21.5222,62.022,31.283],[21.5224,62.0265,37.7073],[21.5415,62.0262,47.2305],[21.5413,62.0218,38.9959],[21.6465,62.0206,71.3206],[21.647,62.0295,74.5498],[21.6375,62.0297,75.914],[21.6379,62.0386,78.4908],[21.6284,62.0387,77.6301],[21.6286,62.0432,68.7741],[21.6382,62.0431,75.8782],[21.6389,62.0566,72.5387],[21.6485,62.0565,71.2087],[21.6495,62.0744,75.2813],[21.6399,62.0746,69.1762],[21.6406,62.088,75.4143],[21.631,62.0881,76.9781],[21.632,62.1061,78.9326],[21.6416,62.106,64.3086],[21.6437,62.1464,78.1241],[21.663,62.1462,68.2976],[21.6627,62.1417,73.2063],[21.6819,62.1415,45.9385],[21.6817,62.137,56.4207],[21.6913,62.1369,60.6459],[21.692,62.1503,68.8183],[21.7017,62.1502,66.3175],[21.7029,62.1727,94.8899],[21.6933,62.1728,88.3164],[21.6935,62.1773,93.3865],[21.6839,62.1774,79.611],[21.6842,62.1819,81.4848],[21.6745,62.182,75.1717],[21.6753,62.1955,67.1583],[21.6849,62.1954,75.3598],[21.6852,62.1998,69.2174],[21.6948,62.1997,88.2733],[21.695,62.2042,73.7935],[21.7047,62.2041,87.0875],[21.7052,62.2131,70.2251],[21.7244,62.2128,80.2288],[21.7247,62.2173,78.7342],[21.7632,62.2169,66.8786],[21.7635,62.2214,50.0602],[21.7731,62.2212,53.277],[21.7734,62.2257,52.5308],[21.7637,62.2258,49.6302],[21.7643,62.2348,79.0845],[21.7546,62.2349,61.4562],[21.7551,62.243899999999996,65.5831],[21.7455,62.244,40.3979],[21.746,62.253,59.6681],[21.7171,62.2534,40.1969],[21.7174,62.2579,44.7013],[21.6788,62.2583,33.9651],[21.6823,62.3212,75.3235],[21.6726,62.3213,82.6536],[21.6729,62.3258,85.8353],[21.6632,62.3259,78.6476],[21.6637,62.3349,86.0897],[21.6733,62.3348,76.8358],[21.6736,62.3393,69.3082],[21.6929,62.339,63.7751],[21.6937,62.3525,65.7403],[21.684,62.3526,56.8997],[21.6843,62.3571,58.7838],[21.6746,62.3572,55.608],[21.6748,62.3617,58.843],[21.6555,62.362,44.5598],[21.6557,62.3665,41.7153],[21.6364,62.3667,54.4654],[21.6361,62.3622,47.7223],[21.5974,62.3626,52.7532],[21.5972,62.3581,49.4652],[21.5682,62.3585,27.4309],[21.5679,62.354,27.7853],[21.5583,62.3541,25.2987],[21.5592,62.372,31.1216],[21.5398,62.3722,44.3807],[21.54,62.3768,56.7036],[21.5304,62.3769,67.5334],[21.5308,62.3858,69.4615],[21.5405,62.3857,60.6281],[21.5407,62.3902,59.3313],[21.5504,62.3901,39.8908],[21.5532,62.444,50.2086],[21.5435,62.4441,33.4276],[21.5437,62.4486,47.6294],[21.5534,62.4485,46.2672],[21.5541,62.462,51.7724],[21.5638,62.4619,49.5721],[21.5648,62.4798,69.4102],[21.5745,62.4797,68.0078],[21.5752,62.4932,86.6581],[21.5849,62.4931,88.2615],[21.5859,62.5111,89.3638],[21.5956,62.5109,77.3568],[21.5965,62.5289,77.7154],[21.6063,62.5288,84.7611],[21.607,62.5423,86.4096],[21.6167,62.5421,85.8068],[21.6177,62.5601,85.833],[21.5982,62.5603,84.0346],[21.5999,62.5918,55.6661],[21.5902,62.5919,62.221],[21.5909,62.6054,43.4777],[21.6104,62.6051,46.0782],[21.6106,62.6096,48.6342],[21.6301,62.6094,47.6326],[21.6304,62.6139,47.669],[21.6402,62.6138,48.949],[21.6404,62.6183,54.0599],[21.6501,62.6182,61.4982],[21.6512,62.6361,51.1039],[21.6609,62.636,55.2227],[21.6612,62.6405,55.0718],[21.6709,62.6404,60.7135],[21.6712,62.6449,57.3588],[21.6809,62.6448,56.2174],[21.6812,62.6493,51.6707],[21.691,62.6492,50.6759],[21.6912,62.6536,54.9617],[21.701,62.6535,58.6767],[21.7013,62.658,53.2581],[21.711,62.6579,53.9707],[21.7113,62.6624,48.4263],[21.7211,62.6623,48.3739],[21.7213,62.6668,49.6658],[21.7311,62.6667,44.721],[21.7314,62.6711,43.9822],[21.7411,62.671,45.7244],[21.7414,62.6755,44.0912],[21.7512,62.6754,49.5923],[21.7514,62.6799,64.9619],[21.7612,62.6797,61.4828],[21.7615,62.6842,66.8359],[21.7713,62.6841,67.7751],[21.7715,62.6886,67.4891],[21.7813,62.6885,84.811],[21.7816,62.693,83.6476],[21.7914,62.6929,76.5605],[21.7916,62.6974,82.1683],[21.7819,62.6975,88.2337],[21.7821,62.702,81.3244],[21.7723,62.7021,76.0397],[21.7729,62.7111,76.4439],[21.7631,62.7112,73.8331],[21.7634,62.7157,77.7336],[21.7536,62.7158,78.3204],[21.7538,62.7203,58.5914],[21.744,62.7204,52.4564],[21.7451,62.7384,42.6316],[21.7353,62.7385,42.9286],[21.7363,62.7565,37.1391],[21.7265,62.7566,37.6388],[21.7305,62.824,24.7487],[21.7403,62.8238,47.9902],[21.7408,62.8328,33.7645],[21.7506,62.8327,54.3702],[21.7509,62.8372,38.7822],[21.7607,62.8371,45.2137],[21.7613,62.846,28.3694],[21.7711,62.8459,32.4186],[21.7722,62.8639,26.4676],[21.782,62.8638,36.6517],[21.7818,62.8593,31.9773],[21.7916,62.8591,36.8126],[21.7913,62.8547,30.2454],[21.811,62.8544,28.5363],[21.8107,62.8499,25.9706],[21.8206,62.8498,35.6182],[21.8203,62.8453,34.7746],[21.8301,62.8452,32.5662],[21.8298,62.8407,38.2665],[21.8397,62.8406,37.1469],[21.8383,62.8181,48.2073],[21.8481,62.818,45.9142],[21.8478,62.8135,45.9062],[21.8675,62.8132,47.5952],[21.8672,62.8088,50.0986],[21.8868,62.8085,58.7637],[21.8865,62.804,63.7995],[21.9062,62.8037,55.5258],[21.9059,62.7993,64.3051],[21.9255,62.799,96.0678],[21.9252,62.7945,107.737],[21.9449,62.7942,103.952],[21.9446,62.7897,103.3326],[21.9642,62.7895,93.0253],[21.9639,62.785,100.9655],[21.9934,62.7846,87.6938],[21.9931,62.7801,90.7462],[22.0127,62.7798,77.0],[22.0124,62.7753,77.0],[22.032,62.7751,77.0],[22.0317,62.7706,86.1137],[22.0513,62.7703,92.3329],[22.051,62.7658,86.7672],[22.1491,62.7644,89.755],[22.1487,62.7599,88.143],[22.1782,62.7594,93.7009],[22.1778,62.7549,92.0049],[22.1974,62.7546,98.3578],[22.1971,62.7501,95.2982],[22.2069,62.75,103.338],[22.2072,62.7545,101.9089],[22.217,62.7543,102.6811],[22.2177,62.7633,94.3169],[22.2275,62.7632,91.5139],[22.2278,62.7677,83.6852],[22.2376,62.7675,93.7037],[22.238,62.772,82.385],[22.2478,62.7718,84.4183],[22.2485,62.7808,76.842],[22.2583,62.7807,79.857],[22.2586,62.7851,76.5128],[22.2684,62.785,73.4092],[22.2688,62.7895,77.4698],[22.2786,62.7893,70.6533],[22.2789,62.7938,69.4294],[22.3084,62.7934,75.4718],[22.3091,62.8023,64.8378],[22.3189,62.8022,64.4023],[22.32,62.8156,68.9155],[22.3298,62.8155,65.912],[22.3305,62.8245,61.3693],[22.3403,62.8243,55.7996],[22.341,62.8333,64.0855],[22.3509,62.8331,63.4669],[22.3516,62.8421,50.9155],[22.3614,62.8419,53.3069],[22.3618,62.8464,48.4466],[22.3716,62.8463,49.2715],[22.372,62.8507,46.5592],[22.3818,62.8506,58.2128],[22.3822,62.8551,55.5875],[22.392,62.8549,56.6574],[22.3923,62.8594,58.2931],[22.4022,62.8592,55.6485],[22.4026,62.8637,52.6559],[22.4124,62.8636,51.6526],[22.4131,62.8726,52.324],[22.4033,62.8727,42.0],[22.4047,62.8907,48.2958],[22.3949,62.8908,43.7481],[22.3963,62.9088,38.2198],[22.4062,62.9086,45.1598],[22.407,62.9176,28.4864],[22.4168,62.9174,27.6264],[22.4183,62.9354,29.7623],[22.4281,62.9352,26.0668],[22.4292,62.9487,30.6966],[22.4194,62.9489,32.3374],[22.4198,62.9534,25.2316],[22.4296,62.9532,26.1804],[22.4304,62.9622,19.5],[22.4402,62.962,23.8785],[22.4406,62.9665,24.5482],[22.4505,62.9663,24.8137],[22.4508,62.9708,24.7645],[22.4607,62.9706,25.0401],[22.4615,62.9796,36.351],[22.4713,62.9795,30.9634],[22.474,63.0109,28.5613],[22.4839,63.0107,27.8994],[22.4846,63.0197,36.8287],[22.4945,63.0195,36.2038],[22.4953,63.0285,51.1293],[22.5052,63.0283,46.2939],[22.506,63.0373,44.057],[22.5159,63.0371,46.2508],[22.5166,63.0461,40.6484],[22.5364,63.0458,38.0096],[22.5368,63.0503,46.592],[22.5566,63.0499,45.8203],[22.557,63.0544,44.1618],[22.5471,63.0546,47.166],[22.5475,63.0591,43.5675],[22.5376,63.0592,37.8016],[22.5384,63.0682,47.6931],[22.5582,63.0679,52.0645],[22.5586,63.0724,53.6348],[22.5685,63.0722,51.7097],[22.5689,63.0767,55.2897],[22.5788,63.0765,61.3542],[22.5792,63.081,52.8272],[22.6089,63.0805,54.0393],[22.6085,63.076,52.3913],[22.6184,63.0758,52.8862],[22.618,63.0713,56.1324],[22.6279,63.0711,52.9172],[22.6307,63.1025,43.517],[22.6506,63.1022,52.1316],[22.6522,63.1201,61.0638],[22.6423,63.1203,48.8392],[22.6427,63.1248,45.7174],[22.6328,63.125,50.409],[22.6332,63.1295,48.9303],[22.6431,63.1293,46.876],[22.6435,63.1338,49.5498],[22.6633,63.1334,60.6514],[22.6625,63.1245,47.9365],[22.6824,63.1241,48.8657],[22.6848,63.151,51.332],[22.6749,63.1512,64.7404],[22.6786,63.1916,57.0751],[22.6687,63.1918,59.4441],[22.6683,63.1873,58.0029],[22.6484,63.1876,63.3728],[22.648,63.1832,62.475],[22.638,63.1833,59.2156],[22.6376,63.1789,61.4075],[22.6177,63.1792,65.8433],[22.6181,63.1837,64.7125],[22.6082,63.1839,64.0272],[22.6086,63.1884,61.723],[22.5986,63.1885,63.5655],[22.5982,63.1841,61.5703],[22.5883,63.1842,64.6281],[22.5879,63.1797,65.4469],[22.578,63.1799,57.7482],[22.5787,63.1889,64.0416],[22.5887,63.1887,65.2597],[22.5899,63.2022,47.5724],[22.5998,63.202,61.6468],[22.601,63.2155,43.1363],[22.5811,63.2158,39.1493],[22.5807,63.2113,39.5048],[22.5708,63.2115,38.9806],[22.572,63.225,44.0388],[22.5819,63.2248,46.0457],[22.5823,63.2293,51.6636],[22.5923,63.2291,53.4423],[22.5927,63.2336,47.2292],[22.6027,63.2334,46.4056],[22.6035,63.2424,49.1536],[22.5835,63.2428,51.8156],[22.5839,63.2473,50.8215],[22.564,63.2476,48.1485],[22.566,63.2701,48.5305],[22.5759,63.2699,50.5778],[22.5763,63.2744,53.229],[22.5863,63.2742,55.3532],[22.5867,63.2787,48.9989],[22.6167,63.2782,46.2206],[22.6171,63.2826,49.9425],[22.627,63.2825,52.0099],[22.6274,63.287,48.1936],[22.6474,63.2866,59.5437],[22.6478,63.2911,48.9847],[22.6578,63.2909,46.2008],[22.6582,63.2954,49.3453],[22.6782,63.295,42.2689],[22.6786,63.2995,41.359],[22.6686,63.2997,46.2218],[22.669,63.3042,46.5285],[22.659,63.3044,47.3994],[22.6598,63.3134,49.4424],[22.6499,63.3135,46.6116],[22.6503,63.318,46.8757],[22.6603,63.3178,45.0591],[22.6607,63.3223,45.2394],[22.6807,63.322,43.2674],[22.6811,63.3265,40.936],[22.6911,63.3263,38.2869],[22.6915,63.3308,36.2544],[22.7015,63.3306,34.9143],[22.7019,63.3351,36.3467],[22.7219,63.3347,33.9212],[22.7223,63.3392,34.3858],[22.7323,63.339,29.8073],[22.7327,63.3435,29.6061],[22.7527,63.3431,26.0],[22.7532,63.3476,25.3245],[22.7432,63.3478,37.1828],[22.7436,63.3523,27.483],[22.7336,63.3525,31.4986],[22.734,63.3569,33.681],[22.774,63.3562,35.3624],[22.7736,63.3517,25.7832],[22.7936,63.3513,29.7976],[22.7932,63.3468,34.3424],[22.8632,63.3455,62.7837],[22.8732,63.3453,64.3386],[22.874,63.3543,54.7733],[22.904,63.3537,64.1043],[22.9036,63.3492,58.2435],[22.9236,63.3488,66.9345],[22.9231,63.3443,65.4569],[22.9431,63.3439,69.5781],[22.9427,63.3394,68.3614],[22.9627,63.339,64.4059],[22.9622,63.3345,61.7652],[22.9722,63.3343,57.6133],[22.9717,63.3298,57.3826],[22.9817,63.3296,63.5308],[22.9836,63.3476,63.3112],[22.9736,63.3478,59.1307],[22.9759,63.3702,67.057],[22.9959,63.3698,53.9137],[22.9968,63.3788,52.5062],[23.0269,63.3782,66.8515],[23.0259,63.3692,54.2526],[23.0359,63.369,46.3974],[23.035,63.36,45.2026],[23.045,63.3598,61.4909],[23.0455,63.3643,47.4525],[23.0755,63.3637,60.1152],[23.0759,63.3681,65.818],[23.0859,63.3679,57.5661],[23.0855,63.3634,54.2078],[23.0955,63.3632,60.228],[23.095,63.3587,55.7675],[23.105,63.3585,64.0096],[23.1045,63.354,69.9464],[23.1145,63.3538,69.7754],[23.114,63.3493,62.4058],[23.124,63.3491,65.6301],[23.1245,63.3536,63.386],[23.1345,63.3534,65.1419],[23.1355,63.3624,75.145],[23.1455,63.3622,70.1824],[23.146,63.3666,72.4781],[23.156,63.3665,70.8543],[23.1565,63.3709,65.4362],[23.1665,63.3707,67.0382],[23.1675,63.3797,66.3968],[23.1775,63.3795,69.8135],[23.178,63.3839,68.4135],[23.188,63.3837,64.5459],[23.1885,63.3882,73.5983],[23.1985,63.388,65.9996],[23.1995,63.397,62.1259],[23.2095,63.3968,65.5183],[23.2105,63.4057,63.7471],[23.2205,63.4055,63.2855],[23.222,63.419,61.9122],[23.232,63.4188,58.9438],[23.234,63.4367,78.0452],[23.2441,63.4365,60.7511],[23.2456,63.4499,62.0164],[23.2556,63.4497,63.0567],[23.2571,63.4632,62.4523],[23.2672,63.463,68.6601],[23.2682,63.4719,63.6492],[23.2883,63.4715,66.8047],[23.2888,63.476,67.0827],[23.3089,63.4755,64.814],[23.3094,63.48,62.3928],[23.3194,63.4798,65.7029],[23.3199,63.4843,57.194],[23.34,63.4838,65.3631],[23.3405,63.4883,73.2741],[23.3606,63.4878,60.8448],[23.3612,63.4923,65.7258],[23.3813,63.4919,63.2401],[23.3818,63.4963,64.9527],[23.4019,63.4959,73.1813],[23.4013,63.4914,61.3273],[23.4114,63.4912,60.7643],[23.4109,63.4867,68.4446],[23.4209,63.4865,62.2712],[23.4204,63.482,61.2417],[23.4404,63.4815,62.0437],[23.4399,63.477,75.4425],[23.47,63.4763,62.4806],[23.4695,63.4718,65.2188],[23.4996,63.4711,74.1664],[23.4991,63.4666,65.0911],[23.5292,63.4659,75.7206],[23.5297,63.4704,79.7074],[23.5398,63.4701,63.0],[23.5392,63.4656,70.7091],[23.5492,63.4654,77.3621],[23.5487,63.4609,68.1083],[23.5587,63.4607,69.0751],[23.5576,63.4517,71.4981],[23.5676,63.4515,65.0251],[23.5654,63.4335,70.9217],[23.5754,63.4333,68.1836],[23.5749,63.4288,76.4235],[23.5849,63.4285,73.9109],[23.5844,63.424,70.4538],[23.5944,63.4238,68.5914],[23.5938,63.4193,69.1431],[23.6038,63.4191,67.8246],[23.6033,63.4146,73.3717],[23.6133,63.4143,81.9875],[23.6122,63.4054,73.7532],[23.6222,63.4051,79.5779],[23.6216,63.4006,76.3573],[23.6416,63.4001,77.3855],[23.6411,63.3956,71.9851],[23.6511,63.3954,72.6626],[23.6505,63.3909,70.9584],[23.6705,63.3904,78.5133],[23.67,63.3859,79.7109],[23.69,63.3854,93.6744],[23.6894,63.3809,84.4891],[23.7094,63.3804,81.6526],[23.7106,63.3894,89.8693],[23.7006,63.3897,83.8621],[23.7017,63.3986,76.4849],[23.6917,63.3989,79.8559],[23.6929,63.4079,69.3239],[23.6828,63.4081,74.2419],[23.684,63.4171,73.6029],[23.674,63.4173,67.1725],[23.6751,63.4263,73.7738],[23.6651,63.4266,73.7982],[23.6668,63.44,90.3431],[23.6568,63.4403,85.5407],[23.6642,63.4986,94.7807],[23.6541,63.4988,87.3945],[23.6581,63.5302,78.4648],[23.6481,63.5305,73.3162],[23.6486,63.535,74.7975],[23.6285,63.5355,59.7022],[23.6291,63.5399,71.1372],[23.619,63.5402,57.0794],[23.6196,63.5447,66.7127],[23.5995,63.5452,64.7987],[23.6,63.5497,58.0221],[23.5799,63.5502,60.7672],[23.5816,63.5636,61.3824],[23.5715,63.5639,61.0485],[23.5738,63.5818,63.6111],[23.5637,63.582,69.2115],[23.5659,63.6,56.2242],[23.5458,63.6005,53.2845],[23.5452,63.596,49.3923],[23.525,63.5965,48.4703],[23.5245,63.592,51.3351],[23.5043,63.5925,63.5365],[23.5038,63.588,61.4884],[23.4836,63.5885,52.0114],[23.4842,63.5929,56.9001],[23.4741,63.5932,54.6928],[23.4746,63.5977,61.3899],[23.4646,63.5979,59.7253],[23.4651,63.6024,66.4939],[23.4449,63.6029,56.1182],[23.4455,63.6074,56.9437],[23.4354,63.6076,55.6064],[23.4359,63.6121,55.6958],[23.4258,63.6123,58.8967],[23.4264,63.6168,57.0187],[23.4566,63.6161,53.2623],[23.4561,63.6116,58.3526],[23.4662,63.6114,50.5268],[23.4678,63.6248,50.4283],[23.4577,63.6251,54.736],[23.4583,63.6296,51.4259],[23.4683,63.6293,60.4604],[23.4689,63.6338,53.5578],[23.479,63.6336,56.1235],[23.4795,63.6381,48.6685],[23.4896,63.6378,44.0],[23.4902,63.6423,57.1345],[23.4801,63.6425,57.2308],[23.4817,63.656,43.486],[23.4716,63.6562,53.1541],[23.4722,63.6607,43.5],[23.4823,63.6605,47.7502],[23.4828,63.665,55.4541],[23.4929,63.6647,44.8214],[23.4935,63.6692,45.8954],[23.5036,63.669,51.4558],[23.5019,63.6555,43.5],[23.512,63.6553,47.1243],[23.5104,63.6418,52.9832],[23.5205,63.6416,43.5],[23.5199,63.6371,60.8625],[23.53,63.6369,43.5],[23.5295,63.6324,69.476],[23.5497,63.6319,46.3943],[23.5502,63.6364,50.8564],[23.5603,63.6361,43.5683],[23.5609,63.6406,45.9268],[23.5811,63.6401,71.5327],[23.5816,63.6446,48.5416],[23.6018,63.6441,58.604],[23.6024,63.6486,56.2088],[23.6125,63.6483,49.5],[23.613,63.6528,65.4186],[23.6231,63.6526,54.6544],[23.6237,63.6571,61.1847],[23.6338,63.6568,66.7936],[23.635,63.6658,59.1062],[23.6451,63.6656,61.0697],[23.6456,63.67,69.2152],[23.6658,63.6695,66.0558],[23.6653,63.6651,65.756],[23.6855,63.6646,66.0877],[23.6849,63.6601,79.549],[23.7152,63.6593,77.9157],[23.7158,63.6638,83.5973],[23.7259,63.6635,72.5],[23.7265,63.668,72.2608],[23.7366,63.6678,84.8794],[23.7372,63.6722,85.9669],[23.7473,63.672,87.6892],[23.7479,63.6765,78.6371],[23.7378,63.6767,83.7462],[23.7383,63.6812,74.8581],[23.7282,63.6815,74.6057],[23.7288,63.686,77.8839],[23.7086,63.6865,70.6217],[23.7092,63.691,71.4222],[23.6991,63.6912,77.2847],[23.6996,63.6957,70.9806],[23.6895,63.6959,69.729],[23.6901,63.7004,69.8334],[23.68,63.7007,75.6003],[23.6806,63.7052,70.9593],[23.6603,63.7057,69.198],[23.6609,63.7102,65.6236],[23.6508,63.7104,65.4062],[23.6514,63.7149,65.6597],[23.6311,63.7154,71.909],[23.6317,63.7199,73.9655],[23.6216,63.7201,66.9505],[23.6222,63.7246,63.6824],[23.6019,63.7251,58.5512],[23.6025,63.7296,57.9189],[23.5923,63.7299,53.4825],[23.5929,63.7343,56.5239],[23.5828,63.7346,57.6447],[23.5833,63.7391,53.6829],[23.5732,63.7393,58.5597],[23.5738,63.7438,53.2642],[23.5636,63.744,54.6933],[23.5642,63.7485,53.6845],[23.5439,63.749,48.0],[23.5445,63.7535,49.7867],[23.5343,63.7537,52.1075],[23.5349,63.7582,52.0245],[23.5248,63.7585,51.3098],[23.5253,63.763,51.873],[23.5152,63.7632,50.7156],[23.5157,63.7677,50.9322],[23.5056,63.7679,55.0814],[23.5061,63.7724,50.4404],[23.4859,63.7729,50.0012],[23.4864,63.7774,54.4355],[23.4763,63.7776,45.5125],[23.4757,63.7731,41.3718],[23.4656,63.7734,34.275],[23.4645,63.7644,37.9913],[23.4543,63.7646,31.8453],[23.4533,63.7556,32.8084],[23.4634,63.7554,39.3755],[23.4618,63.742,26.6225],[23.4516,63.7422,26.3231],[23.4511,63.7377,36.2933],[23.4409,63.7379,39.7886],[23.4415,63.7424,29.232],[23.4314,63.7427,35.3201],[23.4324,63.7517,26.5275],[23.402,63.7524,28.7565],[23.4026,63.7568,24.1023],[23.3113,63.7589,36.0022],[23.3108,63.7544,31.9995],[23.2905,63.7549,18.0207],[23.29,63.7504,29.9644],[23.2798,63.7506,26.9613],[23.2793,63.7461,20.1489],[23.2692,63.7463,41.7323],[23.2676,63.7329,31.9171],[23.2575,63.7331,29.5333],[23.2565,63.7241,24.0763],[23.2464,63.7243,20.9115],[23.2453,63.7154,20.9603],[23.2352,63.7156,20.5118],[23.2357,63.7201,19.7273],[23.2155,63.7205,19.0032],[23.216,63.725,28.111],[23.2058,63.7252,28.7561],[23.2063,63.7297,18.4183],[23.1962,63.7299,33.2624],[23.1967,63.7344,23.5378],[23.1764,63.7349,19.8531],[23.1769,63.7394,22.6917],[23.1668,63.7396,13.7922],[23.1673,63.7441,20.9459],[23.147,63.7445,26.4388],[23.1475,63.749,27.6903],[23.1374,63.7492,28.9645],[23.1379,63.7537,31.6903],[23.1278,63.7539,28.3982],[23.1282,63.7584,21.4697],[23.108,63.7588,30.6959],[23.1085,63.7633,29.9279],[23.0983,63.7635,29.4232],[23.0988,63.768,26.1174],[23.0887,63.7682,25.8849],[23.0891,63.7727,23.0878],[23.0689,63.7731,21.8504],[23.0693,63.7776,23.1986],[23.0592,63.7778,15.2714],[23.0597,63.7823,23.6792],[23.0394,63.7827,6.0],[23.0399,63.7872,14.3095],[23.0362,63.787,5.5169],[23.0238,63.7959,10.402],[23.0118,63.7944,0.3732],[23.0086,63.7962,6.506],[23.0201,63.8033,11.119],[23.0164,63.8078,1.7691],[23.0234,63.813,4.1444],[23.0216,63.8144,4.6584],[23.0144,63.8137,0.0],[23.0182,63.812,4.6377],[23.0151,63.8078,1.7691],[23.0161,63.8026,5.9534],[23.0068,63.7974,13.4911],[23.0078,63.7943,0.0],[23.0068,63.7901,4.3004],[23.012,63.7859,0.0],[22.9979,63.7833,3.3212],[22.9895,63.7886,3.9411],[22.9789,63.7885,4.1954],[22.9785,63.784,5.4646],[22.9582,63.7844,17.9897],[22.9577,63.7799,3.068],[22.9374,63.7803,7.5505],[22.9369,63.7758,0.0],[22.9233,63.776,13.4523],[22.8983,63.7868,0.0],[22.8807,63.7966,0.0],[22.8784,63.8006,4.8581],[22.8792,63.8084,7.2323],[22.8894,63.8082,12.4447],[22.8903,63.8172,5.2701],[22.8801,63.8174,13.5072],[22.881,63.8264,1.5],[22.8709,63.8266,16.6448],[22.8714,63.8315,6.2874],[22.8778,63.8345,15.4518],[22.8913,63.8354,6.6957],[22.8818,63.8359,10.4831],[22.8828,63.8391,0.0],[22.8776,63.8401,12.1518],[22.875,63.8438,0.0],[22.8693,63.8432,11.8041],[22.8625,63.8375,0.0],[22.8484,63.8401,5.7906],[22.8495,63.8432,0.0],[22.8464,63.8453,0.0],[22.8495,63.8495,0.0],[22.8422,63.8505,12.0017],[22.8333,63.8563,0.0],[22.8229,63.8521,0.0],[22.8125,63.8521,3.9323],[22.8021,63.8583,13.583],[22.7958,63.8583,0.0],[22.7958,63.8563,6.1974],[22.7917,63.8563,7.3271],[22.787,63.8599,5.8286],[22.7839,63.8599,0.0],[22.7818,63.8568,0.0],[22.7839,63.8547,0.0],[22.7901,63.8505,8.9874],[22.7974,63.8495,4.6459],[22.8005,63.8464,0.0],[22.8224,63.8453,0.0],[22.8208,63.8438,0.0],[22.8068,63.8432,0.0],[22.8057,63.8401,6.9539],[22.8021,63.8375,9.9739],[22.7917,63.8375,9.2998],[22.7792,63.8417,0.0],[22.7776,63.8411,6.1496],[22.7786,63.8359,14.9496],[22.775,63.8354,3.0041],[22.7734,63.8359,4.5612],[22.7745,63.8391,0.0],[22.7724,63.8411,0.0],[22.75,63.8438,0.0],[22.7458,63.8458,2.5538],[22.7292,63.8458,4.4336],[22.7292,63.8438,5.29],[22.725,63.8417,0.0],[22.7167,63.8458,0.0],[22.7125,63.8458,6.9387],[22.7109,63.8453,10.7376],[22.712,63.8422,0.0],[22.7083,63.8396,9.2852],[22.6938,63.8396,0.0],[22.688,63.8411,12.1516],[22.6901,63.838,2.7089],[22.6943,63.8359,0.5278],[22.7042,63.8354,5.9664],[22.7078,63.8318,0.0],[22.6943,63.8307,11.202],[22.6922,63.8286,4.1997],[22.6932,63.8255,0.0],[22.688,63.8245,8.0928],[22.6911,63.8214,9.1781],[22.687,63.8172,0.0],[22.6792,63.8167,8.741],[22.6714,63.8141,10.6083],[22.6734,63.8109,10.9655],[22.6786,63.8078,3.7463],[22.6729,63.8021,2.43],[22.6693,63.8057,0.0],[22.6745,63.8078,0.0],[22.6646,63.8104,9.5619],[22.6563,63.8104,10.1159],[22.6526,63.813,9.0806],[22.6526,63.8161,9.3315],[22.6557,63.8203,8.7567],[22.6516,63.8266,0.0],[22.6484,63.8276,0.0],[22.6495,63.8307,0.0],[22.6458,63.8333,15.7817],[22.6396,63.8333,5.2214],[22.6318,63.8307,0.0],[22.637,63.8266,4.4991],[22.6359,63.8234,0.0],[22.6432,63.8224,9.9889],[22.6411,63.8193,11.3972],[22.6359,63.8182,0.0],[22.6339,63.8161,0.0],[22.637,63.8141,9.8279],[22.6359,63.8109,1.5057],[22.637,63.8089,0.0],[22.6354,63.8083,0.0],[22.6271,63.8083,6.9036],[22.6172,63.8109,0.0],[22.6063,63.8187,0.0],[22.6026,63.8182,9.0244],[22.5995,63.813,7.1952],[22.5958,63.8104,4.1904],[22.5891,63.8141,4.2092],[22.5859,63.8141,0.0],[22.588,63.8109,4.6338],[22.5911,63.8099,5.5116],[22.5901,63.8068,0.2994],[22.5953,63.8036,3.785],[22.5922,63.7984,1.6883],[22.5953,63.7974,8.3886],[22.5974,63.7943,0.5305],[22.5938,63.7917,0.3657],[22.5859,63.7911,0.0],[22.5839,63.7891,0.0],[22.5932,63.7828,12.5718],[22.5953,63.7797,0.9988],[22.5797,63.7589,0.0],[22.5896,63.7562,0.0],[22.5979,63.7562,2.2949],[22.6083,63.75,0.3937],[22.612,63.7526,1.8535],[22.6089,63.7557,7.6237],[22.6125,63.7583,1.6627],[22.6182,63.7557,4.7823],[22.6146,63.75,6.7165],[22.6172,63.7464,4.5276],[22.6286,63.7443,0.0],[22.6307,63.7474,0.7937],[22.6276,63.7495,8.071],[22.6307,63.7536,0.0],[22.6193,63.762,1.0836],[22.6276,63.7724,0.0],[22.6375,63.7729,8.3027],[22.6375,63.775,9.6052],[22.6391,63.7755,5.7758],[22.638,63.7786,3.4055],[22.6432,63.7797,0.0],[22.6401,63.7828,2.0513],[22.6437,63.7854,0.0],[22.6484,63.7797,0.0],[22.6536,63.7766,2.8824],[22.6526,63.7734,0.0],[22.662,63.7682,1.3569],[22.6589,63.763,5.0205],[22.6724,63.7641,0.0],[22.6745,63.762,0.0],[22.6734,63.7589,5.1126],[22.6849,63.7578,10.0302],[22.688,63.7526,0.0],[22.6938,63.7521,4.1178],[22.6974,63.7495,0.0],[22.6964,63.7443,0.0],[22.7016,63.7432,6.7435],[22.7036,63.738,6.604],[22.6964,63.7339,0.0],[22.7057,63.7307,0.0],[22.7005,63.7276,0.0],[22.7062,63.725,0.0],[22.7146,63.725,0.0],[22.7188,63.7229,0.0],[22.7271,63.7229,2.3976],[22.7313,63.7208,0.0],[22.7396,63.7208,3.4155],[22.7474,63.7182,0.0],[22.7453,63.7151,11.5325],[22.7401,63.7141,0.0],[22.7432,63.7109,0.0],[22.738,63.7089,5.9874],[22.7417,63.7062,0.0],[22.7479,63.7083,5.9491],[22.7521,63.7062,0.0],[22.7563,63.7062,3.1931],[22.7599,63.7026,2.3758],[22.7479,63.7021,16.9643],[22.7438,63.7042,12.2666],[22.7396,63.7042,4.7837],[22.7328,63.7099,0.0],[22.7271,63.7125,0.0],[22.7214,63.713,9.9956],[22.7182,63.7161,0.0],[22.6979,63.7188,1.3154],[22.6901,63.7161,0.0],[22.6932,63.7141,4.5174],[22.6901,63.7089,0.0],[22.6932,63.7068,4.4791],[22.6901,63.7026,0.0],[22.6932,63.7016,4.2611],[22.6922,63.6984,0.0],[22.6932,63.6964,0.0],[22.6911,63.6922,0.0],[22.6854,63.6875,0.0],[22.6776,63.6922,3.5841],[22.6797,63.6953,0.0],[22.6849,63.6964,0.0],[22.6849,63.6995,0.0],[22.6693,63.7047,0.0],[22.6667,63.7083,0.0],[22.6604,63.7042,0.0],[22.6484,63.7036,0.6463],[22.6495,63.7005,0.0],[22.6484,63.6984,0.0],[22.6516,63.6974,5.9097],[22.65,63.6958,1.1345],[22.6422,63.6964,0.0],[22.6432,63.6995,0.0],[22.6396,63.7021,0.0],[22.6333,63.7,0.0],[22.6276,63.7005,5.2873],[22.6318,63.7078,5.2188],[22.6411,63.7068,3.5358],[22.6453,63.7141,2.7285],[22.6318,63.7172,3.0213],[22.6328,63.7203,0.0],[22.6313,63.7208,0.0],[22.6167,63.7229,7.3415],[22.6109,63.7161,0.0],[22.6141,63.7099,2.5244],[22.6125,63.7062,0.0],[22.6141,63.7026,2.5765],[22.6109,63.6984,0.0],[22.6141,63.6964,2.3025],[22.6089,63.6953,0.0],[22.6026,63.6891,0.0],[22.6083,63.6833,0.5208],[22.6063,63.6813,0.4759],[22.6005,63.6807,0.0],[22.5995,63.6776,0.0],[22.5943,63.6724,0.0],[22.5974,63.6703,5.3624],[22.5953,63.6672,8.4179],[22.5854,63.6688,0.0],[22.5807,63.6724,0.0],[22.5708,63.675,0.0],[22.5646,63.675,0.0],[22.5464,63.6703,0.0],[22.5443,63.6672,0.4609],[22.5474,63.6651,0.0],[22.5422,63.6641,0.0],[22.5349,63.6568,1.6364],[22.5234,63.6536,7.1271],[22.5203,63.6505,6.5895],[22.5151,63.6495,0.0],[22.5182,63.6474,10.1545],[22.5172,63.6443,7.2247],[22.5187,63.6417,8.036],[22.513,63.6339,3.4442],[22.5161,63.6328,8.6093],[22.5151,63.6297,3.1125],[22.5224,63.6245,0.0],[22.5203,63.6214,0.4307],[22.5026,63.6203,2.1096],[22.5005,63.6172,6.1967],[22.5063,63.6167,7.2524],[22.5078,63.6151,9.0665],[22.4979,63.6146,0.0],[22.4901,63.612,0.0],[22.4854,63.6063,0.0],[22.4729,63.6063,0.0],[22.4688,63.6042,0.0314],[22.45,63.6042,0.741],[22.4417,63.6083,0.9093],[22.4276,63.6036,0.0],[22.4349,63.5964,0.0],[22.4297,63.5953,0.0],[22.4276,63.5901,0.0],[22.4396,63.5896,0.0],[22.4562,63.5958,0.0],[22.4604,63.5958,0.0],[22.462,63.5953,0.7717],[22.4609,63.5922,0.0],[22.4661,63.5891,-0.1431],[22.4651,63.5839,0.0],[22.4688,63.5812,1.1339],[22.487,63.5839,0.0],[22.4984,63.5974,0.0],[22.5063,63.6,0.0],[22.5146,63.6,0.0],[22.5167,63.5979,0.0],[22.5057,63.5839,0.0],[22.5005,63.5828,0.0],[22.4964,63.5786,0.0],[22.4974,63.5734,0.0],[22.4896,63.5729,0.6516],[22.4854,63.575,0.0],[22.4771,63.575,0.0],[22.4755,63.5745,0.3955],[22.4766,63.5714,0.0],[22.4755,63.5693,0.0],[22.4786,63.5672,0.0666],[22.4766,63.5651,0.0],[22.4708,63.5667,0.0],[22.463,63.5661,0.0],[22.463,63.563,0.0],[22.4682,63.5557,1.2732],[22.4672,63.5526,0.0],[22.4771,63.5521,2.1044],[22.4828,63.5495,3.5914],[22.4797,63.5443,0.0],[22.4828,63.5432,0.0],[22.4818,63.5401,0.0],[22.4828,63.538,0.8231],[22.4776,63.537,0.0],[22.4724,63.5297,0.9316],[22.4672,63.5286,0.0],[22.4682,63.5234,2.0182],[22.463,63.5224,0.0],[22.4589,63.5182,0.0],[22.4599,63.513,0.0],[22.4547,63.512,0.9103],[22.4505,63.5078,0.0],[22.4521,63.5042,0.0],[22.4505,63.5005,0.0],[22.4521,63.4979,0.0],[22.4474,63.4922,0.752],[22.4396,63.4917,0.0],[22.4318,63.4891,0.0],[22.4286,63.4859,9.0436],[22.4234,63.4849,0.0],[22.4214,63.4818,0.0],[22.4245,63.4797,3.6484],[22.4151,63.4797,0.0],[22.4182,63.4849,0.0],[22.4109,63.4859,13.9139],[22.412,63.4891,0.0],[22.4068,63.4922,0.5206],[22.412,63.4943,0.0],[22.4141,63.4964,0.0],[22.4141,63.4995,0.0],[22.4005,63.5026,8.9989],[22.4016,63.5057,0.0],[22.3984,63.5068,3.8503],[22.3995,63.5099,0.0],[22.3974,63.5141,11.6292],[22.3917,63.5125,1.7036],[22.3859,63.513,0.8727],[22.387,63.5182,3.1881],[22.3818,63.5214,7.7221],[22.3828,63.5349,0.0],[22.3755,63.5359,9.3634],[22.3792,63.5396,13.5945],[22.3917,63.5354,8.9478],[22.3953,63.5391,0.0],[22.3875,63.5438,0.0],[22.3776,63.5443,5.4595],[22.3672,63.5505,0.0],[22.3734,63.5578,0.0],[22.3786,63.5589,0.0],[22.3807,63.5609,0.0],[22.3776,63.5641,8.376],[22.3813,63.5687,0.0],[22.3807,63.5703,0.0],[22.3755,63.5714,5.6941],[22.3766,63.5766,0.0],[22.3667,63.575,0.0],[22.3625,63.5771,0.0],[22.3417,63.5792,0.0],[22.3328,63.5849,0.0],[22.325,63.5854,0.0],[22.3234,63.5839,0.0],[22.3266,63.5828,0.0],[22.3255,63.5797,9.3525],[22.3276,63.5776,0.0],[22.3349,63.5766,0.0],[22.3411,63.5724,7.0877],[22.3255,63.5641,0.3401],[22.3286,63.562,0.0],[22.3276,63.5589,8.6445],[22.3307,63.5578,6.1048],[22.3328,63.5547,0.0],[22.3234,63.5536,1.2595],[22.3182,63.5484,0.0],[22.313,63.5474,0.0],[22.3089,63.5411,0.2608],[22.3099,63.538,2.9922],[22.3078,63.5339,2.3935],[22.3026,63.5328,0.0],[22.2953,63.5255,3.1056],[22.2901,63.5245,0.0],[22.2896,63.5229,2.9966],[22.2943,63.5172,0.0],[22.3016,63.5161,8.2711],[22.2995,63.5109,12.9877],[22.2943,63.5099,2.0885],[22.2984,63.5026,0.0],[22.3047,63.4984,0.0],[22.3099,63.4974,8.9183],[22.313,63.4922,4.5288],[22.3203,63.4911,4.5976],[22.3224,63.4891,0.7498],[22.3214,63.4859,0.0],[22.3245,63.4849,0.0],[22.3234,63.4818,0.0],[22.3307,63.4807,5.2922],[22.3339,63.4776,0.0],[22.3432,63.4745,12.212],[22.3443,63.4714,0.0],[22.3599,63.4661,2.934],[22.3641,63.463,0.4109],[22.3563,63.4625,1.9412],[22.35,63.4583,0.0],[22.3417,63.4625,0.0],[22.3359,63.463,0.0],[22.3339,63.4651,0.3235],[22.3349,63.4682,0.0],[22.3318,63.4693,0.0],[22.3328,63.4724,0.0],[22.3307,63.4745,1.8828],[22.325,63.4771,0.0],[22.3151,63.4776,16.5726],[22.313,63.4797,11.5897],[22.3141,63.4828,0.0],[22.3,63.4875,0.0],[22.2958,63.4854,4.4409],[22.2792,63.4854,0.0],[22.275,63.4833,3.8295],[22.2687,63.4833,0.0],[22.2583,63.4792,11.5364],[22.2479,63.4792,10.6767],[22.2438,63.4813,1.8449],[22.2125,63.4813,0.0],[22.2089,63.4786,0.0],[22.2099,63.4755,5.8499],[22.2047,63.4745,3.3755],[22.2078,63.4724,10.3355],[22.2068,63.4693,3.294],[22.212,63.4651,7.3529],[22.2068,63.4599,7.5048],[22.2047,63.4547,0.0],[22.213,63.4484,0.0],[22.2203,63.4474,1.3131],[22.2234,63.4422,0.0],[22.2328,63.4391,3.0373],[22.2297,63.4339,0.0],[22.2359,63.4297,0.0],[22.2578,63.4224,0.0],[22.2568,63.4193,0.0],[22.262,63.4172,13.6285],[22.2464,63.4182,13.6526],[22.2484,63.4151,0.0],[22.2557,63.4141,13.362],[22.2578,63.412,18.3582],[22.2568,63.4089,0.0],[22.2687,63.4042,8.9753],[22.2724,63.4047,1.9843],[22.2672,63.4089,12.3234],[22.2682,63.412,0.0],[22.2651,63.4141,0.0],[22.2729,63.4146,0.0],[22.2875,63.4083,0.0],[22.3016,63.4078,10.3032],[22.2984,63.4036,0.0],[22.2995,63.3984,6.6987],[22.2964,63.3953,0.0],[22.2964,63.3922,0.0],[22.3083,63.3875,4.1544],[22.3141,63.387,1.6457],[22.3208,63.3812,0.0],[22.3354,63.3812,1.115],[22.3474,63.3766,5.963],[22.3464,63.3734,0.0],[22.3536,63.3724,1.7274],[22.3526,63.3693,0.0],[22.3547,63.3672,0.0],[22.3641,63.3641,0.862],[22.363,63.3589,0.0],[22.3651,63.3568,0.0],[22.3724,63.3557,3.2301],[22.3755,63.3505,0.2911],[22.3807,63.3495,0.0],[22.3859,63.3401,3.4988],[22.3911,63.337,0.0],[22.3901,63.3339,0.0],[22.3911,63.3297,0.2762],[22.3708,63.3271,0.0],[22.3625,63.3208,3.1494],[22.3563,63.325,0.0],[22.3484,63.3224,0.0],[22.3536,63.3203,6.6898],[22.3526,63.3172,0.0],[22.3599,63.3161,0.0],[22.3589,63.313,8.7533],[22.362,63.312,15.6891],[22.3609,63.3089,11.594],[22.3661,63.3057,3.3376],[22.3651,63.3026,0.0],[22.3682,63.3016,0.0],[22.3672,63.2984,1.3627],[22.3703,63.2922,2.3834],[22.3542,63.2917,0.0],[22.35,63.2938,0.0],[22.3375,63.2938,0.0],[22.3224,63.3036,11.2957],[22.3151,63.3047,5.381],[22.3057,63.312,8.8664],[22.3,63.3104,31.9583],[22.2958,63.3125,0.0],[22.2854,63.3125,0.0],[22.2818,63.3089,1.2188],[22.2849,63.3078,5.7506],[22.287,63.3047,11.7357],[22.2818,63.3036,0.0],[22.2771,63.3,0.0],[22.2667,63.3,0.7817],[22.2589,63.2974,3.032],[22.2568,63.2953,9.8216],[22.2599,63.2932,3.7457],[22.2578,63.2901,9.1962],[22.2453,63.2859,0.0],[22.2354,63.2875,14.0112],[22.2339,63.2891,0.0],[22.237,63.2943,4.1827],[22.2359,63.2974,0.0],[22.238,63.3016,5.6751],[22.2432,63.3068,0.0],[22.2443,63.3099,0.0],[22.2495,63.3109,6.3145],[22.2536,63.3151,0.0],[22.2505,63.3182,7.7311],[22.2536,63.3224,10.3873],[22.2516,63.3245,0.0],[22.2479,63.325,7.6282],[22.2443,63.3203,13.529],[22.2453,63.3172,0.0],[22.238,63.3172,0.0],[22.2391,63.3203,0.0],[22.2359,63.3224,5.3954],[22.2391,63.3266,0.0],[22.2359,63.3286,0.0],[22.2391,63.3328,0.0],[22.2359,63.3339,13.7332],[22.237,63.337,0.0],[22.2333,63.3396,8.3982],[22.2271,63.3375,0.0],[22.2224,63.3411,7.2826],[22.2188,63.3417,0.0],[22.2089,63.3286,2.9578],[22.212,63.3214,6.9348],[22.2099,63.3193,2.6171],[22.2047,63.3182,0.0],[22.2,63.3125,15.9766],[22.188,63.313,0.0],[22.1911,63.3172,8.2569],[22.1911,63.3203,0.0],[22.1688,63.3229,6.2854],[22.1646,63.325,2.6411],[22.1609,63.3224,5.2205],[22.162,63.3172,10.265],[22.1604,63.3167,7.7166],[22.1396,63.3208,4.1351],[22.138,63.3224,7.3677],[22.1401,63.3245,0.0],[22.1453,63.3255,10.559],[22.1432,63.3286,6.2757],[22.1292,63.3292,0.7637],[22.1266,63.3328,3.5049],[22.1167,63.3333,0.0],[22.1125,63.3354,0.0],[22.1083,63.3354,9.4524],[22.0917,63.3292,10.7919],[22.0854,63.3292,0.0],[22.0839,63.3286,0.0],[22.0849,63.3255,6.6494],[22.0771,63.325,3.3946],[22.0729,63.3229,10.8096],[22.0661,63.3266,13.9259],[22.063,63.3266,12.0086],[22.0609,63.3234,12.7215],[22.0641,63.3224,17.4341],[22.063,63.3193,0.0],[22.0651,63.3172,0.0],[22.0714,63.313,0.0],[22.0786,63.312,0.0],[22.0776,63.3089,3.8621],[22.0807,63.3078,13.7862],[22.0797,63.3047,0.0],[22.0818,63.3026,0.0],[22.0875,63.3,0.0],[22.0932,63.2995,15.287],[22.087,63.2922,9.3803],[22.075,63.2917,0.0],[22.0708,63.2896,0.0],[22.0609,63.2922,0.0],[22.0661,63.2943,0.0],[22.0682,63.2974,0.0],[22.063,63.3006,0.0],[22.0641,63.3036,0.0],[22.0599,63.3057,14.3347],[22.0557,63.312,0.0],[22.0307,63.3286,12.014099999999999],[22.0234,63.3276,0.0],[22.0266,63.3349,0.0],[22.0208,63.3354,2.1656],[22.0146,63.3312,8.1373],[21.9979,63.3312,11.6646],[21.9964,63.3297,8.0751],[21.9995,63.3286,5.1765],[21.9984,63.3255,7.3505],[22.0005,63.3234,0.0],[22.012,63.3224,8.5591],[22.0193,63.3172,0.0],[22.0266,63.3161,3.1243],[22.0286,63.313,7.2015],[22.0208,63.3104,8.855],[22.0161,63.3141,2.3524],[22.0104,63.3146,0.0],[21.9932,63.3224,6.1759],[21.9901,63.3224,15.8281],[21.9807,63.3089,0.0],[21.9734,63.3016,0.0],[21.9745,63.2964,6.9961],[21.9672,63.2859,0.0],[21.9703,63.2849,12.8053],[21.9693,63.2818,0.0],[21.975,63.2792,0.0],[22.0016,63.2786,0.1215],[21.9922,63.2755,16.5547],[21.9974,63.2724,13.3617],[21.9964,63.2693,11.1583],[22.0021,63.2667,0.0],[22.0062,63.2667,0.0],[22.0167,63.2708,0.0],[22.0245,63.2714,0.0144],[22.0224,63.2745,0.0],[22.0193,63.2755,10.7856],[22.0214,63.2786,0.0],[22.0292,63.2813,0.0],[22.0438,63.2792,0.0],[22.0521,63.2854,0.0],[22.0646,63.2813,0.0],[22.0724,63.2807,13.4306],[22.0734,63.2776,0.0],[22.0786,63.2766,6.5929],[22.0792,63.275,0.0],[22.0786,63.2734,3.5813],[22.0708,63.2708,6.8798],[22.0568,63.2703,0.0],[22.0547,63.2682,2.2412],[22.0563,63.2667,0.0],[22.0667,63.2667,0.0],[22.0708,63.2687,4.1819],[22.0792,63.2646,0.0],[22.0917,63.2646,12.9052],[22.0958,63.2625,0.0],[22.1042,63.2625,16.231],[22.1146,63.2562,0.0],[22.1333,63.2583,5.5454],[22.1396,63.2542,0.0],[22.1542,63.2562,0.0],[22.1583,63.2542,0.0],[22.1661,63.2609,0.0],[22.163,63.2641,0.0],[22.1661,63.2682,0.0],[22.163,63.2703,4.8562],[22.1745,63.2714,0.0],[22.1729,63.2729,8.9378],[22.1672,63.2734,0.0],[22.1599,63.2786,0.4569],[22.1526,63.2797,17.786],[22.1505,63.2818,6.7477],[22.1526,63.287,0.3026],[22.1604,63.2875,5.4479],[22.162,63.287,7.1921],[22.1609,63.2839,0.0],[22.163,63.2818,0.0],[22.1729,63.2792,0.0],[22.1813,63.2792,0.0],[22.1875,63.275,0.0],[22.2083,63.2729,2.3955],[22.212,63.2682,1.3147],[22.2109,63.2651,0.0],[22.2151,63.263,4.5437],[22.2229,63.2604,0.0],[22.2354,63.2604,0.0],[22.2375,63.2583,0.0],[22.2354,63.2562,-0.2861],[22.2208,63.2562,1.2057],[22.2089,63.263,0.0],[22.2036,63.2682,0.0],[22.1938,63.2687,0.0],[22.1875,63.2708,1.4737],[22.1859,63.2703,1.7394],[22.1859,63.2672,11.3129],[22.1995,63.2641,0.0532],[22.2016,63.2609,12.6345],[22.1839,63.2557,2.7857],[22.1818,63.2516,0.9389],[22.1833,63.2479,0.0],[22.1818,63.2453,0.0],[22.1833,63.2417,0.0],[22.1818,63.2391,0.0],[22.1828,63.2359,0.0],[22.1797,63.2359,0.0],[22.1776,63.238,0.0],[22.1786,63.2432,0.0],[22.1771,63.2438,0.0],[22.15,63.2458,3.5044],[22.1474,63.2422,0.0],[22.1437,63.2417,0.0],[22.1375,63.2458,0.0],[22.1297,63.2432,5.6108],[22.1307,63.2401,0.4783],[22.1068,63.2328,0.0],[22.1021,63.2292,0.0],[22.0922,63.2297,0.0],[22.0943,63.2349,1.432],[22.0995,63.2411,0.0],[22.0964,63.2422,0.0],[22.0974,63.2453,0.0],[22.0943,63.2464,10.8498],[22.0953,63.2495,0.0],[22.0932,63.2536,0.0],[22.0896,63.2562,2.1544],[22.0839,63.2557,11.368],[22.0792,63.2521,0.0],[22.0583,63.2521,0.0],[22.0542,63.25,23.5605],[22.0354,63.25,9.9159],[22.0271,63.2542,2.0477],[22.0234,63.2505,0.0],[22.0297,63.2464,0.0],[22.0354,63.2458,9.0838],[22.037,63.2443,3.6534],[22.0276,63.2432,0.0],[22.0286,63.2401,0.0],[22.0193,63.2391,0.0],[22.0172,63.2359,0.0],[22.0297,63.2276,0.0],[22.037,63.2266,2.7576],[22.0391,63.2234,0.0],[22.037,63.2193,0.0],[22.0292,63.2188,0.0],[22.025,63.2167,-0.3467],[22.0214,63.2172,-0.2762],[22.0224,63.2203,0.0574],[22.0203,63.2245,1.2904],[22.0151,63.2255,12.5206],[22.0099,63.2328,1.5129],[22.0026,63.2339,-0.4649],[22.0047,63.237,0.0],[22.0099,63.238,0.0],[22.0109,63.2411,0.0],[22.0161,63.2422,1.4779],[22.0203,63.2464,0.0],[22.0172,63.2484,0.0],[22.0182,63.2516,0.0],[22.0161,63.2536,1.3447],[22.0,63.2542,0.0],[21.9943,63.2526,10.7817],[21.9901,63.2547,1.8362],[21.9932,63.2599,0.3488],[21.9901,63.2609,3.3869],[21.9911,63.2641,0.0],[21.9891,63.2661,0.0],[21.9771,63.2667,0.0],[21.9693,63.2641,0.0],[21.9651,63.2599,0.0],[21.9682,63.2568,7.1579],[21.9604,63.2542,0.0],[21.9526,63.2547,4.0554],[21.9536,63.2578,13.9822],[21.95,63.2625,0.2746],[21.9464,63.2599,0.0],[21.9432,63.2547,15.67],[21.9354,63.2542,4.2329],[21.9307,63.2505,0.0],[21.925,63.25,0.0],[21.9234,63.2505,0.0],[21.9214,63.2557,0.0],[21.9234,63.2578,0.0],[21.9286,63.2589,0.0],[21.9328,63.2651,0.0],[21.9297,63.2672,10.2434],[21.9307,63.2703,0.0],[21.9224,63.2766,0.0],[21.9125,63.2771,11.8544],[21.9083,63.2792,0.0],[21.8859,63.2703,16.3497],[21.8839,63.2672,0.0],[21.887,63.2651,16.4529],[21.8813,63.2604,9.6279],[21.8625,63.2604,13.1264],[21.8521,63.2667,11.4019],[21.8443,63.2641,5.8492],[21.8391,63.2589,0.0],[21.8312,63.2562,10.466],[21.8271,63.2583,1.5799],[21.8229,63.2583,1.1112],[21.8167,63.2562,4.9795],[21.813,63.2589,5.1782],[21.8141,63.262,0.0],[21.8047,63.2651,0.0],[21.8036,63.2682,6.0985],[21.7875,63.2687,0.0],[21.7859,63.2672,16.7659],[21.7891,63.2661,0.0],[21.788,63.263,0.0],[21.7911,63.2609,12.826599999999999],[21.7797,63.2599,0.0],[21.7797,63.2568,0.0],[21.7953,63.2557,7.745],[21.7932,63.2526,15.8656],[21.7854,63.25,0.0],[21.7771,63.2542,0.0],[21.7724,63.2505,0.0],[21.7672,63.2495,0.0],[21.7646,63.2458,13.1593],[21.7583,63.2479,13.0186],[21.7526,63.2474,8.9388],[21.7495,63.2422,22.3736],[21.7443,63.2411,13.8687],[21.7422,63.2391,15.8987],[21.7438,63.2354,13.9092],[21.7401,63.2297,0.0],[21.7453,63.2266,1.1713],[21.7443,63.2234,0.0],[21.7516,63.2224,0.0],[21.7495,63.2193,0.0],[21.7464,63.2193,0.0],[21.7391,63.2245,1.4102],[21.7318,63.2255,9.0868],[21.7286,63.2286,15.9223],[21.7214,63.2297,16.6312],[21.7224,63.2328,8.1585],[21.7167,63.2333,13.2821],[21.7062,63.2375,0.0],[21.7,63.2375,0.0],[21.6964,63.2349,12.0998],[21.6995,63.2318,4.3921],[21.6943,63.2307,17.5834],[21.6839,63.2182,8.5018],[21.6828,63.2151,6.8317],[21.6792,63.2125,0.0],[21.6688,63.2125,0.0],[21.6641,63.2161,8.3986],[21.6568,63.2172,0.0],[21.6505,63.2214,0.6044],[21.6516,63.2245,3.6799],[21.65,63.225,0.0],[21.6458,63.2229,3.0718],[21.625,63.2229,1.2286],[21.6234,63.2245,18.5103],[21.6266,63.2286,0.0],[21.625,63.2292,0.0],[21.6146,63.2271,11.0168],[21.6083,63.2313,15.1784],[21.6042,63.2292,12.8038],[21.6005,63.2297,17.6207],[21.6036,63.2349,5.0289],[21.5984,63.238,3.3276],[21.5995,63.2411,0.0],[21.5938,63.2438,1.5512],[21.5854,63.2438,14.2827],[21.5818,63.2464,2.8109],[21.5839,63.2495,12.9562],[21.5891,63.2516,0.0],[21.5797,63.2568,0.0],[21.5828,63.262,0.0],[21.5797,63.2641,12.0305],[21.5828,63.2682,0.0],[21.5734,63.2734,1.2906],[21.5786,63.2766,5.7471],[21.5688,63.2771,0.0],[21.5646,63.275,11.9086],[21.5563,63.275,0.3138],[21.5484,63.2724,0.0],[21.5516,63.2693,3.6756],[21.5464,63.2682,4.5602],[21.5443,63.2661,6.601],[21.5474,63.2641,0.0],[21.5464,63.2609,5.0371],[21.5479,63.2583,-0.39],[21.5464,63.2547,0.0],[21.5484,63.2526,1.8261],[21.5557,63.2516,15.4353],[21.5547,63.2484,0.0],[21.5578,63.2464,0.2258],[21.5542,63.2438,0.0],[21.5464,63.2432,3.4807],[21.5474,63.2401,8.1212],[21.5396,63.2375,0.0],[21.5292,63.2375,2.1181],[21.5255,63.2349,0.0],[21.5286,63.2318,8.7518],[21.5193,63.2203,11.3422],[21.5224,63.2172,4.824],[21.5172,63.2161,0.0],[21.5182,63.213,2.5606],[21.5172,63.2109,0.0],[21.5203,63.2089,16.8367],[21.5167,63.2042,0.0],[21.5193,63.2005,0.0],[21.525,63.1979,4.0389],[21.5375,63.1979,1.1614],[21.5438,63.1937,0.0],[21.5521,63.1937,4.2914],[21.562,63.1901,1.7454],[21.5521,63.1854,0.0],[21.5479,63.1875,2.6786],[21.5313,63.1875,5.0297],[21.525,63.1896,0.0],[21.5234,63.188,0.0],[21.5266,63.1859,0.0],[21.5245,63.1839,0.0],[21.5193,63.1828,2.0668],[21.5224,63.1797,0.0],[21.5193,63.1755,1.9887],[21.5224,63.1734,0.0],[21.5187,63.1729,3.4105],[21.5083,63.1771,0.0],[21.5047,63.1766,18.7249],[21.5026,63.1714,8.4117],[21.5125,63.1708,0.0],[21.5141,63.1703,0.0],[21.513,63.1672,0.0],[21.5203,63.1661,0.0],[21.5167,63.1604,0.0],[21.5193,63.1568,0.0],[21.5271,63.1521,0.0],[21.5375,63.1542,6.6051],[21.5411,63.1516,0.0],[21.5391,63.1464,0.0],[21.5276,63.1453,7.365],[21.5307,63.1432,2.3866],[21.5286,63.1401,7.9756],[21.5208,63.1396,16.1527],[21.5193,63.138,14.0521],[21.5208,63.1375,0.0],[21.5208,63.1354,9.9544],[21.5271,63.1333,0.0],[21.5417,63.1333,16.873],[21.5432,63.1349,14.4229],[21.5401,63.1359,1.7595],[21.538,63.1391,0.0],[21.5401,63.1432,0.8398],[21.5438,63.1437,0.0],[21.5516,63.1411,4.3472],[21.5505,63.138,0.0],[21.5599,63.1328,0.0],[21.5568,63.1276,0.0],[21.5661,63.1224,10.4415],[21.5651,63.1193,0.0],[21.5771,63.1188,0.0],[21.5875,63.1229,0.0],[21.6016,63.1203,1.8111],[21.5995,63.1172,8.4445],[21.5901,63.1161,0.0],[21.5859,63.112,2.5025],[21.5839,63.1068,0.0],[21.5875,63.1042,0.0],[21.6078,63.1036,0.5957],[21.6057,63.1005,10.441],[21.6005,63.0995,0.0],[21.6021,63.0958,8.1355],[21.6005,63.0922,0.0],[21.6026,63.0901,0.0],[21.613,63.0839,5.9526],[21.6208,63.0812,0.0],[21.6354,63.0812,11.7375],[21.637,63.0807,14.0929],[21.6359,63.0776,0.0],[21.638,63.0755,4.5402],[21.6479,63.075,0.0],[21.6536,63.0724,5.8491],[21.6526,63.0693,0.0],[21.6542,63.0667,0.0],[21.6526,63.063,-0.1926],[21.6646,63.0625,-0.0358],[21.6703,63.0641,-0.0856],[21.6724,63.062,-1.0],[21.6714,63.0589,-0.2078],[21.6745,63.0568,-0.1718],[21.6437,63.0583,-0.0275],[21.6417,63.0563,-0.1869],[21.6437,63.0542,-0.1183],[21.6521,63.0542,-0.0749],[21.6625,63.05,-0.0357],[21.6708,63.05,0.0149],[21.6724,63.0484,-0.152],[21.6641,63.0443,-1.5],[21.6583,63.0438,-1.5],[21.6536,63.0474,-1.5],[21.6464,63.0484,0.2157],[21.6318,63.0547,-0.0809],[21.6286,63.0578,2.9018],[21.6188,63.0604,13.5083],[21.6109,63.0578,0.0],[21.6063,63.0542,0.0],[21.6021,63.0563,0.0],[21.5979,63.0563,0.0],[21.5964,63.0568,0.0],[21.5974,63.0599,0.0],[21.5953,63.062,0.0],[21.588,63.063,5.3491],[21.5797,63.0693,0.0],[21.5807,63.0745,0.0],[21.575,63.075,9.1243],[21.5708,63.0729,14.7547],[21.5646,63.0729,8.8994],[21.563,63.0734,8.954],[21.5641,63.0766,0.0836],[21.562,63.0786,2.5911],[21.5521,63.0812,0.0],[21.5443,63.0807,0.0],[21.5432,63.0776,14.7202],[21.5396,63.075,15.5904],[21.5339,63.0755,18.8462],[21.537,63.0776,12.3947],[21.5354,63.0792,6.7776],[21.5125,63.0792,2.0029],[21.5109,63.0776,1.9753],[21.5208,63.0771,0.0],[21.5266,63.0745,6.8006],[21.5245,63.0714,16.4923],[21.5193,63.0703,0.0],[21.5172,63.0672,6.1192],[21.5203,63.0661,2.9416],[21.5193,63.063,0.0],[21.5214,63.0609,0.0],[21.5286,63.0599,13.5018],[21.5266,63.0568,8.9231],[21.5167,63.0563,0.0],[21.5141,63.0599,0.0],[21.5083,63.0604,4.8208],[21.5036,63.0568,3.0226],[21.4979,63.0563,0.0],[21.4922,63.0589,0.0],[21.4932,63.062,4.0842],[21.4859,63.063,7.9012],[21.4839,63.0651,5.5343],[21.4849,63.0682,1.6455],[21.4786,63.0724,14.2384],[21.475,63.0729,7.1863],[21.4766,63.0693,0.0],[21.4714,63.0609,0.0],[21.4771,63.0604,0.0],[21.4786,63.0589,1.9036],[21.4672,63.0557,3.4014],[21.4651,63.0526,0.0],[21.4682,63.0516,9.8816],[21.4672,63.0484,7.9249],[21.4693,63.0464,5.9794],[21.4786,63.0401,17.0894],[21.4693,63.0391,0.0],[21.463,63.0328,0.0],[21.4682,63.0286,1.4734],[21.4682,63.0255,2.5808],[21.4661,63.0234,9.7073],[21.4458,63.0229,0.0],[21.4443,63.0245,0.0],[21.4495,63.0276,0.0],[21.4516,63.0307,0.0],[21.4313,63.0292,13.5145],[21.4297,63.0307,0.0],[21.4318,63.0328,0.0],[21.437,63.0339,0.0],[21.4401,63.0391,4.7177],[21.4479,63.0396,11.95],[21.4516,63.0422,6.089],[21.45,63.0438,0.0],[21.4458,63.0438,0.0],[21.4458,63.0458,0.6481],[21.4422,63.0464,4.2664],[21.4453,63.0516,0.0],[21.438,63.0526,16.6789],[21.4401,63.0578,0.0],[21.4453,63.0589,7.5306],[21.4536,63.0693,0.0],[21.4484,63.0734,16.1631],[21.4495,63.0766,0.0],[21.4401,63.0797,0.0],[21.4375,63.0833,3.782],[21.4208,63.0833,3.1496],[21.4167,63.0854,0.0],[21.4063,63.0854,0.0],[21.4021,63.0833,7.4829],[21.3958,63.0875,0.0],[21.3917,63.0854,9.6078],[21.3818,63.0849,0.0],[21.3828,63.0797,0.0],[21.3755,63.0755,10.6578],[21.3854,63.075,1.6861],[21.3917,63.0729,0.0],[21.3943,63.0766,13.8169],[21.4021,63.0771,4.0889],[21.4036,63.0755,0.0],[21.4005,63.0714,0.0],[21.4063,63.0687,1.9028],[21.4146,63.0687,3.6793],[21.4182,63.0661,-1.5],[21.4167,63.0646,-1.5],[21.4125,63.0667,-1.5],[21.3922,63.0661,0.0],[21.3937,63.0646,2.0862],[21.4036,63.0641,0.0],[21.4057,63.0609,11.7043],[21.3984,63.0568,5.5401],[21.4042,63.0542,2.0324],[21.4141,63.0536,0.2695],[21.412,63.0505,10.6576],[21.4005,63.0474,0.0],[21.3984,63.0453,0.0],[21.4016,63.0432,7.7721],[21.4,63.0417,0.0],[21.3771,63.0417,5.8433],[21.3703,63.0453,12.0009],[21.3646,63.0458,0.2051],[21.3542,63.0417,3.7703],[21.3438,63.0417,0.0],[21.3396,63.0396,0.0],[21.3312,63.0396,0.0],[21.3297,63.038,0.0],[21.337,63.037,10.1603],[21.3604,63.0271,0.0],[21.3646,63.0271,11.043],[21.3688,63.025,0.0],[21.3813,63.025,12.1484],[21.3828,63.0245,0.0],[21.3818,63.0214,0.0],[21.3833,63.0208,0.0],[21.4146,63.0187,0.0],[21.4161,63.0172,7.3995],[21.4047,63.0161,0.0],[21.4078,63.0141,2.5716],[21.4063,63.0125,4.1688],[21.3958,63.0125,10.2551],[21.3896,63.0167,0.0],[21.3755,63.0182,0.0],[21.3734,63.0151,0.5031],[21.3807,63.0141,0.2628],[21.3786,63.0109,0.224],[21.3667,63.0125,5.7805],[21.3646,63.0104,0.7357],[21.3651,63.0089,0.0],[21.3703,63.0078,0.0],[21.3766,63.0036,0.0],[21.3729,63.0,13.2157],[21.3682,63.0036,0.0],[21.3563,63.0083,0.0],[21.3479,63.0083,0.8454],[21.3354,63.0125,9.1515],[21.3255,63.012,0.0],[21.3193,63.0047,0.0],[21.325,63.0021,13.6127],[21.325,63.0,0.0],[21.3391,63.0016,0.0],[21.3359,62.9974,0.0],[21.3375,62.9958,0.0],[21.3479,62.9958,0.0],[21.3521,62.9979,0.0],[21.3625,62.9917,0.0],[21.3917,62.9917,0.0],[21.3958,62.9938,7.1155],[21.4021,62.9896,4.3831],[21.4125,62.9896,10.2479],[21.4167,62.9917,0.0],[21.4182,62.9911,3.6019],[21.4172,62.988,0.0],[21.4188,62.9875,0.0],[21.4313,62.9875,0.0],[21.4375,62.9854,0.0],[21.4391,62.987,0.0],[21.4333,62.9896,3.0342],[21.4276,62.9901,18.4074],[21.4224,62.9953,0.0],[21.4151,62.9964,2.8131],[21.4203,62.9995,0.0],[21.4141,63.0036,3.0596],[21.4042,63.0042,0.8437],[21.4026,63.0057,0.0],[21.4161,63.0068,0.0],[21.4182,63.0099,0.0],[21.4125,63.0104,6.8645],[21.4109,63.012,3.4296],[21.4188,63.0125,0.0],[21.4229,63.0104,0.0],[21.4328,63.0099,0.4895],[21.4349,63.0078,0.0],[21.4339,63.0026,0.8559],[21.4354,63.0021,1.4448],[21.4417,63.0062,0.5223],[21.4536,63.0068,0.0],[21.4557,63.0099,0.0],[21.45,63.0125,0.0],[21.4458,63.0125,0.0],[21.4417,63.0104,2.5212],[21.4375,63.0125,2.9529],[21.4292,63.0125,0.0],[21.4271,63.0146,0.7984],[21.4297,63.0182,1.2767],[21.4417,63.0187,0.0],[21.4458,63.0167,0.0],[21.4542,63.0167,0.0],[21.4604,63.0125,9.1794],[21.4703,63.012,0.229],[21.4688,63.0083,3.0033],[21.4708,63.0062,0.0],[21.4833,63.0062,0.0],[21.4875,63.0042,0.0],[21.4974,63.0036,13.4446],[21.4953,63.0005,4.4026],[21.4839,62.9974,12.6633],[21.4792,62.9938,5.3871],[21.4708,62.9938,3.9317],[21.4641,62.9974,0.4243],[21.4542,63.0,0.584],[21.4443,62.9995,9.4789],[21.4401,62.9953,0.0],[21.4458,62.9917,0.0],[21.4557,62.9911,0.2906],[21.4604,62.9875,0.0],[21.4745,62.987,0.2698],[21.4734,62.9818,0.0],[21.4849,62.9745,0.0],[21.487,62.9714,0.0],[21.4625,62.9646,8.4483],[21.4521,62.9646,0.0],[21.4443,62.962,0.0],[21.4411,62.9589,6.9209],[21.4359,62.9578,0.0],[21.4339,62.9557,0.0],[21.4271,62.9458,0.0],[21.4286,62.9432,15.4426],[21.4276,62.9401,0.0],[21.4328,62.937,10.2012],[21.4328,62.9339,6.5574],[21.4276,62.9286,0.0],[21.4224,62.9193,8.3796],[21.4172,62.9182,0.0],[21.4224,62.913,8.6799],[21.4172,62.912,2.4689],[21.412,62.9068,5.0761],[21.4068,62.9057,0.0],[21.4078,62.9005,2.123],[21.4026,62.8922,0.0],[21.4057,62.8911,0.0],[21.4078,62.888,0.2079],[21.4036,62.8818,0.0],[21.3901,62.8818,0.0],[21.3859,62.888,0.0],[21.3891,62.8953,3.8296],[21.3839,62.8984,6.8429],[21.3849,62.9016,14.7964],[21.3813,62.9042,4.1908],[21.3693,62.9036,9.5989],[21.3703,62.8984,0.0],[21.363,62.8891,0.0],[21.3693,62.8839,0.0],[21.3766,62.8828,3.7251],[21.3786,62.8797,7.7225],[21.3703,62.8755,0.0],[21.3625,62.875,0.0],[21.3583,62.8729,10.4713],[21.3521,62.8771,0.0],[21.3297,62.8797,0.0],[21.3146,62.8896,0.124],[21.3104,62.8875,0.0],[21.2896,62.8937,0.0],[21.2854,62.8917,7.3274],[21.2813,62.8917,9.5075],[21.2771,62.8937,0.0],[21.2708,62.8937,3.2122],[21.2625,62.8854,5.7439],[21.2583,62.8875,0.0],[21.2521,62.8875,10.0863],[21.2521,62.8854,0.0],[21.2547,62.8839,0.0],[21.2604,62.8833,0.3542],[21.2641,62.8807,6.8798],[21.2641,62.8776,6.9484],[21.2589,62.8724,0.0],[21.262,62.8703,1.6041],[21.2599,62.8672,0.0],[21.2401,62.8641,0.0],[21.2417,62.8625,0.0],[21.2474,62.862,3.5595],[21.2464,62.8589,0.6069],[21.2474,62.8568,12.2927],[21.2417,62.8563,0.0],[21.2417,62.8542,0.0],[21.2453,62.8536,0.0],[21.2479,62.85,6.5384],[21.2422,62.8432,0.0],[21.2453,62.8411,1.1465],[21.2443,62.838,0.0],[21.2474,62.8359,0.0],[21.2422,62.8349,2.2618],[21.237,62.8297,7.3859],[21.2318,62.8286,0.0],[21.2266,62.8214,0.0],[21.2193,62.8224,4.1507],[21.2161,62.8193,0.0],[21.2109,62.8182,0.0],[21.2141,62.8151,2.1088],[21.2047,62.8141,0.0],[21.2057,62.8109,0.0],[21.2047,62.8089,0.0],[21.2078,62.8078,0.0],[21.2057,62.8047,0.0],[21.1938,62.8042,0.545],[21.1859,62.8068,0.0],[21.1755,62.813,5.0956],[21.1766,62.8161,2.0149],[21.175,62.8167,1.5774],[21.1708,62.8146,1.5383],[21.1542,62.8146,0.0],[21.15,62.8125,0.3713],[21.1422,62.812,0.7138],[21.1411,62.8089,12.4935],[21.1359,62.8078,0.0],[21.1375,62.8042,0.0],[21.1359,62.8016,0.2415],[21.137,62.7984,0.0],[21.1271,62.8,2.5715],[21.1193,62.7974,0.0],[21.1286,62.7932,1.5518],[21.125,62.7875,0.6201],[21.1271,62.7833,2.5084],[21.1255,62.7797,0.0],[21.1286,62.7745,4.9428],[21.1276,62.7714,0.0],[21.137,62.7661,0.0],[21.1339,62.7609,0.0],[21.137,62.7599,0.0],[21.1443,62.7505,0.0],[21.15,62.7479,0.0],[21.1646,62.7479,0.0],[21.1688,62.75,0.0],[21.1771,62.75,0.0],[21.1786,62.7495,0.0],[21.1776,62.7464,0.0],[21.1807,62.7453,0.0],[21.1786,62.7422,6.5238],[21.1734,62.7411,9.7219],[21.1745,62.7359,0.0],[21.1734,62.7339,0.0],[21.1766,62.7328,3.8261],[21.1745,62.7297,0.0],[21.1693,62.7286,0.0],[21.1641,62.7214,0.242],[21.1563,62.7208,1.9782],[21.1516,62.7172,0.0],[21.1464,62.7161,0.0],[21.1443,62.712,0.0],[21.1474,62.7057,0.0],[21.1458,62.7042,0.0]]],
[[[21.2438,62.8917,5.4792],[21.2422,62.8901,1.9432],[21.2458,62.8875,0.0],[21.2521,62.8875,10.0863],[21.2521,62.8896,7.8771],[21.2536,62.8901,0.0],[21.2521,62.8917,0.6196],[21.2438,62.8917,5.4792]]],
[[[21.1896,62.8292,4.6752],[21.1818,62.8286,1.0317],[21.1818,62.8255,3.658],[21.1891,62.8255,0.0],[21.1911,62.8276,0.572],[21.1896,62.8292,4.6752]]],
[[[21.2318,62.8474,6.0371],[21.237,62.8484,0.0],[21.2417,62.8521,0.0],[21.2417,62.8542,0.0],[21.238,62.8547,10.8103],[21.2328,62.862,4.3593],[21.2208,62.8625,2.3443],[21.2193,62.8609,0.0],[21.2224,62.8589,0.0],[21.2146,62.8583,11.7979],[21.2083,62.8625,0.0],[21.1901,62.8651,3.4865],[21.1911,62.8682,0.0],[21.1896,62.8688,3.4506],[21.1813,62.8688,0.0],[21.1771,62.8708,0.0],[21.1646,62.8708,1.2321],[21.163,62.8693,4.7418],[21.1682,62.8651,7.6582],[21.1646,62.8625,0.0],[21.1604,62.8646,0.0],[21.1542,62.8646,0.0],[21.15,62.8625,10.2917],[21.1458,62.8646,0.0],[21.1417,62.8625,9.3031],[21.1297,62.862,0.0],[21.1276,62.8589,1.6034],[21.1328,62.8578,0.0],[21.1333,62.8563,0.0],[21.1286,62.8505,0.0],[21.1167,62.85,2.6746],[21.1063,62.8458,3.9611],[21.0984,62.8453,0.0],[21.1,62.8438,0.0],[21.1057,62.8432,2.7397],[21.1078,62.8401,2.0805],[21.0964,62.837,1.3875],[21.0958,62.8354,2.325],[21.0984,62.8318,0.9799],[21.1042,62.8292,0.0],[21.1167,62.8292,2.2443],[21.1229,62.8333,4.1852],[21.1271,62.8312,0.3742],[21.1396,62.8312,3.9257],[21.1437,62.8271,0.0],[21.1479,62.8292,0.0],[21.1792,62.8312,0.0],[21.1833,62.8333,2.6513],[21.1979,62.8333,1.9372],[21.2042,62.8375,0.0],[21.2188,62.8375,0.0],[21.2245,62.8422,0.0],[21.2255,62.8453,0.0],[21.2318,62.8474,6.0371]]],
[[[21.1151,62.862,0.7949],[21.1125,62.8583,0.0],[21.1151,62.8547,0.0],[21.1286,62.8547,4.0516],[21.1224,62.8599,0.0],[21.1151,62.862,0.7949]]],
[[[21.1745,62.888,0.5402],[21.1729,62.8896,0.0],[21.1672,62.8891,1.0319],[21.1688,62.8875,0.0],[21.1745,62.888,0.5402]]],
[[[21.2443,62.8943,0.0],[21.2458,62.8937,0.0],[21.2474,62.8953,6.6411],[21.2458,62.8958,6.5536],[21.2443,62.8943,0.0]]],
[[[21.2005,62.9245,1.4384],[21.2036,62.9286,0.0],[21.1938,62.9313,0.0],[21.1854,62.9313,0.42],[21.1786,62.9255,2.1862],[21.1734,62.9245,1.6465],[21.1672,62.9151,0.0],[21.1703,62.9141,0.0],[21.1776,62.9047,0.0],[21.1839,62.9005,0.0],[21.1896,62.9,3.3073],[21.1953,62.8974,3.2407],[21.2057,62.8891,0.0],[21.2057,62.8859,0.0],[21.2021,62.8812,4.9784],[21.2047,62.8776,0.0],[21.225,62.8729,0.9345],[21.2266,62.8724,0.9345],[21.2255,62.8693,0.0],[21.237,62.8672,4.741],[21.2417,62.8729,0.0],[21.2359,62.8786,10.9651],[21.2411,62.8849,0.0],[21.2359,62.888,0.0],[21.237,62.8932,0.7833],[21.2318,62.8974,1.567],[21.2411,62.9047,6.9603],[21.2391,62.9099,0.0],[21.2271,62.9146,0.0],[21.2214,62.9141,6.6305],[21.2167,62.9104,0.0],[21.2109,62.9109,0.0],[21.212,62.9141,0.0],[21.2005,62.9151,0.0],[21.2057,62.9182,5.5183],[21.2005,62.9214,0.0],[21.2005,62.9245,1.4384]]],
[[[21.2536,62.9526,0.0],[21.2505,62.9536,12.7625],[21.2484,62.9505,4.676],[21.2516,62.9505,0.0],[21.2536,62.9526,0.0]]],
[[[21.2578,62.9589,6.4794],[21.2547,62.9599,7.3195],[21.2526,62.9568,12.3722],[21.2557,62.9568,0.0],[21.2578,62.9589,6.4794]]],
[[[21.0786,62.7432,0.0],[21.0646,62.7438,0.0],[21.0604,62.7458,0.0],[21.0505,62.7411,0.0],[21.0516,62.7359,0.8784],[21.0505,62.7339,0.0],[21.0536,62.7318,10.352],[21.0484,62.7245,0.0],[21.0516,62.7214,0.0],[21.0484,62.7172,0.0],[21.0536,62.7141,7.7222],[21.0526,62.7109,0.0],[21.0589,62.7068,0.0],[21.0766,62.7068,0.0],[21.0818,62.7141,8.5908],[21.0932,62.7234,0.3402],[21.088,62.7276,0.6154],[21.0891,62.7307,0.0],[21.0839,62.7339,0.0],[21.0818,62.738,6.3408],[21.0828,62.7411,0.0],[21.0786,62.7432,0.0]]],
[[[21.0833,62.8917,0.0],[21.0875,62.8896,3.5455],[21.0932,62.8901,0.0],[21.0922,62.8932,0.0],[21.0932,62.8953,0.0],[21.0839,62.9005,0.9681],[21.0807,62.9057,0.0],[21.0776,62.9057,1.1742],[21.0755,62.9026,0.0],[21.0786,62.9016,3.134],[21.0776,62.8984,1.5236],[21.0807,62.8964,0.0],[21.0776,62.8922,0.0],[21.0833,62.8917,0.0]]],
[[[21.0422,62.9109,0.7995],[21.0453,62.9109,0.0],[21.0453,62.912,1.3521],[21.0438,62.9125,1.3809],[21.0422,62.9109,0.7995]]],
[[[21.0068,62.9193,0.4665],[21.0099,62.9193,0.5972],[21.0099,62.9203,0.0],[21.0068,62.9203,0.7011],[21.0068,62.9193,0.4665]]],
[[[21.1521,62.8979,0.0],[21.1563,62.8979,2.7558],[21.1604,62.8958,0.0],[21.1641,62.8995,0.0],[21.1583,62.9021,4.0496],[21.1484,62.9016,0.0],[21.1521,62.8979,0.0]]],
[[[21.0859,62.9245,0.0],[21.0839,62.9193,0.0],[21.0875,62.9167,0.0],[21.0953,62.9172,0.0],[21.0995,62.9234,0.0],[21.0979,62.925,0.0],[21.0859,62.9245,0.0]]],
[[[21.1349,62.9745,3.2759],[21.1188,62.9792,0.0],[21.113,62.9786,0.0],[21.125,62.9729,4.7995],[21.1333,62.9729,0.0],[21.1349,62.9745,3.2759]]],
[[[21.163,63.0026,4.2945],[21.1583,63.0042,9.6882],[21.1526,63.0026,0.0],[21.1506,63.0057,7.82],[21.1557,63.0078,0.0],[21.15,63.0104,1.6141],[21.1422,63.0078,4.7204],[21.1375,63.0042,11.9815],[21.1271,63.0042,0.0],[21.1234,63.0016,0.0],[21.1214,62.9964,0.0],[21.1286,62.9953,8.9416],[21.1349,62.9911,10.7891],[21.1339,62.988,0.0],[21.1391,62.9849,11.7992],[21.138,62.9818,0.0],[21.1411,62.9807,10.1521],[21.1401,62.9776,0.0],[21.1542,62.9771,0.0],[21.1583,62.9729,0.0],[21.1568,62.9703,1.5654],[21.1578,62.9651,8.7492],[21.15,62.9625,0.0],[21.1422,62.963,9.4557],[21.1495,62.9672,0.0],[21.1474,62.9703,9.7481],[21.1417,62.9729,0.0],[21.1359,62.9724,0.0],[21.137,62.9693,15.0532],[21.1354,62.9667,1.5515],[21.137,62.963,12.3447],[21.1359,62.9609,9.5919],[21.1391,62.9599,11.7838],[21.1411,62.9568,8.0807],[21.1359,62.9547,0.0],[21.1417,62.9521,0.0],[21.1474,62.9516,12.0343],[21.1521,62.9479,2.6341],[21.1578,62.9474,13.7474],[21.1625,62.9437,9.2076],[21.1786,62.9443,0.0],[21.1776,62.9495,0.0],[21.1833,62.9562,5.5917],[21.1995,62.9557,0.0],[21.2016,62.9516,4.9047],[21.1984,62.9453,0.7769],[21.2,62.9437,0.0],[21.2042,62.9437,1.7025],[21.2083,62.9458,2.019],[21.2224,62.9464,0.0],[21.2224,62.9495,0.0],[21.2172,62.9505,11.215],[21.2151,62.9547,7.4504],[21.2167,62.9583,0.0],[21.2151,62.9609,10.7051],[21.2161,62.9641,1.4118],[21.213,62.9651,3.9317],[21.2141,62.9682,0.0],[21.2089,62.9714,11.6673],[21.2104,62.975,0.0],[21.2089,62.9786,11.0351],[21.2141,62.9859,0.0],[21.2109,62.988,0.0],[21.212,62.9911,0.0],[21.2062,62.9896,7.3592],[21.1958,62.9896,5.2071],[21.1943,62.9901,11.3322],[21.1953,62.9932,3.2766],[21.1896,62.9938,10.4755],[21.1776,62.9984,0.0],[21.1786,63.0016,0.0],[21.1688,63.0042,0.0],[21.163,63.0026,4.2945]]],
[[[20.9583,62.9583,4.9665],[20.962,62.962,0.0],[20.9547,62.963,4.6734],[20.95,62.9667,0.0],[20.9464,62.9661,0.0],[20.9464,62.963,1.6478],[20.9484,62.9609,0.0],[20.9542,62.9583,0.0],[20.9583,62.9583,4.9665]]],
[[[21.0401,62.9745,1.8882],[21.0432,62.9724,1.2678],[21.0422,62.9693,0.0],[21.0438,62.9688,0.0],[21.0495,62.9734,0.0],[21.0464,62.9755,1.52],[21.0474,62.9786,1.9932],[21.0458,62.9792,0.9687],[21.0401,62.9745,1.8882]]],
[[[20.813,62.9755,0.9427],[20.8146,62.975,0.4641],[20.8161,62.9766,1.2923],[20.8146,62.9771,2.0482],[20.813,62.9755,0.9427]]],
[[[20.8458,62.975,0.0],[20.8417,62.975,7.5588],[20.838,62.9776,7.7764],[20.8354,62.9833,0.0],[20.8391,62.9891,0.0],[20.8359,62.9901,2.3009],[20.837,62.9932,1.8918],[20.8349,62.9953,0.0],[20.8292,62.9979,1.2],[20.8255,62.9953,0.0],[20.8234,62.9911,1.4323],[20.8245,62.9859,0.0],[20.8146,62.9854,0.7456],[20.8125,62.9833,0.0],[20.813,62.9818,0.0],[20.8224,62.9786,2.012],[20.8255,62.9734,0.6612],[20.8307,62.9703,0.0],[20.8276,62.9651,0.0],[20.8396,62.9604,0.0],[20.8474,62.9609,0.0],[20.8443,62.9641,2.8654],[20.8484,62.9682,2.3434],[20.8536,62.9693,0.0],[20.8563,62.9729,0.0],[20.8661,62.9734,0.0],[20.8682,62.9786,1.7943],[20.8625,62.9771,0.0],[20.85,62.9771,0.4292],[20.8458,62.975,0.0]]],
[[[20.8458,62.9917,1.0416],[20.8474,62.9932,0.0],[20.8422,62.9932,4.0134],[20.8422,62.9922,2.9167],[20.8458,62.9917,1.0416]]],
[[[20.9891,63.0057,0.0],[20.9813,63.0062,2.3528],[20.9797,63.0047,1.1081],[20.9875,63.0042,0.0],[20.9891,63.0057,0.0]]],
[[[20.8375,63.0083,0.0],[20.8339,63.0047,0.0],[20.8375,63.0021,0.0],[20.8391,63.0026,0.0],[20.838,63.0057,1.6924],[20.8391,63.0078,0.0],[20.8375,63.0083,0.0]]],
[[[20.8401,63.013,0.0],[20.8354,63.0146,1.9547],[20.8333,63.0125,0.0],[20.8354,63.0104,2.3951],[20.8396,63.0104,0.0],[20.8411,63.0109,0.0],[20.8401,63.013,0.0]]],
[[[21.2604,63.0021,0.0],[21.262,63.0036,0.0],[21.2438,63.0062,0.0],[21.2422,63.0057,0.0],[21.2432,63.0005,5.656],[21.2411,62.9984,0.0],[21.2318,62.9995,0.0],[21.2307,62.9964,0.0],[21.2255,62.9953,5.9286],[21.2214,62.9901,0.0],[21.2276,62.9859,0.0],[21.2417,62.9833,1.1986],[21.25,62.9917,0.0],[21.2443,62.9974,0.0],[21.2479,62.9979,2.7559],[21.2521,62.9958,0.0],[21.2599,62.9984,0.0],[21.2568,63.0016,0.0],[21.2604,63.0021,0.0]]],
[[[21.2938,63.0062,14.4221],[21.2896,63.0062,8.0778],[21.288,63.0047,0.0],[21.2917,63.0021,4.4627],[21.2979,63.0021,0.0],[21.3016,63.0047,10.0376],[21.3,63.0062,6.5151],[21.2938,63.0062,14.4221]]],
[[[21.2964,63.0089,0.0],[21.2995,63.0089,0.0],[21.2995,63.0099,0.0],[21.2964,63.0099,0.0],[21.2964,63.0089,0.0]]],
[[[21.2125,63.0125,0.0],[21.2109,63.013,7.4074],[21.212,63.0161,4.1105],[21.2047,63.0172,3.3892],[21.2026,63.0193,0.0],[21.2036,63.0245,1.1512],[21.2,63.0271,0.0],[21.1896,63.0271,0.0],[21.1859,63.0245,0.0],[21.1859,63.0214,4.3863],[21.1911,63.0172,0.0064],[21.1646,63.0167,5.004],[21.1609,63.0141,1.1435],[21.1708,63.0104,0.0],[21.1786,63.0099,0.0],[21.1818,63.0047,5.5515],[21.1891,63.0036,0.0],[21.188,63.0005,0.0],[21.2,62.9938,0.0],[21.2042,62.9958,1.0179],[21.2146,62.9958,0.0],[21.2286,63.0005,0.0],[21.2339,63.0078,0.0881],[21.2391,63.0089,0.0],[21.2411,63.0109,0.0],[21.237,63.0141,0.0],[21.2313,63.0146,1.8847],[21.2234,63.012,7.0574],[21.2203,63.0068,11.176],[21.2167,63.0062,3.8268],[21.213,63.0089,3.0239],[21.2141,63.012,0.0],[21.2125,63.0125,0.0]]],
[[[21.2839,63.0109,0.0],[21.2854,63.0104,0.0],[21.287,63.012,4.6315],[21.2854,63.0125,6.8151],[21.2839,63.0109,0.0]]],
[[[21.2641,63.0245,0.0],[21.2563,63.025,2.6061],[21.2547,63.0234,0.0],[21.2625,63.0229,0.0],[21.2641,63.0245,0.0]]],
[[[21.2813,63.0458,0.0],[21.2734,63.0432,0.0],[21.2734,63.0422,0.0],[21.287,63.0422,14.0304],[21.2813,63.0458,0.0]]],
[[[21.2307,63.0859,0.2738],[21.2292,63.0875,0.0],[21.2234,63.087,2.0562],[21.225,63.0854,2.7473],[21.2307,63.0859,0.2738]]],
[[[21.3208,63.0604,9.2228],[21.313,63.0599,0.0],[21.313,63.0568,0.0],[21.3188,63.0563,5.7429],[21.3229,63.0583,0.0],[21.3307,63.0589,10.9479],[21.3292,63.0604,13.6884],[21.3208,63.0604,9.2228]]],
[[[21.3312,63.0687,3.2988],[21.3328,63.0672,10.7338],[21.3276,63.0651,3.4652],[21.3411,63.0651,0.0],[21.338,63.0672,0.0],[21.3391,63.0703,0.0],[21.3297,63.0703,0.0],[21.3312,63.0687,3.2988]]],
[[[21.325,63.0729,0.0],[21.3172,63.0693,2.4092],[21.3245,63.0693,0.0],[21.3266,63.0714,5.2502],[21.325,63.0729,0.0]]],
[[[21.3089,63.0776,0.0],[21.3104,63.0771,2.936],[21.312,63.0786,2.9075],[21.3104,63.0792,0.4508],[21.3089,63.0776,0.0]]],
[[[21.3208,63.0854,6.1207],[21.3172,63.0839,0.0],[21.3245,63.0818,10.7641],[21.3224,63.0849,9.3079],[21.3208,63.0854,6.1207]]],
[[[21.3318,63.0901,0.0],[21.3375,63.0896,0.0],[21.3391,63.0911,9.2088],[21.3297,63.0932,12.4042],[21.3318,63.0901,0.0]]],
[[[21.3125,63.0938,4.755],[21.3047,63.0901,0.0],[21.3146,63.0896,6.056],[21.3224,63.0922,3.7956],[21.3208,63.0938,0.0],[21.3125,63.0938,4.755]]],
[[[21.3516,63.0924,9.9152],[21.35,63.0938,4.8659],[21.3464,63.0932,13.1003],[21.3479,63.0917,13.0977],[21.3516,63.0924,9.9152]]],
[[[20.863,63.0161,2.9246],[20.8641,63.0182,0.0],[20.8625,63.0187,0.0],[20.8589,63.0151,1.6134],[20.8604,63.0146,1.488],[20.863,63.0161,2.9246]]],
[[[20.8672,63.0266,0.0],[20.8688,63.025,2.0136],[20.8703,63.0255,1.4186],[20.8703,63.0266,2.3767],[20.8672,63.0266,0.0]]],
[[[20.8141,63.0516,2.1055],[20.812,63.0536,4.9388],[20.8089,63.0536,5.3059],[20.8109,63.0505,0.0],[20.8141,63.0516,2.1055]]],
[[[20.8359,63.0536,0.0],[20.837,63.0578,0.0],[20.8271,63.0583,2.5357],[20.8229,63.0604,0.0],[20.8193,63.0578,0.9928],[20.8193,63.0547,2.1166],[20.8292,63.0542,2.2936],[20.8328,63.0505,0.0],[20.8271,63.05,0.0],[20.8208,63.0521,0.0],[20.8151,63.0484,0.0],[20.8172,63.0464,0.0],[20.8271,63.0438,0.0],[20.8333,63.0479,0.0],[20.8417,63.0479,0.0],[20.8458,63.0458,0.0],[20.8536,63.0484,0.8624],[20.8521,63.05,6.5427],[20.8438,63.05,5.5733],[20.8359,63.0536,0.0]]],
[[[20.8401,63.0661,3.5832],[20.8401,63.0651,5.5986],[20.8432,63.0651,7.8286],[20.8417,63.0667,0.0],[20.8401,63.0661,3.5832]]],
[[[20.8214,63.0661,3.817],[20.8224,63.0682,5.0516],[20.8208,63.0687,2.8044],[20.8172,63.0651,0.0],[20.8188,63.0646,0.0],[20.8214,63.0661,3.817]]],
[[[20.8453,63.0766,4.357],[20.8417,63.0792,0.0],[20.838,63.0755,0.0],[20.8438,63.075,0.0],[20.8453,63.0766,4.357]]],
[[[20.7286,63.0839,2.0808],[20.725,63.0792,1.8601],[20.7292,63.075,1.3639],[20.7349,63.0807,0.0],[20.7318,63.0818,3.5313],[20.7328,63.0849,0.0],[20.7286,63.0839,2.0808]]],
[[[21.1141,62.9943,0.0],[21.1125,62.9958,0.0],[21.0984,62.9964,2.6982],[21.0995,62.9995,0.0],[21.0979,63.0,0.0],[21.0901,62.9995,0.6356],[21.0964,62.9943,0.0],[21.1036,62.9932,7.2304],[21.113,62.9859,0.0],[21.1266,62.9859,0.0],[21.1224,62.9891,0.0],[21.113,62.9922,0.0],[21.1141,62.9943,0.0]]],
[[[21.1151,63.0078,2.6072],[21.1167,63.0062,0.0],[21.1182,63.0068,0.0],[21.1167,63.0083,2.4065],[21.1151,63.0078,2.6072]]],
[[[21.1245,63.0161,8.5612],[21.1234,63.013,0.0],[21.125,63.0125,0.0],[21.1297,63.0161,7.7922],[21.1349,63.0172,0.0],[21.1339,63.0224,0.6573],[21.1391,63.0286,0.0],[21.1354,63.0292,0.0],[21.1172,63.0224,0.0],[21.1182,63.0193,7.3833],[21.1172,63.0172,0.0],[21.1245,63.0161,8.5612]]],
[[[21.1432,63.1922,0.8131],[21.1401,63.188,0.4026],[21.1458,63.1854,1.7285],[21.1495,63.188,1.2289],[21.1495,63.1911,1.1979],[21.1474,63.1932,8.4646],[21.1432,63.1922,0.8131]]],
[[[20.8297,63.0911,2.9795],[20.8312,63.0896,0.0],[20.8328,63.0901,2.2146],[20.8328,63.0911,3.5922],[20.8297,63.0911,2.9795]]],
[[[20.7964,63.1078,6.1544],[20.8021,63.1083,0.0],[20.8063,63.1063,3.7871],[20.812,63.1109,0.0],[20.8068,63.1151,0.0],[20.8099,63.1224,1.823],[20.8026,63.1224,0.0],[20.7964,63.1161,1.3601],[20.788,63.1026,0.0],[20.7911,63.1026,0.9672],[20.7964,63.1078,6.1544]]],
[[[20.7333,63.1208,5.2952],[20.737,63.1214,0.0],[20.737,63.1224,0.0],[20.7318,63.1224,0.0],[20.7333,63.1208,5.2952]]],
[[[20.6104,63.2375,0.8675],[20.6005,63.2339,0.0],[20.6141,63.2339,0.4783],[20.6141,63.237,0.4405],[20.6104,63.2375,0.8675]]],
[[[21.125,63.2396,0.0],[21.1266,63.2411,5.0206],[21.1193,63.2411,1.2451],[21.1208,63.2396,2.8729],[21.125,63.2396,0.0]]],
[[[21.1234,63.3411,0.2655],[21.125,63.3396,0.0],[21.1266,63.3401,0.6744],[21.1266,63.3411,2.9241],[21.1234,63.3411,0.2655]]],
[[[21.1547,63.3536,0.0],[21.1547,63.3526,0.0],[21.1578,63.3526,0.0],[21.1578,63.3536,1.1491],[21.1547,63.3536,0.0]]],
[[[21.0964,63.3682,1.0053],[21.0979,63.3667,0.0],[21.0995,63.3672,0.0],[21.0979,63.3688,2.4079],[21.0964,63.3682,1.0053]]],
[[[20.6667,63.2458,0.0],[20.663,63.2453,0.0],[20.6625,63.2438,0.0],[20.6667,63.2396,1.5632],[20.6708,63.2417,2.4016],[20.6833,63.2417,0.0],[20.6854,63.2438,3.305],[20.6813,63.2479,5.8072],[20.6667,63.2458,0.0]]],
[[[21.0193,63.3328,2.818],[21.0208,63.3312,0.0],[21.0224,63.3318,0.0],[21.0208,63.3333,2.5541],[21.0193,63.3328,2.818]]],
[[[21.0974,63.3568,0.0],[21.0984,63.3599,1.6457],[21.1036,63.362,0.7205],[21.0958,63.3646,0.0],[21.0896,63.3646,0.0],[21.088,63.363,2.0645],[21.0938,63.3625,0.8881],[21.0953,63.3609,0.0],[21.0818,63.3557,0.0],[21.0792,63.3521,0.0],[21.0833,63.3479,0.0],[21.0922,63.3557,1.6326],[21.0974,63.3568,0.0]]],
[[[21.088,63.3703,1.7948],[21.0896,63.3688,0.0],[21.0911,63.3693,0.0],[21.0911,63.3703,0.0],[21.088,63.3703,1.7948]]],
[[[21.0943,63.3714,3.0442],[21.0958,63.3708,0.0],[21.0974,63.3724,2.5017],[21.0943,63.3724,0.9788],[21.0943,63.3714,3.0442]]],
[[[21.1271,63.4167,0.0],[21.1193,63.413,1.7084],[21.1313,63.4125,0.0],[21.1391,63.4151,0.0],[21.1375,63.4167,2.1861],[21.1271,63.4167,0.0]]],
[[[21.0547,63.413,1.7396],[21.0563,63.4125,0.6514],[21.0578,63.4141,1.7306],[21.0563,63.4146,0.1879],[21.0547,63.413,1.7396]]],
[[[21.0859,63.437,1.0985],[21.087,63.4391,0.0],[21.0771,63.4396,2.8069],[21.0729,63.4417,0.34],[21.0661,63.4359,2.6655],[21.0568,63.4349,0.6295],[21.0526,63.4307,0.0],[21.0557,63.4276,0.0],[21.0526,63.4245,0.0],[21.0526,63.4214,1.2085],[21.0604,63.4167,0.0],[21.0688,63.4167,3.5059],[21.0729,63.4146,1.4523],[21.0776,63.4182,1.4561],[21.0854,63.4208,5.4587],[21.0911,63.4193,0.0],[21.0891,63.4224,0.0],[21.0859,63.4234,0.0],[21.0911,63.4266,0.0],[21.087,63.4328,0.0],[21.0839,63.4339,0.0],[21.0859,63.437,1.0985]]],
[[[21.3464,63.1714,10.0664],[21.3417,63.1729,9.4049],[21.3396,63.1708,12.7107],[21.3401,63.1693,20.0559],[21.3458,63.1688,10.5876],[21.3474,63.1693,3.6318],[21.3464,63.1714,10.0664]]],
[[[21.3005,63.2609,0.0],[21.3021,63.2604,0.0],[21.3036,63.262,9.0297],[21.3021,63.2625,12.9495],[21.3005,63.2609,0.0]]],
[[[21.338,63.2797,1.6655],[21.3396,63.2792,0.0],[21.3411,63.2807,8.9079],[21.338,63.2807,0.0],[21.338,63.2797,1.6655]]],
[[[21.3339,63.2859,0.0],[21.3292,63.2875,0.0],[21.3271,63.2854,5.8279],[21.3276,63.2839,1.5418],[21.3333,63.2833,0.0],[21.3349,63.2839,3.0697],[21.3339,63.2859,0.0]]],
[[[21.2979,63.1021,3.2622],[21.2995,63.1036,1.3949],[21.2943,63.1036,0.0],[21.2943,63.1026,0.0],[21.2979,63.1021,3.2622]]],
[[[21.2979,63.1125,1.4826],[21.2938,63.1125,0.7938],[21.2922,63.1109,0.0],[21.2943,63.1089,0.0],[21.2979,63.1083,0.0],[21.3,63.1104,3.4583],[21.2979,63.1125,1.4826]]],
[[[21.263,63.2547,0.0],[21.2661,63.2547,2.894],[21.2661,63.2557,3.5758],[21.2646,63.2562,3.0472],[21.263,63.2547,0.0]]],
[[[21.2297,63.3609,0.0],[21.2318,63.3641,0.0],[21.237,63.3651,0.0],[21.2401,63.3682,0.4016],[21.2516,63.3714,0.0],[21.2536,63.3734,0.0],[21.2578,63.3797,0.0],[21.2547,63.3828,2.5593],[21.2568,63.3849,4.0092],[21.262,63.3859,0.0],[21.2604,63.3896,0.0],[21.262,63.3932,0.0],[21.2599,63.3953,0.0],[21.2542,63.3979,0.0],[21.2438,63.3979,0.0],[21.2333,63.3937,-0.5],[21.2229,63.3937,2.5532],[21.2182,63.3901,0.0],[21.2068,63.387,4.5567],[21.2057,63.3839,0.0],[21.2005,63.3828,6.4105],[21.1974,63.3797,7.8833],[21.188,63.3786,7.3913],[21.1859,63.3766,6.0382],[21.187,63.3714,0.0],[21.1818,63.3651,0.0],[21.1875,63.3625,0.0],[21.1917,63.3625,0.0],[21.1979,63.3667,4.3858],[21.2109,63.3589,0.0],[21.2208,63.3583,1.4883],[21.2286,63.3547,2.613],[21.2229,63.3542,3.774],[21.2188,63.3563,0.0],[21.2146,63.3563,0.0],[21.2042,63.3521,0.0],[21.1979,63.3521,0.0],[21.1938,63.3542,0.0],[21.1792,63.3542,0.0],[21.1755,63.3516,4.6275],[21.1745,63.3484,5.2626],[21.1651,63.3474,4.2637],[21.163,63.3453,0.0],[21.1641,63.3422,0.0],[21.1526,63.3391,1.537],[21.1578,63.3349,1.659],[21.1599,63.3307,9.1889],[21.1589,63.3276,0.0],[21.1651,63.3234,6.343],[21.1708,63.3229,10.0852],[21.1724,63.3214,5.7676],[21.1604,63.3208,10.6794],[21.15,63.325,0.0],[21.1396,63.325,0.0],[21.1193,63.3182,0.0],[21.1208,63.3167,6.3531],[21.1266,63.3161,0.0],[21.1286,63.3141,1.3482],[21.1286,63.3109,-0.5],[21.1255,63.3068,-0.5],[21.1286,63.3047,0.4209],[21.125,63.3042,15.8081],[21.1203,63.3078,11.9015],[21.1172,63.3078,11.0205],[21.113,63.3036,3.4515],[21.1161,63.3005,14.4182],[21.1104,63.2958,5.834],[21.1021,63.3042,4.4738],[21.0938,63.3042,3.9483],[21.0896,63.3063,0.9449],[21.0859,63.3036,0.0],[21.0901,63.2964,0.0],[21.0995,63.2911,3.5598],[21.088,63.287,8.1073],[21.0859,63.2839,2.4766],[21.088,63.2818,5.2295],[21.0938,63.2792,0.0],[21.1021,63.2792,0.0],[21.1063,63.2771,1.8267],[21.1104,63.2771,4.0334],[21.112,63.2766,0.0],[21.1109,63.2734,10.1218],[21.1208,63.2729,-0.5],[21.1224,63.2714,-0.5],[21.1021,63.2708,8.639],[21.0979,63.2729,8.4688],[21.0833,63.2729,3.6123],[21.0818,63.2714,4.3075],[21.0917,63.2646,2.699],[21.0979,63.2646,0.0],[21.1021,63.2667,11.1786],[21.112,63.2641,5.3627],[21.1099,63.2609,1.7961],[21.1047,63.2599,0.0],[21.1026,63.2568,0.0],[21.1307,63.2474,5.1193],[21.1297,63.2422,0.0],[21.137,63.2411,12.2151],[21.1359,63.238,1.8727],[21.1401,63.2318,0.0],[21.1474,63.2307,3.4983],[21.1464,63.2276,0.7418],[21.1495,63.2255,0.0],[21.1443,63.2245,10.714],[21.1401,63.2203,4.2999],[21.1432,63.2172,2.9516],[21.1401,63.213,4.139],[21.1432,63.212,2.7223],[21.1422,63.2089,0.0],[21.1432,63.2078,0.0],[21.1474,63.2057,2.4539],[21.1464,63.2026,3.2448],[21.1542,63.2042,0.0],[21.1578,63.2016,4.9572],[21.1526,63.1984,4.7709],[21.1641,63.1911,7.479],[21.163,63.188,2.8875],[21.1688,63.1854,0.0],[21.1875,63.1854,0.0],[21.1917,63.1875,0.0],[21.2021,63.1875,3.6409],[21.2062,63.1896,13.3854],[21.2125,63.1896,0.0],[21.2167,63.1875,0.0],[21.2203,63.1901,9.9793],[21.2172,63.1932,1.7476],[21.225,63.1937,0.0],[21.2266,63.1932,0.0],[21.2255,63.1901,0.0],[21.2328,63.1849,0.0],[21.2328,63.1818,0.0],[21.2276,63.1755,0.0],[21.2307,63.1745,0.0],[21.2297,63.1714,6.28],[21.2339,63.1693,0.0],[21.2458,63.1646,0.0],[21.2542,63.1646,1.9289],[21.2687,63.1583,3.6392],[21.3,63.1583,0.0],[21.3042,63.1563,8.4751],[21.3104,63.1604,0.0],[21.3146,63.1604,0.0],[21.3188,63.1583,0.0],[21.3266,63.1589,3.1716],[21.3214,63.1641,0.0],[21.3234,63.1682,12.6642],[21.3286,63.1693,3.4904],[21.3328,63.1745,0.0],[21.3125,63.175,9.9074],[21.3089,63.1786,0.7106],[21.3208,63.1792,0.0],[21.3286,63.1818,1.6014],[21.3276,63.1849,0.0],[21.3328,63.1859,0.0],[21.3339,63.1891,0.0],[21.3391,63.1901,0.0],[21.338,63.1932,2.8022],[21.3432,63.1943,0.0],[21.3479,63.1979,2.4469],[21.3557,63.1984,3.6052],[21.3578,63.2026,0.0],[21.3568,63.2078,0.0],[21.3609,63.212,0.0],[21.3745,63.212,0.0],[21.3766,63.2099,3.6073],[21.3755,63.2068,2.8746],[21.3786,63.2057,7.2127],[21.3745,63.1984,10.9926],[21.3693,63.1932,0.0],[21.3724,63.1911,10.2158],[21.3714,63.188,1.4199],[21.3729,63.1875,7.743],[21.3807,63.188,1.7688],[21.3833,63.1917,0.0],[21.3937,63.1896,2.2502],[21.3953,63.1911,7.8942],[21.3922,63.1932,8.4213],[21.4,63.1958,0.0],[21.4141,63.1964,0.0],[21.4161,63.1995,0.0],[21.413,63.2016,0.0],[21.4167,63.2042,8.2527],[21.4208,63.2021,3.4083],[21.4313,63.2021,0.0],[21.4354,63.2042,0.0],[21.45,63.2042,0.5787],[21.4578,63.2109,4.7795],[21.4464,63.2151,10.5],[21.4443,63.2172,16.6322],[21.4453,63.2203,0.0],[21.4422,63.2214,7.3045],[21.4458,63.2271,2.7514],[21.4443,63.2307,0.678],[21.4474,63.2359,0.0],[21.4464,63.2411,5.799],[21.4516,63.2422,0.2093],[21.4495,63.2453,4.502],[21.4464,63.2464,0.3849],[21.4474,63.2495,0.0],[21.4453,63.2516,2.545],[21.4297,63.2609,6.284],[21.4276,63.263,2.9279],[21.4286,63.2661,0.0],[21.4214,63.2672,0.0154],[21.4224,63.2703,0.0],[21.4182,63.2724,4.3331],[21.4063,63.2708,10.339],[21.3984,63.2734,0.0],[21.3854,63.2813,0.0],[21.3813,63.2792,6.0233],[21.3693,63.2807,1.5267],[21.3703,63.2755,0.0],[21.3682,63.2714,0.0],[21.3604,63.2687,0.2409],[21.35,63.2687,2.1243],[21.3458,63.2708,5.0783],[21.338,63.2682,0.0],[21.3328,63.263,0.0277],[21.3214,63.2599,0.2274],[21.3188,63.2562,3.3949],[21.2958,63.2583,0.0],[21.287,63.2641,0.0],[21.2813,63.2646,2.2591],[21.2797,63.2641,6.8196],[21.2807,63.2609,0.0],[21.2755,63.2526,0.0],[21.2849,63.2484,0.7569],[21.2646,63.25,7.4179],[21.263,63.2484,0.0],[21.2724,63.2422,5.7877],[21.2609,63.2391,3.1454],[21.2563,63.2354,0.0],[21.2458,63.2354,10.9856],[21.2396,63.2396,0.0],[21.238,63.2391,1.7389],[21.2391,63.2359,3.919],[21.2318,63.2359,0.0],[21.2328,63.2391,0.0],[21.2161,63.2495,6.4646],[21.2089,63.2505,0.0],[21.2068,63.2536,0.0],[21.2125,63.2521,0.0],[21.2203,63.2526,0.0],[21.2193,63.2578,0.0],[21.2208,63.2604,0.0],[21.2193,63.2641,10.0201],[21.2245,63.2651,7.466],[21.2255,63.2682,0.0],[21.2318,63.2745,0.1166],[21.2432,63.2776,0.0],[21.2484,63.2849,0.0],[21.262,63.2859,2.3772],[21.2693,63.2953,9.4663],[21.2745,63.2964,6.7113],[21.2766,63.2984,0.0],[21.2734,63.3005,4.4185],[21.2745,63.3036,0.0],[21.2703,63.3099,0.0],[21.2625,63.3146,0.0],[21.2505,63.313,1.1394],[21.2474,63.3182,0.0],[21.2438,63.3208,1.8118],[21.2313,63.3208,5.4179],[21.2271,63.3229,0.0],[21.2208,63.3229,0.0],[21.213,63.3203,5.2947],[21.212,63.3172,2.2519],[21.2068,63.3161,1.7393],[21.2078,63.313,0.0],[21.1938,63.3083,0.0],[21.1891,63.312,6.641],[21.1839,63.312,7.9334],[21.1896,63.3063,0.0],[21.187,63.3026,13.9615],[21.1818,63.3016,6.6887],[21.1797,63.2995,0.0],[21.1849,63.2953,2.3651],[21.1797,63.2932,0.0],[21.1849,63.2891,3.8686],[21.1828,63.2839,0.0],[21.1813,63.2833,0.0],[21.1667,63.2833,2.8325],[21.1625,63.2854,0.0],[21.1563,63.2854,7.6375],[21.1521,63.2833,6.5505],[21.1375,63.2813,0.0],[21.1328,63.287,0.0],[21.1188,63.2896,8.4849],[21.1151,63.2922,3.7336],[21.1172,63.2953,1.9423],[21.125,63.2958,3.5041],[21.1292,63.2979,0.0],[21.1333,63.2958,3.0107],[21.1417,63.2958,0.0],[21.1458,63.2938,0.0],[21.1563,63.2938,1.5492],[21.1583,63.2958,0.0],[21.1568,63.2995,0.0],[21.1703,63.3005,0.0],[21.1724,63.3036,0.0],[21.1703,63.3057,10.5755],[21.163,63.3068,7.0909],[21.1589,63.3099,1.6149],[21.1729,63.3104,0.0],[21.1807,63.313,1.4186],[21.1854,63.3167,0.0],[21.1932,63.3172,4.2528],[21.1901,63.3203,6.7227],[21.1922,63.3224,0.0],[21.1974,63.3234,2.8939],[21.1995,63.3266,7.165],[21.1943,63.3297,4.232],[21.1922,63.3349,9.4975],[21.1979,63.3333,0.0],[21.2057,63.3339,7.9945],[21.2005,63.3391,0.0],[21.2083,63.3396,0.0],[21.2188,63.3438,0.0],[21.2307,63.3443,1.8069],[21.2297,63.3474,0.0],[21.2349,63.3484,0.0],[21.2359,63.3516,6.9405],[21.2411,63.3526,1.1426],[21.2391,63.3557,5.7499],[21.2297,63.3609,0.0]]],
[[[21.3729,63.2875,0.0],[21.3745,63.2891,0.0],[21.3714,63.2891,0.0],[21.3714,63.288,0.0],[21.3729,63.2875,0.0]]],
[[[21.3526,63.3693,2.9408],[21.35,63.3708,0.0],[21.3417,63.3708,6.8819],[21.3375,63.3729,0.2232],[21.3333,63.3729,0.7197],[21.3292,63.3708,5.5534],[21.3167,63.3708,0.8566],[21.3089,63.3682,0.0],[21.3078,63.3651,3.4544],[21.3026,63.3641,1.5347],[21.2974,63.3589,0.9653],[21.288,63.3578,0.0],[21.2891,63.3547,-1.0],[21.2875,63.3542,-0.3754],[21.2833,63.3563,0.0],[21.2792,63.3542,4.4429],[21.275,63.3563,0.0],[21.2667,63.3563,1.2527],[21.2651,63.3568,5.4433],[21.2661,63.3599,0.0],[21.2604,63.3625,4.7692],[21.2484,63.3557,0.0],[21.2516,63.3526,0.0],[21.2443,63.3422,0.0],[21.2474,63.3411,4.0373],[21.2495,63.338,0.0],[21.2474,63.3359,9.5444],[21.2422,63.3349,8.0325],[21.2417,63.3333,16.8089],[21.2438,63.3312,0.0],[21.2583,63.3312,0.0],[21.2625,63.3333,0.0],[21.2708,63.3333,2.8557],[21.2807,63.3307,1.2827],[21.2776,63.3234,0.0],[21.2807,63.3172,5.3148],[21.2776,63.3109,0.0],[21.2813,63.3083,0.0],[21.2938,63.3083,0.5438],[21.3,63.3063,0.0],[21.3026,63.3099,0.0],[21.3078,63.3109,0.0],[21.3146,63.3167,6.2691],[21.3208,63.3167,1.6422],[21.3312,63.3208,7.3589],[21.3354,63.3187,0.0],[21.3453,63.3182,0.0],[21.3443,63.3151,0.0],[21.35,63.3146,4.6118],[21.3516,63.313,0.0],[21.3479,63.3104,0.0],[21.3401,63.3099,0.0],[21.3359,63.3026,3.1271],[21.3391,63.3016,5.7064],[21.3411,63.2984,4.5749],[21.3359,63.2974,0.0],[21.3339,63.2953,3.2324],[21.3339,63.2922,3.4468],[21.3375,63.2896,1.6629],[21.3563,63.2896,0.0],[21.362,63.2943,0.0],[21.3714,63.3078,0.0],[21.3766,63.3089,0.4637],[21.3813,63.3125,-1.0],[21.3891,63.313,2.7214],[21.388,63.3161,2.1725],[21.3974,63.3172,1.3675],[21.3943,63.3193,0.0],[21.3953,63.3224,0.0],[21.3922,63.3276,0.0785],[21.3964,63.3349,0.2151],[21.4078,63.338,0.0],[21.4172,63.3495,9.8078],[21.4286,63.3526,0.0],[21.4271,63.3542,7.5574],[21.4208,63.3542,3.0161],[21.4167,63.3521,1.6197],[21.4047,63.3568,10.9091],[21.4063,63.3583,0.0],[21.4141,63.3589,0.0],[21.4047,63.3641,2.2161],[21.4125,63.3646,3.0565],[21.4141,63.3661,7.9334],[21.4083,63.3667,7.4703],[21.3979,63.3708,0.0],[21.3854,63.3667,1.5615],[21.3813,63.3667,9.4471],[21.3771,63.3688,0.0],[21.3688,63.3688,0.8731],[21.3646,63.3708,0.0],[21.3604,63.3688,3.7687],[21.3526,63.3693,2.9408]]],
[[[21.2333,63.3292,0.0],[21.2349,63.3307,13.1553],[21.2318,63.3307,14.461],[21.2318,63.3297,10.8045],[21.2333,63.3292,0.0]]],
[[[21.2188,63.3354,0.0],[21.2203,63.337,3.9803],[21.2172,63.337,0.0],[21.2172,63.3359,0.0],[21.2188,63.3354,0.0]]],
[[[21.3937,63.1688,0.0],[21.3974,63.1693,0.0],[21.4026,63.1745,8.5689],[21.4078,63.1766,0.0],[21.4021,63.1792,16.6497],[21.3958,63.175,0.0],[21.3901,63.1766,12.7704],[21.388,63.1745,12.0077],[21.388,63.1714,15.0757],[21.3901,63.1693,7.8816],[21.3937,63.1688,0.0]]],
[[[21.525,63.1937,0.0],[21.5286,63.1943,0.0],[21.5286,63.1953,0.0],[21.5234,63.1953,8.0818],[21.525,63.1937,0.0]]],
[[[21.4391,63.2005,8.0245],[21.4339,63.1984,0.0],[21.4396,63.1958,0.0],[21.4474,63.1984,5.7433],[21.4438,63.2021,0.0],[21.4391,63.2005,8.0245]]],
[[[21.4609,63.2036,6.6165],[21.4625,63.2021,14.5201],[21.4641,63.2026,10.5197],[21.4625,63.2042,0.0],[21.4609,63.2036,6.6165]]],
[[[21.4995,63.2047,0.0],[21.4979,63.2062,9.5762],[21.4901,63.2057,9.2207],[21.4917,63.2042,3.8985],[21.4995,63.2047,0.0]]],
[[[21.4167,63.2875,2.6439],[21.413,63.2891,12.9328],[21.4182,63.2901,7.8022],[21.4203,63.2932,0.0],[21.4161,63.2953,3.0939],[21.413,63.2953,4.9562],[21.4083,63.2917,10.5798],[21.4036,63.2953,3.1194],[21.3984,63.2953,9.4887],[21.4016,63.2932,13.6806],[21.4005,63.2901,4.366],[21.4068,63.2859,0.0],[21.4141,63.2849,16.3361],[21.4172,63.2797,0.0],[21.4255,63.2734,0.0],[21.4349,63.2734,4.9979],[21.4318,63.2755,9.2178],[21.4328,63.2786,0.0],[21.4297,63.2797,0.9565],[21.4307,63.2828,0.0],[21.4286,63.2849,0.0],[21.4167,63.2875,2.6439]]],
[[[21.3937,63.2917,0.0],[21.388,63.2911,8.4887],[21.3859,63.288,0.0],[21.3974,63.288,1.9774],[21.3937,63.2917,0.0]]],
[[[21.4297,63.2911,5.2064],[21.4297,63.2901,5.3207],[21.4328,63.2901,1.0669],[21.4328,63.2911,0.3971],[21.4297,63.2911,5.2064]]],
[[[21.3891,63.2943,7.8637],[21.3859,63.2953,1.5873],[21.3839,63.2922,0.0],[21.387,63.2922,12.2522],[21.3891,63.2943,7.8637]]],
[[[21.3943,63.3005,0.0],[21.3958,63.3,11.2676],[21.3974,63.3016,13.6002],[21.3943,63.3016,5.5361],[21.3943,63.3005,0.0]]],
[[[21.588,63.3307,0.6027],[21.588,63.3297,0.0],[21.5911,63.3297,4.5444],[21.5911,63.3307,7.253],[21.588,63.3307,0.6027]]],
[[[21.6979,63.3354,17.4198],[21.6943,63.3349,14.3018],[21.6953,63.3318,22.0631],[21.6943,63.3297,7.412],[21.7036,63.3297,11.2101],[21.7005,63.3328,10.1653],[21.7057,63.3349,19.1773],[21.6979,63.3354,17.4198]]],
[[[21.6901,63.337,0.0],[21.6917,63.3354,0.0],[21.6932,63.3359,9.0358],[21.6917,63.3375,0.0],[21.6901,63.337,0.0]]],
[[[21.7057,63.338,0.0],[21.7057,63.3411,9.1795],[21.7042,63.3417,9.1491],[21.7005,63.3391,5.2454],[21.7021,63.3375,0.0],[21.7057,63.338,0.0]]],
[[[21.8089,63.2724,16.4981],[21.8099,63.2745,14.3504],[21.8083,63.275,14.4253],[21.8047,63.2745,0.0],[21.8042,63.2729,4.8476],[21.8063,63.2708,10.1602],[21.8089,63.2724,16.4981]]],
[[[21.9568,63.2911,25.6777],[21.9604,63.2958,0.0],[21.9589,63.2984,5.2559],[21.9599,63.3016,0.0],[21.9479,63.3021,4.2757],[21.9438,63.3,14.5032],[21.9396,63.3021,0.0],[21.9359,63.2995,6.627],[21.937,63.2943,15.5625],[21.9318,63.2932,8.1209],[21.9328,63.2901,14.3215],[21.9318,63.288,9.048],[21.937,63.2849,19.0187],[21.9359,63.2818,0.0],[21.9401,63.2797,0.0],[21.9521,63.2792,0.0],[21.9599,63.2818,0.0],[21.9589,63.287,6.9391],[21.9599,63.2891,0.0],[21.9568,63.2911,25.6777]]],
[[[21.8917,63.2875,12.2247],[21.8953,63.288,0.0],[21.8958,63.2896,0.0],[21.8953,63.2911,9.825],[21.8901,63.2922,13.3785],[21.8896,63.2938,12.9432],[21.8932,63.2995,4.0296],[21.8854,63.3,13.3476],[21.8813,63.2979,14.9216],[21.875,63.2979,0.0],[21.8714,63.2953,13.996],[21.8766,63.2911,0.0],[21.8797,63.2859,1.8898],[21.8875,63.2854,0.0],[21.8917,63.2875,12.2247]]],
[[[21.8188,63.2896,1.9731],[21.8266,63.2901,0.0],[21.8286,63.2932,0.0],[21.8104,63.3042,0.0],[21.8068,63.3016,-2.5],[21.8036,63.2964,12.5739],[21.7984,63.2953,2.902],[21.8,63.2938,0.0],[21.8083,63.2938,2.1794],[21.813,63.2901,0.0],[21.8188,63.2896,1.9731]]],
[[[21.9609,63.3068,14.9563],[21.9641,63.3016,14.3284],[21.963,63.2984,0.0],[21.9661,63.2984,0.0],[21.9682,63.3005,4.9324],[21.9672,63.3036,0.0],[21.9682,63.3078,4.2525],[21.9625,63.3083,14.8279],[21.9609,63.3068,14.9563]]],
[[[21.7932,63.3036,9.0603],[21.7911,63.3057,5.1287],[21.788,63.3057,0.0],[21.7901,63.3026,0.0],[21.7932,63.3036,9.0603]]],
[[[21.9708,63.3208,12.5389],[21.9651,63.313,12.6255],[21.9745,63.313,0.0],[21.9766,63.3182,5.9836],[21.9745,63.3203,10.7716],[21.9708,63.3208,12.5389]]],
[[[21.9891,63.3349,11.976],[21.9859,63.3349,3.9783],[21.9818,63.3297,13.2009],[21.9911,63.3297,0.0],[21.988,63.3318,10.9931],[21.9891,63.3349,11.976]]],
[[[22.0523,63.3292,0.0],[22.0557,63.3297,0.0],[22.0578,63.3318,2.1432],[22.0563,63.3333,10.2164],[22.0505,63.3339,11.1456],[22.0536,63.3391,15.6111],[22.0396,63.3375,5.6004],[22.0359,63.3349,13.1716],[22.0391,63.3328,8.8107],[22.038,63.3297,0.0],[22.0422,63.3276,4.9262],[22.0479,63.3271,0.0],[22.0523,63.3292,0.0]]],
[[[22.0036,63.3401,14.6008],[21.9984,63.3391,4.045],[22.0005,63.3339,9.9788],[22.0078,63.3339,1.877],[22.0099,63.337,7.4132999999999996],[22.0068,63.3391,4.1751],[22.012,63.3453,0.0],[22.0047,63.3474,0.0],[22.0026,63.3453,0.0],[22.0057,63.3432,2.2709],[22.0036,63.3401,14.6008]]],
[[[22.0245,63.387,8.0711],[22.0224,63.3911,0.0],[22.0109,63.3922,9.6882],[22.012,63.3953,2.8081],[22.0104,63.3958,3.9969],[22.0036,63.3901,0.0],[21.9984,63.3891,5.9848],[22.0016,63.3859,0.0],[21.9922,63.3849,9.6877],[21.9901,63.3828,14.4235],[21.9911,63.3776,0.0],[21.9891,63.3755,5.2846],[21.9839,63.3745,7.4458],[21.9724,63.3672,10.4943],[21.9672,63.3661,0.0],[21.9651,63.362,15.3372],[21.9661,63.3568,0.0],[21.9547,63.3557,0.0],[21.9578,63.3526,13.7368],[21.9495,63.3422,17.7944],[21.9443,63.3411,8.4712],[21.9464,63.3359,6.1613],[21.9562,63.3354,9.4505],[21.9604,63.3333,0.0],[21.9745,63.338,0.0],[21.9776,63.3411,4.2341],[21.9891,63.3443,2.4746],[21.9901,63.3474,0.0],[21.9979,63.35,0.0],[22.0083,63.35,4.9213],[22.0125,63.3479,0.0],[22.0167,63.3479,0.0],[22.0276,63.3401,0.0],[22.0396,63.3396,0.0],[22.0411,63.3411,0.0],[22.038,63.3432,11.5565],[22.0401,63.3453,0.0],[22.0516,63.3484,5.6486],[22.0568,63.3536,0.0],[22.0646,63.3563,0.0],[22.0708,63.3563,0.0],[22.0755,63.3599,0.0],[22.0932,63.3651,1.7433],[22.0922,63.3703,0.1857],[22.0932,63.3745,8.1638],[22.0854,63.375,4.5837],[22.0839,63.3766,0.0],[22.0958,63.3771,1.6576],[22.0995,63.3797,0.0],[22.0979,63.3812,0.0],[22.0922,63.3818,0.0],[22.0875,63.3875,1.9282],[22.0729,63.3854,6.4869],[22.0714,63.3859,4.8475],[22.0724,63.3891,10.7161],[22.0583,63.3896,0.0],[22.0542,63.3917,1.3044],[22.038,63.3911,2.5679],[22.0349,63.3859,5.5095],[22.0313,63.3833,0.0],[22.0234,63.3839,15.2203],[22.0245,63.387,8.0711]]],
[[[21.7068,63.3516,0.0],[21.7083,63.35,13.3795],[21.7099,63.3505,13.4891],[21.7083,63.3521,0.0],[21.7068,63.3516,0.0]]],
[[[21.7318,63.3807,5.9789],[21.7328,63.3828,5.9764],[21.7313,63.3833,10.4939],[21.7276,63.3797,4.7554],[21.7292,63.3792,9.1391],[21.7318,63.3807,5.9789]]],
[[[21.6578,63.387,1.7943],[21.65,63.3875,3.5058],[21.6484,63.3859,0.0],[21.6563,63.3854,0.0],[21.6578,63.387,1.7943]]],
[[[21.6891,63.3932,0.0],[21.675,63.3937,8.7084],[21.6734,63.3943,11.5842],[21.6745,63.3974,11.1556],[21.6729,63.3979,0.0],[21.6667,63.3937,15.5079],[21.6625,63.3958,7.5808],[21.6563,63.3937,16.4925],[21.65,63.3979,5.4451],[21.6443,63.3922,0.0],[21.6599,63.3911,0.0],[21.6609,63.388,7.568],[21.6661,63.387,10.0556],[21.6651,63.3818,3.6565],[21.6708,63.3812,0.0],[21.675,63.3833,15.6218],[21.6828,63.3839,5.7614],[21.6859,63.387,2.5344],[21.6911,63.388,12.8074],[21.6932,63.3911,0.0],[21.6891,63.3932,0.0]]],
[[[21.3667,62.2271,0.0],[21.3688,62.225,0.0],[21.3729,62.225,1.1012],[21.3771,62.2271,0.0],[21.3771,62.2292,0.0],[21.3708,62.2313,0.0],[21.3667,62.2271,0.0]]],
[[[21.3297,62.2818,1.4732],[21.3328,62.2818,0.0],[21.3328,62.2828,3.7762],[21.3312,62.2833,9.0439],[21.3297,62.2818,1.4732]]],
[[[21.2943,62.3005,3.5749],[21.3057,62.2984,0.0],[21.3047,62.3036,7.5439],[21.3057,62.3057,0.0],[21.2964,62.3036,5.3459],[21.2943,62.3005,3.5749]]],
[[[21.3089,62.3339,0.0],[21.312,62.3339,13.4529],[21.312,62.3349,15.1525],[21.3089,62.3349,0.0],[21.3089,62.3339,0.0]]],
[[[21.3745,62.9109,11.6957],[21.3693,62.9089,0.0],[21.3729,62.9063,0.0],[21.3766,62.9068,2.1952],[21.3786,62.912,5.2206],[21.3745,62.9109,11.6957]]],
[[[21.4125,62.9583,7.2049],[21.4005,62.9589,0.0],[21.3984,62.962,0.0],[21.4036,62.963,0.0],[21.4042,62.9646,0.0],[21.4,62.9688,10.9298],[21.3896,62.9688,0.0],[21.3854,62.9667,15.6895],[21.3776,62.9661,0.0],[21.375,62.9625,1.6159],[21.3563,62.9604,3.1321],[21.3547,62.9589,0.0],[21.3604,62.9562,0.0],[21.3646,62.9562,0.0],[21.375,62.9604,0.0],[21.3807,62.9568,0.0],[21.3755,62.9557,2.0458],[21.3724,62.9526,13.0096],[21.3672,62.9516,0.0],[21.3641,62.9484,8.315],[21.3547,62.9453,0.0],[21.3505,62.9401,9.782],[21.3536,62.9391,0.0],[21.3526,62.9359,10.121],[21.3609,62.9297,0.0],[21.3708,62.9271,0.0],[21.3828,62.9286,0.0],[21.3875,62.9229,9.0432],[21.3839,62.9182,0.0],[21.3839,62.9151,0.0],[21.3891,62.9141,1.9973],[21.388,62.9109,0.0],[21.3917,62.9104,0.0],[21.4016,62.9234,0.0],[21.4005,62.9286,0.0],[21.4125,62.9271,0.0],[21.4161,62.9297,0.0],[21.4182,62.9339,0.0875],[21.4141,62.9411,4.7089],[21.4083,62.9417,6.9899],[21.4047,62.9443,6.3116],[21.4057,62.9495,0.0],[21.4005,62.9516,0.0],[21.4083,62.9521,2.583],[21.4099,62.9536,0.0],[21.4042,62.9542,0.0],[21.4026,62.9557,2.5292],[21.4224,62.9568,0.0],[21.4266,62.9641,6.1668],[21.4089,62.9641,0.0],[21.4109,62.9609,0.0],[21.4141,62.9599,0.0],[21.4125,62.9583,7.2049]]],
[[[21.3104,62.35,10.3747],[21.3104,62.3479,0.0],[21.3141,62.3484,0.0],[21.3141,62.3495,0.0],[21.3104,62.35,10.3747]]],
[[[21.3458,62.9083,10.5156],[21.3417,62.9083,0.0],[21.3401,62.9068,3.2966],[21.3422,62.9047,0.0],[21.3458,62.9042,0.0],[21.3479,62.9063,0.0],[21.3458,62.9083,10.5156]]],
[[[21.3484,62.9193,5.1065],[21.3417,62.9208,0.0],[21.3375,62.9188,0.0],[21.3359,62.9193,0.0],[21.337,62.9224,10.0483],[21.3354,62.9229,4.7722],[21.325,62.9229,12.6781],[21.3214,62.9203,1.6287],[21.3255,62.9172,2.4523],[21.3333,62.9146,0.0],[21.3438,62.9167,3.2866],[21.3479,62.9146,2.1928],[21.3516,62.9172,0.0],[21.3484,62.9193,5.1065]]],
[[[21.3583,62.9708,0.0],[21.3609,62.9672,10.0294],[21.3667,62.9646,0.0],[21.3745,62.9672,0.0],[21.3771,62.9708,6.0852],[21.375,62.9729,12.9421],[21.3604,62.9729,12.3526],[21.3583,62.9708,0.0]]],
[[[21.5901,63.0901,1.9412],[21.5911,63.0932,0.0],[21.5839,63.0943,10.9595],[21.5797,63.0964,8.0523],[21.5807,63.0995,1.1791],[21.575,63.1,8.6589],[21.5714,63.0974,0.308],[21.5724,63.0943,7.7866],[21.5667,63.0938,0.0],[21.5625,63.0958,0.0],[21.5563,63.0896,4.522],[21.5589,63.0859,5.5205],[21.5651,63.0818,0.0],[21.5708,63.0812,0.0],[21.5755,63.0849,3.6612],[21.5833,63.0875,2.9398],[21.5911,63.088,0.0],[21.5901,63.0901,1.9412]]],
[[[21.5693,63.1005,1.4772],[21.5708,63.1,8.5795],[21.5724,63.1016,5.4344],[21.5708,63.1021,0.0],[21.5693,63.1005,1.4772]]],
[[[21.5313,63.1021,7.7476],[21.5411,63.1005,0.0],[21.5375,63.1042,12.7058],[21.5297,63.1036,5.3757],[21.5313,63.1021,7.7476]]],
[[[22.0422,63.2641,0.0],[22.0453,63.2682,0.0],[22.038,63.2693,18.9331],[22.0391,63.2724,0.0],[22.0313,63.2771,0.0],[22.0297,63.2766,13.0868],[22.0307,63.2714,4.0496],[22.0266,63.2672,15.7392],[22.0214,63.2661,3.1507],[22.0193,63.263,0.0],[22.0292,63.2604,0.0],[22.0396,63.2604,9.8641],[22.0422,63.2641,0.0]]],
[[[21.7797,63.2693,11.2515],[21.7813,63.2687,0.0],[21.7828,63.2703,0.0],[21.7813,63.2708,0.0],[21.7797,63.2693,11.2515]]],
[[[21.7568,63.2505,0.0],[21.7599,63.2505,0.0],[21.7599,63.2516,0.0],[21.7583,63.2521,10.0248],[21.7568,63.2505,0.0]]],
[[[21.763,63.2526,9.1735],[21.7661,63.2526,1.3878],[21.7661,63.2536,3.1188],[21.7646,63.2542,0.0],[21.763,63.2526,9.1735]]],
[[[21.5958,63.2604,0.0],[21.6021,63.2583,7.0411],[21.612,63.2641,0.0],[21.6068,63.2672,1.7032],[21.6078,63.2703,5.3372],[21.6021,63.2729,12.3317],[21.5979,63.2708,0.0],[21.5901,63.2703,7.0498],[21.5859,63.2661,0.0],[21.5922,63.2609,0.0],[21.5958,63.2604,0.0]]],
[[[21.6208,63.2792,0.0],[21.6151,63.2786,12.011],[21.613,63.2755,5.0054],[21.6203,63.2755,2.5134],[21.6224,63.2776,15.9115],[21.6208,63.2792,0.0]]],
[[[21.5812,63.2875,1.6985],[21.5776,63.287,0.2267],[21.5755,63.2818,2.0014],[21.5812,63.2813,0.0],[21.5839,63.2828,2.466],[21.5849,63.2849,7.7214],[21.5812,63.2875,1.6985]]],
[[[21.7047,63.2859,1.3534],[21.7078,63.2859,7.1994],[21.7078,63.287,8.7625],[21.7062,63.2875,6.8903],[21.7047,63.2859,1.3534]]],
[[[21.6932,63.2932,0.0],[21.7021,63.2875,4.0905],[21.7057,63.2901,0.0],[21.7036,63.2953,9.924],[21.7021,63.2958,0.0],[21.6938,63.2958,6.0703],[21.6922,63.2953,3.7839],[21.6932,63.2932,0.0]]],
[[[21.7068,63.3214,15.018],[21.7036,63.3245,0.0],[21.6938,63.3271,0.0],[21.6854,63.3187,6.5947],[21.6609,63.3224,1.3583],[21.662,63.3193,0.0],[21.6568,63.3182,6.842],[21.6536,63.313,9.9113],[21.6484,63.312,6.9457],[21.6464,63.3099,9.4559],[21.6495,63.3078,0.0],[21.6474,63.3047,7.936],[21.6339,63.3036,15.8681],[21.6354,63.3021,6.0353],[21.6432,63.3016,-1.0],[21.638,63.2995,11.0579],[21.6375,63.2979,7.8959],[21.6391,63.2943,3.6359],[21.6359,63.288,0.0],[21.6375,63.2854,9.149],[21.6339,63.2807,8.7661],[21.637,63.2776,6.7342],[21.6271,63.2771,15.4542],[21.6255,63.2755,5.371],[21.637,63.2745,0.0],[21.637,63.2714,15.8159],[21.6339,63.2672,0.0],[21.6391,63.2641,7.6652],[21.638,63.2609,1.189],[21.65,63.2562,1.4764],[21.6646,63.2562,-1.5],[21.6693,63.2599,6.1247],[21.6745,63.2609,10.2285],[21.6729,63.2646,6.7138],[21.6766,63.2703,0.0],[21.6734,63.2714,0.0],[21.6745,63.2745,3.3789],[21.6729,63.2771,2.5797],[21.6745,63.2807,7.4496],[21.6693,63.2849,0.0],[21.6786,63.2901,0.0],[21.6776,63.2953,0.0],[21.6896,63.2958,16.1845],[21.6932,63.2984,-0.0324],[21.6917,63.3021,4.4381],[21.6953,63.3078,0.0],[21.6922,63.3089,4.6968],[21.6901,63.312,8.8518],[21.6938,63.3146,9.5669],[21.6979,63.3125,0.0],[21.7078,63.312,1.9764],[21.7109,63.3068,0.0],[21.7161,63.3057,0.0],[21.7161,63.3026,13.3698],[21.713,63.2984,0.0],[21.7203,63.2932,2.6714],[21.7224,63.2891,10.504],[21.7214,63.2859,0.0],[21.7339,63.2776,0.0],[21.7563,63.2729,4.4735],[21.7646,63.2792,0.0],[21.7771,63.275,0.0],[21.7807,63.2776,0.0],[21.7776,63.2797,13.1177],[21.7807,63.2839,10.6772],[21.7776,63.2859,0.0],[21.7786,63.2891,1.8914],[21.7708,63.2938,9.2946],[21.7651,63.2922,0.0],[21.763,63.2964,0.0],[21.7641,63.2995,14.0388],[21.7568,63.3005,0.0],[21.7578,63.3036,12.3005],[21.7547,63.3047,-1.0],[21.7583,63.3083,-1.0],[21.7625,63.3063,1.7729],[21.7766,63.3109,10.0748],[21.7714,63.313,0.0],[21.7703,63.3161,0.0],[21.7646,63.3167,9.5017],[21.7583,63.3125,15.9456],[21.7542,63.3146,3.1226],[21.7526,63.3141,2.218],[21.7536,63.3109,5.1633],[21.7521,63.3104,1.2953],[21.7417,63.3104,0.0],[21.7375,63.3125,0.0],[21.7167,63.3125,1.4573],[21.7125,63.3146,1.7227],[21.7083,63.3146,0.0],[21.7047,63.3172,0.0],[21.7099,63.3193,0.0],[21.7068,63.3214,15.018]]],
[[[21.3464,62.9714,2.4253],[21.3495,62.9714,0.5288],[21.3495,62.9724,0.0],[21.3479,62.9729,0.0],[21.3464,62.9714,2.4253]]],
[[[21.3771,62.9833,3.1076],[21.3807,62.9849,1.5789],[21.3688,62.9896,0.0],[21.3526,62.9891,11.5577],[21.3583,62.9854,0.0],[21.3625,62.9875,0.0],[21.3708,62.9833,1.0153],[21.3771,62.9833,3.1076]]],
[[[21.325,62.9958,3.0004],[21.3292,62.9958,11.6123],[21.3307,62.9974,7.1041],[21.325,62.9979,10.7193],[21.325,63.0,0.0],[21.3193,62.9995,13.5586],[21.3193,62.9984,7.7075],[21.325,62.9958,3.0004]]],
[[[21.3599,63.0234,0.0],[21.3583,63.025,0.0],[21.3526,63.0245,5.9397],[21.3542,63.0229,0.0],[21.3599,63.0234,0.0]]],
[[[21.4167,62.9729,5.9964],[21.4109,62.9672,0.0],[21.4188,62.9667,0.0],[21.4266,62.9693,0.0],[21.4271,62.9708,4.7976],[21.425,62.9729,4.4278],[21.4167,62.9729,5.9964]]],
[[[21.3854,62.9792,13.9193],[21.3818,62.9776,0.0],[21.3875,62.975,0.0],[21.4021,62.975,0.0],[21.4042,62.9771,11.2649],[21.4021,62.9792,0.0],[21.3854,62.9792,13.9193]]],
[[[21.4479,63.0479,7.7275],[21.4458,63.0479,0.0],[21.4458,63.0458,0.6481],[21.4495,63.0464,15.6288],[21.4479,63.0479,7.7275]]],
[[[21.386,63.056,0.0],[21.3734,63.0589,0.0],[21.3745,63.062,11.3311],[21.3729,63.0625,12.783],[21.3625,63.0583,10.3418],[21.3526,63.0578,0.0],[21.3557,63.0557,0.0],[21.3547,63.0526,12.5284],[21.362,63.0516,0.0],[21.3667,63.0479,0.0],[21.3729,63.0479,0.0],[21.3771,63.05,5.7262],[21.3813,63.0479,0.0],[21.3854,63.05,15.5248],[21.3917,63.0479,13.5061],[21.3974,63.0505,6.0347],[21.3953,63.0536,9.4413],[21.386,63.056,0.0]]],
[[[21.4714,63.0734,0.0],[21.475,63.0729,7.1863],[21.475,63.075,5.0859],[21.4714,63.0745,3.3173],[21.4714,63.0734,0.0]]],
[[[21.4542,63.0792,0.0],[21.4557,63.0786,0.0],[21.4547,63.0755,0.0],[21.4562,63.075,0.0],[21.4641,63.0776,0.0],[21.462,63.0807,0.0],[21.4578,63.0828,3.2341],[21.4505,63.0828,3.2165],[21.4542,63.0792,0.0]]],
[[[21.4214,63.0922,10.9541],[21.4229,63.0917,1.2893],[21.4245,63.0932,5.3527],[21.4214,63.0932,6.0216],[21.4214,63.0922,10.9541]]],
[[[21.375,63.0958,0.5186],[21.3714,63.0943,7.5354],[21.3771,63.0917,0.0],[21.3875,63.0958,9.6451],[21.3937,63.0958,0.0],[21.3953,63.0974,0.0],[21.3792,63.0979,0.0],[21.375,63.0958,0.5186]]],
[[[21.4688,63.1146,0.0],[21.4714,63.1109,0.0],[21.4755,63.1089,11.9184],[21.4828,63.1089,1.3836],[21.4786,63.1161,16.4198],[21.4708,63.1167,14.9808],[21.4688,63.1146,0.0]]],
[[[21.4589,63.113,0.0],[21.4604,63.1125,0.0],[21.462,63.1141,13.6927],[21.4604,63.1146,10.8144],[21.4589,63.113,0.0]]],
[[[21.5214,63.1224,12.3752],[21.5224,63.1193,7.0878],[21.5208,63.1167,1.5053],[21.5229,63.1146,0.0],[21.5286,63.1151,0.0],[21.5328,63.1193,0.0],[21.5297,63.1214,15.6079],[21.5307,63.1245,0.0],[21.5292,63.125,0.0],[21.5214,63.1224,12.3752]]],
[[[21.5286,63.1276,0.0],[21.5266,63.1307,4.6264],[21.5208,63.1333,19.4196],[21.5208,63.1354,9.9544],[21.5172,63.1359,8.3607],[21.5141,63.1391,0.0],[21.5021,63.1396,13.3079],[21.5005,63.138,15.006],[21.5036,63.1359,14.9543],[21.5005,63.1318,0.0],[21.5036,63.1297,0.0],[21.4922,63.1286,13.6789],[21.4901,63.1234,0.0],[21.4953,63.1203,10.0629],[21.4922,63.1151,4.1982],[21.4979,63.1125,0.0],[21.5021,63.1125,8.0369],[21.5099,63.1203,0.0],[21.5042,63.1208,13.3406],[21.4984,63.1234,4.0764],[21.5005,63.1266,8.8483],[21.5146,63.1292,2.4304],[21.5208,63.125,0.0],[21.5286,63.1276,0.0]]],
[[[21.4854,63.1208,1.6891],[21.487,63.1224,2.9092],[21.4849,63.1266,0.0],[21.4797,63.1276,11.2984],[21.4807,63.1328,12.1258],[21.475,63.1333,15.8347],[21.4714,63.1307,0.0],[21.4745,63.1276,2.5378],[21.4714,63.1234,0.0],[21.4792,63.1188,0.0],[21.4854,63.1208,1.6891]]],
[[[21.4453,63.1339,5.4817],[21.4438,63.1354,14.7698],[21.438,63.1349,4.3014],[21.4396,63.1333,5.8847],[21.4453,63.1339,5.4817]]],
[[[21.3359,63.0943,13.243],[21.3391,63.0943,14.0127],[21.3391,63.0953,15.1845],[21.3375,63.0958,8.9777],[21.3359,63.0943,13.243]]],
[[[21.3547,63.0964,2.632],[21.3505,63.0974,1.1537],[21.3526,63.0943,2.7925],[21.3578,63.0943,0.0],[21.3547,63.0964,2.632]]],
[[[21.3651,63.1109,0.9146],[21.3682,63.1109,0.0],[21.3682,63.112,2.5288],[21.3651,63.112,0.0],[21.3651,63.1109,0.9146]]],
[[[21.3703,63.1703,11.8529],[21.3672,63.1693,4.5545],[21.3708,63.1646,6.8157],[21.3745,63.1682,15.7908],[21.3703,63.1703,11.8529]]],
[[[21.6193,63.2339,2.0176],[21.6208,63.2333,0.0],[21.6224,63.2349,0.0],[21.6208,63.2354,7.8851],[21.6193,63.2339,2.0176]]],
[[[21.7167,63.2458,9.2896],[21.7151,63.2453,0.0],[21.7161,63.2432,2.9872],[21.7193,63.2401,11.5159],[21.7229,63.2396,10.308],[21.7307,63.2422,0.0],[21.7328,63.2474,0.0],[21.7307,63.2516,0.0],[21.7208,63.2521,0.0],[21.7172,63.2495,13.1086],[21.7182,63.2464,1.5954],[21.7167,63.2458,9.2896]]],
[[[21.6563,63.25,5.6583],[21.6625,63.2479,0.5717],[21.6661,63.2484,0.0],[21.6604,63.2521,5.7063],[21.6547,63.2516,2.7526],[21.6563,63.25,5.6583]]],
[[[21.4745,63.1464,13.9203],[21.4693,63.1401,0.0],[21.4786,63.1401,0.0],[21.4755,63.1432,2.4431],[21.4786,63.1474,0.1328],[21.4745,63.1464,13.9203]]],
[[[21.4943,63.1547,0.0],[21.4953,63.1578,5.9068],[21.488,63.1589,13.1045],[21.4891,63.162,4.5975],[21.487,63.1641,0.0],[21.4776,63.1641,13.6538],[21.4807,63.1609,4.6089],[21.4776,63.1568,7.5719],[21.4839,63.1526,1.5051],[21.4911,63.1516,4.2527],[21.4839,63.1474,15.6967],[21.4896,63.1437,0.0],[21.4938,63.1479,4.1181],[21.5,63.1479,0.0],[21.5042,63.1458,4.5959],[21.5104,63.15,0.0],[21.5161,63.1474,8.2769],[21.5151,63.1443,6.5644],[21.5187,63.1417,2.4499],[21.5266,63.1484,-1.0],[21.5208,63.1521,0.0],[21.5125,63.1521,5.1979],[21.5083,63.1542,6.8916],[21.5042,63.1542,0.0],[21.5,63.1521,5.3633],[21.4943,63.1547,0.0]]],
[[[21.4033,63.1604,15.8311],[21.3875,63.1646,0.0],[21.3839,63.162,9.3284],[21.3917,63.1563,0.0],[21.4099,63.1589,7.8181],[21.4083,63.1604,13.6194],[21.4033,63.1604,15.8311]]],
[[[21.4,63.1667,0.0],[21.3964,63.1651,17.8516],[21.4,63.1625,0.0],[21.4078,63.163,0.0],[21.4036,63.1661,16.9048],[21.4,63.1667,0.0]]],
[[[22.2599,63.3307,0.0],[22.2568,63.3307,12.3427],[22.2505,63.3276,12.9073],[22.2563,63.3271,2.8294],[22.2599,63.3307,0.0]]],
[[[22.3422,63.3391,10.3118],[22.3438,63.3375,0.803],[22.3453,63.338,9.19],[22.3453,63.3391,10.2306],[22.3422,63.3391,10.3118]]],
[[[22.2297,63.3432,9.7522],[22.2313,63.3417,12.142],[22.2328,63.3422,8.7932],[22.2328,63.3432,6.5464],[22.2297,63.3432,9.7522]]],
[[[22.2297,63.3453,16.7833],[22.2307,63.3474,17.2273],[22.2292,63.3479,17.2273],[22.2255,63.3443,0.0],[22.2271,63.3438,13.7685],[22.2297,63.3453,16.7833]]],
[[[22.1917,63.4437,13.0034],[22.188,63.4401,0.0],[22.1953,63.438,12.3514],[22.1974,63.4411,0.0],[22.1917,63.4437,13.0034]]],
[[[22.1922,63.4807,1.0093],[22.1937,63.4792,0.0],[22.1953,63.4797,2.7824],[22.1937,63.4813,0.0],[22.1922,63.4807,1.0093]]],
[[[22.2036,63.4901,6.0366],[22.2005,63.4859,0.0],[22.2062,63.4833,0.0],[22.212,63.4839,0.7131],[22.2099,63.487,0.0],[22.2068,63.488,11.8275],[22.2078,63.4911,3.7909],[22.2036,63.4901,6.0366]]],
[[[22.437,63.4974,0.0],[22.4339,63.4974,0.0],[22.4297,63.4922,0.0],[22.4391,63.4943,0.0],[22.437,63.4974,0.0]]],
[[[22.4057,63.5109,0.0],[22.4047,63.5089,0.0],[22.4078,63.5078,7.7244],[22.4068,63.5047,0.0],[22.4083,63.5042,5.3861],[22.4188,63.5042,7.4765],[22.4229,63.5083,0.0],[22.4188,63.5125,0.0],[22.4083,63.5125,8.575],[22.4057,63.5109,0.0]]],
[[[22.1703,63.5203,5.1972],[22.1667,63.5208,3.273],[22.1651,63.5193,0.0],[22.1724,63.5172,3.0369],[22.1703,63.5203,5.1972]]],
[[[22.4536,63.5724,7.4113],[22.4495,63.5786,0.0],[22.4422,63.5797,9.5039],[22.4349,63.5849,8.2619],[22.4214,63.5849,0.0],[22.4193,63.5797,0.0],[22.4214,63.5755,0.0],[22.4255,63.5693,0.0],[22.4307,63.5682,10.5706],[22.4328,63.5641,0.0],[22.4297,63.5589,0.0],[22.437,63.5578,0.0],[22.4411,63.5557,0.0],[22.4432,63.5526,3.0061],[22.4318,63.5495,0.0],[22.4349,63.5464,13.4457],[22.4276,63.5391,0.0],[22.4286,63.5339,9.7972],[22.4255,63.5307,0.0],[22.4271,63.5292,0.0],[22.4328,63.5286,3.9312],[22.437,63.5255,12.0225],[22.4292,63.525,0.0],[22.425,63.5271,0.0],[22.4208,63.5271,11.7407],[22.4172,63.5234,0.0],[22.4271,63.5208,0.0],[22.4313,63.5208,0.2756],[22.4354,63.5229,0.0],[22.4396,63.5208,0.0],[22.4458,63.5208,0.0],[22.4536,63.5234,0.0],[22.4521,63.525,0.0],[22.4464,63.5255,0.0],[22.4401,63.5297,0.088],[22.4417,63.5313,2.4661],[22.4479,63.5313,0.0],[22.4521,63.5292,6.9813],[22.4557,63.5318,0.0],[22.4542,63.5333,0.1933],[22.4484,63.5339,0.0],[22.4495,63.537,0.0],[22.4464,63.538,0.0],[22.4474,63.5411,0.0],[22.4464,63.5432,0.0],[22.4479,63.5438,9.2079],[22.4578,63.5411,0.0],[22.4568,63.538,0.2881],[22.4589,63.5359,0.2624],[22.4661,63.5339,0.0],[22.4646,63.5375,0.0],[22.4661,63.5411,0.4719],[22.4646,63.5438,0.1384],[22.4661,63.5474,0.0],[22.4609,63.5505,0.2298],[22.462,63.5536,0.0],[22.4583,63.5563,0.0],[22.4526,63.5568,0.0],[22.4557,63.562,0.0],[22.4495,63.5661,0.0],[22.4422,63.5672,3.1932],[22.4443,63.5724,2.1056],[22.4479,63.5729,0.0],[22.4521,63.5708,0.0],[22.4536,63.5724,7.4113]]],
[[[22.1313,63.3771,11.9694],[22.1255,63.3724,2.5551],[22.1255,63.3693,0.0],[22.1354,63.3688,0.0],[22.1411,63.3734,0.0],[22.137,63.3766,11.5593],[22.1313,63.3771,11.9694]]],
[[[22.1682,63.3807,13.1323],[22.1646,63.3833,1.7666],[22.1609,63.3797,7.7483],[22.1667,63.3792,2.5182],[22.1682,63.3807,13.1323]]],
[[[22.1339,63.3891,0.0],[22.1339,63.388,6.3205],[22.137,63.388,12.3051],[22.137,63.3891,7.3742],[22.1339,63.3891,0.0]]],
[[[21.7875,63.4,11.2203],[21.7813,63.4,6.14],[21.7797,63.3984,0.0],[21.7833,63.3958,4.8889],[21.7953,63.3964,5.5849],[21.7932,63.3995,0.0],[21.7875,63.4,11.2203]]],
[[[22.1932,63.3766,3.7893],[22.1896,63.3792,0.0],[22.1859,63.3786,15.6297],[22.1854,63.3771,13.9869],[22.1875,63.375,9.0383],[22.1917,63.375,12.2188],[22.1932,63.3766,3.7893]]],
[[[22.1958,63.4208,9.8902],[22.1917,63.4208,5.5326],[22.1901,63.4193,0.0],[22.1958,63.4167,9.4705],[22.1995,63.4203,9.3443],[22.1958,63.4208,9.8902]]],
[[[22.1818,63.4203,9.0561],[22.1828,63.4224,3.5692],[22.1813,63.4229,3.7713],[22.1776,63.4193,0.0],[22.1792,63.4188,0.0],[22.1818,63.4203,9.0561]]],
[[[22.1672,63.4307,0.0],[22.1688,63.4292,0.0],[22.1703,63.4297,4.8539],[22.1688,63.4313,2.3281],[22.1672,63.4307,0.0]]],
[[[21.6932,63.3964,0.0],[21.6917,63.3979,0.0],[21.6839,63.3974,8.3342],[21.6854,63.3958,14.8462],[21.6932,63.3964,0.0]]],
[[[21.7557,63.3984,0.0],[21.7542,63.4,0.0],[21.7464,63.3995,0.0],[21.7479,63.3979,8.3666],[21.7557,63.3984,0.0]]],
[[[21.7208,63.4104,0.0],[21.7224,63.412,10.8213],[21.7151,63.412,11.9549],[21.7167,63.4104,0.0],[21.7208,63.4104,0.0]]],
[[[21.6693,63.4141,7.8695],[21.6708,63.4125,3.0716],[21.6724,63.413,12.8965],[21.6708,63.4146,11.1568],[21.6693,63.4141,7.8695]]],
[[[21.7901,63.4078,13.9952],[21.7911,63.4099,14.4479],[21.7896,63.4104,15.1091],[21.7859,63.4068,12.1341],[21.7875,63.4063,17.9347],[21.7901,63.4078,13.9952]]],
[[[21.7922,63.4161,14.1459],[21.7922,63.4151,19.59],[21.7953,63.4151,13.2544],[21.7953,63.4161,0.0],[21.7922,63.4161,14.1459]]],
[[[21.8045,63.4208,17.8798],[21.8005,63.4203,17.5549],[21.7984,63.4172,8.1575],[21.8057,63.4172,0.0],[21.8078,63.4203,9.2081],[21.8045,63.4208,17.8798]]],
[[[21.7964,63.4224,5.1295],[21.7979,63.4208,16.7983],[21.7995,63.4214,17.7278],[21.7979,63.4229,16.1145],[21.7964,63.4224,5.1295]]],
[[[21.6755,63.4161,8.5179],[21.6755,63.4151,12.6437],[21.6786,63.4151,13.4032],[21.6786,63.4161,6.8758],[21.6755,63.4161,8.5179]]],
[[[21.7005,63.4182,14.01],[21.7021,63.4167,15.2917],[21.7036,63.4172,18.839],[21.7021,63.4188,16.2311],[21.7005,63.4182,14.01]]],
[[[21.7104,63.4333,8.5975],[21.712,63.4349,8.6241],[21.7047,63.4349,9.3039],[21.7062,63.4333,11.703],[21.7104,63.4333,8.5975]]],
[[[21.7479,63.4479,8.1892],[21.7422,63.4484,5.4057],[21.7495,63.4526,7.9359],[21.7458,63.4562,0.0],[21.7422,63.4557,5.1149],[21.7396,63.4521,5.6302],[21.725,63.4521,0.0],[21.7188,63.4542,2.2167],[21.7167,63.4521,0.0],[21.7182,63.4484,0.0],[21.713,63.4474,4.7268],[21.7109,63.4443,7.1936],[21.7167,63.4417,0.0],[21.7307,63.4411,1.7656],[21.7255,63.4391,0.0],[21.7234,63.4359,12.831],[21.7292,63.4333,0.0],[21.7349,63.4328,0.0],[21.7297,63.4297,10.2759],[21.7375,63.4271,9.8876],[21.7417,63.4292,9.0226],[21.7516,63.4297,12.9728],[21.75,63.4313,14.466],[21.7443,63.4318,0.0],[21.7479,63.4375,15.6129],[21.7422,63.4432,7.8824],[21.75,63.4437,13.1382],[21.7557,63.4422,0.0],[21.7536,63.4453,0.0],[21.7479,63.4479,8.1892]]],
[[[21.7792,63.4271,14.6432],[21.7828,63.4276,14.8941],[21.7828,63.4286,11.8121],[21.7776,63.4286,17.8035],[21.7792,63.4271,14.6432]]],
[[[21.8132,63.4273,11.3119],[21.8141,63.4286,8.0157],[21.8125,63.4292,0.0],[21.8068,63.4286,13.1333],[21.8083,63.4271,13.0478],[21.8132,63.4273,11.3119]]],
[[[22.0807,63.4339,9.7036],[22.0797,63.4318,5.282],[22.0859,63.4276,9.8845],[22.0995,63.4276,0.0],[22.0964,63.4307,0.0],[22.1,63.4354,0.0],[22.0958,63.4396,8.7447],[22.0839,63.437,8.1888],[22.0807,63.4339,9.7036]]],
[[[21.8125,63.45,14.6152],[21.8089,63.4505,17.0046],[21.8099,63.4536,6.4946],[21.8026,63.4547,8.5597],[21.7979,63.4583,0.0],[21.7833,63.4583,8.2505],[21.7818,63.4568,0.0],[21.7849,63.4557,10.7317],[21.7839,63.4526,0.0],[21.7849,63.4505,0.0],[21.7797,63.4495,9.7038],[21.7776,63.4464,0.0],[21.7875,63.4458,0.0],[21.7974,63.4432,12.1404],[21.7953,63.4401,10.5878],[21.7901,63.4391,0.0],[21.7932,63.4359,15.1218],[21.7901,63.4328,16.3523],[21.7901,63.4297,0.0],[21.8146,63.4313,0.0],[21.8203,63.4297,8.5073],[21.8224,63.4328,9.7091],[21.8172,63.437,13.8918],[21.8286,63.4411,0.0],[21.8203,63.4432,0.0],[21.8193,63.4453,12.3175],[21.8203,63.4495,0.3865],[21.8125,63.45,14.6152]]],
[[[21.7755,63.4609,5.4609],[21.7771,63.4604,0.0],[21.7786,63.462,7.9011],[21.7771,63.4625,3.0721],[21.7755,63.4609,5.4609]]],
[[[21.7396,63.4688,0.0],[21.7318,63.4661,1.1796],[21.7318,63.4651,0.0],[21.7453,63.4651,0.0],[21.7396,63.4688,0.0]]],
[[[22.1276,63.4599,8.6651],[22.1307,63.4578,8.3283],[22.1297,63.4547,10.5325],[22.1313,63.4542,5.4787],[22.1391,63.4568,4.7152],[22.1443,63.462,0.0],[22.1495,63.4641,0.0],[22.1464,63.4651,3.617],[22.1411,63.4703,0.7673],[22.1375,63.4708,0.0],[22.1297,63.4682,0.0],[22.1276,63.4641,0.0],[22.1286,63.4609,0.0],[22.1276,63.4599,8.6651]]],
[[[22.1547,63.5234,3.2338],[22.1563,63.5229,0.7207],[22.1578,63.5245,1.9639],[22.1563,63.525,2.2119],[22.1547,63.5234,3.2338]]],
[[[22.6797,63.7141,13.4271],[22.6807,63.7161,16.3531],[22.6792,63.7167,9.6532],[22.6755,63.713,0.0],[22.6771,63.7125,0.0],[22.6797,63.7141,13.4271]]],
[[[22.3839,63.5766,2.4324],[22.3839,63.5755,7.0159],[22.387,63.5755,8.0293],[22.387,63.5766,0.0],[22.3839,63.5766,2.4324]]],
[[[22.3682,63.5891,0.0],[22.3651,63.5891,0.0],[22.363,63.5859,7.3393],[22.3667,63.5833,12.9339],[22.3745,63.5839,0.0],[22.3724,63.587,4.1317],[22.3682,63.5891,0.0]]],
[[[22.3443,63.587,7.4531],[22.3458,63.5854,0.0],[22.3474,63.5859,5.4881],[22.3458,63.5875,9.3918],[22.3443,63.587,7.4531]]],
[[[22.3833,63.5875,5.5115],[22.387,63.5891,12.188],[22.3797,63.5901,18.3494],[22.3708,63.5958,13.1947],[22.3672,63.5932,12.9006],[22.3776,63.5859,4.1375],[22.3833,63.5875,5.5115]]],
[[[22.3932,63.6203,12.2633],[22.387,63.6245,0.0],[22.3797,63.6255,6.6643],[22.3807,63.6286,0.4863],[22.3792,63.6292,4.0356],[22.3667,63.6271,1.6737],[22.3646,63.625,0.0],[22.3661,63.6214,0.7249],[22.3641,63.6172,0.8303],[22.362,63.6151,3.7389],[22.3568,63.6141,1.8333],[22.3526,63.6089,0.0],[22.3646,63.6042,11.5089],[22.3745,63.6036,2.6401],[22.3807,63.5995,0.0],[22.3797,63.5964,0.0],[22.3854,63.5938,17.2718],[22.3896,63.5938,9.1847],[22.3974,63.5964,0.0],[22.4057,63.6047,0.0],[22.4005,63.6089,14.1861],[22.4016,63.6141,0.8872],[22.3964,63.6151,-1.0],[22.3932,63.6203,12.2633]]],
[[[22.5792,63.7146,7.487],[22.5714,63.7141,0.3884],[22.5693,63.7109,0.0],[22.5786,63.7109,0.0],[22.5807,63.713,0.0],[22.5792,63.7146,7.487]]],
[[[22.587,63.7286,4.3961],[22.5792,63.7292,4.77],[22.5771,63.7271,0.0],[22.5792,63.725,3.997],[22.5833,63.725,3.31],[22.587,63.7286,4.3961]]],
[[[22.6292,63.7354,0.0],[22.6354,63.7354,0.0],[22.637,63.737,0.0],[22.6271,63.7396,0.0],[22.6151,63.7391,0.0],[22.6167,63.7375,1.4753],[22.6292,63.7354,0.0]]],
[[[22.6626,63.75,0.0],[22.6589,63.7505,0.0],[22.6578,63.7536,0.0],[22.65,63.7562,4.153],[22.638,63.7557,5.2783],[22.6396,63.7542,0.0],[22.6495,63.7536,0.2834],[22.6443,63.7443,0.0],[22.6464,63.7422,0.0],[22.6563,63.7396,0.7987],[22.662,63.7401,0.0],[22.6641,63.7422,0.0],[22.663,63.7453,0.0],[22.6646,63.7458,0.0],[22.6813,63.7458,0.0],[22.6833,63.7479,0.0],[22.6807,63.7516,4.0557],[22.675,63.7542,0.0],[22.6703,63.7505,0.0],[22.6626,63.75,0.0]]],
[[[22.5818,63.7505,0.0],[22.5917,63.7479,12.1731],[22.5953,63.7516,0.0],[22.5917,63.7542,2.0312],[22.5854,63.7542,4.6518],[22.5818,63.7505,0.0]]],
[[[22.5766,63.7557,0.0],[22.5729,63.7562,0.0],[22.5714,63.7547,8.0182],[22.5786,63.7526,0.0],[22.5766,63.7557,0.0]]],
[[[22.5495,63.7568,0.4907],[22.5464,63.7526,0.0],[22.5536,63.7505,0.0],[22.5589,63.7578,4.5819],[22.5641,63.7589,0.0],[22.5682,63.763,11.6976],[22.563,63.7672,0.0],[22.5661,63.7714,0.0],[22.563,63.7734,7.5217],[22.5641,63.7766,7.4918],[22.5563,63.7813,0.6902],[22.5505,63.7755,0.0],[22.5557,63.7724,5.2027],[22.5547,63.7693,1.4298],[22.5578,63.7672,1.674],[22.5484,63.762,0.0],[22.5516,63.7599,6.5353],[22.5495,63.7568,0.4907]]],
[[[22.7208,63.7208,0.0],[22.7172,63.7193,0.0],[22.7245,63.7172,5.4298],[22.7245,63.7182,7.8588],[22.7208,63.7208,0.0]]],
[[[22.6911,63.7286,0.0],[22.6833,63.7292,0.9896],[22.6818,63.7276,0.4111],[22.6896,63.7271,1.4001],[22.6911,63.7286,0.0]]],
[[[22.6729,63.7354,0.0],[22.6745,63.737,0.2742],[22.6693,63.737,1.8973],[22.6693,63.7359,0.0],[22.6729,63.7354,0.0]]],
[[[22.6479,63.7708,0.0],[22.6437,63.7729,10.0607],[22.6375,63.7729,8.3027],[22.6359,63.7693,0.0],[22.6516,63.7672,1.3551],[22.6479,63.7708,0.0]]],
[[[22.6458,63.8479,5.4501],[22.6401,63.8474,8.4672],[22.6401,63.8443,2.6574],[22.6516,63.8443,6.268],[22.6495,63.8474,0.0],[22.6458,63.8479,5.4501]]],
[[[22.6786,63.8245,8.9175],[22.6708,63.825,10.5967],[22.6693,63.8234,0.0],[22.6771,63.8229,13.8363],[22.6786,63.8245,8.9175]]],
[[[22.6755,63.8297,11.2354],[22.6786,63.8297,10.0241],[22.6786,63.8307,0.0],[22.6755,63.8307,9.6258],[22.6755,63.8297,11.2354]]],
[[[22.675,63.8396,4.0311],[22.6766,63.8391,7.2256],[22.6755,63.8359,8.9194],[22.6776,63.8339,6.7393],[22.687,63.8339,0.0],[22.6839,63.8359,0.0],[22.6849,63.8391,0.0],[22.6828,63.8411,2.7056],[22.6734,63.8411,3.3557],[22.675,63.8396,4.0311]]],
[[[22.7286,63.8516,0.0],[22.7255,63.8464,0.0],[22.7292,63.8458,4.4336],[22.7292,63.8479,1.3002],[22.7333,63.85,6.8272],[22.7375,63.8479,0.0],[22.7453,63.8484,0.0],[22.7438,63.85,0.0],[22.738,63.8505,0.0],[22.7396,63.8521,0.0],[22.7542,63.85,7.0735],[22.7557,63.8505,0.0],[22.7547,63.8536,1.5889],[22.7557,63.8557,0.0],[22.7453,63.862,6.9641],[22.7396,63.8625,7.4772],[22.738,63.8609,7.494],[22.7401,63.8589,7.2562],[22.7458,63.8583,0.0],[22.7474,63.8568,13.3262],[22.7438,63.8542,3.2663],[22.7333,63.8542,10.2707],[22.7292,63.8563,0.0],[22.7255,63.8536,0.0],[22.7286,63.8516,0.0]]],
[[[22.7938,63.8646,9.6485],[22.7901,63.8609,0.0],[22.7922,63.8589,0.0],[22.7958,63.8583,0.0],[22.7974,63.862,2.7113],[22.7938,63.8646,9.6485]]],
[[[22.788,63.8651,10.9505],[22.7911,63.8651,7.5497],[22.7911,63.8661,9.3369],[22.788,63.8661,8.5111],[22.788,63.8651,10.9505]]],
[[[22.8391,63.8651,1.7275],[22.8414,63.8674,0.0],[22.8328,63.8699,0.0],[22.8312,63.8688,0.0],[22.8208,63.8688,5.6114],[22.8167,63.8708,0.0],[22.8089,63.8682,0.0],[22.8109,63.8651,0.0],[22.8292,63.8604,0.0],[22.8349,63.8609,0.0],[22.8391,63.8651,1.7275]]],
[[[22.7724,63.8724,3.2463],[22.7687,63.875,0.0],[22.7604,63.875,10.6486],[22.7563,63.8771,0.0],[22.7484,63.8745,7.8064],[22.7536,63.8724,-1.0],[22.7542,63.8708,-1.0],[22.7536,63.8693,3.4035],[22.7479,63.8688,7.309],[22.7464,63.8672,2.9138],[22.7526,63.863,2.5134],[22.7599,63.862,10.2067],[22.7589,63.8589,0.0],[22.7625,63.8583,0.0],[22.7667,63.8604,0.0],[22.7708,63.8583,7.0559],[22.7766,63.863,0.0],[22.7734,63.8651,9.6208],[22.7745,63.8682,0.0],[22.7724,63.8724,3.2463]]],
[[[22.8182,63.8734,2.6341],[22.8167,63.875,1.2933],[22.813,63.8745,13.9513],[22.8146,63.8729,0.0],[22.8182,63.8734,2.6341]]],
[[[22.7563,63.8812,9.5391],[22.7578,63.8818,4.586],[22.7578,63.8828,0.0],[22.7547,63.8828,7.3946],[22.7563,63.8812,9.5391]]],
[[[22.725,63.8833,2.8245],[22.7266,63.8839,6.0331],[22.7266,63.8849,4.5237],[22.7234,63.8849,1.2285],[22.725,63.8833,2.8245]]],
[[[22.7972,63.8837,0.0],[22.7995,63.887,0.0],[22.7917,63.8917,2.6668],[22.7854,63.8917,0.0],[22.7813,63.8896,10.5403],[22.7771,63.8917,0.0],[22.7729,63.8896,0.0],[22.7651,63.8891,8.5097],[22.7672,63.8859,0.0],[22.7771,63.8792,0.0],[22.7938,63.8792,0.0],[22.7972,63.8837,0.0]]],
[[[22.7297,63.8859,2.8879],[22.7313,63.8854,2.8407],[22.7328,63.887,6.3488],[22.7313,63.8875,4.1609],[22.7297,63.8859,2.8879]]],
[[[22.7438,63.8917,11.7132],[22.738,63.8911,9.454],[22.7359,63.888,3.5962],[22.7453,63.888,0.0],[22.7453,63.8911,9.6445],[22.7438,63.8917,11.7132]]],
[[[22.7438,63.8958,4.3716],[22.7479,63.8937,0.0],[22.7521,63.8937,0.0],[22.7557,63.8974,0.0],[22.738,63.8974,0.0],[22.7396,63.8958,0.0],[22.7438,63.8958,4.3716]]],
[[[22.7703,63.8974,9.2964],[22.7729,63.8958,8.9166],[22.7786,63.8964,2.1515],[22.7807,63.8984,2.163],[22.7797,63.9016,0.0],[22.7807,63.9036,0.0],[22.7776,63.9057,8.1398],[22.7849,63.9099,0.0],[22.7771,63.9104,7.9412],[22.7729,63.9083,0.0],[22.7625,63.9083,0.0],[22.7547,63.9057,0.0],[22.7568,63.9026,3.4615],[22.7599,63.9016,9.3717],[22.7589,63.8984,0.0],[22.7703,63.8974,9.2964]]],
[[[22.7245,63.9151,0.0],[22.7229,63.9167,3.197],[22.7193,63.9161,4.603],[22.7208,63.9146,5.0422],[22.7245,63.9151,0.0]]],
[[[22.7339,63.9151,0.0],[22.737,63.9151,4.7974],[22.737,63.9161,5.0751],[22.7339,63.9161,0.0],[22.7339,63.9151,0.0]]],
[[[22.7729,63.9125,0.0],[22.7766,63.9151,0.0],[22.7734,63.9182,6.7632],[22.7766,63.9224,0.0],[22.7646,63.9292,0.0],[22.7589,63.9286,3.7326],[22.7526,63.9266,1.8704],[22.7495,63.9234,5.537],[22.738,63.9203,2.0251],[22.7458,63.9167,0.0],[22.7521,63.9188,8.3469],[22.762,63.9161,3.7545],[22.7667,63.9125,0.0],[22.7729,63.9125,0.0]]]]}}